Map_ID,Greedy AI,Time-Expanded Min-Cut,Heuristic Weight AI (I:1 M:1 C:1),Heuristic Weight AI (I:2 M:1 C:1),Heuristic Weight AI (I:1 M:2 C:1),Heuristic Weight AI (I:1 M:1 C:2),Look-2 (P:1 I:1 Place wall:Passive),Look-2 (P:1 I:1 Place wall:Active),Look-2 (P:2 I:1 Place wall:Passive),Look-2 (P:2 I:1 Place wall:Active),Look-2 (P:3 I:1 Place wall:Passive),Look-2 (P:3 I:1 Place wall:Active),Look-2 (P:1 I:2 Place wall:Passive),Look-2 (P:1 I:2 Place wall:Active),Look-2 (P:1 I:3 Place wall:Passive),Look-2 (P:1 I:3 Place wall:Active),Look-3 (P:1 I:1 Place wall:Passive),Look-3 (P:1 I:1 Place wall:Active),Look-3 (P:2 I:1 Place wall:Passive),Look-3 (P:2 I:1 Place wall:Active),Look-3 (P:3 I:1 Place wall:Passive),Look-3 (P:3 I:1 Place wall:Active),Look-3 (P:1 I:2 Place wall:Passive),Look-3 (P:1 I:2 Place wall:Active),Look-3 (P:1 I:3 Place wall:Passive),Look-3 (P:1 I:3 Place wall:Active)
Map_0,55,230,16,15,16,24,16,15,16,15,16,15,15,15,15,15,16,15,16,15,16,15,16,15,16,15
Map_1,25,415,21,21,21,21,17,17,17,17,17,17,17,17,17,17,17,17,23,17,23,17,17,17,17,17
Map_2,604,320,117,135,117,137,77,26,77,26,77,26,135,26,135,26,78,26,78,26,78,26,77,26,77,26
Map_3,624,230,17,17,17,18,17,17,17,17,17,17,17,17,17,17,18,17,18,17,18,17,17,17,17,17
Map_4,418,229,30,28,195,57,28,28,28,28,28,28,28,28,28,28,54,28,54,28,54,28,28,28,28,28
Map_5,490,320,156,242,162,304,248,242,248,242,248,242,248,242,248,242,128,119,129,119,129,119,136,135,241,135
Map_6,14,100,18,18,18,18,18,14,18,14,18,14,18,14,18,14,16,14,16,14,16,14,16,14,16,14
Map_7,314,177,33,33,33,70,31,32,31,32,31,32,33,32,32,32,28,32,28,31,28,31,28,32,28,32
Map_8,16,386,16,16,16,16,18,16,18,16,18,16,18,16,18,16,18,16,18,16,18,16,18,16,18,16
Map_9,549,358,384,295,48,321,198,298,198,291,198,291,216,298,216,298,138,48,138,48,138,48,186,120,188,120
Map_10,597,363,23,23,23,23,23,23,23,23,23,23,23,23,23,23,23,23,23,23,23,23,23,23,23,23
Map_11,641,282,68,68,138,72,68,68,68,68,68,68,68,68,68,68,56,55,56,55,56,55,68,55,68,55
Map_12,12,189,12,12,12,26,12,12,12,12,12,12,12,12,12,12,12,12,15,12,15,12,12,12,12,12
Map_13,12,168,15,12,15,15,12,14,12,14,12,14,12,14,12,14,12,12,12,12,22,12,15,12,12,12
Map_14,199,154,60,60,70,62,111,112,111,112,111,112,111,112,110,112,80,50,80,51,80,51,70,82,70,82
Map_15,19,198,18,18,18,19,17,17,17,17,17,17,17,17,17,17,19,15,19,15,19,15,17,15,17,15
Map_16,164,417,79,46,79,300,24,24,24,24,24,24,24,24,24,24,24,24,24,24,24,24,24,24,24,24
Map_17,12,154,16,16,16,16,15,16,15,16,15,16,15,16,15,16,12,12,12,12,12,12,12,12,12,12
Map_18,15,122,11,11,11,86,11,11,11,11,11,11,11,11,11,11,11,11,11,11,11,11,11,11,11,11
Map_19,472,428,20,29,20,24,24,22,24,22,24,22,24,22,24,22,25,17,17,17,17,17,25,17,24,17
Map_20,456,173,37,37,36,33,23,35,23,35,23,35,23,35,23,35,23,23,23,23,23,23,23,23,23,23
Map_21,190,515,37,37,117,56,48,58,48,58,48,58,52,65,52,65,135,64,154,64,154,64,158,64,154,64
Map_22,93,125,21,21,21,40,21,18,21,18,21,18,18,18,18,18,24,18,24,18,24,18,21,18,21,18
Map_23,547,177,19,19,19,32,20,20,20,20,20,20,20,20,20,20,20,19,20,19,20,19,20,19,20,19
Map_24,91,419,35,35,27,35,33,27,33,27,33,27,21,27,21,27,33,21,33,21,33,21,33,21,33,21
Map_25,345,118,36,36,36,46,36,31,36,31,36,31,36,31,36,31,28,31,28,31,28,31,28,31,28,31
Map_26,598,189,27,27,27,23,19,19,19,19,19,19,19,19,19,19,19,15,15,15,15,15,19,15,19,15
Map_27,581,233,21,21,21,42,21,21,21,21,21,21,21,21,21,21,25,21,25,21,25,21,21,21,21,21
Map_28,25,423,21,21,21,21,21,20,21,20,21,20,20,20,20,20,20,20,20,20,20,20,20,20,20,20
Map_29,634,332,38,38,38,38,268,191,268,191,268,191,201,438,438,438,166,38,166,38,166,38,152,38,224,38
Map_30,561,414,362,414,221,255,175,117,175,117,175,117,69,69,69,69,306,61,263,83,263,83,306,61,245,61
Map_31,34,144,31,27,29,61,26,26,26,26,26,26,26,26,26,26,17,18,17,18,17,18,17,18,17,18
Map_32,6,13,6,6,6,7,6,6,6,6,6,6,6,6,6,6,6,6,6,6,6,6,6,6,6,6
Map_33,27,147,17,17,17,23,17,17,17,17,17,17,17,17,17,17,19,17,19,17,19,17,19,17,17,17
Map_34,59,69,137,83,137,216,31,27,31,27,31,27,31,27,31,27,31,26,31,26,31,26,31,26,31,26
Map_35,46,95,43,37,43,41,38,37,38,37,38,37,37,37,37,37,41,37,33,37,33,37,39,37,33,37
Map_36,432,270,80,76,80,78,36,36,36,36,36,36,36,36,36,36,36,36,36,36,36,36,36,36,36,36
Map_37,542,330,40,40,54,41,32,38,32,38,32,38,31,38,31,38,32,30,32,30,32,30,32,30,32,30
Map_38,542,187,135,34,34,171,29,29,29,29,29,29,56,56,56,56,33,29,33,28,33,28,29,29,29,29
Map_39,18,162,20,20,20,53,17,18,17,18,17,18,17,18,18,18,17,17,17,17,17,17,17,18,17,18
Map_40,19,289,20,20,20,20,20,18,20,18,20,18,20,18,20,18,20,17,20,17,20,17,20,17,20,17
Map_41,572,165,60,60,60,60,60,217,60,217,60,217,60,217,60,217,104,60,104,60,104,60,60,60,60,60
Map_42,585,293,90,90,90,109,79,60,79,60,79,60,79,86,79,86,70,57,70,57,70,57,70,57,70,57
Map_43,21,510,13,11,13,13,12,11,12,11,12,11,11,11,11,11,14,11,14,11,14,11,13,11,11,11
Map_44,312,419,143,108,244,369,109,112,109,110,109,110,112,353,204,353,75,87,75,87,75,87,75,87,75,87
Map_45,14,308,10,10,12,14,11,10,11,10,11,10,11,10,11,10,13,10,13,10,13,10,11,10,11,10
Map_46,38,178,11,11,11,14,15,11,15,11,15,11,14,11,14,11,11,11,11,11,11,11,11,11,11,11
Map_47,46,38,10,10,10,10,10,11,10,11,10,11,10,11,10,11,10,10,17,10,17,10,10,10,10,10
Map_48,613,153,183,183,545,51,23,19,23,19,23,19,19,19,19,19,20,19,20,19,20,19,20,19,20,19
Map_49,539,86,81,81,81,109,35,35,35,35,35,35,35,35,35,35,38,35,38,35,38,35,35,35,35,35
Map_50,51,199,16,16,16,156,16,16,16,16,16,16,16,16,16,16,23,16,25,16,25,16,16,16,16,16
Map_51,553,162,19,19,19,384,19,19,19,19,19,19,19,19,19,19,19,19,19,19,19,19,19,19,19,19
Map_52,22,112,23,23,23,23,20,20,20,20,20,20,20,20,20,20,20,20,20,20,20,20,20,20,20,20
Map_53,420,271,35,33,33,36,33,33,33,33,33,33,33,33,33,33,33,54,33,54,33,54,33,63,33,63
Map_54,510,144,99,75,101,396,71,70,73,83,73,83,71,70,71,70,50,56,50,56,50,56,50,58,50,58
Map_55,393,88,23,23,23,24,19,19,19,19,19,19,19,19,19,19,18,19,18,19,18,19,18,19,19,19
Map_56,519,526,15,15,15,22,15,15,15,15,15,15,15,15,15,15,15,15,15,15,15,15,15,15,15,15
Map_57,501,203,50,50,50,51,42,42,42,42,42,42,53,84,53,84,47,28,47,28,47,28,47,28,42,28
Map_58,232,566,15,15,15,24,15,15,15,15,15,15,15,15,15,15,19,15,19,15,19,15,19,15,19,15
Map_59,13,74,13,13,13,13,13,13,13,13,13,13,13,13,13,13,14,13,15,13,15,13,13,13,13,13
Map_60,180,219,94,93,96,23,44,23,44,23,44,23,71,23,71,23,36,23,36,23,36,23,36,23,36,23
Map_61,125,235,74,74,74,82,74,74,74,74,74,74,89,89,89,89,39,39,39,39,39,39,39,43,39,43
Map_62,500,537,36,36,36,37,36,36,36,36,36,36,36,36,36,36,32,24,32,24,32,24,24,24,24,24
Map_63,567,135,55,55,80,112,47,47,47,47,47,47,47,47,47,47,49,47,49,47,49,47,51,47,47,47
Map_64,27,71,14,14,14,14,20,14,20,14,20,14,20,14,24,14,20,14,20,14,20,14,20,14,20,14
Map_65,18,66,16,16,16,16,16,16,16,16,16,16,16,16,16,16,16,16,16,16,16,16,16,16,16,16
Map_66,610,379,18,15,15,18,15,15,15,15,15,15,15,15,15,15,18,15,18,15,18,15,15,15,15,15
Map_67,497,462,56,56,64,46,44,44,44,44,44,44,44,44,44,44,46,55,46,55,46,55,46,44,46,44
Map_68,20,48,23,23,24,27,19,19,19,19,19,19,19,19,19,19,19,19,19,19,19,19,19,19,19,19
Map_69,62,166,244,71,164,433,131,71,133,71,133,71,71,71,71,71,58,48,50,48,50,48,58,63,58,63
Map_70,590,119,244,373,407,32,32,31,32,31,32,31,31,31,31,31,39,31,39,31,39,31,39,29,39,29
Map_71,56,331,16,16,12,31,16,12,16,12,16,12,16,12,16,12,16,12,16,12,16,12,16,12,16,12
Map_72,135,316,18,18,18,90,19,18,19,18,19,18,19,18,19,18,21,18,21,18,21,18,20,18,20,18
Map_73,527,366,28,27,28,34,28,27,28,27,28,27,27,27,27,27,28,27,28,27,28,27,28,27,28,27
Map_74,421,160,111,112,121,116,96,103,96,103,96,103,96,103,96,103,56,110,56,110,56,110,57,110,55,103
Map_75,7,148,7,7,7,7,7,7,7,7,7,7,7,7,7,7,7,7,7,7,7,7,7,7,7,7
Map_76,544,148,92,77,77,123,44,86,44,86,44,86,49,53,49,53,44,38,50,38,50,38,44,49,44,49
Map_77,16,25,12,12,12,15,12,12,12,12,12,12,12,12,12,12,12,12,12,12,12,12,12,12,12,12
Map_78,22,317,23,23,24,32,23,22,23,22,23,22,22,22,22,22,23,22,21,22,21,22,23,22,23,22
Map_79,15,241,10,10,10,24,10,10,10,10,10,10,10,10,10,10,13,10,13,10,13,10,13,10,13,10
Map_80,189,77,12,12,12,13,12,9,12,9,12,9,9,9,9,9,9,9,9,9,9,9,9,9,9,9
Map_81,20,31,10,10,10,10,10,7,10,7,10,7,10,7,10,7,7,7,7,7,7,7,7,7,7,7
Map_82,487,261,160,163,160,68,105,94,105,94,105,94,105,94,105,94,117,85,117,85,117,85,85,85,85,85
Map_83,73,70,17,17,17,17,17,17,17,17,17,17,17,17,17,17,17,15,17,15,17,15,17,15,17,15
Map_84,16,277,20,16,20,491,16,16,16,16,16,16,16,16,16,16,11,16,11,16,11,16,11,16,11,16
Map_85,64,61,21,20,20,23,20,20,20,20,20,20,20,20,20,20,20,17,22,18,22,18,20,17,20,17
Map_86,564,110,52,50,96,231,51,50,51,50,51,50,50,50,50,50,40,29,46,29,46,29,39,29,29,29
Map_87,449,347,32,32,32,32,32,32,32,32,32,32,32,32,32,32,32,32,32,32,32,32,32,32,32,32
Map_88,33,40,17,17,17,17,17,17,17,17,17,17,17,17,17,17,17,17,17,17,17,17,17,17,17,17
Map_89,182,134,57,565,101,58,71,105,71,105,71,105,72,105,210,105,61,61,96,61,96,61,61,61,71,61
Map_90,11,160,11,11,11,11,11,11,11,11,11,11,11,11,11,11,11,11,11,11,11,11,11,11,11,11
Map_91,609,126,35,35,35,35,35,35,35,35,35,35,35,35,35,35,35,31,33,31,33,31,35,31,35,31
Map_92,19,348,19,19,19,24,19,14,19,14,19,14,19,14,19,14,19,14,19,14,19,14,18,14,18,14
Map_93,618,399,64,59,116,127,47,47,47,47,47,47,47,47,47,47,32,47,32,47,32,47,38,47,38,47
Map_94,516,189,47,47,47,45,40,40,40,40,40,40,40,40,40,40,42,40,42,40,42,40,42,40,40,40
Map_95,46,259,63,71,66,43,45,57,45,57,45,57,45,61,48,61,44,40,44,40,44,40,44,42,45,53
Map_96,117,157,17,17,17,21,17,17,17,17,17,17,17,17,17,17,18,17,18,17,18,17,17,17,17,17
Map_97,547,366,331,374,223,238,109,128,109,129,109,129,109,128,109,128,95,246,95,320,95,281,145,247,230,247
Map_98,34,392,9,9,9,9,9,9,9,9,9,9,9,9,9,9,9,9,9,9,9,9,9,9,9,9
Map_99,521,362,32,82,381,53,79,64,79,64,79,64,79,71,79,71,32,32,32,32,32,32,65,49,65,49
Map_100,20,150,13,13,13,13,13,13,13,13,13,13,13,13,13,13,13,13,13,13,13,13,13,13,13,13
Map_101,316,177,77,77,74,85,74,73,74,73,74,73,74,86,74,86,45,45,45,45,45,45,45,73,45,73
Map_102,25,247,17,17,17,19,19,17,19,17,19,17,19,17,19,17,19,17,19,17,19,17,19,17,19,17
Map_103,10,218,10,10,10,12,10,10,10,10,10,10,10,10,10,10,10,10,10,10,10,10,10,10,10,10
Map_104,554,166,54,54,54,54,54,50,54,50,54,50,51,50,51,50,49,52,74,52,74,52,51,52,51,52
Map_105,564,519,172,113,185,154,113,113,113,113,113,113,113,113,113,113,149,57,145,57,145,57,148,57,148,57
Map_106,14,199,14,14,14,17,14,14,14,14,14,14,14,14,14,14,12,12,12,12,12,12,12,12,12,12
Map_107,12,176,12,12,12,12,12,12,12,12,12,12,12,12,12,12,12,12,13,12,13,12,12,12,12,12
Map_108,174,152,18,18,18,19,18,18,18,18,18,18,18,18,18,18,18,18,18,18,18,18,18,18,18,18
Map_109,5,83,5,5,5,12,5,5,5,5,5,5,5,5,5,5,5,5,5,5,5,5,5,5,5,5
Map_110,99,215,32,32,32,72,32,32,32,32,32,32,32,39,39,39,37,32,37,32,37,32,32,32,32,32
Map_111,60,35,18,18,25,28,18,18,18,18,18,18,18,18,18,18,26,18,26,18,26,18,18,18,18,18
Map_112,31,261,20,20,20,20,20,20,20,20,20,20,20,20,20,20,20,20,23,20,23,20,20,20,20,20
Map_113,560,168,63,63,63,282,173,57,173,57,173,57,181,57,197,57,34,34,35,34,35,34,34,34,34,34
Map_114,93,135,74,74,77,44,43,43,43,43,43,43,43,43,43,43,44,43,44,43,44,43,43,43,43,43
Map_115,619,544,60,60,61,95,47,47,47,47,47,47,47,47,47,47,44,47,44,47,44,47,44,47,44,47
Map_116,11,145,11,11,11,52,11,11,11,11,11,11,11,11,11,11,11,11,11,11,11,11,11,11,11,11
Map_117,48,132,68,26,84,21,21,22,21,22,21,22,21,22,21,22,23,22,29,22,29,22,23,22,21,22
Map_118,11,320,11,11,11,11,11,11,11,11,11,11,11,11,11,11,11,11,11,11,11,11,11,11,11,11
Map_119,29,101,22,13,13,22,13,13,13,13,13,13,13,13,13,13,13,13,15,13,15,13,13,13,13,13
Map_120,609,268,16,16,16,21,16,16,16,16,16,16,16,16,16,16,13,13,13,13,13,13,13,13,13,13
Map_121,25,64,10,10,10,11,10,10,10,10,10,10,10,10,10,10,10,10,10,10,10,10,10,10,10,10
Map_122,436,374,195,190,301,263,39,39,39,39,39,39,39,39,39,39,60,39,60,39,60,39,39,39,39,39
Map_123,58,256,30,30,30,31,29,27,29,27,29,27,40,27,40,27,30,21,30,21,30,21,29,21,29,21
Map_124,112,382,45,60,76,45,43,50,43,50,43,50,50,50,50,50,30,30,41,30,41,30,30,30,30,30
Map_125,614,392,264,239,500,260,160,179,160,179,160,179,149,149,149,149,78,137,78,94,78,94,78,269,78,269
Map_126,525,286,80,80,90,84,75,75,75,75,75,75,75,75,75,75,72,73,74,72,74,72,76,75,75,75
Map_127,557,365,72,72,72,39,38,38,38,38,38,38,38,38,38,38,39,34,41,39,41,39,39,34,39,35
Map_128,5,126,5,5,5,5,5,5,5,5,5,5,5,5,5,5,5,5,5,5,5,5,5,5,5,5
Map_129,9,18,9,9,9,9,9,9,9,9,9,9,9,9,9,9,9,9,9,9,9,9,9,9,9,9
Map_130,401,167,112,76,111,105,67,66,67,66,67,66,66,66,66,66,101,70,104,70,104,70,61,61,67,66
Map_131,22,49,21,21,23,21,22,22,22,22,22,22,22,22,22,22,22,22,23,22,23,22,22,22,22,22
Map_132,24,316,20,20,20,43,20,20,20,20,20,20,20,20,20,20,23,20,25,20,25,20,20,20,20,20
Map_133,29,81,14,14,14,14,14,14,14,14,14,14,14,14,14,14,13,13,13,13,13,13,13,13,13,13
Map_134,13,187,13,13,13,13,12,13,12,13,12,13,12,13,12,13,12,12,12,12,12,12,12,12,12,12
Map_135,178,319,22,22,22,22,22,21,22,21,22,21,21,21,21,21,22,21,22,21,22,21,22,21,22,21
Map_136,136,165,13,13,13,13,13,13,13,13,13,13,13,13,13,13,13,12,13,12,13,12,13,12,13,12
Map_137,521,241,46,45,50,402,36,31,36,31,36,31,36,31,36,31,43,31,41,31,41,31,35,31,31,31
Map_138,67,201,79,65,42,80,25,59,25,58,25,58,25,59,25,59,23,24,23,24,23,24,25,24,25,24
Map_139,8,462,16,15,16,21,12,8,12,8,12,8,13,8,13,8,12,8,12,8,12,8,12,8,12,8
Map_140,91,72,26,26,26,26,26,29,26,29,26,29,26,29,26,29,26,26,26,26,26,26,26,26,26,26
Map_141,445,296,40,40,40,63,40,40,40,40,40,40,40,40,40,40,61,39,61,43,61,43,61,40,40,40
Map_142,152,206,56,56,87,95,54,38,54,38,54,38,38,38,38,38,33,33,33,33,33,33,43,33,43,33
Map_143,146,192,27,27,27,29,31,31,31,31,31,31,31,31,31,31,24,31,24,31,24,31,24,31,24,31
Map_144,641,267,32,32,32,32,32,32,32,32,32,32,32,32,32,32,40,32,40,32,40,32,39,32,39,32
Map_145,457,127,14,14,14,14,14,14,14,14,14,14,14,14,14,14,19,14,19,14,19,14,19,14,19,14
Map_146,299,281,121,121,283,105,44,43,44,43,44,43,44,43,43,43,44,43,44,44,44,44,44,43,44,43
Map_147,11,30,11,11,11,19,12,9,12,9,12,9,12,9,12,9,11,9,11,9,11,9,11,9,11,9
Map_148,26,147,14,14,14,14,14,13,14,13,14,13,13,13,13,13,14,13,14,13,14,13,14,13,14,13
Map_149,36,184,23,20,20,47,20,20,20,20,20,20,20,20,20,20,20,20,20,20,20,20,20,20,20,20
Map_150,104,71,56,56,53,62,36,36,36,36,36,36,36,36,36,36,34,34,34,34,34,34,34,40,34,40
Map_151,15,71,15,15,15,15,15,13,15,13,15,13,13,13,13,13,15,13,21,15,21,15,15,13,15,13
Map_152,324,192,63,48,63,109,48,48,48,48,48,48,48,48,48,48,59,42,59,42,59,42,59,42,42,42
Map_153,352,148,73,73,63,75,60,79,60,79,60,79,60,79,60,79,42,42,42,42,42,42,42,42,42,42
Map_154,463,277,20,20,23,26,20,20,20,20,20,20,20,20,20,20,20,20,20,20,20,20,20,20,20,20
Map_155,30,93,28,28,33,25,25,25,25,25,25,25,41,41,41,41,25,28,25,28,25,28,25,28,25,28
Map_156,614,185,40,36,36,30,29,29,29,29,29,29,29,29,29,29,29,22,29,22,29,22,29,22,29,22
Map_157,17,321,24,24,24,24,24,24,24,24,24,24,24,24,24,24,39,24,39,17,39,17,24,24,24,24
Map_158,74,225,221,62,221,83,38,62,38,62,38,62,37,46,37,46,28,27,28,27,28,27,27,27,27,62
Map_159,19,67,24,24,24,39,24,24,24,24,24,24,24,24,24,24,19,19,19,19,19,19,19,19,19,19
Map_160,443,206,42,42,42,111,42,26,42,26,42,26,42,26,42,26,42,26,42,26,42,26,42,26,42,26
Map_161,588,385,72,67,67,73,50,50,50,50,50,50,50,50,50,50,41,41,44,41,44,41,41,50,41,50
Map_162,173,397,35,34,35,37,35,34,35,34,35,34,34,34,34,34,34,34,44,25,44,25,34,34,34,34
Map_163,32,196,23,26,23,23,26,23,26,23,26,23,26,33,26,33,26,18,24,18,24,18,26,18,26,18
Map_164,11,334,12,12,12,12,12,12,12,12,12,12,12,12,12,12,12,11,12,11,12,11,12,11,12,11
Map_165,494,158,215,20,128,286,33,30,33,30,33,30,30,30,30,30,41,20,41,21,41,21,33,20,33,20
Map_166,584,246,57,57,70,378,47,47,47,47,47,47,59,59,59,59,86,46,89,46,89,46,133,46,46,46
Map_167,569,158,194,225,194,118,54,54,54,54,54,54,67,68,68,68,49,54,49,54,49,54,49,54,49,54
Map_168,8,165,8,8,8,8,8,8,8,8,8,8,8,8,8,8,8,8,8,8,8,8,8,8,8,8
Map_169,12,48,9,9,9,25,9,9,9,9,9,9,9,9,9,9,9,9,9,9,9,9,9,9,9,9
Map_170,80,274,183,183,84,187,96,64,96,64,96,64,95,64,95,64,63,40,63,40,63,40,63,63,68,63
Map_171,8,27,12,12,12,12,12,8,12,8,12,8,12,8,12,8,8,8,8,8,8,8,8,8,8,8
Map_172,490,175,31,31,62,32,23,23,23,23,23,23,23,23,23,23,23,23,23,23,23,23,23,23,23,23
Map_173,589,70,39,39,29,71,37,28,37,28,37,28,36,28,36,28,35,28,44,28,44,28,37,28,37,28
Map_174,18,94,17,17,17,17,17,16,17,16,17,16,17,16,16,16,17,16,17,16,17,16,17,16,17,16
Map_175,104,184,201,424,170,241,112,378,80,356,80,356,76,76,76,76,68,54,68,54,68,54,66,54,66,54
Map_176,6,38,5,5,5,6,5,5,5,5,5,5,5,5,5,5,5,5,5,5,5,5,5,5,5,5
Map_177,75,497,21,21,21,21,21,21,21,21,21,21,21,21,21,21,21,21,21,21,21,21,21,21,21,21
Map_178,8,453,10,10,8,10,10,8,10,8,10,8,10,8,10,8,19,8,19,8,19,8,10,8,10,8
Map_179,62,200,17,17,17,22,17,17,17,17,17,17,17,17,17,17,17,17,17,17,17,17,17,17,17,17
Map_180,9,50,9,9,9,13,9,9,9,9,9,9,9,9,9,9,9,9,9,9,9,9,9,9,9,9
Map_181,285,122,35,35,40,123,16,16,16,16,16,16,16,16,16,16,16,16,16,16,16,16,16,16,16,16
Map_182,6,167,6,6,6,8,6,6,6,6,6,6,6,6,6,6,6,6,6,6,6,6,6,6,6,6
Map_183,49,61,14,14,14,14,14,11,14,11,14,11,13,11,13,11,11,11,11,11,11,11,13,11,13,11
Map_184,601,341,285,266,345,463,267,314,267,314,267,314,267,316,269,316,181,216,180,216,180,216,243,216,222,216
Map_185,21,34,18,18,18,18,18,18,18,18,18,18,18,18,18,18,18,14,19,14,19,14,18,14,18,14
Map_186,101,433,22,22,119,22,22,22,22,22,22,22,22,22,22,22,22,22,22,22,22,22,22,22,22,22
Map_187,214,533,28,28,28,28,28,28,28,28,28,28,28,28,28,28,28,28,28,28,28,28,28,28,28,28
Map_188,158,317,36,35,106,36,36,31,36,31,36,31,35,31,35,31,21,26,21,20,21,20,20,31,20,31
Map_189,11,113,12,12,12,12,12,11,12,11,12,11,11,11,11,11,12,11,12,11,12,11,12,11,12,11
Map_190,377,210,64,64,64,111,60,49,60,49,60,49,49,49,49,49,41,35,36,35,36,35,47,49,59,49
Map_191,315,160,40,40,40,31,31,31,31,31,31,31,31,31,31,31,32,31,32,31,32,31,32,31,31,31
Map_192,114,261,54,66,54,47,46,66,46,66,46,66,46,66,46,66,34,34,48,34,48,34,44,46,46,46
Map_193,612,259,82,77,43,122,71,100,71,100,71,100,71,100,71,100,43,43,43,43,43,44,48,43,48,43
Map_194,25,241,16,16,16,16,16,26,16,26,16,26,16,26,16,26,16,16,16,16,16,16,16,23,16,23
Map_195,16,80,15,14,15,15,14,14,14,14,14,14,14,14,14,14,13,12,13,12,13,12,12,12,12,12
Map_196,397,431,63,64,64,69,57,58,57,58,57,58,57,57,57,57,58,57,59,54,54,54,58,57,58,57
Map_197,18,94,13,13,13,13,13,13,13,13,13,13,13,13,13,13,13,13,13,13,13,13,13,13,13,13
Map_198,25,102,18,17,18,18,15,15,15,15,15,15,15,15,15,15,20,15,20,15,20,15,15,15,15,15
Map_199,618,303,293,160,345,106,145,35,145,35,145,35,159,35,159,35,48,121,48,121,48,86,87,121,94,121
Map_200,426,166,38,38,38,47,38,21,38,21,38,21,38,21,38,21,45,21,45,21,45,21,45,21,45,21
Map_201,8,276,7,7,7,8,7,7,7,7,7,7,7,7,7,7,7,7,7,7,7,7,7,7,7,7
Map_202,557,447,112,152,153,187,112,44,112,44,112,44,118,44,118,44,48,44,48,44,48,44,44,44,44,44
Map_203,16,166,15,15,15,22,16,13,16,13,16,13,16,13,16,13,18,13,14,13,14,13,18,13,18,13
Map_204,395,227,130,125,36,150,85,36,85,36,85,36,102,36,102,36,34,34,34,34,34,34,34,34,34,34
Map_205,15,46,12,11,12,13,11,11,11,11,11,11,11,11,11,11,11,11,11,11,11,11,11,11,11,11
Map_206,17,307,10,10,10,10,10,10,10,10,10,10,10,10,10,10,12,10,12,10,12,10,10,10,10,10
Map_207,6,16,6,6,6,6,6,6,6,6,6,6,6,6,6,6,6,6,6,6,6,6,6,6,6,6
Map_208,9,27,7,7,7,10,7,7,7,7,7,7,7,7,7,7,7,7,7,7,7,7,7,7,7,7
Map_209,15,96,15,15,15,15,15,15,15,15,15,15,14,15,14,15,16,12,16,12,16,12,16,12,16,12
Map_210,481,254,22,22,27,31,22,22,22,22,22,22,22,22,22,22,22,22,28,24,28,24,22,22,22,22
Map_211,572,398,28,28,28,35,33,32,34,32,34,32,28,32,28,32,34,25,34,25,34,25,33,25,33,25
Map_212,46,151,17,18,18,20,17,16,17,16,17,16,16,16,16,16,18,16,18,16,18,16,18,16,16,16
Map_213,207,137,43,48,48,43,40,48,40,47,40,47,48,48,48,48,44,40,39,40,39,40,40,40,40,40
Map_214,23,102,12,12,12,12,12,12,12,12,12,12,12,12,12,12,12,12,12,12,12,12,12,12,12,12
Map_215,430,180,54,54,54,54,54,96,54,96,54,96,54,96,54,96,41,49,41,38,41,38,54,84,54,84
Map_216,421,326,28,18,18,14,22,18,22,18,22,18,22,18,22,18,17,18,17,14,17,14,17,18,17,18
Map_217,444,274,66,102,66,114,72,57,59,57,59,57,72,126,72,126,49,57,49,57,49,57,43,57,43,57
Map_218,628,476,66,51,66,84,51,55,51,55,51,55,51,51,51,51,51,35,51,35,51,35,51,35,51,35
Map_219,14,300,25,23,25,42,14,14,14,14,14,14,14,14,14,14,16,14,16,14,16,14,16,14,16,14
Map_220,16,39,19,19,19,19,19,19,19,19,19,19,19,19,19,19,14,16,14,16,14,18,19,14,19,14
Map_221,558,102,23,23,23,24,23,23,23,23,23,23,23,23,23,23,23,23,23,23,23,23,23,23,23,23
Map_222,18,253,9,9,9,9,9,9,9,9,9,9,9,9,9,9,9,9,9,9,9,9,9,9,9,9
Map_223,276,242,220,154,221,525,33,34,33,34,33,34,33,34,33,34,33,31,35,31,35,31,33,31,33,31
Map_224,35,147,18,18,65,18,18,18,18,18,18,18,18,18,18,18,18,18,18,18,18,18,18,18,18,18
Map_225,10,70,11,10,11,10,10,11,10,11,10,11,10,10,10,10,10,10,10,10,10,10,10,10,10,10
Map_226,601,365,25,25,25,125,24,26,24,26,24,26,26,26,26,26,24,24,24,24,24,24,24,26,24,26
Map_227,9,263,9,9,9,9,9,9,9,9,9,9,9,9,9,9,9,9,9,9,9,9,9,9,9,9
Map_228,278,193,18,18,18,21,18,18,18,18,18,18,18,18,18,18,18,18,18,18,18,18,18,18,18,18
Map_229,7,49,7,7,7,11,7,7,7,7,7,7,7,7,7,7,7,7,7,7,7,7,7,7,7,7
Map_230,618,309,38,38,38,41,38,38,38,38,38,38,38,38,38,38,38,36,38,36,38,36,38,36,38,36
Map_231,289,411,26,26,26,46,26,26,26,26,26,26,26,26,26,26,56,26,56,26,56,26,74,26,74,26
Map_232,8,424,6,6,6,6,6,6,6,6,6,6,6,6,6,6,6,6,6,6,6,6,6,6,6,6
Map_233,385,86,31,30,31,31,30,30,30,30,30,30,30,30,30,30,30,30,30,30,30,30,30,30,30,30
Map_234,556,160,65,59,73,78,61,56,61,56,61,56,60,64,140,140,21,23,21,23,21,23,21,23,21,23
Map_235,389,504,33,33,76,33,27,27,27,27,27,27,27,27,27,27,27,27,27,27,27,27,27,27,27,27
Map_236,11,281,11,11,11,11,11,11,11,11,11,11,11,11,11,11,11,11,11,11,11,11,11,11,11,11
Map_237,589,111,89,102,564,105,58,90,58,90,58,90,58,90,58,90,217,82,230,70,114,75,115,58,115,58
Map_238,11,222,9,9,11,9,9,9,9,9,9,9,9,9,9,9,9,9,9,9,9,9,9,9,9,9
Map_239,188,334,9,9,9,12,9,9,9,9,9,9,9,9,9,9,9,9,9,9,9,9,9,9,9,9
Map_240,18,267,13,13,13,23,13,13,13,13,13,13,13,13,13,13,13,13,13,13,13,13,13,13,13,13
Map_241,141,145,75,74,85,89,56,72,56,72,56,72,73,72,73,72,53,72,53,72,53,72,53,72,53,72
Map_242,92,190,75,138,123,62,109,29,109,29,109,29,109,29,109,29,66,29,66,29,66,29,66,29,66,29
Map_243,452,251,32,32,31,41,42,42,42,42,42,42,42,42,42,42,30,22,30,22,30,22,29,22,29,22
Map_244,12,511,7,7,7,7,7,12,7,12,7,12,7,12,7,12,7,7,7,7,7,7,7,7,7,7
Map_245,623,238,13,13,13,13,13,13,13,13,13,13,13,13,13,13,13,13,13,13,13,13,13,13,13,13
Map_246,23,108,18,18,24,24,23,17,23,17,23,17,23,17,23,17,22,17,22,17,22,17,21,17,21,17
Map_247,38,211,21,21,21,21,21,21,21,21,21,21,21,21,21,21,25,25,25,25,25,25,21,25,21,25
Map_248,638,336,525,172,525,194,67,136,67,136,67,136,89,136,89,136,27,27,27,27,27,27,27,26,27,26
Map_249,387,236,50,50,28,58,50,26,50,23,50,23,50,26,50,26,51,23,43,23,43,23,51,23,50,23
Map_250,15,28,12,12,12,12,12,12,12,12,12,12,12,12,12,12,12,12,17,12,17,12,12,12,12,12
Map_251,575,346,31,31,32,58,31,31,31,31,31,31,31,31,31,31,31,31,31,31,31,31,31,31,31,31
Map_252,28,173,18,18,16,18,18,16,18,16,18,16,16,16,16,16,18,16,18,16,18,16,19,16,19,16
Map_253,567,189,109,109,157,127,28,26,28,26,28,26,28,26,28,26,27,26,31,26,31,26,27,26,27,26
Map_254,205,145,15,15,15,15,15,12,15,12,15,12,15,12,15,12,16,12,16,12,16,12,15,12,15,12
Map_255,104,198,26,26,26,27,26,26,26,26,26,26,26,25,25,25,23,18,23,18,23,18,19,18,19,18
Map_256,588,340,185,243,241,327,36,26,36,26,36,26,24,26,24,26,26,24,26,24,26,24,26,24,26,24
Map_257,17,108,15,15,15,15,15,15,15,15,15,15,15,15,15,15,23,15,23,15,23,15,23,15,23,15
Map_258,626,348,120,108,78,133,108,108,109,108,109,108,153,153,153,153,68,83,68,83,68,83,68,83,83,83
Map_259,20,364,36,36,40,22,21,31,21,31,21,31,21,30,21,30,22,21,22,21,22,21,21,30,21,30
Map_260,478,265,37,37,37,54,37,37,37,37,37,37,37,37,37,37,37,37,38,37,46,37,37,37,37,37
Map_261,105,218,28,28,28,30,28,28,28,28,28,28,28,28,28,28,28,28,28,23,28,23,28,28,28,28
Map_262,575,220,27,23,40,27,26,23,26,23,26,23,23,23,23,23,26,23,23,23,23,23,26,22,26,22
Map_263,70,323,35,35,35,59,35,35,35,35,35,35,35,35,35,35,28,26,28,26,28,26,28,26,26,26
Map_264,132,173,24,24,24,24,24,24,24,24,24,24,24,24,24,24,24,24,24,24,24,24,25,24,25,24
Map_265,35,106,39,36,39,48,35,35,35,35,35,35,35,35,35,35,28,26,28,26,28,26,28,26,28,26
Map_266,579,143,121,590,494,197,51,50,51,50,51,50,51,50,51,50,52,50,52,50,52,50,52,50,52,50
Map_267,38,124,27,27,27,40,24,19,24,19,24,19,19,19,19,19,23,19,23,19,23,19,23,19,23,19
Map_268,10,207,9,9,9,10,9,9,9,9,9,9,9,9,9,9,9,9,9,9,9,9,9,9,9,9
Map_269,179,99,29,29,29,39,62,29,62,29,62,29,62,29,62,29,65,29,65,29,65,29,65,29,65,29
Map_270,7,158,7,7,7,7,7,7,7,7,7,7,7,7,7,7,7,7,7,7,7,7,7,7,7,7
Map_271,56,199,32,32,32,32,32,32,32,32,32,32,32,32,32,32,32,32,32,32,32,32,32,32,32,32
Map_272,140,385,12,12,12,12,12,12,12,12,12,12,12,12,12,12,12,12,12,12,12,12,12,12,12,12
Map_273,541,484,27,27,26,27,26,26,26,26,26,26,26,26,26,26,23,23,23,23,23,23,26,23,26,23
Map_274,14,85,10,10,10,10,10,10,10,10,10,10,10,10,10,10,10,10,10,10,10,10,10,10,10,10
Map_275,28,47,35,35,35,25,17,17,17,17,17,17,17,17,17,17,19,17,19,17,19,17,18,17,18,17
Map_276,622,111,33,33,33,69,33,33,33,33,33,33,33,33,33,33,60,60,60,60,60,60,60,60,60,63
Map_277,6,51,6,6,6,6,6,6,6,6,6,6,6,6,6,6,6,6,6,6,6,6,6,6,6,6
Map_278,412,437,116,109,325,84,109,109,109,109,109,109,109,109,109,109,71,96,80,95,80,95,71,70,84,70
Map_279,51,60,44,44,44,49,34,25,34,25,34,25,25,25,25,25,34,22,35,22,35,22,34,22,34,22
Map_280,22,133,17,17,18,20,17,17,17,17,17,17,17,17,17,17,15,15,15,15,15,15,17,17,17,17
Map_281,17,100,17,17,17,74,33,17,33,17,33,17,33,17,33,17,29,17,29,17,29,17,29,17,27,17
Map_282,9,160,10,10,10,42,10,9,10,9,10,9,10,9,10,9,10,9,10,9,10,9,10,9,10,9
Map_283,478,295,354,342,444,434,278,273,298,273,298,273,296,296,287,287,114,133,95,133,95,152,114,133,211,164
Map_284,605,263,120,75,122,43,47,47,47,47,47,47,46,47,46,47,55,41,48,41,48,41,42,41,44,47
Map_285,32,396,8,8,8,8,8,8,8,8,8,8,8,8,8,8,8,8,8,8,8,8,8,8,8,8
Map_286,38,158,11,11,11,11,11,11,11,11,11,11,11,11,11,11,11,11,11,11,11,11,11,11,11,11
Map_287,378,66,32,32,32,19,19,19,19,19,19,19,19,19,19,19,21,19,21,19,21,19,20,20,20,20
Map_288,231,306,16,16,16,17,16,17,16,17,16,17,16,17,16,17,16,16,16,16,16,16,16,16,16,16
Map_289,616,298,46,44,56,49,30,30,30,30,30,30,30,30,30,30,38,30,38,30,38,30,38,30,38,30
Map_290,38,306,17,17,17,17,17,17,17,17,17,17,17,17,17,17,17,17,17,17,17,17,17,17,17,17
Map_291,11,32,11,11,11,11,11,11,11,11,11,11,11,11,11,11,11,11,11,11,11,11,11,11,11,11
Map_292,577,209,82,82,82,598,82,84,82,84,82,84,82,83,82,83,59,84,59,84,59,84,59,81,59,81
Map_293,8,84,9,8,9,9,9,8,9,8,9,8,8,8,8,8,9,8,9,8,9,8,9,8,8,8
Map_294,12,379,17,17,17,31,12,12,12,12,12,12,12,12,12,12,13,12,13,12,13,12,12,12,12,12
Map_295,129,134,13,13,13,20,13,13,13,13,13,13,13,13,13,13,15,13,15,13,15,13,15,13,13,13
Map_296,214,120,74,74,74,97,40,53,40,53,40,53,53,53,53,53,40,54,40,54,40,54,40,53,40,53
Map_297,529,193,41,40,41,53,41,41,41,41,41,41,40,40,40,40,45,40,45,40,45,40,41,40,41,40
Map_298,14,120,12,12,12,12,12,12,12,12,12,12,12,12,12,12,12,12,12,12,12,12,12,12,12,12
Map_299,10,51,10,10,10,10,10,10,10,10,10,10,10,10,10,10,12,10,12,10,12,10,12,10,12,10
Map_300,16,240,13,13,13,18,13,13,13,13,13,13,13,13,13,13,13,13,13,13,18,13,13,13,13,13
Map_301,38,131,34,34,33,113,33,18,33,18,33,18,33,18,33,18,18,18,18,18,18,18,18,18,18,18
Map_302,6,227,6,6,6,6,6,6,6,6,6,6,6,6,6,6,6,6,6,6,6,6,6,6,6,6
Map_303,589,519,92,92,220,110,85,85,85,85,85,85,85,85,85,85,90,51,65,51,65,51,85,51,85,51
Map_304,7,71,7,7,7,7,7,7,7,7,7,7,7,7,7,7,7,7,7,7,7,7,7,7,7,7
Map_305,265,303,171,211,171,238,51,51,51,51,51,51,51,51,51,51,42,36,45,35,45,35,40,36,40,36
Map_306,340,235,110,102,129,226,121,112,121,112,121,112,121,112,121,112,53,53,53,48,53,48,53,55,53,55
Map_307,36,307,427,142,427,49,35,35,35,35,35,35,35,35,35,35,28,35,26,26,26,26,28,35,28,35
Map_308,69,211,29,29,23,29,23,20,23,20,23,20,23,20,23,20,19,20,19,20,19,20,19,20,19,20
Map_309,561,344,41,41,41,40,32,30,32,30,32,30,32,30,32,30,30,20,30,20,30,20,30,20,30,20
Map_310,9,13,9,9,9,11,9,9,9,9,9,9,9,9,9,9,9,9,9,9,9,9,9,9,9,9
Map_311,286,272,141,147,434,233,30,29,30,29,30,29,29,29,29,29,28,30,28,30,28,30,28,32,28,32
Map_312,619,160,17,17,18,17,17,17,17,17,17,17,17,17,17,17,17,17,19,17,19,17,17,17,17,17
Map_313,515,423,292,292,283,113,131,64,131,64,131,64,109,64,109,64,100,97,100,96,100,96,132,97,132,97
Map_314,471,99,133,133,133,188,111,77,111,77,111,77,101,101,101,101,42,50,44,31,44,31,42,50,42,50
Map_315,18,66,18,18,18,58,18,18,18,18,18,18,18,18,18,18,17,18,17,18,17,18,16,18,16,18
Map_316,266,203,262,419,160,28,28,28,28,28,28,28,28,28,28,28,28,29,28,29,28,29,28,29,28,50
Map_317,70,101,42,42,42,86,32,32,32,32,32,32,32,32,32,32,32,31,32,31,32,31,32,32,32,32
Map_318,531,541,17,17,17,17,17,17,17,17,17,17,17,17,17,17,17,17,17,17,17,17,17,17,17,17
Map_319,302,128,58,57,69,54,53,53,53,53,53,53,53,53,53,53,70,75,73,75,73,75,53,53,53,53
Map_320,617,175,53,53,65,34,24,24,24,24,24,24,29,29,29,29,21,21,21,21,21,21,21,21,21,21
Map_321,57,63,89,20,89,50,20,19,20,19,20,19,19,19,19,19,17,20,17,17,17,17,17,19,17,19
Map_322,538,176,37,37,35,46,26,26,26,26,26,26,26,26,26,26,26,26,26,26,26,26,26,26,26,26
Map_323,7,199,7,7,7,7,7,7,7,7,7,7,7,7,7,7,7,7,7,7,7,7,7,7,7,7
Map_324,279,389,41,41,41,70,41,41,41,41,41,41,41,41,41,41,33,41,33,33,33,33,41,41,41,41
Map_325,432,371,18,18,18,18,18,18,18,18,18,18,18,18,18,18,21,18,21,18,21,18,18,18,18,18
Map_326,21,51,20,20,21,19,19,12,19,12,19,12,19,12,19,12,19,12,19,12,19,12,19,12,19,12
Map_327,597,197,26,26,26,250,34,35,34,35,34,35,34,35,34,35,26,25,26,25,26,25,26,25,26,25
Map_328,643,274,190,190,190,523,124,124,124,124,124,124,124,124,124,124,166,134,150,118,150,118,186,134,158,134
Map_329,20,42,15,15,15,15,15,15,15,15,15,15,15,15,15,15,15,15,15,15,15,15,15,15,15,15
Map_330,8,167,8,8,8,14,8,8,8,8,8,8,8,8,8,8,10,8,10,8,10,8,8,8,8,8
Map_331,6,18,6,6,6,8,6,6,6,6,6,6,6,6,6,6,6,6,6,6,6,6,6,6,6,6
Map_332,63,536,31,31,31,33,31,41,31,41,31,41,31,43,33,43,31,40,31,40,31,40,31,40,31,40
Map_333,559,212,167,167,272,304,67,115,67,115,67,115,67,115,115,115,136,116,124,116,124,116,100,115,100,115
Map_334,590,262,500,42,493,29,29,29,29,29,29,29,29,29,29,29,35,29,35,29,35,29,35,29,35,29
Map_335,97,138,62,86,62,147,62,86,62,86,62,86,62,86,86,86,36,36,36,36,36,36,36,36,36,36
Map_336,12,183,9,9,9,12,9,9,9,9,9,9,9,9,9,9,12,9,12,9,12,9,9,9,9,9
Map_337,223,97,58,52,16,58,65,53,72,53,72,53,53,53,80,84,16,16,40,16,40,16,16,16,16,16
Map_338,282,229,15,15,15,15,15,15,15,15,15,15,15,15,15,15,15,15,15,15,15,15,15,15,15,15
Map_339,447,260,104,108,108,92,101,72,101,55,101,55,108,72,108,72,104,51,104,51,104,51,117,55,116,55
Map_340,98,340,53,53,53,87,72,70,72,70,72,70,72,70,72,70,51,28,51,28,51,28,51,30,65,30
Map_341,556,222,507,555,547,78,59,55,59,55,59,55,59,55,59,55,92,55,92,55,92,55,92,55,92,55
Map_342,513,271,17,17,17,17,17,17,17,17,17,17,17,17,17,17,17,17,17,17,17,17,17,17,17,17
Map_343,66,91,32,32,32,34,24,31,24,31,24,31,24,31,24,31,24,24,24,24,24,24,24,29,24,29
Map_344,37,331,22,22,22,37,18,18,18,18,18,18,18,18,18,18,18,18,18,18,18,18,18,18,18,18
Map_345,12,430,20,20,20,22,16,12,16,12,16,12,12,12,12,12,16,12,16,12,16,12,16,12,16,12
Map_346,456,127,15,15,15,15,15,15,15,15,15,15,15,15,15,15,15,15,15,15,15,15,15,15,15,15
Map_347,50,210,20,20,20,86,55,88,55,88,55,88,55,88,55,88,55,18,55,18,55,18,55,18,55,18
Map_348,153,101,66,64,64,111,61,64,61,64,61,64,61,64,61,64,28,27,28,27,28,27,28,27,28,27
Map_349,329,178,35,35,35,35,35,35,35,35,35,35,35,35,35,35,35,35,35,35,35,35,35,35,35,35
Map_350,26,216,15,15,20,15,15,15,15,15,15,15,15,15,15,15,15,15,15,15,15,15,15,15,15,15
Map_351,8,27,8,8,8,14,9,8,9,8,9,8,9,8,9,8,9,8,12,8,12,8,9,8,9,8
Map_352,501,542,145,145,145,346,36,36,36,36,36,36,36,36,36,36,36,36,36,36,36,36,36,36,36,36
Map_353,525,187,64,64,65,59,80,93,80,93,80,93,93,93,93,93,80,80,88,80,88,80,80,80,80,93
Map_354,45,150,40,35,49,25,19,35,19,35,19,35,19,35,19,35,19,19,19,19,19,19,19,19,19,19
Map_355,7,65,7,7,7,7,7,7,7,7,7,7,7,7,7,7,7,6,7,6,7,6,7,6,7,6
Map_356,595,170,69,69,69,43,31,37,31,37,31,37,31,37,31,37,31,31,31,31,31,31,31,31,31,31
Map_357,114,214,34,34,33,33,34,28,34,28,34,28,34,30,34,30,28,28,28,28,28,28,28,28,30,28
Map_358,567,376,100,146,163,134,264,451,264,451,264,451,534,146,467,146,57,55,57,55,57,55,57,55,57,55
Map_359,8,22,8,8,8,8,8,8,8,8,8,8,8,8,8,8,8,8,8,8,8,8,8,8,8,8
Map_360,396,388,20,20,20,20,16,20,16,20,16,20,16,20,16,20,16,16,16,16,16,16,16,16,16,16
Map_361,12,203,7,7,7,7,7,7,7,7,7,7,7,7,7,7,7,7,10,7,10,7,7,7,7,7
Map_362,26,114,23,23,23,23,16,16,16,16,16,16,16,16,16,16,16,16,16,16,16,16,16,16,16,16
Map_363,632,212,123,108,51,109,51,51,51,51,51,51,91,91,91,91,52,51,52,51,52,51,51,51,51,51
Map_364,9,248,9,9,9,11,9,9,9,9,9,9,9,9,9,9,9,9,9,9,9,9,9,9,9,9
Map_365,29,51,19,19,19,19,19,19,19,19,19,19,19,19,19,19,19,19,19,19,19,19,19,19,19,19
Map_366,157,46,25,25,25,23,22,26,22,26,22,26,22,26,22,26,23,23,23,23,23,23,22,23,22,23
Map_367,589,357,68,68,68,69,65,61,65,61,65,61,65,61,65,61,144,61,144,61,149,61,194,61,194,61
Map_368,37,68,21,21,21,21,21,21,21,21,21,21,21,21,21,21,19,20,19,21,19,21,19,20,19,20
Map_369,586,107,520,514,351,28,28,28,28,28,28,28,28,28,28,28,21,21,21,21,21,21,21,21,21,21
Map_370,28,233,12,12,12,13,12,12,12,12,12,12,12,12,12,12,16,12,15,12,15,12,16,12,12,12
Map_371,579,313,451,418,469,491,409,281,409,281,409,281,417,430,430,430,136,273,224,176,224,176,136,202,134,240
Map_372,471,257,34,34,34,56,34,34,34,34,34,34,34,34,34,34,25,18,25,18,25,18,18,18,18,18
Map_373,94,436,34,34,34,36,34,34,34,34,34,34,34,34,34,34,34,35,34,35,34,35,34,34,34,34
Map_374,7,15,8,7,8,8,7,7,7,7,7,7,7,7,7,7,8,7,8,7,8,7,7,7,7,7
Map_375,144,91,23,23,23,23,23,23,23,23,23,23,23,23,23,23,23,23,23,23,26,23,23,23,23,23
Map_376,59,72,24,24,43,24,24,24,24,24,24,24,24,24,24,24,24,24,24,24,24,24,24,24,24,24
Map_377,110,237,40,40,40,46,30,29,30,29,30,29,29,29,29,29,30,29,30,29,30,29,30,29,30,29
Map_378,519,155,18,18,18,21,18,18,18,18,18,18,18,18,18,18,30,18,30,18,30,18,18,18,18,18
Map_379,598,162,68,68,68,83,66,77,66,77,66,77,66,79,66,79,20,20,20,20,20,20,20,20,20,20
Map_380,490,216,113,78,113,204,150,66,150,66,150,66,78,43,78,43,61,61,61,61,61,61,61,66,66,66
Map_381,580,179,157,194,195,404,161,142,161,142,161,142,205,205,205,205,82,92,154,82,154,82,108,92,95,95
Map_382,16,19,10,10,10,10,10,10,10,10,10,10,10,10,10,10,10,10,10,10,10,10,10,10,10,10
Map_383,113,151,44,44,44,44,38,43,38,43,38,43,37,46,37,46,38,35,38,35,38,35,38,35,38,35
Map_384,159,449,24,24,45,43,24,37,24,37,24,37,24,37,24,37,24,27,24,27,24,27,24,28,24,28
Map_385,11,20,12,12,9,14,12,9,12,9,12,9,12,9,12,9,12,9,12,9,12,9,12,9,12,9
Map_386,591,535,115,91,212,110,101,91,101,91,101,91,91,91,91,91,101,43,101,43,101,43,101,56,101,56
Map_387,604,409,47,47,47,47,72,23,72,23,72,23,72,23,75,23,37,23,37,23,37,23,37,23,37,23
Map_388,15,265,11,11,13,11,11,11,11,11,11,11,11,11,11,11,11,11,11,11,11,11,11,11,11,11
Map_389,32,148,19,19,19,19,19,19,19,19,19,19,19,19,19,19,19,19,19,19,19,19,19,19,19,19
Map_390,33,317,18,18,18,20,18,12,18,12,18,12,18,12,18,12,18,12,18,12,18,12,18,12,18,12
Map_391,9,78,9,9,9,10,10,9,10,9,10,9,10,9,10,9,10,9,10,9,10,9,10,9,10,9
Map_392,15,400,25,15,26,22,15,15,15,15,15,15,15,15,15,15,15,15,15,15,15,15,15,15,15,15
Map_393,585,323,236,358,272,281,86,65,86,65,86,65,86,65,86,65,75,65,70,65,73,65,75,65,75,65
Map_394,8,411,8,8,8,8,8,8,8,8,8,8,8,8,8,8,8,8,8,8,8,8,8,8,8,8
Map_395,513,128,22,21,21,22,21,21,21,21,21,21,21,21,21,21,20,20,20,20,20,20,20,20,20,21
Map_396,28,596,25,25,25,42,25,25,25,25,25,25,25,25,25,25,31,25,31,25,31,25,32,25,25,25
Map_397,14,169,12,12,12,15,12,12,12,12,12,12,12,12,12,12,12,12,12,12,12,12,12,12,12,12
Map_398,581,264,133,83,133,475,83,83,83,83,83,83,83,83,83,83,60,67,60,67,60,67,67,67,67,67
Map_399,248,333,38,36,36,29,21,21,21,21,21,21,21,21,21,21,21,21,21,21,21,21,21,21,21,21
Map_400,14,351,11,11,11,11,11,11,11,11,11,11,11,11,11,11,12,11,12,11,12,11,11,11,11,11
Map_401,348,448,22,22,22,53,22,22,22,22,22,22,22,22,22,22,25,22,25,22,25,22,25,22,25,22
Map_402,15,265,13,13,13,16,13,13,13,13,13,13,13,13,13,13,13,13,13,13,13,13,13,13,13,13
Map_403,19,233,18,18,18,35,16,15,16,15,16,15,16,15,16,15,16,15,18,15,18,15,16,15,16,15
Map_404,217,607,75,75,80,122,45,45,45,45,45,45,45,45,45,45,48,45,54,45,54,45,47,45,45,45
Map_405,21,211,15,15,15,20,15,15,15,15,15,15,15,15,15,15,15,15,15,15,15,15,15,15,15,15
Map_406,13,246,13,13,13,13,13,13,13,13,13,13,13,13,13,13,13,13,12,13,12,13,13,13,13,13
Map_407,584,338,30,30,20,30,30,30,30,30,30,30,30,30,30,30,41,30,41,30,41,30,41,30,41,30
Map_408,49,137,26,26,26,41,32,32,32,32,32,32,32,32,32,32,32,32,32,32,32,32,32,32,32,32
Map_409,13,95,9,9,9,9,9,9,9,9,9,9,9,9,9,9,9,9,9,9,9,9,9,9,9,9
Map_410,630,276,64,23,108,99,18,17,18,17,18,17,18,17,17,17,17,16,40,16,40,16,17,16,17,16
Map_411,80,385,55,52,34,37,37,39,37,39,37,39,37,39,37,39,18,16,18,16,18,16,16,16,16,16
Map_412,318,311,33,33,29,41,33,33,33,33,33,33,33,33,33,33,33,31,33,31,33,31,33,31,33,31
Map_413,73,507,51,51,54,55,52,56,52,54,52,54,51,56,51,56,53,39,50,39,52,39,53,39,52,39
Map_414,139,201,68,49,51,89,38,36,38,36,38,36,36,36,36,36,36,31,36,31,36,31,36,31,36,31
Map_415,475,190,49,49,49,49,49,107,49,107,49,107,49,109,49,109,58,55,58,44,58,44,49,55,49,55
Map_416,12,91,12,12,12,15,11,12,11,12,11,12,11,12,11,12,13,12,13,12,13,12,11,12,11,12
Map_417,313,142,26,26,26,45,29,26,29,26,29,26,29,26,29,26,29,26,29,26,29,26,29,26,29,26
Map_418,583,620,247,231,251,224,339,104,339,104,339,104,461,104,383,108,99,74,99,103,99,103,100,74,100,74
Map_419,43,473,51,51,66,160,20,20,20,20,20,20,20,20,20,20,21,20,21,21,21,21,21,20,21,20
Map_420,162,240,12,12,12,13,12,12,12,12,12,12,12,12,12,12,12,12,12,12,12,12,12,12,12,12
Map_421,12,401,9,9,9,9,9,9,9,9,9,9,9,9,9,9,9,9,9,9,9,9,9,9,9,9
Map_422,28,223,22,22,22,22,22,22,22,22,22,22,22,22,22,22,22,22,22,22,22,22,22,22,22,22
Map_423,214,530,68,33,100,148,33,31,33,31,33,31,31,31,62,180,33,31,33,31,33,31,33,31,33,31
Map_424,12,323,12,12,12,28,12,12,12,12,12,12,12,12,12,12,12,12,22,12,22,12,12,12,12,12
Map_425,27,218,22,22,22,22,27,27,27,27,27,27,27,27,27,27,20,20,20,20,20,20,20,20,20,20
Map_426,14,58,14,8,14,11,8,8,8,8,8,8,8,8,8,8,8,8,8,8,8,8,8,8,8,8
Map_427,567,377,79,77,77,106,99,48,93,48,93,48,98,65,98,65,61,48,42,48,42,48,49,48,49,48
Map_428,443,320,10,10,10,13,10,10,10,10,10,10,10,10,10,10,10,10,10,10,10,10,10,10,10,10
Map_429,218,346,155,263,263,330,60,62,60,62,60,62,60,62,60,62,52,39,52,39,52,39,43,39,43,39
Map_430,609,246,38,37,35,50,37,36,35,34,35,34,36,36,36,36,35,36,37,36,37,36,35,36,37,36
Map_431,626,288,611,608,603,577,107,113,107,113,107,113,107,113,107,113,219,523,185,545,185,436,219,519,397,574
Map_432,8,144,8,8,8,8,8,8,8,8,8,8,8,8,8,8,8,8,8,8,8,8,8,8,8,8
Map_433,532,266,374,372,390,272,144,144,144,44,144,44,144,417,417,417,134,35,119,35,119,35,131,35,131,35
Map_434,15,50,14,14,14,14,19,15,19,15,19,15,19,15,19,15,16,15,16,15,16,15,16,15,16,15
Map_435,13,142,10,10,10,11,10,10,10,10,10,10,10,10,10,10,10,10,10,10,10,10,10,10,10,10
Map_436,51,85,32,32,32,35,32,32,32,32,32,32,32,32,32,32,32,32,32,32,32,32,32,32,32,32
Map_437,11,56,11,11,11,15,13,13,13,13,13,13,13,13,13,13,13,11,13,11,13,11,13,11,13,11
Map_438,24,93,10,10,10,14,10,10,10,10,10,10,10,10,10,10,10,10,10,10,10,10,10,10,10,10
Map_439,12,32,13,13,24,13,13,12,13,12,13,12,12,12,12,12,15,12,15,12,15,12,15,12,13,12
Map_440,293,298,80,71,80,60,44,46,44,46,44,46,44,46,44,46,41,58,41,37,41,37,41,58,44,58
Map_441,58,64,37,37,41,38,39,39,39,39,39,39,39,39,39,39,29,28,29,28,34,28,29,33,29,33
Map_442,40,46,65,61,65,66,21,21,21,21,21,21,21,21,21,21,22,21,22,21,22,21,22,21,22,21
Map_443,221,301,210,210,129,44,43,42,43,42,43,42,42,42,42,42,34,34,34,34,40,34,34,34,34,34
Map_444,18,50,11,10,10,11,10,10,10,10,10,10,10,10,10,10,10,10,10,10,10,10,10,10,10,10
Map_445,159,214,84,14,44,123,14,14,14,14,14,14,14,14,14,14,14,14,14,14,14,14,14,14,14,14
Map_446,434,309,33,33,33,76,33,33,33,33,33,33,33,33,33,33,21,21,21,21,21,21,21,21,21,21
Map_447,611,442,261,148,210,169,93,93,93,93,93,93,93,93,93,93,104,90,104,90,104,90,103,93,103,93
Map_448,589,149,100,100,81,339,81,81,81,81,81,81,81,81,81,81,60,60,63,60,63,60,64,62,62,62
Map_449,46,104,17,17,17,17,17,17,17,17,17,17,17,17,17,17,17,17,17,17,17,17,17,17,17,17
Map_450,21,280,16,13,16,16,13,13,13,13,13,13,13,13,13,13,16,13,16,13,16,13,13,13,13,13
Map_451,55,280,18,18,14,18,18,14,18,14,18,14,18,14,18,14,18,14,18,14,18,14,18,14,18,14
Map_452,18,422,23,23,23,14,14,14,14,14,14,14,14,14,14,14,14,14,14,14,14,14,14,14,14,14
Map_453,608,222,78,78,520,80,77,91,77,91,77,91,76,91,76,91,51,47,53,47,53,47,51,47,51,47
Map_454,275,150,28,28,28,32,28,28,28,28,28,28,28,28,28,28,36,26,36,26,36,26,34,26,34,26
Map_455,41,385,15,15,15,52,15,15,15,15,15,15,15,15,15,37,15,15,15,15,15,15,15,15,15,15
Map_456,406,271,138,94,140,106,124,91,124,91,124,91,111,85,111,85,87,135,83,132,83,132,86,85,86,85
Map_457,405,526,82,43,43,138,30,30,30,30,30,30,30,30,30,30,30,30,30,30,30,30,30,30,30,30
Map_458,533,168,26,26,26,25,25,26,25,26,25,26,25,28,25,28,24,19,26,19,26,19,24,19,24,19
Map_459,498,47,15,15,15,15,15,15,15,15,15,15,15,15,15,15,12,12,18,12,18,12,12,12,12,12
Map_460,157,204,45,45,45,48,45,34,45,34,45,34,41,34,41,34,34,34,33,34,33,34,34,34,34,34
Map_461,63,216,25,25,25,26,25,25,25,25,25,25,25,25,25,25,15,15,15,15,15,15,15,15,15,15
Map_462,32,99,12,12,12,12,12,12,12,12,12,12,12,12,12,12,12,12,12,12,12,12,12,12,12,12
Map_463,377,322,15,15,15,21,15,15,15,15,15,15,15,15,15,15,15,15,15,15,15,15,15,15,15,15
Map_464,102,109,67,62,226,67,54,62,54,62,54,62,54,62,54,62,74,33,74,34,74,34,65,33,63,33
Map_465,281,151,48,53,48,36,82,83,82,83,82,83,82,83,82,83,33,31,44,31,44,31,31,35,35,35
Map_466,349,314,27,27,33,27,23,23,23,23,23,23,23,23,23,23,28,23,28,23,28,23,27,23,27,23
Map_467,52,206,18,17,18,18,18,17,18,17,18,17,17,17,17,17,17,17,17,17,17,17,17,17,17,17
Map_468,7,467,7,7,7,7,7,7,7,7,7,7,7,7,7,7,7,7,7,7,7,7,7,7,7,7
Map_469,27,37,16,16,16,16,16,16,16,16,16,16,16,16,16,16,16,16,24,16,24,16,16,16,16,16
Map_470,332,127,17,17,17,17,17,12,17,12,17,12,17,12,17,12,17,12,24,12,24,12,17,12,17,12
Map_471,556,294,44,44,44,53,44,44,44,44,44,44,44,44,44,44,122,89,198,89,198,89,71,89,71,89
Map_472,452,120,23,23,23,23,23,23,23,23,23,23,23,23,23,23,23,23,23,23,27,23,23,23,23,23
Map_473,27,49,19,16,13,19,16,13,16,13,16,13,16,13,16,13,16,13,16,13,16,13,16,13,16,13
Map_474,61,310,48,52,122,48,43,52,48,48,48,48,43,52,43,52,29,29,29,29,29,29,29,29,29,29
Map_475,13,23,12,12,12,14,12,12,12,12,12,12,11,11,11,11,12,11,12,11,12,11,12,11,12,11
Map_476,517,349,37,33,33,96,33,32,33,32,33,32,33,32,33,32,33,32,33,32,33,32,33,32,33,32
Map_477,597,570,86,374,305,68,85,471,85,471,85,471,419,419,389,389,103,111,216,70,216,70,85,111,85,111
Map_478,642,311,179,160,292,345,122,122,122,122,122,122,150,156,163,163,109,83,107,83,107,83,109,83,90,83
Map_479,582,193,60,60,60,67,34,61,34,61,34,61,36,64,36,64,43,34,43,34,43,34,34,34,34,34
Map_480,62,346,36,27,42,32,27,27,27,43,27,43,27,27,27,27,23,27,23,27,23,27,23,27,23,27
Map_481,27,132,44,34,44,65,34,34,34,34,34,34,46,46,46,46,38,27,42,27,42,27,38,27,43,34
Map_482,146,161,24,24,24,24,20,20,20,20,20,20,20,20,20,20,20,20,20,20,20,20,20,20,20,20
Map_483,91,88,42,40,40,82,40,52,40,52,40,52,40,52,40,52,39,44,44,44,44,44,40,48,40,48
Map_484,81,377,16,16,21,16,16,18,16,18,16,18,16,18,16,18,16,18,16,18,16,18,16,18,16,18
Map_485,24,243,23,23,25,25,23,23,23,23,23,23,23,23,23,23,23,22,25,22,25,22,23,23,23,23
Map_486,491,476,554,444,243,545,311,293,311,293,311,293,310,239,310,239,155,98,100,98,100,98,147,98,147,209
Map_487,284,368,67,60,118,70,37,60,37,60,37,60,37,60,37,73,39,61,47,61,47,46,39,60,39,60
Map_488,619,306,17,17,17,19,17,17,17,17,17,17,17,17,17,17,16,16,16,16,16,16,16,17,16,17
Map_489,568,201,52,52,83,90,45,49,45,49,45,49,45,49,45,49,56,70,49,70,49,70,45,70,45,70
Map_490,13,336,12,12,12,13,12,12,12,12,12,12,12,12,12,12,15,12,15,12,15,12,12,12,12,12
Map_491,30,320,26,26,26,21,26,43,26,43,26,43,26,43,26,43,21,17,21,17,21,17,27,17,27,17
Map_492,70,332,32,29,37,32,29,20,29,20,29,20,29,20,32,20,20,20,20,20,20,20,20,20,20,20
Map_493,43,44,37,37,37,44,23,23,23,23,23,23,23,23,27,27,20,20,21,20,21,20,20,20,20,20
Map_494,620,367,571,629,593,624,207,469,207,469,207,469,553,571,454,454,490,209,404,199,404,199,350,209,349,424
Map_495,12,23,8,8,8,8,8,8,8,8,8,8,8,8,8,8,8,8,8,8,8,8,8,8,8,8
Map_496,10,308,10,10,10,12,10,10,10,10,10,10,10,10,10,10,10,10,10,10,10,10,10,10,10,10
Map_497,441,143,28,97,27,124,113,33,113,33,113,33,113,109,113,109,84,21,84,21,84,21,84,21,84,21
Map_498,31,107,32,27,32,28,23,23,23,23,23,23,23,23,23,23,20,20,20,20,20,20,20,20,20,20
Map_499,32,155,14,14,14,14,14,14,14,14,14,14,14,14,14,14,14,14,14,14,14,14,14,14,14,14
Map_500,286,222,27,27,27,37,27,27,27,27,27,27,27,27,27,27,52,27,52,27,55,27,27,27,27,27
Map_501,64,84,15,15,15,15,15,15,15,15,15,15,15,15,15,15,15,15,15,15,15,15,15,15,15,15
Map_502,71,68,19,19,19,22,19,19,19,19,19,19,19,19,19,19,20,19,20,19,20,19,19,19,19,19
Map_503,32,153,32,32,32,33,32,32,32,32,32,32,32,32,32,32,33,32,33,32,33,32,32,32,32,32
Map_504,581,314,288,375,399,355,33,33,33,33,33,33,33,33,33,33,33,33,33,33,33,33,33,33,33,33
Map_505,611,368,18,18,45,18,18,18,18,18,18,18,18,18,18,18,18,18,18,18,18,18,18,18,18,18
Map_506,285,153,47,50,47,67,47,50,47,50,47,50,50,50,50,50,46,44,51,44,51,44,46,50,46,50
Map_507,10,137,11,11,11,11,10,10,10,10,10,10,10,10,10,10,10,10,10,10,10,10,10,10,10,10
Map_508,453,403,86,59,59,69,48,59,48,59,48,59,55,59,55,59,53,43,53,43,53,43,46,43,46,43
Map_509,7,198,9,9,9,9,9,10,9,10,9,10,9,10,9,10,9,7,9,7,9,7,9,7,9,7
Map_510,46,200,22,22,22,24,26,26,26,26,26,26,26,26,26,26,18,22,18,22,18,22,18,25,18,25
Map_511,634,332,238,372,177,482,119,124,119,124,119,124,124,124,124,124,105,107,323,107,322,109,107,124,107,124
Map_512,462,391,7,7,7,13,7,7,7,7,7,7,7,7,7,7,7,7,7,7,7,7,7,7,7,7
Map_513,503,217,67,67,73,151,38,38,38,38,38,38,38,38,38,38,38,38,38,38,38,38,38,38,38,38
Map_514,602,306,34,34,34,34,34,34,34,34,34,34,34,34,34,34,34,34,34,34,34,34,34,47,34,47
Map_515,59,56,38,40,34,67,38,29,38,29,38,29,40,29,40,29,34,29,25,25,25,25,34,29,34,29
Map_516,58,89,47,47,47,47,47,46,47,46,47,46,47,46,47,46,41,41,41,41,41,41,41,46,41,46
Map_517,607,321,110,110,112,137,99,99,99,99,99,99,99,99,99,99,102,72,102,72,102,115,102,72,102,72
Map_518,48,357,30,30,30,33,15,15,15,15,15,15,15,15,15,15,15,15,15,15,15,15,15,15,15,15
Map_519,18,31,16,16,16,16,18,16,18,16,18,16,18,16,18,16,21,16,21,16,21,16,18,16,18,16
Map_520,182,310,114,114,114,94,35,57,35,57,35,57,35,57,35,57,35,35,35,35,35,35,35,57,35,57
Map_521,38,133,17,17,33,12,9,9,9,9,9,9,9,9,9,9,9,9,9,9,9,9,9,9,9,9
Map_522,405,71,32,32,32,32,20,20,20,20,20,20,20,20,20,20,20,20,20,20,20,20,20,20,20,20
Map_523,9,52,8,7,8,20,7,7,7,7,7,7,7,7,7,7,7,7,7,7,7,7,7,7,7,7
Map_524,538,164,605,621,605,513,274,426,274,426,274,426,274,370,292,395,139,163,140,163,140,163,227,242,179,305
Map_525,327,256,47,40,47,47,40,40,40,40,40,40,40,40,40,40,45,40,42,40,41,40,45,40,45,40
Map_526,5,28,5,5,5,6,5,5,5,5,5,5,5,5,5,5,5,5,5,5,5,5,5,5,5,5
Map_527,50,216,21,21,22,25,21,20,21,20,21,20,21,20,21,20,21,20,21,20,21,20,21,20,21,20
Map_528,615,130,26,26,33,35,26,26,26,26,26,26,26,26,26,26,26,26,26,26,26,26,26,26,26,26
Map_529,11,205,7,7,7,7,7,7,7,7,7,7,7,7,7,7,7,7,7,7,7,7,7,7,7,7
Map_530,279,250,36,39,81,36,29,29,29,29,29,29,29,29,29,29,29,29,40,29,40,29,29,29,29,29
Map_531,335,486,30,30,30,87,30,30,30,30,30,30,30,30,30,30,30,30,30,30,30,30,30,30,30,30
Map_532,606,345,254,255,255,202,194,193,194,193,194,193,193,193,193,193,220,219,220,241,342,241,220,224,296,216
Map_533,446,218,361,189,361,55,96,98,96,98,96,98,107,107,97,97,97,98,89,71,89,71,96,98,96,98
Map_534,584,335,520,188,117,512,90,120,90,120,90,120,130,128,128,128,106,47,76,47,81,47,106,47,106,47
Map_535,156,61,28,28,28,46,28,28,28,28,28,28,28,28,28,28,30,28,30,28,30,28,30,28,28,28
Map_536,482,160,35,35,35,35,35,35,35,35,35,35,35,34,34,34,35,34,35,34,35,34,35,34,35,34
Map_537,347,338,34,34,34,34,20,20,20,20,20,20,20,20,20,20,20,20,20,20,20,20,20,20,20,20
Map_538,542,398,35,35,142,45,38,114,38,114,38,114,35,74,35,74,60,60,60,37,60,37,60,53,65,53
Map_539,629,346,375,404,283,272,22,22,22,22,22,22,22,22,22,22,22,22,22,22,22,22,22,22,22,22
Map_540,602,347,22,22,22,327,22,22,22,22,22,22,22,22,22,22,26,22,26,22,26,22,24,22,24,22
Map_541,26,247,27,25,25,41,59,25,59,25,59,25,59,25,59,25,32,25,32,25,32,25,32,25,32,25
Map_542,591,643,173,178,183,74,79,72,79,72,79,72,78,72,78,72,107,62,107,62,107,62,107,62,107,66
Map_543,167,85,14,14,14,14,14,14,14,14,14,14,14,14,14,14,14,14,14,14,14,14,14,14,14,14
Map_544,555,186,40,40,40,40,40,40,40,40,40,40,40,40,40,40,38,40,38,40,38,40,38,40,38,40
Map_545,17,285,10,10,10,10,10,10,10,10,10,10,10,10,10,10,10,10,10,10,10,10,10,10,10,10
Map_546,95,170,31,50,31,34,21,21,21,21,21,21,21,21,21,21,21,21,26,21,26,21,21,21,21,21
Map_547,514,332,46,46,49,46,43,46,43,46,43,46,43,46,43,46,43,37,43,37,43,37,43,37,43,37
Map_548,34,95,7,7,7,7,7,7,7,7,7,7,7,7,7,7,7,7,7,7,7,7,7,7,7,7
Map_549,606,258,69,69,135,40,39,38,39,38,39,38,39,41,39,41,42,35,42,35,42,35,39,35,39,35
Map_550,183,136,16,16,16,27,26,16,26,16,26,16,26,16,26,16,23,16,23,16,23,16,23,16,23,16
Map_551,624,383,360,278,373,380,101,80,101,80,101,80,105,80,104,128,100,80,122,80,122,80,72,80,72,80
Map_552,550,342,20,20,20,39,19,20,19,20,19,20,19,20,19,20,20,18,18,18,18,18,19,18,19,18
Map_553,231,252,38,37,38,38,38,37,38,37,38,37,37,37,37,37,43,37,43,37,43,37,55,37,55,37
Map_554,588,243,36,36,36,38,36,35,36,35,36,35,36,35,35,35,36,35,36,35,36,35,36,35,36,35
Map_555,33,344,27,27,27,48,47,50,47,50,47,50,47,50,47,50,42,25,42,25,42,25,42,25,42,25
Map_556,16,353,40,36,40,21,26,26,26,26,26,26,26,26,26,26,20,16,20,16,20,16,20,16,26,25
Map_557,7,58,7,7,7,9,7,7,7,7,7,7,7,7,7,7,7,7,7,7,7,7,7,7,7,7
Map_558,616,397,397,431,494,99,306,48,349,48,349,48,297,48,364,53,44,48,44,48,44,48,51,48,51,48
Map_559,18,188,51,46,51,56,45,45,45,45,45,45,45,45,45,45,40,18,38,18,38,18,40,18,40,18
Map_560,379,294,27,22,27,46,22,22,22,22,22,22,22,22,22,22,23,22,29,22,29,22,23,22,23,22
Map_561,120,101,80,80,60,40,37,60,37,60,37,60,61,62,62,62,33,32,34,32,34,32,32,40,32,40
Map_562,10,54,10,10,10,10,10,10,10,10,10,10,10,10,10,10,10,10,10,10,10,10,10,10,10,10
Map_563,567,66,18,18,18,18,18,15,18,15,18,15,18,15,18,15,15,15,15,15,15,15,15,15,15,15
Map_564,37,46,16,16,22,32,16,16,16,16,16,16,16,16,16,16,16,16,16,16,16,16,16,16,16,16
Map_565,20,78,19,19,19,21,19,19,19,19,19,19,19,19,19,19,19,17,19,17,19,17,19,17,19,17
Map_566,636,569,82,40,82,119,37,37,37,37,37,37,40,40,40,40,24,24,24,24,24,24,24,24,24,24
Map_567,602,225,28,28,39,28,28,28,28,28,28,28,28,28,28,28,36,28,36,28,36,28,36,28,36,28
Map_568,27,118,41,20,41,30,29,21,29,21,29,21,29,21,29,21,27,21,27,21,27,21,29,21,29,21
Map_569,24,111,10,10,10,10,10,10,10,10,10,10,10,10,10,10,10,10,10,10,10,10,10,10,10,10
Map_570,227,134,28,28,28,32,28,28,28,28,28,28,28,28,28,28,28,28,28,28,28,28,28,28,28,28
Map_571,156,256,102,102,129,105,86,86,86,86,86,86,86,107,103,107,79,40,100,40,100,40,79,39,86,39
Map_572,419,143,19,19,19,22,19,19,19,19,19,19,19,21,21,21,12,12,12,12,12,12,12,12,12,12
Map_573,29,125,22,22,22,26,25,33,25,33,25,33,25,33,24,33,25,29,24,29,24,29,25,29,25,33
Map_574,12,262,12,12,12,15,12,12,12,12,12,12,12,12,12,12,12,12,12,12,12,12,12,12,12,12
Map_575,17,276,35,35,35,35,23,17,23,17,23,17,22,17,22,17,23,15,23,15,23,15,23,15,23,15
Map_576,395,506,43,43,43,30,47,43,47,43,47,43,43,43,43,43,24,43,24,20,24,20,24,43,23,43
Map_577,42,217,28,28,28,49,28,28,28,28,28,28,28,28,28,28,31,28,38,28,38,28,28,28,28,28
Map_578,44,183,19,19,49,19,19,19,19,19,19,19,19,19,19,19,19,19,19,19,19,19,19,19,19,19
Map_579,498,129,48,48,48,394,42,41,42,41,42,41,42,41,42,41,73,42,59,42,59,42,73,42,73,42
Map_580,429,298,70,70,51,513,33,33,33,33,33,33,33,33,56,48,33,33,33,33,33,33,33,33,33,33
Map_581,199,353,34,34,34,40,38,38,38,38,38,38,38,38,38,38,38,38,38,26,38,26,38,38,38,38
Map_582,614,518,59,65,74,65,45,48,45,48,45,48,45,48,45,48,45,54,46,38,46,38,45,54,45,54
Map_583,480,401,71,71,71,113,71,71,71,71,71,71,71,71,71,71,39,39,39,39,39,39,39,39,39,39
Map_584,30,102,29,24,24,29,29,22,29,22,29,22,22,22,22,22,21,22,21,22,21,22,21,22,21,22
Map_585,10,172,8,8,8,8,10,8,10,8,10,8,10,8,10,8,8,8,8,8,8,8,8,8,8,8
Map_586,11,182,12,12,12,11,11,11,11,11,11,11,11,11,11,11,11,11,11,11,11,11,11,11,11,11
Map_587,16,22,17,17,17,21,13,13,13,13,13,13,13,13,13,13,13,13,13,13,13,13,13,13,13,13
Map_588,49,228,30,30,30,30,32,30,32,30,32,30,32,30,32,30,29,28,29,28,29,28,29,28,29,28
Map_589,26,210,32,29,32,18,17,25,17,25,17,25,17,41,17,41,17,17,21,17,21,17,17,25,17,25
Map_590,541,420,385,243,526,317,75,69,75,69,75,69,71,69,71,69,43,43,43,43,43,43,43,43,43,43
Map_591,33,75,25,25,26,28,25,25,25,25,25,25,25,25,25,25,25,25,25,25,29,25,25,25,25,25
Map_592,595,405,52,52,65,52,57,156,57,156,57,156,57,156,57,156,55,56,55,56,55,56,55,56,64,62
Map_593,543,251,170,66,66,281,77,77,77,77,77,77,89,226,226,226,52,83,52,59,52,59,52,83,52,83
Map_594,370,257,25,25,25,33,26,25,26,25,26,25,26,25,26,25,26,26,26,26,26,26,26,25,26,25
Map_595,624,149,34,34,52,86,25,25,25,25,25,25,25,25,25,25,23,23,23,23,23,23,23,23,23,23
Map_596,410,192,18,16,18,14,16,16,16,16,16,16,16,16,16,16,14,14,14,14,14,14,14,16,16,16
Map_597,25,139,22,22,22,19,19,19,19,19,19,19,19,19,19,19,17,19,17,13,17,13,19,19,19,19
Map_598,605,258,313,137,369,273,39,46,39,46,39,46,46,46,46,46,39,39,39,39,39,39,41,39,41,41
Map_599,503,315,349,333,406,213,227,275,227,275,227,275,230,388,230,388,160,75,158,75,158,75,126,185,229,185
Map_600,20,263,21,21,21,21,21,20,21,20,21,20,20,20,20,20,18,19,18,18,18,18,19,19,19,19
Map_601,19,285,19,19,19,19,19,19,19,19,19,19,19,19,19,19,39,19,39,19,39,19,19,19,19,19
Map_602,581,183,20,20,40,52,20,20,20,20,20,20,20,20,20,20,20,20,23,20,23,20,20,20,20,20
Map_603,81,169,19,19,19,155,19,19,19,19,19,19,19,19,19,19,67,19,67,19,67,19,67,19,67,19
Map_604,14,97,16,14,16,16,14,14,14,14,14,14,14,14,14,14,14,14,14,14,14,14,14,14,14,14
Map_605,487,190,77,98,142,121,77,47,77,42,77,42,98,49,98,49,96,42,96,42,96,42,107,47,107,47
Map_606,325,127,12,12,12,12,12,12,12,12,12,12,12,12,12,12,12,12,12,12,12,12,12,12,12,12
Map_607,596,197,433,385,366,420,138,138,138,138,138,138,138,138,138,138,56,56,56,88,56,88,56,56,56,153
Map_608,252,478,147,145,94,237,52,52,52,52,52,52,52,52,52,52,32,32,32,32,32,32,32,32,32,32
Map_609,5,42,5,5,5,11,5,5,5,5,5,5,5,5,5,5,5,5,5,5,5,5,5,5,5,5
Map_610,197,426,51,51,388,52,51,23,51,23,51,23,51,23,51,23,49,23,49,23,49,23,51,23,51,23
Map_611,7,42,7,7,7,10,7,7,7,7,7,7,7,7,7,7,7,7,7,7,7,7,7,7,7,7
Map_612,361,370,63,107,63,80,91,92,91,92,91,92,108,106,108,106,48,69,48,69,48,69,70,69,70,69
Map_613,256,115,69,69,69,54,69,69,69,69,69,69,69,69,69,69,36,76,38,50,42,50,33,76,106,76
Map_614,30,52,13,13,13,13,15,13,15,13,15,13,15,13,15,13,15,13,15,13,15,13,15,13,15,13
Map_615,485,126,49,49,49,54,49,49,49,49,49,49,49,49,49,49,49,45,50,45,50,45,63,45,63,45
Map_616,29,94,21,21,21,22,22,22,22,22,22,22,22,22,22,22,21,21,21,21,21,21,21,21,21,21
Map_617,623,361,79,75,88,202,75,31,75,31,75,31,75,31,75,31,71,31,71,31,71,31,71,31,71,31
Map_618,12,149,12,12,12,43,12,12,12,12,12,12,12,12,12,12,12,12,12,12,12,12,12,12,12,12
Map_619,597,370,125,39,190,29,24,27,24,27,24,27,28,29,29,29,26,24,26,24,26,24,24,27,24,27
Map_620,304,226,14,14,14,63,14,14,14,14,14,14,14,14,14,14,17,14,17,14,17,14,14,14,14,14
Map_621,19,75,18,18,18,18,18,14,18,14,18,14,18,14,18,14,19,14,19,14,19,14,18,14,18,14
Map_622,355,275,31,31,28,32,31,32,31,32,31,32,31,32,31,32,27,19,27,19,27,19,27,19,26,19
Map_623,267,313,35,33,35,71,42,33,42,33,42,33,33,33,33,33,38,33,43,33,43,33,37,33,37,33
Map_624,616,416,27,27,27,27,27,27,27,27,27,27,27,27,27,27,36,27,36,27,36,27,36,27,27,27
Map_625,491,236,181,84,331,145,72,83,72,83,72,83,72,84,88,84,129,42,83,42,83,42,173,42,173,42
Map_626,573,544,85,85,85,123,104,81,104,81,104,81,83,81,83,81,112,76,113,76,113,76,116,81,105,81
Map_627,49,235,18,18,18,18,23,26,23,26,23,26,23,26,23,26,23,18,23,18,23,18,23,18,23,18
Map_628,552,341,88,88,219,39,32,31,32,31,32,31,32,31,32,31,37,31,37,31,37,31,37,31,37,31
Map_629,586,277,61,60,61,51,44,47,44,47,44,47,44,47,44,47,56,47,60,47,63,47,56,47,56,47
Map_630,51,59,17,17,17,56,16,15,16,15,16,15,16,15,16,15,16,15,16,15,16,15,16,15,16,15
Map_631,3,9,3,3,3,3,3,3,3,3,3,3,3,3,3,3,3,3,3,3,3,3,3,3,3,3
Map_632,12,55,14,12,14,14,12,12,12,12,12,12,12,12,12,12,13,12,13,12,13,12,12,12,12,12
Map_633,47,401,21,21,21,26,21,21,21,21,21,21,21,21,21,21,21,21,20,21,20,21,21,21,21,21
Map_634,34,36,36,36,36,39,31,31,31,31,31,31,31,31,31,31,23,23,23,23,23,23,23,23,23,23
Map_635,559,321,227,216,188,383,286,188,286,188,286,188,205,388,205,298,142,235,142,214,142,160,142,168,142,168
Map_636,16,319,16,16,16,20,16,16,16,16,16,16,16,16,16,16,15,15,15,15,15,15,15,15,15,15
Map_637,292,218,57,60,51,59,33,33,33,33,33,33,33,33,33,33,33,33,51,33,51,33,33,33,33,33
Map_638,11,18,11,11,11,11,11,11,11,11,11,11,11,11,11,11,11,11,11,11,11,11,11,11,11,11
Map_639,339,293,35,35,25,38,25,25,25,25,25,25,25,25,25,25,25,25,25,25,25,25,25,25,25,25
Map_640,17,289,17,17,17,17,17,17,17,17,17,17,17,17,17,17,17,17,17,17,17,17,17,17,17,17
Map_641,566,322,76,76,76,36,30,36,30,36,30,36,30,36,30,36,30,29,30,29,30,29,30,29,30,29
Map_642,112,148,57,57,57,85,56,56,56,56,56,56,56,56,56,56,51,56,51,51,51,51,51,56,56,56
Map_643,327,433,12,12,12,17,15,10,15,10,15,10,10,10,10,10,10,10,10,10,10,10,10,10,10,10
Map_644,316,326,201,199,467,218,305,199,305,199,305,199,286,199,294,199,77,58,94,58,94,58,77,58,77,58
Map_645,470,252,71,57,57,56,43,57,43,57,43,57,57,57,57,57,22,28,22,24,22,24,22,57,22,57
Map_646,583,150,28,28,28,28,28,46,28,46,28,46,28,46,28,83,28,30,28,30,28,30,28,30,28,30
Map_647,272,227,179,166,388,430,64,59,64,59,64,59,64,59,64,59,55,57,55,57,55,73,61,42,61,42
Map_648,8,272,8,8,8,10,8,8,8,8,8,8,8,8,8,8,8,8,8,8,8,8,8,8,8,8
Map_649,573,176,72,72,60,103,33,47,33,47,33,47,33,47,33,47,45,46,46,45,46,45,45,46,45,46
Map_650,532,542,60,60,57,43,62,60,62,60,62,60,62,60,62,167,33,57,33,44,33,44,33,57,33,57
Map_651,25,280,21,21,21,32,21,22,21,22,21,22,21,22,20,22,21,21,21,21,21,21,21,21,21,21
Map_652,32,62,25,25,25,27,22,22,22,22,22,22,22,22,22,22,20,20,20,20,20,20,20,20,20,20
Map_653,359,307,59,51,59,59,43,43,43,43,43,43,43,43,43,43,52,26,52,26,52,26,52,26,52,26
Map_654,78,151,50,30,42,34,30,30,34,30,34,30,30,30,30,30,30,30,30,34,30,34,30,30,30,30
Map_655,201,322,40,14,40,43,14,14,14,14,14,14,14,14,14,14,14,14,14,14,14,14,14,14,14,14
Map_656,21,258,21,21,21,26,21,21,21,21,21,21,21,21,21,21,26,21,26,21,26,21,21,21,21,21
Map_657,9,86,13,13,13,12,12,12,12,12,12,12,12,12,12,12,13,9,13,9,13,9,13,12,13,12
Map_658,16,75,13,13,13,14,13,13,13,13,13,13,13,13,13,13,13,13,13,13,13,13,13,13,13,13
Map_659,77,437,38,38,39,72,33,19,33,19,33,19,33,19,33,19,19,19,19,19,19,19,19,19,19,19
Map_660,571,293,21,21,44,56,21,21,21,21,21,21,21,21,21,21,21,21,21,21,21,21,21,21,21,21
Map_661,278,180,105,105,105,116,54,70,54,70,54,70,290,285,290,285,52,44,53,44,53,44,52,44,52,44
Map_662,564,497,73,73,102,170,76,76,76,76,76,76,74,74,74,74,48,74,48,74,48,74,48,74,48,74
Map_663,10,29,9,9,9,11,9,9,9,9,9,9,9,9,9,9,9,9,9,9,9,9,9,9,9,9
Map_664,416,181,49,49,50,49,57,57,57,57,57,57,57,57,57,57,31,34,31,34,31,34,31,34,31,49
Map_665,17,24,17,17,17,24,17,17,17,17,17,17,17,17,17,17,17,17,17,17,17,17,17,17,17,17
Map_666,619,205,113,113,126,113,55,55,55,55,55,55,55,55,55,55,55,50,60,50,60,50,55,50,55,50
Map_667,18,77,10,10,10,10,10,10,10,10,10,10,10,10,10,10,10,10,10,10,10,10,10,10,10,10
Map_668,36,335,53,53,53,67,53,93,53,93,53,93,53,53,53,53,15,15,15,15,15,15,15,15,15,15
Map_669,17,256,13,13,13,13,13,13,13,13,13,13,13,13,13,13,13,13,13,13,13,13,13,13,13,13
Map_670,13,243,13,13,13,44,13,13,13,13,13,13,13,13,13,13,21,13,23,13,23,13,13,13,13,13
Map_671,364,87,39,39,39,39,39,39,39,39,39,39,39,39,39,39,35,39,32,39,32,39,35,39,35,39
Map_672,526,365,201,201,340,304,168,177,168,177,168,177,167,192,192,192,31,31,31,31,31,31,173,46,281,46
Map_673,347,152,53,222,97,47,42,37,42,37,42,37,41,41,41,41,38,39,38,39,38,39,38,39,38,39
Map_674,49,87,28,28,28,28,28,27,28,27,28,27,28,27,28,27,28,27,28,27,28,27,28,27,28,27
Map_675,326,216,40,26,28,43,18,26,18,26,18,26,17,26,17,26,17,24,17,24,17,24,17,24,17,24
Map_676,244,549,44,44,56,112,44,44,44,44,44,44,44,44,44,44,34,44,34,44,34,44,34,44,34,44
Map_677,19,116,16,13,13,21,13,13,13,13,13,13,13,13,13,13,19,11,19,11,19,11,19,11,13,11
Map_678,509,337,60,60,60,60,60,60,60,60,60,60,60,60,60,60,60,56,114,56,114,56,60,56,60,58
Map_679,438,261,212,314,334,305,72,144,72,144,72,144,65,191,65,271,50,43,46,43,46,43,50,43,43,43
Map_680,360,589,49,61,49,60,27,26,27,26,27,26,26,26,26,26,28,26,28,26,28,26,27,26,27,26
Map_681,354,71,30,30,21,17,17,17,17,17,17,17,17,17,17,17,17,17,17,17,17,17,17,17,17,17
Map_682,200,251,54,54,54,55,33,33,33,33,33,33,33,33,33,33,34,33,34,33,34,33,33,33,33,33
Map_683,49,69,14,14,14,14,14,14,14,14,14,14,14,14,14,14,14,14,14,14,14,14,14,14,14,14
Map_684,562,193,36,36,36,37,36,34,36,34,36,34,36,34,36,34,43,34,43,34,43,34,43,34,43,34
Map_685,237,246,50,50,50,63,49,50,49,50,49,50,49,51,49,51,50,50,50,62,50,62,50,50,50,50
Map_686,364,154,10,10,10,10,10,10,10,10,10,10,10,10,10,10,10,10,10,10,10,10,10,10,10,10
Map_687,179,203,46,32,45,46,32,32,32,32,32,32,32,33,33,33,32,32,32,32,32,32,32,32,32,32
Map_688,168,105,20,20,20,31,20,20,20,20,20,20,20,20,20,20,26,20,20,20,20,20,26,20,20,20
Map_689,516,89,53,53,53,49,37,53,37,49,37,49,37,53,37,53,37,28,37,28,37,28,37,28,37,49
Map_690,353,295,87,87,91,108,79,228,79,86,79,86,78,234,78,234,82,86,75,86,75,86,79,86,79,86
Map_691,482,385,33,32,32,33,32,39,32,39,32,39,32,39,32,39,32,32,32,32,32,32,32,32,32,32
Map_692,30,121,26,26,29,20,20,20,20,20,20,20,20,20,20,20,20,20,20,20,20,20,20,20,20,20
Map_693,111,254,25,25,24,64,14,14,14,14,14,14,14,14,14,14,20,14,20,14,20,14,14,14,14,14
Map_694,604,354,360,473,573,483,153,504,153,504,153,504,443,495,494,495,142,126,153,92,153,128,163,149,156,130
Map_695,17,58,11,11,11,11,11,11,11,11,11,11,11,11,11,11,11,11,11,11,11,11,11,11,11,11
Map_696,610,288,268,151,486,216,97,52,97,52,97,52,97,97,97,97,35,52,38,35,38,35,35,52,35,52
Map_697,318,122,16,16,16,17,16,16,16,16,16,16,16,16,16,16,16,15,15,15,15,15,16,15,16,15
Map_698,10,230,10,10,10,14,10,10,10,10,10,10,10,10,10,10,11,10,11,10,11,10,11,10,10,10
Map_699,615,68,28,28,23,28,28,23,28,23,28,23,28,23,28,23,28,28,33,28,33,28,28,23,28,23
Map_700,587,376,18,18,20,18,18,18,18,18,18,18,18,18,18,18,18,17,18,17,18,17,18,17,18,17
Map_701,601,114,53,51,53,72,58,51,58,51,58,51,46,49,49,49,45,44,46,44,46,44,45,44,45,44
Map_702,20,275,20,20,20,53,23,20,23,20,23,20,23,20,23,20,33,20,33,20,33,20,23,20,23,20
Map_703,628,147,70,70,179,62,24,25,24,25,24,25,24,25,24,25,25,25,25,25,25,25,24,24,24,24
Map_704,28,322,33,33,33,14,14,14,14,14,14,14,14,14,14,14,14,14,15,14,15,14,14,14,14,14
Map_705,30,44,16,16,20,17,16,19,16,19,16,19,16,19,16,19,16,15,16,15,16,15,15,15,15,15
Map_706,96,75,12,12,12,16,12,12,12,12,12,12,12,12,12,12,16,12,16,12,16,12,12,12,12,12
Map_707,29,63,27,27,27,44,36,29,36,29,36,29,36,29,36,29,37,27,37,27,37,27,36,27,36,27
Map_708,309,251,184,184,184,154,201,199,201,199,201,199,215,215,215,215,142,89,153,89,153,89,142,89,142,103
Map_709,540,387,29,29,29,29,21,21,21,21,21,21,21,21,21,21,19,19,19,19,19,19,19,19,19,19
Map_710,598,156,22,22,22,22,24,22,24,22,24,22,24,22,24,22,20,19,20,19,20,19,19,19,19,19
Map_711,476,429,65,63,65,77,83,46,83,46,83,46,46,46,46,46,80,29,80,29,80,29,29,29,29,29
Map_712,368,393,21,21,21,21,21,21,21,21,21,21,18,18,18,18,18,18,18,18,18,18,18,18,18,18
Map_713,595,150,44,44,72,49,44,44,44,44,44,44,44,44,44,44,44,56,44,56,48,59,44,56,44,56
Map_714,122,253,28,28,38,30,28,37,28,37,28,37,28,37,28,37,28,37,28,37,28,37,28,37,28,37
Map_715,7,22,7,7,7,10,7,7,7,7,7,7,7,7,7,7,7,7,7,7,7,7,7,7,7,7
Map_716,29,125,36,43,43,51,43,39,43,39,43,39,43,39,43,39,45,34,45,34,45,34,40,34,40,34
Map_717,532,554,23,23,23,23,23,23,23,23,23,23,23,23,23,23,27,23,27,23,27,23,27,23,23,23
Map_718,522,308,114,114,114,247,103,103,103,103,103,103,103,103,103,103,33,33,33,33,33,33,33,33,33,33
Map_719,61,183,38,38,58,39,38,38,38,38,38,38,38,38,38,38,35,38,35,35,35,35,35,38,35,38
Map_720,6,68,6,6,6,10,6,6,6,6,6,6,6,6,6,6,6,6,6,6,6,6,6,6,6,6
Map_721,354,124,145,50,82,152,34,34,34,34,34,34,34,34,34,34,50,33,48,34,48,34,34,33,34,33
Map_722,29,98,14,14,14,14,19,14,19,14,19,14,19,14,19,14,20,14,20,14,20,14,20,14,19,14
Map_723,12,309,12,12,12,12,13,12,13,12,13,12,13,12,13,12,13,12,13,12,13,12,13,12,13,12
Map_724,27,100,17,17,38,24,17,17,17,17,17,17,17,17,17,17,16,16,16,16,16,16,17,16,17,16
Map_725,564,145,75,99,276,128,59,35,59,35,59,35,78,35,78,35,61,35,60,35,60,35,63,35,69,35
Map_726,36,276,13,13,13,32,13,13,13,13,13,13,13,13,13,13,19,13,25,13,25,13,19,13,19,13
Map_727,384,263,21,21,21,23,21,21,21,21,21,21,21,21,21,21,26,21,26,21,26,21,26,21,26,21
Map_728,36,68,9,9,9,9,9,9,9,9,9,9,9,9,9,9,9,9,9,9,9,9,9,9,9,9
Map_729,626,253,27,27,27,37,32,32,32,32,32,32,32,32,32,32,32,32,32,32,32,32,32,32,32,32
Map_730,165,176,45,45,45,62,45,45,45,45,45,45,45,45,45,45,45,38,46,38,46,38,45,38,45,38
Map_731,576,131,295,358,149,547,347,521,347,521,347,521,487,482,447,447,55,75,55,75,55,75,55,75,55,75
Map_732,38,244,29,40,29,40,35,35,35,35,35,35,40,40,40,40,36,35,26,35,26,35,36,35,34,35
Map_733,574,286,19,19,19,20,19,19,19,19,19,19,19,19,19,19,29,20,29,20,29,20,20,19,20,19
Map_734,543,342,109,95,109,152,55,91,55,91,55,91,55,91,55,91,56,55,56,55,56,55,56,91,55,91
Map_735,403,187,33,33,33,64,49,28,49,28,49,28,28,28,42,42,15,15,15,15,15,15,15,15,15,28
Map_736,458,382,39,38,39,41,39,44,39,44,39,44,38,44,38,44,40,38,40,40,40,40,39,38,39,38
Map_737,597,295,58,57,58,67,57,57,57,57,57,57,57,57,57,57,41,44,41,44,41,44,41,43,41,43
Map_738,468,516,30,30,30,33,33,30,33,30,33,30,30,30,30,30,33,30,33,30,33,30,33,30,33,30
Map_739,441,252,297,56,422,94,48,34,48,34,48,34,52,39,52,39,36,34,42,34,42,34,36,34,36,34
Map_740,116,407,13,13,13,13,13,13,13,13,13,13,13,13,13,13,13,13,13,13,13,13,13,13,13,13
Map_741,15,304,15,15,15,12,12,12,12,12,12,12,12,12,12,12,12,12,12,12,12,12,12,12,12,12
Map_742,37,46,31,30,31,31,31,30,31,30,31,30,31,30,31,30,31,28,31,28,31,28,28,28,28,28
Map_743,7,155,7,7,7,7,7,7,7,7,7,7,7,7,7,7,7,7,7,7,7,7,7,7,7,7
Map_744,628,292,45,45,45,54,40,39,40,39,40,39,39,39,39,39,40,32,40,32,40,32,40,32,40,32
Map_745,61,153,22,22,22,22,24,22,24,22,24,22,21,21,21,21,21,19,21,19,21,19,21,19,20,19
Map_746,507,279,10,10,10,10,10,10,10,10,10,10,10,10,10,10,10,10,10,10,10,10,10,10,10,10
Map_747,626,304,537,540,568,38,38,61,38,61,38,61,38,61,38,61,39,45,39,45,39,45,38,45,38,45
Map_748,645,439,130,38,130,178,35,80,35,80,35,80,38,80,38,80,35,38,37,38,37,38,35,38,35,38
Map_749,368,368,30,30,30,30,26,26,26,26,26,26,26,26,26,26,26,26,26,26,26,26,26,26,26,26
Map_750,606,308,337,399,475,95,50,79,50,79,50,79,50,79,50,79,49,59,49,59,49,59,49,94,49,94
Map_751,293,172,85,85,88,258,34,34,34,34,34,34,35,35,35,35,30,30,30,30,30,30,30,30,30,30
Map_752,335,364,60,80,60,60,49,115,49,115,49,115,118,129,129,129,49,64,49,64,49,64,49,64,49,64
Map_753,37,259,14,14,14,14,14,14,14,14,14,14,14,14,14,14,14,14,14,14,14,14,14,14,14,14
Map_754,526,291,37,37,38,37,62,56,62,56,62,56,56,56,56,56,28,62,28,62,28,62,28,56,28,56
Map_755,10,120,11,10,11,19,12,12,12,12,12,12,12,12,12,12,12,10,12,10,12,10,12,10,12,10
Map_756,604,326,49,49,274,60,53,52,53,52,53,52,52,52,52,52,53,47,67,47,67,47,53,47,53,47
Map_757,7,29,7,7,7,10,7,7,7,7,7,7,7,7,7,7,7,7,7,7,7,7,7,7,7,7
Map_758,183,76,25,25,25,70,25,25,25,25,25,25,25,25,25,25,26,25,26,25,26,25,26,25,26,25
Map_759,179,361,33,30,30,33,33,30,33,30,33,30,32,30,32,30,33,30,33,30,33,30,33,30,33,30
Map_760,23,47,14,14,14,17,14,14,14,14,14,14,14,14,14,14,14,14,14,14,14,14,14,14,14,14
Map_761,10,97,10,10,10,10,10,10,10,10,10,10,10,10,10,10,10,10,10,10,10,10,10,10,10,10
Map_762,538,214,48,47,53,39,48,45,48,45,48,45,47,45,47,45,19,19,19,19,19,19,19,19,19,19
Map_763,192,148,207,283,443,106,39,38,39,38,39,38,38,38,38,38,39,38,41,38,41,38,39,38,39,38
Map_764,65,295,25,25,160,25,25,40,26,38,26,38,25,61,25,61,25,24,25,24,25,24,25,24,25,29
Map_765,38,32,19,18,19,19,18,18,18,18,18,18,18,18,18,18,20,18,20,18,20,18,18,18,18,18
Map_766,631,284,198,207,359,430,60,59,60,59,60,59,59,59,59,59,60,59,60,59,60,59,60,59,60,59
Map_767,21,25,20,17,15,16,15,17,15,17,15,17,17,17,17,17,12,12,12,12,12,12,12,12,12,12
Map_768,620,219,35,35,35,54,35,35,35,35,35,35,35,35,35,35,57,35,57,35,57,35,35,35,35,35
Map_769,64,391,19,19,19,25,19,17,19,17,19,17,19,17,17,17,19,17,25,17,25,17,19,17,19,17
Map_770,480,321,27,27,24,29,19,19,19,19,19,19,19,19,19,19,19,19,19,19,19,19,19,19,19,19
Map_771,228,218,31,30,31,31,41,30,41,30,41,30,41,30,41,30,31,18,31,18,31,18,31,18,31,18
Map_772,411,259,26,26,30,54,26,26,26,26,26,26,51,56,51,56,26,26,26,26,26,26,26,26,26,26
Map_773,28,278,14,14,14,26,14,14,14,14,14,14,14,14,14,14,14,14,14,14,14,14,14,14,14,14
Map_774,63,55,22,22,22,45,30,24,30,24,30,24,30,24,30,24,27,18,27,18,27,18,30,18,30,18
Map_775,90,217,24,24,26,25,24,23,24,23,24,23,23,23,23,23,19,23,19,23,19,23,19,23,19,23
Map_776,426,165,19,18,19,18,18,16,18,16,18,16,16,16,16,16,18,16,20,16,20,16,18,16,18,16
Map_777,510,312,16,16,16,28,16,16,16,16,16,16,16,16,16,16,16,16,16,16,16,16,16,16,16,16
Map_778,13,33,7,7,7,20,7,7,7,7,7,7,7,7,7,7,7,7,7,7,7,7,7,7,7,7
Map_779,597,259,17,17,17,25,17,17,17,17,17,17,17,17,17,17,17,17,17,17,17,17,17,17,17,17
Map_780,344,569,84,36,38,322,36,36,36,36,36,36,36,36,36,36,36,36,36,36,36,36,36,36,36,36
Map_781,178,458,120,105,165,111,64,66,64,66,64,66,58,66,58,66,22,22,22,22,22,22,22,22,22,22
Map_782,580,367,77,82,75,253,68,66,68,66,68,66,66,66,66,66,65,66,73,68,73,68,65,66,67,66
Map_783,607,298,393,539,393,499,140,141,140,141,140,141,266,391,288,410,110,74,118,74,118,74,110,76,110,76
Map_784,115,531,80,218,113,128,78,295,78,207,78,207,212,417,212,424,67,93,67,93,67,93,103,103,103,103
Map_785,124,180,95,95,95,59,96,86,96,86,96,86,96,86,96,86,66,83,52,57,52,57,66,86,86,86
Map_786,6,36,6,6,6,12,6,6,6,6,6,6,6,6,6,6,6,6,6,6,6,6,6,6,6,6
Map_787,453,218,70,70,66,40,40,40,40,40,40,40,40,40,40,40,36,32,36,31,39,31,36,32,36,36
Map_788,115,87,42,37,24,54,40,37,40,37,40,37,35,37,35,37,40,35,40,35,40,35,40,35,40,35
Map_789,69,230,12,12,12,12,12,12,12,12,12,12,12,12,12,12,12,12,12,12,12,12,12,12,12,12
Map_790,111,247,315,228,290,248,25,25,25,25,25,25,25,25,25,25,33,25,33,25,33,25,25,25,25,25
Map_791,29,88,23,23,23,26,21,23,21,23,21,23,21,23,21,23,21,23,26,23,26,23,21,23,21,23
Map_792,291,291,87,88,87,73,58,40,58,40,58,40,58,40,58,40,56,40,65,40,65,40,58,40,58,40
Map_793,508,260,37,36,77,40,37,47,37,61,37,61,36,47,36,47,43,49,46,46,46,46,43,45,48,45
Map_794,177,453,70,70,31,70,31,71,31,71,31,71,31,101,31,101,84,31,78,31,78,31,69,31,68,31
Map_795,82,372,24,24,24,21,21,24,21,24,21,24,21,24,21,24,11,11,11,11,11,11,11,11,11,11
Map_796,124,220,33,21,21,40,21,21,21,21,21,21,21,21,21,21,22,21,23,21,23,21,21,21,21,21
Map_797,22,115,13,13,13,13,13,13,13,13,13,13,13,13,13,13,13,13,13,13,13,13,13,13,13,13
Map_798,570,209,256,231,310,283,62,206,62,206,62,206,62,226,62,226,56,53,56,53,56,53,53,56,56,56
Map_799,200,106,30,27,30,232,33,14,33,14,33,14,33,14,33,14,18,14,18,14,18,14,18,14,18,14
Map_800,546,128,86,86,86,125,50,50,50,50,50,50,123,191,123,191,53,50,58,50,58,50,50,50,50,50
Map_801,32,77,13,13,13,13,15,13,15,13,15,13,15,13,15,13,15,13,15,13,15,13,15,13,15,13
Map_802,124,565,21,20,20,21,20,20,20,20,20,20,20,20,20,20,20,20,20,20,20,20,20,20,20,20
Map_803,644,359,229,69,253,144,65,97,65,97,65,97,66,97,66,97,108,97,109,96,109,96,105,96,105,96
Map_804,573,130,556,492,488,80,58,61,58,61,58,61,61,61,61,61,80,39,80,39,80,39,77,39,58,39
Map_805,605,220,33,33,33,34,33,33,33,33,33,33,33,33,33,33,27,30,27,30,27,29,27,30,27,30
Map_806,122,394,34,34,34,83,29,25,29,25,29,25,29,25,29,25,30,25,30,25,30,25,29,25,29,25
Map_807,650,399,72,72,70,81,71,71,71,71,71,71,71,71,71,71,101,71,101,71,101,71,101,71,101,71
Map_808,129,251,67,67,67,141,53,50,53,50,53,50,53,50,53,50,53,50,54,54,65,54,53,50,53,50
Map_809,539,433,58,58,58,58,35,35,35,35,35,35,35,35,35,35,35,49,35,49,35,49,35,49,35,49
Map_810,34,81,10,10,10,34,10,10,10,10,10,10,10,10,10,10,10,10,10,10,10,10,10,10,10,10
Map_811,642,320,112,112,476,543,112,112,112,112,112,112,112,112,112,112,94,97,78,98,101,98,100,112,112,112
Map_812,469,230,60,93,391,34,34,68,34,68,34,68,34,68,34,68,23,38,23,38,23,38,34,65,34,67
Map_813,392,256,17,17,17,50,29,17,29,17,29,17,29,17,29,17,29,17,29,17,29,17,29,17,29,17
Map_814,22,194,21,21,21,65,21,21,21,21,21,21,21,21,21,21,23,21,23,21,23,21,23,21,21,21
Map_815,298,118,23,23,23,126,23,23,23,23,23,23,23,23,23,23,23,23,23,23,23,23,23,23,23,23
Map_816,27,151,24,24,24,42,24,24,24,24,24,24,24,24,24,24,24,24,24,24,24,24,24,24,24,24
Map_817,342,171,76,64,76,63,56,70,56,70,56,70,56,52,56,52,52,52,73,52,73,52,52,52,52,52
Map_818,380,159,14,14,14,23,14,14,14,14,14,14,14,14,14,14,14,14,14,14,14,14,14,14,14,14
Map_819,510,308,42,42,42,43,40,37,40,37,40,37,40,42,40,42,29,29,29,29,29,29,29,29,29,29
Map_820,13,36,9,9,9,10,9,9,9,9,9,9,9,9,9,9,9,9,9,9,9,9,9,9,9,9
Map_821,462,180,153,166,512,180,69,100,69,102,69,102,77,77,77,77,69,67,49,47,49,47,69,67,69,67
Map_822,11,19,9,9,9,12,9,9,9,9,9,9,9,9,9,9,9,9,9,9,9,9,9,9,9,9
Map_823,595,224,27,27,47,30,27,27,27,27,27,27,27,27,27,27,29,23,29,23,29,23,29,23,29,23
Map_824,16,277,12,12,12,12,12,13,12,13,12,13,12,13,12,13,12,13,12,13,13,13,12,13,12,13
Map_825,433,126,27,25,38,27,25,26,25,26,25,26,25,26,25,26,25,25,25,25,25,25,25,25,25,25
Map_826,16,231,15,15,16,15,15,16,15,16,15,16,15,16,15,16,15,15,15,15,15,15,15,15,15,15
Map_827,10,139,8,8,8,8,8,8,8,8,8,8,8,8,8,8,8,8,8,8,8,8,8,8,8,8
Map_828,8,53,8,8,8,8,8,8,8,8,8,8,8,8,8,8,8,8,8,8,8,8,8,8,8,8
Map_829,137,186,22,28,22,24,22,22,22,22,22,22,28,28,28,28,22,22,22,22,22,22,22,22,22,22
Map_830,22,291,20,20,20,27,22,20,22,20,22,20,22,20,22,20,22,16,22,16,22,16,16,16,16,16
Map_831,24,143,15,15,15,15,15,25,15,25,15,25,15,44,15,44,15,15,15,15,27,15,15,15,15,15
Map_832,607,122,476,490,492,331,203,69,203,69,203,69,69,69,69,69,125,69,125,69,125,69,203,69,203,69
Map_833,96,154,35,29,32,49,29,20,29,20,29,20,29,29,29,29,20,20,20,20,20,20,29,20,29,20
Map_834,421,201,23,22,23,23,23,22,23,22,23,22,23,22,22,22,19,19,19,19,19,19,18,19,18,19
Map_835,441,394,99,99,499,67,26,26,26,26,26,26,26,26,26,26,26,26,26,26,26,26,26,26,26,26
Map_836,578,287,32,31,32,39,32,31,32,31,32,31,31,31,31,31,62,31,62,31,62,31,32,31,32,31
Map_837,92,216,42,42,42,58,42,42,42,42,42,42,42,42,42,42,42,41,42,41,42,41,42,48,42,48
Map_838,15,423,12,12,12,13,13,12,13,12,13,12,13,12,13,12,13,12,13,12,13,12,13,12,13,12
Map_839,402,315,41,41,41,507,116,41,116,41,116,41,158,41,158,41,49,80,49,80,49,80,48,51,48,41
Map_840,250,524,415,72,375,290,62,60,62,60,62,60,62,63,62,63,62,60,65,60,65,60,60,60,60,60
Map_841,575,48,24,24,24,24,24,23,24,23,24,23,24,23,24,23,36,23,36,23,36,23,36,23,36,23
Map_842,302,114,17,15,17,17,15,15,15,15,15,15,15,15,15,15,15,15,15,15,15,15,15,15,15,15
Map_843,591,236,24,20,24,26,18,18,18,18,18,18,18,18,18,18,18,18,18,18,18,18,18,18,18,18
Map_844,327,391,46,29,474,34,23,30,23,30,23,30,23,30,23,30,23,23,23,23,23,23,23,23,23,23
Map_845,22,140,16,16,16,21,16,16,16,16,16,16,16,16,16,16,16,16,16,16,16,16,16,16,16,16
Map_846,14,51,11,11,11,11,11,11,11,11,11,11,11,11,11,11,11,11,11,11,11,11,11,11,11,11
Map_847,325,72,13,13,42,59,13,13,13,13,13,13,13,13,13,13,13,13,13,13,13,13,13,13,13,13
Map_848,34,73,17,17,17,17,14,17,14,17,14,17,14,17,14,17,14,14,14,14,16,14,14,14,14,14
Map_849,85,296,25,25,25,35,35,32,35,32,35,32,35,32,35,32,25,26,25,26,25,26,25,26,25,26
Map_850,11,183,11,11,11,21,11,11,11,11,11,11,11,11,11,11,11,11,11,11,11,11,11,11,11,11
Map_851,6,193,6,6,6,21,6,6,6,6,6,6,6,6,6,6,6,6,6,6,6,6,6,6,6,6
Map_852,5,61,5,5,5,11,5,5,5,5,5,5,5,5,5,5,5,5,5,5,5,5,5,5,5,5
Map_853,51,108,22,30,22,22,22,29,22,29,22,29,29,29,29,29,23,22,23,22,23,22,27,29,27,29
Map_854,232,345,18,18,28,22,22,18,22,18,22,18,18,18,18,18,22,18,22,18,22,18,22,18,22,18
Map_855,539,275,17,17,17,15,14,14,14,14,14,14,14,14,14,14,14,14,14,14,14,14,14,14,14,14
Map_856,595,221,186,192,234,474,37,40,37,40,37,40,37,51,51,51,54,40,54,42,54,42,54,40,54,40
Map_857,7,96,10,7,7,10,7,7,7,7,7,7,7,7,7,7,7,7,9,7,9,7,7,7,7,7
Map_858,184,397,58,44,51,64,44,44,44,44,44,44,44,44,44,44,44,44,44,44,44,44,44,44,44,44
Map_859,20,129,9,9,9,9,9,9,9,9,9,9,9,9,9,9,9,9,9,9,9,9,9,9,9,9
Map_860,17,436,17,17,17,17,17,17,17,17,17,17,17,17,17,17,17,17,17,17,17,17,17,17,17,17
Map_861,594,210,30,28,28,38,28,28,28,28,28,28,28,28,28,28,41,28,46,28,46,28,41,28,41,28
Map_862,239,279,203,264,172,173,109,176,109,176,109,176,104,176,104,176,96,60,96,80,96,80,80,60,80,60
Map_863,540,174,45,39,39,46,41,39,41,39,41,39,39,39,39,39,45,39,45,39,45,39,41,39,41,39
Map_864,261,478,92,93,92,161,40,37,40,37,40,37,40,37,40,37,42,37,42,37,42,37,42,37,40,37
Map_865,15,281,25,16,15,35,16,15,16,15,16,15,16,15,16,15,16,15,16,15,16,15,16,15,16,15
Map_866,19,63,16,16,16,22,9,9,9,9,9,9,9,9,9,9,9,9,9,9,9,9,9,9,9,9
Map_867,563,154,190,187,190,32,32,90,32,90,32,90,32,90,32,90,32,32,32,32,32,32,32,32,32,39
Map_868,47,304,21,21,21,31,21,21,21,21,21,21,21,21,21,21,21,21,23,21,23,21,21,21,21,21
Map_869,573,253,15,15,22,20,15,22,15,22,15,22,15,22,15,55,15,15,15,15,15,15,15,15,15,15
Map_870,547,146,28,28,28,89,28,35,28,35,28,35,28,35,28,35,28,28,28,21,28,21,28,28,28,28
Map_871,90,233,30,30,30,30,30,30,30,30,30,30,30,30,30,30,30,30,45,30,45,30,30,30,30,30
Map_872,524,195,79,79,77,58,51,50,51,50,51,50,50,50,50,50,51,50,51,50,51,50,51,50,51,50
Map_873,51,36,44,44,27,113,39,39,39,39,39,39,42,42,42,42,19,19,19,19,19,19,19,19,19,19
Map_874,8,96,8,8,8,8,8,8,8,8,8,8,8,8,8,8,8,8,8,8,8,8,8,8,8,8
Map_875,16,25,15,15,15,15,15,15,15,15,15,15,15,15,15,15,17,15,17,15,17,15,17,15,17,15
Map_876,522,224,85,85,85,451,99,26,99,26,99,26,83,26,83,26,128,26,128,26,128,26,93,26,96,26
Map_877,11,238,10,10,10,10,10,11,10,11,10,11,10,11,10,11,10,10,15,10,15,10,10,10,10,10
Map_878,16,44,16,16,16,16,16,16,16,16,16,16,16,16,16,16,15,15,15,15,15,15,15,15,15,15
Map_879,207,527,58,58,33,51,56,39,56,39,56,39,54,39,54,39,48,33,48,33,48,33,48,33,48,33
Map_880,564,445,68,68,68,68,30,28,30,28,30,28,28,28,28,28,28,28,28,28,28,28,28,28,28,28
Map_881,8,212,8,8,8,8,8,8,8,8,8,8,8,8,8,8,8,8,8,8,8,8,8,8,8,8
Map_882,22,297,30,30,30,26,30,50,30,50,30,50,30,50,30,50,16,16,19,16,19,16,26,16,26,16
Map_883,490,311,23,23,23,23,23,23,23,23,23,23,23,23,23,23,23,23,23,23,23,23,23,23,23,23
Map_884,581,207,40,40,40,230,40,37,40,37,40,37,40,37,40,37,105,40,67,40,67,40,40,37,40,37
Map_885,586,247,24,24,24,35,33,34,33,34,33,34,33,33,33,33,28,24,28,24,28,24,28,34,33,34
Map_886,572,155,32,32,32,35,32,32,32,32,32,32,32,32,32,32,30,30,30,30,30,30,30,30,30,30
Map_887,512,333,428,380,428,240,398,99,398,99,398,99,142,99,142,99,112,95,93,108,93,108,112,110,112,110
Map_888,15,412,13,13,13,13,13,13,13,13,13,13,13,13,13,13,13,12,13,12,13,12,13,12,13,12
Map_889,571,211,461,377,491,232,109,100,109,100,109,100,100,95,100,95,72,63,72,63,72,63,85,199,85,207
Map_890,603,214,19,19,19,19,19,19,19,19,19,19,19,19,19,19,22,19,22,19,22,19,19,19,19,19
Map_891,6,87,7,6,6,7,6,6,6,6,6,6,6,6,6,6,7,6,7,6,7,6,6,6,6,6
Map_892,42,244,33,32,39,33,33,30,33,30,33,30,32,30,32,30,32,30,33,30,33,30,29,30,29,30
Map_893,609,347,32,32,32,32,32,46,32,46,32,46,32,46,32,46,32,32,32,32,32,32,32,32,32,32
Map_894,139,74,27,27,27,30,24,24,24,24,24,24,24,24,24,24,24,24,31,24,31,24,24,24,24,24
Map_895,363,204,108,97,108,438,121,84,121,84,121,84,127,86,127,86,81,114,81,114,81,142,59,115,59,115
Map_896,10,15,7,7,7,13,7,7,7,7,7,7,7,7,7,7,7,7,7,7,7,7,7,7,7,7
Map_897,39,223,52,51,52,69,30,30,30,30,30,30,30,30,30,30,30,30,47,37,47,32,30,30,30,30
Map_898,541,185,26,26,26,26,26,26,26,26,26,26,26,26,26,26,37,26,40,26,40,26,37,26,26,26
Map_899,41,265,26,26,26,26,23,26,23,26,23,26,23,26,23,26,26,25,26,25,26,25,26,25,35,25
Map_900,592,342,63,63,63,61,59,59,59,59,59,59,59,59,59,59,38,38,38,38,38,38,38,59,38,59
Map_901,74,49,33,33,33,34,33,33,33,33,33,33,33,33,33,33,33,29,33,29,33,29,33,29,33,29
Map_902,466,212,61,61,62,63,61,61,62,61,62,61,61,61,61,61,33,37,33,37,33,37,33,37,33,37
Map_903,24,75,21,21,21,21,22,17,22,17,22,17,17,17,17,17,18,17,18,17,18,17,17,17,17,17
Map_904,608,392,570,587,530,516,62,59,62,59,62,59,59,59,59,59,153,112,114,146,121,146,153,112,113,112
Map_905,220,157,90,70,85,327,85,17,85,17,85,17,70,17,70,17,19,17,19,17,19,17,17,17,17,17
Map_906,137,190,25,25,25,25,25,25,25,25,25,25,25,25,25,25,25,25,43,25,43,25,25,25,25,25
Map_907,14,65,14,14,11,17,14,11,14,11,14,11,14,11,14,11,14,11,14,11,14,11,14,11,14,11
Map_908,7,23,8,8,8,10,8,7,8,7,8,7,8,7,7,7,8,7,8,7,8,7,8,7,8,7
Map_909,173,406,19,19,19,20,19,19,19,19,19,19,19,19,19,19,19,19,19,19,19,19,19,19,19,19
Map_910,454,231,234,209,421,116,38,38,38,38,38,38,38,38,40,40,23,23,23,23,23,23,23,23,23,23
Map_911,35,254,22,19,19,21,19,18,19,18,19,18,18,18,18,18,20,18,20,18,20,18,19,18,19,18
Map_912,612,186,21,21,21,45,19,19,19,19,19,19,19,19,19,19,19,19,19,19,19,19,19,19,19,19
Map_913,526,264,52,52,54,52,51,57,51,60,51,60,51,57,51,57,47,52,47,52,47,52,47,52,47,52
Map_914,79,66,59,59,59,115,61,59,60,59,60,59,61,59,61,59,40,39,40,39,40,39,39,39,39,39
Map_915,20,235,37,38,37,33,37,27,37,27,37,27,37,37,48,48,37,19,37,19,37,19,37,26,37,26
Map_916,30,52,24,24,24,24,24,24,24,24,24,24,24,24,24,24,24,24,19,24,19,24,24,24,24,24
Map_917,99,116,22,22,22,25,22,22,22,22,22,22,22,22,22,22,22,22,22,22,22,22,22,22,22,22
Map_918,40,264,49,99,49,49,34,43,34,43,34,43,34,43,34,43,34,36,34,36,34,36,34,40,34,40
Map_919,614,312,73,73,239,501,85,70,85,70,85,70,70,70,70,70,25,25,25,25,25,25,25,25,25,25
Map_920,490,122,26,26,288,26,26,26,26,26,26,26,26,26,26,26,27,26,27,26,27,26,27,26,27,26
Map_921,35,208,35,35,35,36,35,35,35,35,35,35,35,35,35,35,35,35,48,41,48,41,35,35,35,35
Map_922,651,363,19,19,19,19,19,19,19,19,19,19,19,19,19,19,19,19,19,19,19,19,19,19,19,19
Map_923,580,223,85,186,148,269,60,60,60,60,60,60,60,96,96,96,59,60,59,60,70,60,78,60,78,60
Map_924,533,186,70,70,349,28,24,13,28,13,28,13,24,21,24,21,13,13,13,13,13,13,13,13,13,13
Map_925,33,126,23,23,23,23,23,23,23,23,23,23,23,23,23,23,24,23,24,23,24,23,20,23,20,23
Map_926,14,61,10,10,10,10,10,8,10,8,10,8,10,8,10,8,10,8,10,8,10,8,10,8,10,8
Map_927,604,196,166,239,164,333,50,50,50,50,50,50,50,50,50,50,55,50,55,50,55,50,55,50,50,50
Map_928,290,97,20,20,21,35,20,20,20,20,20,20,20,20,20,20,20,20,20,20,20,20,20,20,20,20
Map_929,606,270,21,21,78,22,21,21,21,21,21,21,21,21,21,21,21,21,21,21,21,21,21,21,21,21
Map_930,383,157,29,29,29,30,29,29,29,29,29,29,29,29,29,29,29,29,29,29,29,29,29,29,29,29
Map_931,15,353,21,21,21,24,15,15,15,15,15,15,15,15,15,15,16,15,16,15,16,15,16,15,15,15
Map_932,518,270,79,79,402,22,20,20,20,20,20,20,20,20,20,20,20,20,20,20,20,20,20,20,20,20
Map_933,19,33,22,21,22,28,16,21,16,21,16,21,16,21,16,21,16,16,16,16,16,16,16,16,16,16
Map_934,140,174,45,45,46,46,41,45,41,46,41,46,41,45,41,45,46,42,46,42,46,42,41,42,41,45
Map_935,392,237,17,17,17,17,17,17,17,17,17,17,17,17,17,17,16,17,14,17,14,17,16,17,17,17
Map_936,472,45,44,44,39,36,27,27,27,27,27,27,27,27,27,27,27,27,27,27,27,27,27,27,27,27
Map_937,15,265,15,15,15,33,15,15,15,15,15,15,15,15,15,15,15,14,15,14,15,14,15,14,15,14
Map_938,9,21,6,6,6,6,6,6,6,6,6,6,6,6,6,6,6,6,6,6,6,6,6,6,6,6
Map_939,583,179,32,32,32,37,24,24,24,24,24,24,24,24,24,24,32,22,32,22,32,22,37,22,24,22
Map_940,380,284,100,128,186,112,20,17,20,17,20,17,20,17,20,17,17,17,17,17,17,17,17,17,17,17
Map_941,467,429,10,10,10,10,10,10,10,10,10,10,10,10,10,10,10,10,10,10,10,10,10,10,10,10
Map_942,9,232,7,7,7,7,7,7,7,7,7,7,7,7,7,7,7,7,7,7,7,7,7,7,7,7
Map_943,231,295,153,134,153,103,141,113,141,113,141,113,113,113,165,136,42,42,42,38,44,38,42,61,42,61
Map_944,647,444,33,33,33,52,16,16,16,16,16,16,16,16,16,16,16,16,16,16,16,16,16,16,16,16
Map_945,620,421,144,144,138,82,55,55,55,55,55,55,55,59,59,59,69,43,52,43,52,43,55,43,55,43
Map_946,566,249,32,32,32,32,32,26,32,26,32,26,32,26,32,26,32,26,32,26,34,26,32,26,32,26
Map_947,19,34,30,30,30,97,23,21,23,21,23,21,21,21,21,21,22,21,22,21,22,21,23,21,23,21
Map_948,357,212,399,107,133,423,81,117,133,117,133,117,107,107,107,107,120,106,120,84,120,84,91,106,90,106
Map_949,565,300,109,109,100,84,145,123,145,123,145,123,145,151,145,151,85,79,85,79,85,79,85,123,85,123
Map_950,539,258,13,13,13,13,13,13,13,13,13,13,13,13,13,13,13,13,13,13,13,13,13,13,13,13
Map_951,641,239,40,40,38,42,36,40,36,40,36,40,36,40,36,40,36,37,36,37,36,37,36,37,36,37
Map_952,13,150,10,10,10,11,10,10,10,10,10,10,10,10,10,10,10,10,10,10,10,10,10,10,10,10
Map_953,30,63,25,25,25,28,24,24,24,21,24,21,24,24,24,24,19,19,19,19,19,19,19,21,19,21
Map_954,29,87,25,25,25,23,25,25,25,25,25,25,25,25,25,25,20,21,20,21,20,21,25,21,25,21
Map_955,653,383,49,48,49,55,40,44,40,44,40,44,38,44,38,44,38,38,50,38,50,38,38,38,38,38
Map_956,123,199,24,28,24,42,23,28,23,28,23,28,28,28,28,28,23,21,23,21,23,21,23,21,23,21
Map_957,238,353,91,90,90,149,105,87,105,87,105,87,118,76,118,76,72,49,58,49,58,49,49,49,49,49
Map_958,93,127,97,97,49,24,24,82,24,82,24,82,24,82,24,82,20,33,20,21,20,21,20,33,20,33
Map_959,9,187,9,9,9,9,9,9,9,9,9,9,9,9,9,9,9,9,9,9,9,9,9,9,9,9
Map_960,13,28,11,11,11,11,11,11,11,11,11,11,11,11,11,11,11,11,11,11,11,11,11,11,11,11
Map_961,572,444,137,51,142,34,30,30,30,30,30,30,30,30,30,30,30,30,30,30,30,30,30,30,30,30
Map_962,589,357,131,100,128,77,58,55,58,55,58,55,58,55,58,58,59,55,54,53,54,53,56,55,56,55
Map_963,610,154,38,38,91,38,38,38,38,38,38,38,38,38,38,38,38,35,40,35,40,35,38,35,38,35
Map_964,10,21,7,7,7,7,7,7,7,7,7,7,7,7,7,7,7,7,7,7,7,7,7,7,7,7
Map_965,22,271,23,22,26,36,23,22,20,22,20,22,22,22,22,22,20,22,20,12,20,12,20,22,20,22
Map_966,35,56,37,37,37,39,20,19,20,19,20,19,19,19,19,19,20,19,20,19,20,19,20,19,20,19
Map_967,15,360,13,13,13,13,13,13,13,13,13,13,13,13,13,13,13,13,13,13,13,13,13,13,13,13
Map_968,432,222,170,91,58,368,60,93,60,93,60,93,93,93,111,111,77,57,77,57,77,57,60,91,60,93
Map_969,93,326,46,46,66,60,48,48,48,48,48,48,46,46,46,46,51,48,51,49,51,49,49,48,49,48
Map_970,401,368,23,23,23,23,23,50,23,50,23,50,22,50,22,50,22,22,22,22,42,22,22,22,22,22
Map_971,166,424,30,29,30,27,25,32,25,32,25,32,29,32,29,32,28,25,25,25,25,25,28,32,25,32
Map_972,22,66,16,16,16,69,16,16,16,16,16,16,16,16,16,16,16,16,16,16,16,16,16,16,16,16
Map_973,375,387,41,41,41,40,37,41,37,41,37,41,37,41,37,41,32,32,32,32,32,32,32,32,32,32
Map_974,646,232,54,54,54,54,63,55,63,55,63,55,58,68,58,68,46,63,46,63,46,37,41,63,41,56
Map_975,550,317,59,61,249,50,36,46,36,46,36,46,35,46,35,51,35,45,35,45,35,45,35,46,35,46
Map_976,452,496,53,52,52,60,45,45,45,45,45,45,45,45,45,45,45,45,48,45,49,45,45,45,45,45
Map_977,15,280,14,14,14,14,14,15,14,15,14,15,14,15,14,15,14,15,14,15,14,15,14,15,14,15
Map_978,583,346,13,13,13,13,13,13,13,13,13,13,13,13,13,13,13,13,13,13,13,13,13,13,13,13
Map_979,10,70,8,8,10,10,8,8,8,8,8,8,8,8,8,8,8,8,8,8,8,8,8,8,8,8
Map_980,29,56,16,16,16,16,20,16,20,16,20,16,20,16,20,16,20,16,20,16,20,16,20,16,20,16
Map_981,431,170,131,94,94,140,90,81,90,81,90,81,90,81,90,81,65,62,65,62,65,62,65,62,65,62
Map_982,42,378,31,31,31,33,26,26,26,26,26,26,26,26,26,26,37,25,37,25,37,25,37,25,37,25
Map_983,115,332,16,16,16,16,16,16,16,16,16,16,16,16,16,16,16,16,16,16,16,16,16,16,16,16
Map_984,120,392,37,37,37,52,37,37,37,37,37,37,37,37,37,37,28,37,28,37,28,37,28,37,28,37
Map_985,180,548,52,52,52,52,52,24,52,24,52,24,24,24,24,24,33,21,33,18,33,18,18,21,18,21
Map_986,26,142,18,18,18,18,18,18,18,18,18,18,18,18,18,18,18,18,18,18,18,18,18,18,18,18
Map_987,299,83,84,75,84,70,44,44,44,44,44,44,44,44,44,44,33,27,33,27,37,27,33,27,33,27
Map_988,67,66,19,19,30,20,19,19,19,19,19,19,19,19,19,19,19,19,20,19,20,19,19,19,19,19
Map_989,330,282,24,24,24,24,24,24,24,24,24,24,24,24,24,24,24,24,24,24,24,24,24,24,24,24
Map_990,11,233,10,10,10,13,10,10,10,10,10,10,10,10,10,10,10,10,10,10,10,10,10,10,10,10
Map_991,118,167,10,10,10,15,10,10,10,10,10,10,10,10,10,10,10,10,10,10,10,10,10,10,10,10
Map_992,11,254,10,10,10,10,10,10,10,10,10,10,10,10,10,10,10,10,10,10,10,10,10,10,10,10
Map_993,191,116,13,14,13,13,14,13,14,13,14,13,14,14,14,14,14,13,14,13,14,13,14,13,14,13
Map_994,531,239,52,52,52,57,52,54,52,54,52,54,52,54,52,54,55,41,55,41,55,41,58,41,58,41
Map_995,605,144,26,15,32,64,15,15,15,15,15,15,15,15,15,15,15,15,15,15,15,15,15,15,15,15
Map_996,523,341,40,40,149,40,40,40,40,40,40,40,40,51,51,51,61,40,29,40,29,40,61,40,52,40
Map_997,62,194,56,56,56,71,46,56,46,56,46,56,46,56,46,56,56,46,64,46,64,46,39,46,39,46
Map_998,613,375,48,48,48,174,48,48,48,48,48,48,48,48,48,48,47,48,47,48,47,48,47,48,47,48
Map_999,476,140,19,19,19,76,55,19,55,19,55,19,55,19,55,19,20,19,20,19,20,19,19,19,19,19
Map_1000,306,128,13,13,13,15,15,13,15,13,15,13,13,13,15,15,14,13,14,13,14,13,15,13,15,13
Map_1001,16,195,20,20,20,43,42,19,42,19,42,19,42,19,42,19,20,16,20,16,20,16,20,16,20,16
Map_1002,37,145,21,21,21,21,18,18,18,18,18,18,18,18,18,18,18,18,18,18,18,18,18,18,18,18
Map_1003,268,162,53,53,53,53,53,53,53,53,53,53,53,53,53,53,51,50,51,50,51,50,51,50,51,50
Map_1004,46,136,65,54,53,63,34,26,34,26,34,26,34,26,34,26,35,26,35,22,35,22,34,26,34,26
Map_1005,51,124,17,17,17,17,17,17,17,17,17,17,17,17,17,17,17,17,17,17,17,17,17,17,17,17
Map_1006,25,56,26,26,26,26,26,26,26,26,26,26,25,25,25,25,24,25,24,25,24,25,21,25,21,25
Map_1007,14,260,14,14,14,14,8,8,8,8,8,8,8,8,8,8,8,8,8,8,8,8,8,8,8,8
Map_1008,585,325,45,45,99,97,55,55,55,55,55,55,45,45,45,45,45,54,45,40,45,40,45,54,45,54
Map_1009,577,192,17,17,17,333,17,17,17,17,17,17,17,17,17,17,19,17,19,17,19,17,17,17,17,17
Map_1010,36,297,16,16,16,16,16,16,16,16,16,16,16,16,16,16,16,16,16,16,16,16,16,16,16,16
Map_1011,12,45,7,7,7,8,7,7,7,7,7,7,7,7,7,7,7,7,7,7,7,7,7,7,7,7
Map_1012,630,411,88,88,302,446,81,82,150,54,150,54,81,82,81,82,42,42,42,42,42,42,42,54,42,54
Map_1013,592,303,25,22,22,25,22,22,22,22,22,22,22,22,22,22,22,22,22,22,22,22,22,22,22,22
Map_1014,582,243,148,148,148,345,101,101,101,101,101,101,103,126,126,126,69,69,69,69,69,69,69,69,69,69
Map_1015,11,134,11,11,11,21,11,11,11,11,11,11,11,11,11,11,11,11,11,11,11,11,11,11,11,11
Map_1016,471,340,205,315,427,164,199,52,199,52,199,52,180,52,331,52,146,52,143,53,143,53,134,52,130,52
Map_1017,395,436,72,259,92,72,100,100,100,100,100,100,168,169,168,169,48,41,48,40,48,40,48,41,48,41
Map_1018,587,276,249,278,250,274,53,41,53,41,53,41,45,41,45,41,45,41,39,41,39,41,45,41,45,41
Map_1019,657,307,74,77,326,66,65,65,65,65,65,65,65,65,65,65,69,63,135,63,135,63,65,63,65,63
Map_1020,586,430,15,13,13,15,13,13,13,13,13,13,13,13,13,13,15,13,15,13,15,13,13,13,13,13
Map_1021,11,119,11,11,11,18,11,11,11,11,11,11,11,11,11,11,11,11,11,11,11,11,11,11,11,11
Map_1022,21,56,14,14,14,14,14,14,14,14,14,14,14,14,14,14,14,14,12,14,12,12,14,14,14,14
Map_1023,119,231,37,37,37,32,31,37,31,37,31,37,31,37,31,37,31,31,31,31,31,31,31,34,31,37
Map_1024,52,72,54,54,54,54,42,44,42,44,42,44,42,44,42,44,44,32,44,32,44,32,44,32,44,32
Map_1025,503,394,57,57,49,57,57,57,57,57,57,57,57,57,57,57,57,57,57,57,57,53,57,57,57,57
Map_1026,24,268,21,21,21,57,21,21,21,21,21,21,21,21,21,21,28,18,28,18,28,18,21,18,21,18
Map_1027,10,31,11,11,11,14,10,10,10,10,10,10,10,10,10,10,10,10,10,10,10,10,10,10,10,10
Map_1028,29,58,13,13,13,13,13,13,13,13,13,13,13,13,13,13,13,13,13,13,13,13,13,13,13,13
Map_1029,237,312,113,113,133,173,27,27,27,27,27,27,27,27,27,27,23,23,23,23,23,23,23,23,23,23
Map_1030,552,370,222,234,115,97,72,203,72,203,72,203,72,94,72,94,72,126,91,126,139,68,72,203,72,203
Map_1031,43,139,15,15,15,15,15,15,15,15,15,15,15,15,15,15,24,15,26,15,26,15,24,15,24,15
Map_1032,540,311,123,123,124,266,129,107,130,107,130,107,136,108,136,108,116,121,81,121,81,121,128,121,127,121
Map_1033,85,132,15,15,17,17,17,15,17,15,17,15,17,15,17,15,17,15,17,15,17,15,17,15,17,15
Map_1034,14,177,14,14,14,110,14,9,14,9,14,9,14,9,14,9,14,9,14,9,14,9,14,9,14,9
Map_1035,104,257,23,17,23,27,17,16,17,16,17,16,16,16,16,16,17,16,17,16,17,16,17,16,17,16
Map_1036,23,202,22,20,22,24,20,18,20,18,20,18,20,18,20,18,19,18,19,19,19,19,21,18,21,18
Map_1037,147,246,190,190,219,261,161,178,161,178,161,178,178,178,194,196,162,114,209,114,209,114,162,133,159,133
Map_1038,36,464,14,12,14,14,12,12,12,12,12,12,12,12,12,12,13,12,13,12,13,12,13,12,13,12
Map_1039,122,99,64,38,49,87,35,35,35,35,35,35,35,35,35,35,35,35,35,35,35,35,35,35,35,35
Map_1040,9,343,9,9,9,16,9,9,9,9,9,9,9,9,9,9,18,9,18,9,18,9,9,9,9,9
Map_1041,65,144,24,24,24,25,24,24,24,24,24,24,24,24,24,24,24,36,24,36,24,36,24,36,24,36
Map_1042,601,320,56,59,393,282,53,33,53,33,53,33,33,33,33,33,33,33,33,33,33,33,33,33,33,33
Map_1043,17,106,17,16,17,20,18,16,18,16,18,16,18,16,18,16,18,16,18,16,18,16,18,16,18,16
Map_1044,610,294,212,211,298,491,207,416,202,416,202,416,375,546,253,546,187,54,193,54,193,54,199,54,210,54
Map_1045,17,162,11,11,11,11,11,11,11,11,11,11,11,11,11,11,11,11,11,11,11,11,11,11,11,11
Map_1046,405,190,225,225,97,168,56,56,56,56,56,56,79,79,79,79,63,56,63,56,63,56,59,56,56,56
Map_1047,474,334,78,77,19,197,19,19,19,19,19,19,19,19,19,19,19,19,20,19,20,19,19,19,19,19
Map_1048,180,38,16,16,16,16,27,32,27,32,27,32,27,32,27,32,26,16,26,16,26,16,26,16,26,16
Map_1049,39,170,23,23,22,23,23,23,23,23,23,23,23,23,23,23,22,23,22,23,22,23,22,23,22,23
Map_1050,586,321,559,597,579,567,428,381,420,381,420,381,430,364,394,364,146,124,146,86,146,86,147,151,144,151
Map_1051,544,384,116,181,185,120,63,63,63,63,63,63,63,63,63,63,48,55,48,37,48,37,48,108,46,108
Map_1052,12,192,12,12,12,12,12,12,12,12,12,12,12,12,12,12,13,12,13,12,13,12,13,12,13,12
Map_1053,24,199,24,24,24,25,24,24,24,24,24,24,24,24,24,24,51,24,51,24,51,24,51,24,51,24
Map_1054,353,215,18,16,18,41,42,16,42,16,42,16,42,16,42,16,46,16,33,16,33,16,46,16,46,16
Map_1055,487,231,13,13,13,241,11,13,11,13,11,13,11,13,11,13,11,11,11,11,11,11,11,11,11,11
Map_1056,12,287,10,10,10,10,10,10,10,10,10,10,10,10,10,10,10,10,10,10,10,10,10,10,10,10
Map_1057,581,440,24,24,24,81,70,70,70,70,70,70,123,123,123,123,64,24,62,24,62,24,85,24,85,24
Map_1058,95,187,19,21,14,30,18,18,18,18,18,18,21,21,21,21,23,14,23,14,23,14,21,14,21,14
Map_1059,541,294,84,66,133,70,66,66,66,66,66,66,66,66,66,66,66,49,66,65,66,65,66,66,66,66
Map_1060,409,215,32,32,32,32,32,32,32,32,32,32,32,34,34,34,32,32,91,32,91,32,32,32,32,32
Map_1061,551,270,116,248,268,116,121,77,121,77,121,77,77,77,77,77,89,77,72,60,103,60,89,77,89,77
Map_1062,14,32,16,16,16,24,16,16,16,16,16,16,16,16,16,16,16,14,16,14,16,14,16,14,16,14
Map_1063,221,200,52,62,52,160,37,32,37,32,37,32,37,32,37,32,35,31,35,31,35,31,35,31,35,31
Map_1064,7,46,7,7,7,7,7,7,7,7,7,7,7,7,7,7,7,7,7,7,7,7,7,7,7,7
Map_1065,8,256,8,8,8,24,8,8,8,8,8,8,8,8,8,8,8,8,8,8,8,8,8,8,8,8
Map_1066,47,202,20,20,20,30,20,20,20,20,20,20,20,20,20,20,20,20,20,20,20,20,20,20,20,20
Map_1067,20,28,13,13,13,13,12,13,12,13,12,13,12,13,12,13,12,12,12,12,14,12,12,12,12,12
Map_1068,648,432,177,140,177,223,105,132,105,151,105,151,136,132,136,132,71,106,71,97,71,97,71,106,71,106
Map_1069,29,101,17,17,17,16,14,14,14,14,14,14,14,14,14,14,14,14,14,14,14,14,14,14,14,14
Map_1070,309,150,40,40,40,36,36,36,36,36,36,36,36,36,36,36,29,32,29,32,29,32,26,32,26,32
Map_1071,13,366,13,13,13,16,13,13,13,13,13,13,13,13,13,13,13,13,13,13,13,13,13,13,13,13
Map_1072,161,375,27,27,27,27,27,27,27,27,27,27,27,27,27,27,27,32,27,32,27,32,27,46,27,46
Map_1073,613,181,68,68,68,68,36,36,36,36,36,36,36,36,36,36,52,53,52,53,52,53,52,53,53,53
Map_1074,66,77,42,41,41,56,42,41,42,41,42,41,41,41,41,41,41,30,41,30,41,30,41,41,41,41
Map_1075,620,388,226,226,115,260,62,173,62,173,62,173,62,163,62,163,57,49,48,49,48,49,57,49,57,49
Map_1076,324,250,23,23,23,88,23,23,23,23,23,23,23,23,23,23,23,23,23,23,23,23,23,23,23,23
Map_1077,12,147,14,14,14,15,12,12,12,12,12,12,12,12,12,12,11,12,35,12,43,12,11,12,11,12
Map_1078,619,211,37,37,37,60,32,51,32,51,32,51,31,51,31,51,32,17,32,17,32,17,32,17,32,17
Map_1079,14,65,9,9,9,9,9,9,9,9,9,9,9,9,9,9,9,9,9,9,9,9,9,9,9,9
Map_1080,16,141,14,14,14,16,14,14,14,14,14,14,14,14,14,14,15,14,15,14,15,14,15,14,15,14
Map_1081,93,51,30,30,103,30,29,29,29,29,29,29,29,29,29,29,29,40,29,30,29,30,29,40,29,54
Map_1082,538,524,16,16,16,17,16,16,16,16,16,16,16,16,16,16,17,16,17,16,17,16,16,16,16,16
Map_1083,578,205,115,115,115,75,118,70,118,70,118,70,118,70,118,70,62,62,62,62,62,62,62,62,87,70
Map_1084,605,356,579,564,579,417,285,377,285,377,285,377,391,401,377,401,221,90,221,90,221,90,341,85,340,85
Map_1085,133,86,75,78,94,79,75,31,75,31,75,31,78,31,78,31,47,31,47,31,47,31,47,31,47,31
Map_1086,558,128,32,32,32,32,32,32,32,32,32,32,32,32,32,32,30,30,72,30,72,30,30,30,30,30
Map_1087,388,283,86,87,86,405,83,83,83,83,83,83,92,94,92,94,134,88,126,115,126,117,71,94,71,94
Map_1088,20,39,13,13,13,13,13,13,13,13,13,13,13,13,13,13,13,13,13,13,13,13,13,13,13,13
Map_1089,627,568,77,77,77,230,77,77,77,77,77,77,77,77,77,77,51,77,87,49,87,49,77,77,77,77
Map_1090,615,180,14,14,14,13,13,14,13,14,13,14,13,14,13,14,13,14,13,14,13,14,13,14,13,14
Map_1091,349,406,29,29,36,29,28,25,28,25,28,25,25,25,25,25,29,24,29,24,29,24,28,24,28,24
Map_1092,425,91,51,51,35,54,45,45,45,45,45,45,45,45,45,45,25,42,25,42,25,42,35,45,35,45
Map_1093,7,202,8,8,8,8,7,7,7,7,7,7,7,7,7,7,7,7,7,7,7,7,7,7,7,7
Map_1094,604,262,40,40,40,44,40,39,40,39,40,39,39,39,39,39,61,38,48,38,48,38,40,38,40,38
Map_1095,16,28,14,14,14,20,14,14,14,14,14,14,14,14,14,14,17,14,17,14,17,14,17,14,14,14
Map_1096,15,63,20,20,20,20,21,21,21,21,21,21,21,21,21,21,16,15,16,15,16,15,16,15,16,15
Map_1097,33,298,14,14,20,14,14,14,14,14,14,14,14,14,14,14,14,14,14,14,14,14,14,14,14,14
Map_1098,255,297,38,38,168,59,40,40,40,40,40,40,43,43,43,43,40,40,40,40,40,40,40,40,40,40
Map_1099,9,269,7,6,7,7,7,6,7,6,7,6,6,6,6,6,7,6,7,6,7,6,7,6,7,6
Map_1100,20,92,12,12,12,12,12,12,12,12,12,12,12,12,12,12,12,12,12,12,12,12,12,12,12,12
Map_1101,610,369,22,22,22,35,22,22,22,22,22,22,22,22,22,22,22,22,22,22,22,22,22,22,22,22
Map_1102,532,357,30,24,50,30,54,24,48,26,48,26,54,24,54,24,54,24,27,24,27,24,54,24,54,24
Map_1103,596,345,14,14,14,14,14,14,14,14,14,14,14,14,14,14,14,14,14,14,14,14,14,14,14,14
Map_1104,495,324,20,20,20,22,19,17,19,17,19,17,17,17,17,17,19,17,19,17,19,17,19,17,19,17
Map_1105,569,349,199,138,155,159,32,31,32,31,32,31,32,31,32,31,32,27,32,27,32,27,32,27,32,27
Map_1106,6,23,6,6,6,6,6,6,6,6,6,6,6,6,6,6,8,6,8,6,8,6,6,6,6,6
Map_1107,38,65,42,62,42,31,42,42,42,42,42,42,64,59,64,59,32,42,32,41,32,41,52,42,52,42
Map_1108,639,357,35,35,35,35,35,35,35,35,35,35,35,35,35,35,51,34,51,34,54,34,38,37,38,37
Map_1109,252,256,38,38,38,68,39,39,39,39,39,39,39,39,39,39,38,38,38,38,38,38,38,38,38,38
Map_1110,478,562,16,16,20,19,17,16,17,16,17,16,17,16,17,16,17,16,17,16,17,16,17,16,17,16
Map_1111,541,58,17,17,17,17,17,17,17,17,17,17,17,17,17,17,20,17,24,17,24,17,17,17,17,17
Map_1112,98,271,60,83,60,29,29,29,29,29,29,29,29,29,29,29,25,25,25,25,25,25,25,25,25,25
Map_1113,505,207,16,16,16,16,16,16,16,16,16,16,16,16,16,16,16,14,16,14,16,14,14,14,14,14
Map_1114,588,423,42,42,42,42,42,42,42,42,42,42,42,42,42,42,23,23,23,23,23,23,27,23,27,23
Map_1115,369,132,64,64,64,51,51,57,51,57,51,57,57,57,57,57,44,51,44,51,44,51,51,57,51,57
Map_1116,584,154,71,76,76,80,66,66,66,66,66,66,66,66,66,66,42,66,42,66,42,66,42,66,47,66
Map_1117,612,80,127,127,119,115,54,40,54,40,54,40,54,40,54,40,54,40,61,33,84,33,54,40,54,40
Map_1118,590,381,52,52,52,114,52,51,52,51,52,51,52,51,52,51,67,51,55,58,55,58,67,51,67,51
Map_1119,226,374,23,23,23,28,25,23,25,23,25,23,25,23,25,23,34,23,43,23,43,23,25,23,25,23
Map_1120,597,305,91,104,91,277,191,215,191,215,191,215,231,231,231,231,163,167,168,170,175,170,163,167,167,167
Map_1121,348,166,32,20,32,34,32,20,32,20,32,20,20,20,20,20,29,20,29,20,29,20,29,20,29,20
Map_1122,604,180,323,299,309,117,96,97,96,97,96,97,96,97,96,97,86,96,86,86,86,86,86,96,97,96
Map_1123,15,252,9,9,9,10,9,9,9,9,9,9,9,9,9,9,9,9,9,9,9,9,9,9,9,9
Map_1124,9,45,9,9,9,16,9,9,9,9,9,9,9,9,9,9,9,9,9,9,9,9,9,9,9,9
Map_1125,17,54,15,15,17,15,15,15,15,15,15,15,15,15,15,15,22,15,22,15,22,15,22,15,22,15
Map_1126,10,37,7,7,7,11,7,7,7,7,7,7,7,7,7,7,7,7,7,7,7,7,7,7,7,7
Map_1127,620,73,35,53,59,60,46,43,46,43,46,43,43,45,45,45,55,34,35,34,35,34,57,44,58,43
Map_1128,20,235,35,35,35,23,16,16,16,16,16,16,16,16,16,16,16,17,16,17,16,17,16,17,16,17
Map_1129,141,355,22,22,20,19,19,19,19,19,19,19,19,19,19,19,19,19,19,19,19,19,19,19,19,19
Map_1130,10,96,10,10,10,10,10,10,10,10,10,10,10,10,10,10,10,10,10,10,10,10,10,10,10,10
Map_1131,23,164,30,30,30,23,30,28,30,28,30,28,30,28,30,28,23,23,32,23,32,23,23,23,30,28
Map_1132,47,502,27,27,33,33,23,23,23,23,23,23,23,23,23,23,23,23,23,23,23,23,23,23,23,23
Map_1133,364,342,57,52,447,80,57,42,57,42,57,42,51,52,51,52,39,39,39,39,39,39,53,39,53,40
Map_1134,22,52,18,18,18,22,18,18,18,18,18,18,18,18,18,18,18,18,18,17,18,17,18,18,18,18
Map_1135,583,143,20,20,20,20,20,20,20,20,20,20,20,20,20,20,20,20,20,20,20,20,20,20,20,20
Map_1136,12,149,12,12,12,15,12,12,12,12,12,12,12,12,12,12,12,12,12,12,12,12,12,12,12,12
Map_1137,19,22,20,20,20,20,15,15,15,15,15,15,15,15,15,15,15,15,15,15,15,15,15,15,15,15
Map_1138,192,33,13,13,18,17,14,13,14,13,14,13,14,13,14,13,14,13,16,13,16,13,14,13,14,13
Map_1139,72,43,24,23,24,26,23,23,23,23,23,23,23,23,23,23,22,25,32,25,32,25,22,25,22,25
Map_1140,15,249,29,29,30,112,30,13,30,13,30,13,30,13,30,13,13,13,13,13,13,13,20,13,20,13
Map_1141,52,89,64,62,64,78,36,36,36,36,36,36,36,36,36,36,36,36,36,36,36,36,37,36,37,36
Map_1142,25,125,11,11,11,11,11,11,11,11,11,11,11,11,11,11,11,11,11,11,11,11,11,11,11,11
Map_1143,507,335,53,51,110,56,53,116,53,116,53,116,51,120,51,120,41,68,42,54,42,54,41,122,41,122
Map_1144,9,35,8,7,7,8,7,7,7,7,7,7,7,7,7,7,7,7,7,7,7,7,7,7,7,7
Map_1145,468,515,27,27,27,207,27,27,27,27,27,27,27,27,27,27,27,27,27,27,27,27,27,27,27,27
Map_1146,592,421,19,19,18,52,19,20,19,20,19,20,19,20,19,20,19,18,19,18,19,18,19,20,19,20
Map_1147,74,275,37,37,34,34,29,29,29,29,29,29,29,29,29,29,29,22,29,22,29,22,29,22,29,22
Map_1148,240,237,33,33,153,34,33,52,33,52,33,52,33,52,33,52,33,39,33,39,33,39,33,39,33,39
Map_1149,8,331,8,8,8,8,8,8,8,8,8,8,8,8,8,8,8,8,8,8,8,8,8,8,8,8
Map_1150,506,65,40,39,39,47,45,36,45,36,45,36,45,36,45,36,38,32,38,32,38,32,36,33,36,33
Map_1151,266,362,318,230,204,375,131,131,131,131,131,131,131,131,131,131,83,83,83,83,83,83,83,131,94,131
Map_1152,221,159,31,31,31,28,26,26,26,26,26,26,26,26,26,26,26,25,26,25,26,25,26,25,26,25
Map_1153,587,322,96,86,96,20,20,20,20,20,20,20,20,20,20,20,20,20,20,20,20,20,20,20,20,20
Map_1154,623,288,119,130,548,354,76,75,76,75,76,75,75,75,75,75,135,46,81,46,88,46,135,46,130,46
Map_1155,26,103,18,18,18,24,18,18,18,18,18,18,18,18,18,18,19,17,19,17,19,17,19,17,19,17
Map_1156,165,486,559,559,561,530,78,66,78,66,78,66,78,387,78,387,361,408,123,327,123,421,305,457,305,476
Map_1157,610,137,26,26,26,26,26,26,26,26,26,26,26,26,26,26,27,26,27,26,27,26,26,26,26,26
Map_1158,12,23,12,12,12,12,12,12,12,12,12,12,12,12,12,12,12,12,20,12,20,12,12,12,12,12
Map_1159,299,259,106,142,175,64,33,33,33,33,33,33,33,33,33,33,31,33,31,33,31,33,31,33,31,33
Map_1160,80,205,19,19,22,19,19,19,19,19,19,19,19,19,19,19,20,19,20,18,20,18,19,19,19,19
Map_1161,264,196,30,30,30,53,28,28,28,28,28,28,28,28,28,28,25,25,27,25,27,25,25,25,25,25
Map_1162,29,294,12,12,12,12,12,12,12,12,12,12,12,12,12,12,12,12,12,12,12,12,12,12,12,12
Map_1163,534,388,155,155,45,146,20,20,20,20,20,20,20,20,20,20,20,20,21,20,21,20,20,20,20,20
Map_1164,121,128,27,27,27,35,27,24,27,24,27,24,27,24,27,24,25,22,31,22,31,22,29,22,29,25
Map_1165,25,474,22,22,22,22,22,22,22,22,22,22,22,22,22,22,19,19,21,19,21,19,19,22,19,22
Map_1166,560,456,101,101,101,344,240,212,240,212,240,212,244,212,244,212,118,96,118,83,118,83,147,89,147,89
Map_1167,389,211,48,48,34,66,46,46,34,46,34,46,46,46,46,46,26,26,26,26,26,26,25,26,25,26
Map_1168,13,335,12,12,19,18,12,14,12,14,12,14,12,14,12,14,12,13,12,13,12,13,12,14,12,14
Map_1169,25,204,23,23,23,23,22,22,22,22,22,22,22,22,22,22,22,22,22,22,22,22,22,22,22,22
Map_1170,14,78,10,10,10,14,10,10,10,10,10,10,10,10,10,10,10,10,10,10,10,10,10,10,10,10
Map_1171,23,446,28,54,23,33,54,54,54,54,54,55,54,54,54,54,23,53,23,50,23,50,103,53,103,53
Map_1172,585,465,211,223,343,94,94,94,94,94,94,94,94,94,94,94,48,55,48,52,48,52,48,55,48,55
Map_1173,7,24,7,7,7,9,7,7,7,7,7,7,7,7,7,7,7,7,7,7,7,7,7,7,7,7
Map_1174,576,132,54,85,54,71,48,45,48,45,48,45,48,45,48,45,45,47,45,35,45,35,48,45,48,45
Map_1175,7,82,7,7,7,7,7,7,7,7,7,7,7,7,7,7,7,7,7,7,7,7,7,7,7,7
Map_1176,20,126,16,16,16,17,14,14,14,14,14,14,14,14,14,14,14,14,16,14,16,14,14,14,14,14
Map_1177,361,306,26,26,93,36,106,59,106,59,106,59,59,59,59,59,23,23,23,23,23,23,23,23,23,23
Map_1178,153,143,38,38,38,38,25,38,25,38,25,38,25,38,25,38,25,25,25,25,25,25,25,38,25,38
Map_1179,344,228,96,96,96,155,71,70,71,70,71,70,70,70,70,70,60,70,65,70,65,70,60,70,60,70
Map_1180,371,295,106,59,106,265,59,59,59,59,59,59,59,59,59,59,160,59,77,59,77,59,159,59,159,59
Map_1181,17,31,16,16,16,17,16,17,16,17,16,17,16,17,16,17,15,15,16,15,16,15,17,15,16,15
Map_1182,434,292,43,43,538,89,43,43,43,43,43,43,43,43,43,43,44,43,59,29,59,29,43,43,43,43
Map_1183,12,57,12,12,12,14,12,12,12,12,12,12,12,12,12,12,12,12,12,12,12,12,12,12,12,12
Map_1184,376,450,60,60,60,69,53,52,53,52,53,52,53,52,53,52,53,52,53,52,53,52,53,52,53,52
Map_1185,29,308,16,15,15,18,15,15,15,15,15,15,15,15,15,15,11,10,11,10,11,10,11,10,11,10
Map_1186,21,116,13,13,13,43,13,13,13,13,13,13,13,13,13,13,13,13,13,13,13,13,13,13,13,13
Map_1187,15,243,20,15,15,21,16,15,16,15,16,15,16,15,16,15,16,15,16,15,16,15,16,15,16,15
Map_1188,7,39,7,7,7,7,7,7,7,7,7,7,7,7,7,7,7,7,7,7,7,7,7,7,7,7
Map_1189,584,443,23,22,23,23,22,27,22,27,22,27,22,27,22,27,89,22,89,22,89,22,22,22,22,22
Map_1190,148,247,17,17,17,17,17,17,17,17,17,17,17,20,20,20,24,17,24,17,24,17,22,17,22,17
Map_1191,377,200,13,13,20,13,13,13,13,13,13,13,13,13,13,13,13,13,13,13,13,13,13,13,13,13
Map_1192,56,225,24,24,24,43,26,24,26,24,26,24,26,24,26,24,26,24,26,24,26,24,26,24,26,24
Map_1193,609,142,46,42,46,46,45,65,45,65,45,65,45,42,45,42,33,42,33,35,33,35,33,42,34,42
Map_1194,72,404,15,15,15,15,14,14,14,14,14,14,14,14,14,14,14,15,14,15,14,16,14,15,14,15
Map_1195,13,174,14,13,14,14,13,13,13,13,13,13,13,13,13,13,13,13,13,13,13,13,13,13,13,13
Map_1196,586,246,110,103,102,97,115,107,116,107,116,107,103,101,103,101,74,79,74,79,74,79,74,79,74,79
Map_1197,12,351,43,23,12,90,11,23,11,23,11,23,11,23,11,23,11,11,11,11,11,11,11,11,11,11
Map_1198,16,643,18,18,18,18,18,18,18,18,18,18,18,18,18,18,22,16,25,16,25,16,18,16,18,16
Map_1199,81,286,35,35,35,35,24,24,24,24,24,24,24,24,24,24,29,24,29,24,29,24,24,24,24,24
Map_1200,11,338,14,11,12,12,12,11,12,11,12,11,11,11,11,11,12,11,12,11,12,11,11,11,11,11
Map_1201,456,366,141,141,341,166,42,53,42,53,42,53,41,53,41,53,42,53,42,53,42,53,42,53,42,53
Map_1202,607,551,53,53,53,64,44,14,52,14,52,14,44,14,44,14,14,14,14,14,14,14,14,14,14,14
Map_1203,625,339,52,52,52,604,52,141,52,141,52,141,52,141,52,141,40,40,40,40,40,40,40,38,40,38
Map_1204,36,240,48,37,38,84,37,37,37,37,37,37,37,37,37,37,37,37,37,37,37,37,37,37,37,37
Map_1205,9,138,10,10,10,10,10,9,10,9,10,9,9,9,9,9,10,9,10,9,10,9,10,9,10,9
Map_1206,518,72,31,31,31,65,32,31,32,31,32,31,32,31,32,31,26,22,26,22,26,22,22,22,22,22
Map_1207,27,224,24,24,25,52,24,24,24,24,24,24,24,24,24,24,18,18,18,18,18,18,18,18,18,18
Map_1208,281,231,100,93,100,90,59,68,59,68,59,68,68,68,68,68,93,95,86,61,86,61,93,95,93,95
Map_1209,10,267,10,10,10,10,10,10,10,10,10,10,10,10,10,10,10,10,10,10,10,10,10,10,10,10
Map_1210,600,405,81,84,81,61,65,65,65,65,65,65,65,65,65,65,55,55,55,55,55,55,55,70,55,70
Map_1211,169,399,31,29,29,31,29,29,29,29,29,29,29,29,29,29,32,29,32,29,32,29,29,29,29,29
Map_1212,52,354,20,20,23,20,20,20,20,20,20,20,20,20,20,20,21,20,21,20,21,20,21,20,21,20
Map_1213,8,274,8,8,8,8,8,8,8,8,8,8,8,8,8,8,8,8,8,8,8,8,8,8,8,8
Map_1214,131,361,24,24,43,19,26,25,26,25,26,25,25,25,25,25,26,15,36,15,36,15,26,15,26,15
Map_1215,37,371,24,24,24,25,10,10,10,10,10,10,10,10,10,10,10,10,10,10,10,10,10,10,10,10
Map_1216,532,226,20,20,19,20,19,19,19,19,19,19,19,19,19,19,18,19,18,19,18,19,18,19,18,19
Map_1217,152,169,11,11,11,11,11,11,11,11,11,11,11,11,11,11,11,11,11,11,11,11,11,11,11,11
Map_1218,626,459,14,14,14,14,14,14,14,14,14,14,14,14,14,14,39,14,39,14,39,14,41,14,41,14
Map_1219,581,288,435,541,553,39,82,82,82,82,82,82,135,134,135,134,60,45,60,45,60,45,60,83,78,67
Map_1220,392,154,65,141,425,369,60,379,60,379,60,379,54,236,145,236,61,49,58,49,58,49,61,213,58,213
Map_1221,63,118,33,31,22,28,27,27,27,27,27,27,27,27,27,27,23,18,23,18,23,18,23,18,23,18
Map_1222,9,183,9,9,9,10,9,9,9,9,9,9,9,9,9,9,9,9,9,9,9,9,9,9,9,9
Map_1223,480,269,60,60,60,69,60,59,60,59,60,59,59,59,59,59,70,59,71,58,71,58,58,59,58,59
Map_1224,538,373,50,50,106,298,50,47,50,47,50,47,50,47,50,47,49,47,49,47,49,47,49,47,49,47
Map_1225,651,409,438,450,460,630,52,46,52,46,52,46,52,46,118,116,45,40,45,45,45,45,52,45,52,45
Map_1226,5,12,5,5,5,5,5,5,5,5,5,5,5,5,5,5,5,5,5,5,5,5,5,5,5,5
Map_1227,127,100,14,14,15,14,14,14,14,14,14,14,14,14,14,14,15,15,15,15,15,15,14,15,14,15
Map_1228,642,533,37,37,37,43,32,32,32,32,32,32,32,32,32,32,26,24,26,24,26,24,24,24,24,24
Map_1229,416,338,68,24,22,41,28,26,28,26,28,26,28,26,28,26,28,24,26,26,26,26,28,24,28,24
Map_1230,276,474,7,7,7,7,7,7,7,7,7,7,7,7,7,7,8,7,8,7,8,7,7,7,7,7
Map_1231,41,66,26,26,29,26,26,26,26,26,26,26,26,26,26,26,26,26,26,26,26,26,26,26,26,26
Map_1232,665,477,196,573,457,493,95,310,95,310,95,310,374,374,374,374,92,76,91,76,91,76,92,110,92,119
Map_1233,512,228,91,195,87,118,76,50,76,50,76,50,87,50,87,50,75,31,66,29,66,29,66,31,66,31
Map_1234,34,277,20,20,20,108,20,20,20,20,20,20,20,20,20,20,23,22,23,22,23,22,23,22,23,22
Map_1235,568,228,14,14,14,49,14,14,14,14,14,14,14,14,14,14,14,14,14,14,14,14,14,14,14,14
Map_1236,416,212,107,113,107,160,145,169,145,169,145,169,125,125,125,125,124,101,124,95,124,95,122,113,129,113
Map_1237,9,409,9,9,9,10,9,9,9,9,9,9,9,9,9,9,9,9,9,9,9,9,9,9,9,9
Map_1238,620,471,152,98,530,157,98,98,98,98,98,98,98,98,98,98,71,86,71,94,71,94,70,86,70,86
Map_1239,554,283,38,38,38,47,36,36,36,36,36,36,36,36,36,36,23,28,23,28,23,28,23,36,23,36
Map_1240,204,282,68,31,67,68,30,31,30,31,30,31,30,31,30,31,30,29,30,29,30,29,30,29,30,29
Map_1241,35,42,22,22,21,27,22,21,22,21,22,21,21,21,21,21,22,20,22,20,22,20,22,22,22,22
Map_1242,490,128,21,21,21,21,19,19,19,19,19,19,19,19,19,19,19,19,19,19,19,19,19,19,19,19
Map_1243,68,262,25,19,19,26,21,19,21,19,21,19,19,19,19,19,25,19,25,19,25,19,21,19,21,19
Map_1244,12,67,10,10,10,10,10,10,10,10,10,10,10,10,10,10,10,10,10,10,10,10,10,10,10,10
Map_1245,560,391,42,42,42,91,42,42,42,42,42,42,42,42,42,42,42,42,42,42,42,42,42,42,42,42
Map_1246,21,180,16,16,16,29,16,16,16,16,16,16,16,16,16,16,17,16,17,17,17,19,17,16,17,16
Map_1247,17,305,17,17,17,24,17,17,17,17,17,17,17,17,17,17,17,17,17,17,17,17,17,17,17,17
Map_1248,487,129,84,84,48,62,73,46,73,46,73,46,69,46,69,46,77,46,77,46,77,46,73,46,73,46
Map_1249,29,119,29,25,29,30,29,24,29,24,29,24,25,24,25,24,29,21,30,21,30,21,29,21,29,21
Map_1250,492,192,80,78,78,72,68,61,68,61,68,61,61,61,61,61,22,22,22,22,22,22,22,22,22,22
Map_1251,20,41,13,13,13,13,13,10,13,10,13,10,13,10,13,10,13,10,14,10,14,10,13,10,13,10
Map_1252,42,492,8,8,8,8,8,8,8,8,8,8,8,8,8,8,8,8,8,8,8,8,8,8,8,8
Map_1253,150,80,15,15,15,15,15,15,15,15,15,15,15,15,15,15,15,15,17,15,17,15,15,15,15,15
Map_1254,621,161,149,179,149,141,52,97,52,97,52,97,52,97,52,111,49,47,49,47,49,47,49,47,50,47
Map_1255,260,194,390,85,189,95,78,78,78,78,78,78,78,78,78,78,68,46,73,46,73,46,46,138,138,138
Map_1256,6,18,6,6,6,11,6,6,6,6,6,6,6,6,6,6,6,6,6,6,6,6,6,6,6,6
Map_1257,56,81,67,36,36,136,36,36,36,36,36,36,36,36,36,36,27,25,27,25,27,25,36,36,36,36
Map_1258,17,210,6,6,6,6,6,6,6,6,6,6,6,6,6,6,6,6,6,6,6,6,6,6,6,6
Map_1259,424,180,191,190,286,248,144,227,144,227,144,227,150,227,150,227,110,185,110,117,110,117,105,185,115,178
Map_1260,581,652,474,521,456,262,152,342,152,342,152,342,88,513,88,511,143,362,151,289,127,76,143,285,143,285
Map_1261,21,181,11,11,11,11,11,11,11,11,11,11,11,11,11,11,11,11,11,11,11,11,11,11,11,11
Map_1262,612,366,323,320,310,300,39,39,39,39,39,39,39,39,39,39,85,39,85,39,39,39,39,39,39,39
Map_1263,73,272,57,57,57,83,114,78,114,80,114,80,103,82,103,82,79,72,92,57,95,51,79,72,79,72
Map_1264,14,217,20,20,20,35,20,14,20,14,20,14,20,14,20,14,15,14,15,14,15,14,15,14,15,14
Map_1265,165,239,133,133,131,65,149,140,149,140,149,140,149,140,149,140,62,39,62,39,62,39,62,39,87,39
Map_1266,633,541,68,68,68,68,33,33,33,33,33,33,33,33,33,33,35,33,35,30,35,30,33,33,33,33
Map_1267,22,43,43,33,37,35,22,22,22,22,22,22,22,22,22,22,22,22,22,22,22,23,20,22,20,22
Map_1268,41,462,33,32,32,28,24,25,24,25,24,25,24,25,24,25,24,24,24,24,24,24,24,24,24,24
Map_1269,573,396,198,208,189,215,314,244,314,244,314,244,244,244,244,244,92,91,84,91,84,87,91,91,91,91
Map_1270,74,306,26,26,24,28,20,20,20,20,20,20,20,20,20,20,16,16,16,16,16,16,16,16,16,16
Map_1271,588,418,109,109,109,480,71,71,71,71,71,71,71,71,71,71,67,65,67,65,67,65,67,65,67,65
Map_1272,10,93,9,9,9,12,9,9,9,9,9,9,9,9,9,9,9,9,9,9,9,9,9,9,9,9
Map_1273,6,31,6,6,6,6,6,6,6,6,6,6,6,6,6,6,6,6,6,6,6,6,6,6,6,6
Map_1274,428,349,225,223,455,310,25,25,25,25,25,25,25,25,25,25,25,25,25,25,25,25,25,25,25,25
Map_1275,35,99,19,19,19,19,19,17,19,17,19,17,17,17,17,17,17,17,22,17,22,17,17,17,17,17
Map_1276,111,288,37,40,37,39,37,37,37,37,37,37,40,40,40,40,36,28,29,28,29,28,36,28,36,28
Map_1277,26,207,23,23,23,23,23,23,23,23,23,23,23,23,23,23,21,18,21,18,21,18,18,18,18,18
Map_1278,83,186,31,31,31,31,36,47,36,47,36,47,36,47,35,47,31,35,31,31,31,31,31,35,31,35
Map_1279,530,448,36,36,36,36,36,36,36,36,36,36,36,36,36,36,36,49,36,49,36,49,36,49,36,49
Map_1280,11,402,11,11,11,18,11,11,11,11,11,11,11,11,11,11,15,11,15,11,15,11,11,11,11,11
Map_1281,390,297,34,34,22,47,34,12,34,12,34,12,32,12,32,12,12,12,12,12,12,12,12,12,12,12
Map_1282,38,519,14,14,14,24,24,14,24,14,24,14,26,14,26,14,24,14,24,14,24,14,24,14,24,14
Map_1283,22,95,14,14,14,14,14,14,14,14,14,14,14,14,14,14,14,14,14,14,14,14,14,14,14,14
Map_1284,74,423,21,21,275,31,21,21,21,21,21,21,21,21,21,21,21,21,21,21,21,21,21,21,21,21
Map_1285,78,147,36,36,36,31,27,30,27,30,27,30,27,30,27,30,27,26,27,26,27,26,27,26,27,26
Map_1286,618,357,76,76,76,69,59,59,59,59,59,59,59,59,59,59,54,59,51,59,51,59,54,59,54,59
Map_1287,22,364,19,19,19,16,16,16,16,16,16,16,16,16,16,16,15,16,15,15,15,15,15,16,15,16
Map_1288,9,543,8,8,8,8,8,8,8,8,8,8,8,8,8,8,8,8,8,8,8,8,8,8,8,8
Map_1289,619,224,288,100,245,66,54,54,54,54,54,54,54,54,54,54,52,54,51,47,57,47,52,54,52,54
Map_1290,559,318,518,518,518,464,320,320,316,316,316,316,351,351,351,351,71,60,72,61,72,61,60,74,75,74
Map_1291,529,186,29,27,27,30,27,27,27,27,27,27,27,30,30,30,27,27,27,27,27,27,27,27,27,27
Map_1292,591,248,56,55,55,174,55,69,55,69,55,69,90,69,90,69,37,55,37,55,37,55,37,55,37,55
Map_1293,588,85,44,41,41,238,40,25,40,25,40,25,40,25,40,25,40,25,40,25,40,25,40,25,40,25
Map_1294,122,62,17,17,17,20,17,17,17,17,17,17,17,17,17,17,20,17,20,17,20,17,17,17,17,17
Map_1295,85,188,49,37,49,40,25,37,25,37,25,37,24,38,24,38,22,37,22,38,22,38,22,37,22,37
Map_1296,13,31,11,11,11,13,12,11,12,11,12,11,11,11,11,11,11,11,11,11,11,11,11,11,11,11
Map_1297,48,341,239,197,194,76,23,23,23,23,23,23,23,23,23,23,23,23,23,23,23,23,23,23,23,23
Map_1298,310,428,39,39,39,39,39,39,39,39,39,39,39,39,39,39,32,31,32,31,32,31,32,31,32,31
Map_1299,364,184,31,31,50,42,31,34,31,34,31,34,31,35,31,35,35,34,35,34,35,34,35,34,35,34
Map_1300,199,200,39,39,81,52,39,39,39,39,39,39,39,39,39,39,30,34,30,34,30,34,30,57,30,57
Map_1301,86,178,26,26,26,26,26,25,26,25,26,25,25,25,25,25,26,25,26,25,26,25,26,25,26,25
Map_1302,329,33,26,26,33,57,21,21,21,21,21,21,21,21,21,21,21,17,21,17,21,17,21,17,21,17
Map_1303,44,589,20,20,20,20,17,17,17,17,17,17,17,17,17,17,17,17,17,17,17,17,17,17,17,17
Map_1304,35,177,85,40,59,45,35,43,35,43,35,43,43,35,35,35,29,43,29,43,27,43,29,43,29,43
Map_1305,16,113,13,13,13,13,13,13,13,13,13,13,13,13,13,13,13,13,13,13,13,13,13,13,13,13
Map_1306,21,167,18,18,18,18,18,18,18,18,18,18,18,18,18,18,19,18,19,18,19,18,19,18,19,18
Map_1307,24,65,30,30,30,29,22,22,22,22,22,22,22,22,22,22,22,22,22,22,22,22,22,22,22,22
Map_1308,9,93,9,9,9,13,9,9,9,9,9,9,9,9,9,9,9,9,13,9,13,9,9,9,9,9
Map_1309,554,459,80,58,76,53,34,50,34,50,34,50,34,50,34,50,34,34,34,34,34,34,34,34,34,34
Map_1310,261,117,63,82,63,70,63,63,63,63,63,63,73,73,73,73,58,60,58,60,58,60,58,60,60,60
Map_1311,563,458,184,24,240,175,24,24,24,24,24,24,24,24,24,24,25,24,25,24,25,24,24,24,24,24
Map_1312,427,224,65,65,65,336,74,74,74,74,74,74,74,74,74,74,21,21,21,21,21,21,27,27,27,27
Map_1313,19,326,30,18,23,55,15,15,15,15,15,15,15,15,15,15,15,15,15,15,15,15,15,15,15,15
Map_1314,401,200,128,44,136,71,24,21,24,21,24,21,24,21,24,21,54,21,54,21,54,21,54,21,54,21
Map_1315,289,280,68,68,38,76,73,72,73,72,73,72,72,72,72,72,83,52,54,35,54,35,83,52,73,52
Map_1316,376,337,73,88,85,68,63,71,63,71,63,71,88,71,88,71,64,71,64,71,64,71,64,71,63,71
Map_1317,630,587,54,54,54,54,44,44,44,44,44,44,44,44,44,44,47,44,47,44,47,44,47,44,44,44
Map_1318,613,119,63,63,88,80,54,54,54,54,54,54,54,54,54,54,54,59,54,59,54,59,54,45,54,45
Map_1319,40,174,31,31,31,35,21,21,21,21,21,21,21,21,21,21,21,21,21,21,21,21,21,21,21,21
Map_1320,11,337,11,11,11,156,148,11,148,11,148,11,148,11,147,11,22,11,25,11,25,11,22,11,23,11
Map_1321,215,167,24,24,24,29,24,19,24,19,24,19,19,19,19,19,24,19,24,19,24,19,24,19,24,19
Map_1322,610,496,34,34,34,34,30,31,30,31,30,31,30,31,30,31,28,28,28,33,28,33,28,28,28,28
Map_1323,12,35,12,12,12,12,12,12,12,12,12,12,12,12,12,12,12,12,12,12,12,12,12,12,12,12
Map_1324,588,190,27,25,17,34,17,17,17,17,17,17,17,17,17,17,17,17,17,17,17,17,17,17,17,17
Map_1325,572,413,78,63,78,452,37,53,37,53,37,53,37,53,37,53,38,37,38,37,38,37,38,37,38,37
Map_1326,578,176,19,19,19,19,19,19,19,19,19,19,19,19,19,19,19,19,19,19,19,19,19,19,19,19
Map_1327,20,137,15,15,15,15,15,15,15,15,15,15,15,15,15,15,15,15,15,15,15,15,15,15,15,15
Map_1328,13,16,6,6,6,6,6,6,6,6,6,6,6,6,6,6,6,6,9,6,9,6,6,6,6,6
Map_1329,44,37,23,23,23,26,23,23,23,23,23,23,23,23,23,23,23,23,23,23,23,23,23,23,23,23
Map_1330,577,176,68,67,68,81,78,82,78,82,78,82,92,92,92,92,61,47,61,47,61,47,47,78,47,80
Map_1331,559,149,11,11,11,12,11,11,11,11,11,11,11,11,11,11,11,11,11,11,11,11,11,11,11,11
Map_1332,6,178,6,6,6,6,6,6,6,6,6,6,6,6,6,6,6,6,6,6,6,6,6,6,6,6
Map_1333,42,146,49,57,49,45,25,25,25,25,25,25,25,25,25,25,25,25,33,25,33,25,25,25,25,25
Map_1334,430,497,144,144,144,126,68,41,68,41,68,41,77,41,77,41,74,64,72,64,70,64,75,64,75,69
Map_1335,6,36,6,6,6,7,6,6,6,6,6,6,6,6,6,6,6,6,6,6,6,6,6,6,6,6
Map_1336,8,85,8,8,8,8,6,6,6,6,6,6,6,6,6,6,6,6,6,6,6,6,6,6,6,6
Map_1337,6,140,6,6,6,6,6,6,6,6,6,6,6,6,6,6,6,6,6,6,6,6,6,6,6,6
Map_1338,22,300,39,453,39,39,44,44,44,44,44,44,44,44,44,44,20,20,20,20,20,20,20,20,20,20
Map_1339,346,232,78,79,110,81,71,81,71,81,71,81,84,81,84,81,48,47,54,47,54,47,48,47,48,47
Map_1340,13,219,13,13,13,13,13,13,13,13,13,13,13,13,13,13,13,11,13,11,13,11,13,11,13,11
Map_1341,622,386,567,567,567,147,160,181,160,181,160,181,181,181,181,181,49,41,38,48,38,48,41,41,41,41
Map_1342,311,86,19,19,19,36,19,19,19,19,19,19,19,19,19,19,19,19,19,19,19,19,19,19,19,19
Map_1343,399,241,37,37,37,188,27,27,27,27,27,27,27,27,27,27,27,27,33,27,32,27,27,27,27,27
Map_1344,183,130,83,83,80,124,80,80,80,80,80,80,92,92,92,92,89,83,79,83,79,83,83,83,83,83
Map_1345,628,281,51,51,51,53,50,51,50,51,50,51,51,51,51,51,74,48,74,48,74,48,74,48,74,48
Map_1346,21,76,16,15,16,16,18,15,18,15,18,15,18,15,18,15,19,16,19,16,19,16,18,15,18,15
Map_1347,599,162,32,25,43,105,24,25,24,25,24,25,24,25,24,25,31,24,31,24,31,24,24,24,24,24
Map_1348,46,399,17,17,17,17,17,17,17,21,17,21,17,17,17,17,17,17,17,17,17,17,17,17,17,17
Map_1349,7,259,7,7,7,10,7,7,7,7,7,7,7,7,7,7,7,7,7,7,7,7,7,7,7,7
Map_1350,42,129,46,41,45,45,38,38,38,38,38,38,38,38,38,38,31,30,31,30,31,30,31,30,31,30
Map_1351,420,232,38,38,51,51,39,38,39,38,39,38,38,38,38,38,41,38,41,38,41,38,39,38,39,38
Map_1352,8,326,8,8,8,8,8,8,8,8,8,8,8,8,8,8,8,8,8,8,8,8,8,8,8,8
Map_1353,71,177,20,20,23,27,20,20,20,20,20,20,20,20,20,20,20,20,25,17,25,17,20,20,20,20
Map_1354,588,122,15,15,15,15,15,15,15,15,15,15,15,15,15,15,15,15,15,15,15,15,15,15,15,15
Map_1355,435,167,69,69,131,82,151,67,151,35,151,35,125,67,125,67,99,37,101,37,101,37,99,32,99,32
Map_1356,591,395,65,65,65,65,60,65,60,65,60,65,60,65,60,65,60,65,60,64,60,64,60,65,60,65
Map_1357,606,263,54,54,54,73,54,54,54,54,54,54,54,54,54,54,51,52,39,52,39,52,54,52,54,54
Map_1358,293,194,22,21,29,22,21,18,21,18,21,18,21,18,21,18,19,18,19,18,19,18,19,18,19,18
Map_1359,93,97,87,263,106,90,106,106,106,106,106,106,96,96,96,96,32,32,32,32,32,32,32,32,32,32
Map_1360,578,272,103,38,74,105,34,38,34,38,34,38,32,38,32,38,37,32,37,32,37,34,34,32,34,32
Map_1361,33,177,11,11,11,11,11,11,11,11,11,11,11,11,11,11,11,11,11,11,11,11,11,11,11,11
Map_1362,571,97,28,28,28,37,29,28,29,28,29,28,29,28,29,28,29,23,29,16,29,16,29,23,29,23
Map_1363,51,281,22,22,17,37,20,17,20,17,20,17,20,17,20,17,20,17,20,17,20,17,20,17,20,17
Map_1364,399,211,14,14,18,14,14,14,14,14,14,14,14,14,14,14,14,14,14,14,14,14,14,14,14,14
Map_1365,538,107,260,236,163,71,34,33,34,33,34,33,33,33,33,33,20,22,20,19,20,19,20,22,20,35
Map_1366,14,380,14,14,14,14,14,13,14,13,14,13,13,13,13,13,13,13,13,13,13,13,13,13,13,13
Map_1367,40,103,19,19,19,22,20,19,20,19,20,19,20,19,20,19,21,16,21,16,21,16,21,16,21,16
Map_1368,8,13,8,8,8,11,8,8,8,8,8,8,8,8,8,8,8,8,8,8,8,8,8,8,8,8
Map_1369,178,396,73,73,73,93,80,64,80,64,80,64,80,64,80,64,61,50,52,50,52,50,61,50,61,69
Map_1370,451,170,33,33,33,38,20,20,20,20,20,20,20,20,20,20,20,20,20,20,20,20,20,20,20,20
Map_1371,325,294,84,83,57,86,62,35,62,35,62,35,60,35,60,35,69,32,78,32,78,32,63,32,63,32
Map_1372,560,248,170,170,171,100,68,68,68,68,68,68,68,68,68,68,68,68,109,68,109,68,68,68,68,68
Map_1373,168,526,42,41,41,57,38,34,38,34,38,34,38,34,38,34,28,29,24,29,24,29,28,34,28,34
Map_1374,90,148,72,64,84,92,61,49,61,49,61,49,59,49,59,49,30,30,30,30,30,30,30,30,30,30
Map_1375,492,289,94,112,572,549,64,66,64,66,64,66,64,60,64,60,74,60,75,60,75,60,73,60,64,60
Map_1376,576,142,16,16,44,75,15,15,15,15,15,15,15,15,15,15,15,15,15,15,15,15,15,15,15,15
Map_1377,16,129,10,10,10,14,10,10,10,10,10,10,10,10,10,10,10,10,10,10,10,10,10,10,10,10
Map_1378,47,90,35,35,59,37,35,35,35,35,35,35,35,35,35,35,25,25,25,25,25,25,25,25,25,25
Map_1379,105,133,50,45,50,65,32,32,32,32,32,32,32,32,32,32,32,29,32,29,32,29,32,29,32,29
Map_1380,638,440,20,20,20,20,20,20,20,20,20,20,20,20,20,20,20,20,20,20,20,20,20,20,20,20
Map_1381,46,69,28,28,28,26,20,20,20,20,20,20,20,20,20,20,21,15,21,15,21,15,19,19,19,19
Map_1382,9,341,8,8,8,13,8,8,8,8,8,8,8,8,8,8,8,8,8,8,8,8,8,8,8,8
Map_1383,93,297,40,40,40,50,37,40,37,40,37,40,37,40,37,40,22,22,22,22,22,22,22,22,22,22
Map_1384,14,87,14,14,14,14,14,14,14,14,14,14,14,14,14,14,14,14,14,14,14,14,14,14,14,14
Map_1385,31,263,18,18,18,22,18,18,18,18,18,18,18,18,18,18,18,18,18,18,18,18,18,18,18,18
Map_1386,42,73,25,22,25,25,13,13,13,13,13,13,13,13,13,13,13,13,13,13,13,13,13,13,13,13
Map_1387,610,363,52,52,52,69,52,47,52,47,52,47,52,47,52,47,46,45,46,46,46,46,46,45,42,45
Map_1388,583,198,37,34,37,37,34,34,34,34,34,34,34,34,34,34,27,25,27,25,27,25,25,25,25,25
Map_1389,574,295,68,61,68,134,58,51,58,51,58,51,51,51,51,51,67,108,67,108,67,108,108,160,185,160
Map_1390,12,98,12,12,12,13,12,12,12,12,12,12,12,12,12,12,12,12,13,12,13,12,12,12,12,12
Map_1391,187,598,35,35,35,80,67,35,67,35,67,35,67,35,67,35,67,35,63,35,63,35,67,35,67,35
Map_1392,11,25,6,6,6,16,6,6,6,6,6,6,6,6,6,6,6,6,6,6,6,6,6,6,6,6
Map_1393,495,201,65,79,52,61,52,52,52,52,52,52,71,59,73,59,62,40,62,40,62,40,62,57,62,57
Map_1394,23,34,14,14,14,14,14,14,14,14,14,14,14,14,14,14,14,14,16,14,16,14,14,14,14,14
Map_1395,21,170,10,10,10,14,10,10,10,10,10,10,10,10,10,10,10,10,10,10,10,10,10,10,10,10
Map_1396,33,487,27,27,27,35,24,24,24,24,24,24,24,24,24,24,22,19,24,19,24,19,22,19,22,19
Map_1397,590,592,30,30,30,129,30,30,30,30,30,30,30,30,30,30,31,29,31,29,31,29,29,30,30,30
Map_1398,508,225,40,40,40,40,40,39,40,39,40,39,39,39,39,39,40,21,40,21,40,21,40,21,40,21
Map_1399,592,283,125,456,477,345,102,116,102,116,102,116,101,131,101,131,69,90,82,73,82,73,97,90,97,90
Map_1400,506,271,63,51,63,236,165,51,165,51,165,51,106,51,130,51,36,48,36,48,36,48,36,48,127,48
Map_1401,485,505,54,54,54,54,54,54,54,54,54,54,54,54,54,54,64,54,68,54,68,54,64,54,64,54
Map_1402,9,318,9,9,9,19,9,9,9,9,9,9,9,9,9,9,9,9,9,9,9,9,9,9,9,9
Map_1403,6,325,6,6,6,6,6,6,6,6,6,6,6,6,6,6,6,6,6,6,6,6,6,6,6,6
Map_1404,639,398,33,33,33,227,36,35,36,35,36,35,35,35,35,35,37,35,37,35,37,35,36,35,36,35
Map_1405,15,208,15,14,14,15,14,14,14,14,14,14,14,14,14,14,14,14,14,14,14,14,14,14,14,14
Map_1406,41,75,25,25,38,25,25,25,25,25,25,25,25,25,25,25,25,25,25,25,25,25,25,25,25,25
Map_1407,552,356,30,30,30,34,30,30,30,30,30,30,30,30,30,30,30,30,30,30,30,30,30,30,30,30
Map_1408,189,156,20,20,20,20,20,20,20,20,20,20,20,20,20,20,20,20,20,20,20,20,20,20,20,20
Map_1409,31,183,24,24,24,24,24,28,24,28,24,28,24,28,24,28,31,28,31,28,31,28,24,28,24,28
Map_1410,310,217,77,64,85,139,64,65,58,65,58,65,64,61,64,61,63,26,63,26,63,26,56,26,56,26
Map_1411,24,56,10,10,10,14,10,10,10,10,10,10,10,10,10,10,14,10,14,10,14,10,10,10,10,10
Map_1412,59,186,27,27,30,27,27,27,27,27,27,27,27,27,27,27,27,26,27,26,27,26,27,26,27,26
Map_1413,41,161,31,31,31,53,31,31,31,31,31,31,31,31,31,31,16,27,16,27,16,27,16,31,16,31
Map_1414,38,284,37,37,37,26,23,23,23,23,23,23,23,23,23,23,23,22,23,22,23,22,23,22,23,22
Map_1415,35,278,16,21,16,16,15,13,15,13,15,13,13,13,13,13,15,13,15,13,15,13,15,13,15,13
Map_1416,19,51,14,13,13,14,13,13,13,13,13,13,13,13,13,13,13,13,13,13,13,13,13,13,13,13
Map_1417,616,41,44,44,44,80,22,22,22,22,22,22,22,22,22,22,28,22,28,22,28,22,22,22,22,22
Map_1418,35,231,35,35,35,39,33,33,33,33,33,33,41,38,41,38,33,29,33,29,40,29,33,29,33,29
Map_1419,218,346,21,21,21,21,21,21,21,21,21,21,21,21,21,21,23,21,23,21,23,21,23,21,23,21
Map_1420,542,324,43,43,37,52,44,43,44,43,44,43,44,43,44,43,58,49,58,49,58,49,58,49,58,57
Map_1421,5,23,5,5,5,5,5,5,5,5,5,5,5,5,5,5,5,5,5,5,5,5,5,5,5,5
Map_1422,124,304,30,31,30,34,30,30,30,30,30,30,31,31,31,31,27,25,27,25,27,25,27,25,27,25
Map_1423,357,310,32,32,37,32,32,32,33,32,33,32,32,32,32,32,32,16,32,16,32,16,32,24,32,24
Map_1424,445,164,59,65,90,48,65,47,65,47,65,47,42,47,42,47,45,42,45,70,45,70,45,45,45,47
Map_1425,5,12,5,5,5,5,5,5,5,5,5,5,5,5,5,5,5,5,5,5,5,5,5,5,5,5
Map_1426,566,392,59,61,74,67,58,58,58,58,58,58,58,58,58,58,69,78,69,78,69,78,78,78,78,78
Map_1427,10,24,10,10,10,10,10,10,10,10,10,10,10,10,10,10,10,10,10,10,10,10,10,10,10,10
Map_1428,37,184,48,48,48,37,37,48,37,48,37,48,48,48,48,48,32,37,32,32,32,32,32,37,32,48
Map_1429,31,259,32,32,32,56,29,29,29,29,29,29,29,29,29,29,26,24,26,24,32,24,26,29,28,29
Map_1430,18,125,58,19,44,22,20,24,20,24,20,24,19,24,19,24,20,19,20,19,20,19,20,19,20,19
Map_1431,506,214,103,103,103,256,112,124,112,124,112,124,112,124,125,128,97,67,97,67,97,67,89,67,89,67
Map_1432,335,227,49,46,49,57,39,42,39,42,39,42,39,42,39,42,63,36,53,36,53,36,39,36,39,36
Map_1433,22,63,17,17,22,17,17,17,17,17,17,17,17,17,17,17,17,17,17,17,17,17,17,17,17,17
Map_1434,30,284,21,21,21,22,14,14,14,14,14,14,14,14,14,14,14,14,14,14,14,14,14,14,14,14
Map_1435,99,98,27,27,29,38,26,21,26,21,26,21,21,21,21,34,21,21,20,21,20,21,21,21,21,21
Map_1436,10,88,10,10,10,10,10,10,10,10,10,10,10,10,10,10,10,10,10,10,10,10,10,10,10,10
Map_1437,20,313,31,28,28,26,31,19,31,19,31,19,28,19,28,19,20,19,22,19,22,19,32,19,32,19
Map_1438,360,371,47,63,63,68,67,86,67,86,67,86,83,83,83,83,67,30,67,30,67,30,67,30,67,30
Map_1439,42,410,27,27,27,40,27,27,27,27,27,27,27,27,27,27,33,27,44,27,44,27,33,27,33,27
Map_1440,29,137,11,11,11,11,11,9,11,9,11,9,11,9,11,9,11,9,11,9,11,9,11,9,11,9
Map_1441,13,20,13,13,15,13,13,13,13,13,13,13,13,13,13,13,12,12,12,12,12,12,12,12,12,12
Map_1442,501,182,29,29,29,30,29,33,29,33,29,33,29,33,29,33,33,33,34,30,34,30,30,33,30,33
Map_1443,13,199,13,13,13,13,14,13,14,13,14,13,13,13,13,13,14,13,14,13,14,13,14,13,14,13
Map_1444,9,92,9,9,9,9,9,9,9,9,9,9,9,9,9,9,9,9,9,9,9,9,9,9,9,9
Map_1445,36,42,27,27,27,41,27,25,27,25,27,25,27,25,27,25,25,20,25,20,25,20,25,20,25,20
Map_1446,19,213,21,21,21,22,16,21,16,21,16,21,16,21,16,21,16,16,20,16,20,16,16,16,16,21
Map_1447,333,270,39,39,39,39,39,39,39,39,39,39,39,39,39,39,39,39,41,39,41,39,39,39,39,39
Map_1448,576,348,31,31,189,38,32,32,32,32,32,32,32,32,32,32,31,32,31,34,31,34,31,32,32,32
Map_1449,11,139,7,7,7,27,7,7,7,7,7,7,7,7,7,7,7,7,7,7,7,7,7,7,7,7
Map_1450,30,332,15,15,15,15,18,18,18,18,18,18,18,18,18,18,18,15,18,15,18,15,18,15,18,15
Map_1451,462,250,28,28,28,28,28,28,28,28,28,28,28,28,28,28,28,28,28,28,28,28,28,28,28,28
Map_1452,541,116,30,30,30,35,30,56,30,56,30,56,30,89,30,82,16,16,23,16,23,16,16,16,16,16
Map_1453,282,150,28,26,58,30,25,29,25,29,25,29,25,29,25,29,25,24,32,24,32,24,25,24,25,24
Map_1454,32,97,44,33,44,171,104,154,102,154,102,154,33,32,33,32,20,20,20,20,26,20,20,21,20,21
Map_1455,7,70,8,7,6,8,7,7,7,7,7,7,7,7,7,7,7,6,7,6,7,6,7,6,7,6
Map_1456,17,235,17,17,17,99,54,53,54,53,54,53,54,60,60,60,32,17,32,17,32,17,31,17,41,17
Map_1457,575,264,499,372,572,258,207,276,207,276,207,276,271,276,271,276,78,74,78,68,78,68,78,74,78,74
Map_1458,15,52,12,12,12,14,10,12,10,12,10,12,10,12,10,12,10,10,10,10,10,10,10,10,10,10
Map_1459,495,125,19,19,19,25,19,19,19,19,19,19,19,19,19,19,24,19,24,19,24,19,24,19,19,19
Map_1460,447,189,31,30,31,31,29,30,29,30,29,30,29,30,29,30,29,16,29,16,29,16,29,16,29,16
Map_1461,9,220,12,12,12,12,12,14,12,14,12,14,12,14,12,14,9,9,9,9,9,9,9,9,9,9
Map_1462,583,205,57,57,57,58,52,57,52,57,52,57,56,60,56,60,46,38,48,38,48,38,38,38,38,38
Map_1463,616,154,36,31,36,44,30,30,30,30,30,30,30,30,30,30,41,29,41,29,41,29,41,29,41,29
Map_1464,55,314,87,87,87,68,45,38,45,38,45,38,45,38,45,38,38,38,44,39,44,39,38,38,38,38
Map_1465,325,239,7,7,7,7,7,7,7,7,7,7,7,7,7,7,7,7,7,7,7,7,7,7,7,7
Map_1466,19,137,19,19,19,31,27,25,27,25,27,25,27,25,27,25,18,18,18,18,18,18,18,19,18,19
Map_1467,43,357,29,40,29,25,19,19,19,19,19,19,19,19,19,19,24,19,25,24,25,24,62,19,41,19
Map_1468,422,145,34,34,254,34,34,34,34,34,34,34,34,34,34,34,34,34,34,34,34,34,34,34,34,34
Map_1469,607,244,66,66,66,52,33,33,33,33,33,33,33,33,33,33,49,57,52,57,52,57,52,66,55,66
Map_1470,584,215,85,84,434,454,23,22,23,22,23,22,23,22,23,22,23,22,23,22,23,22,23,22,23,22
Map_1471,433,283,23,23,21,35,19,19,19,19,19,19,19,19,19,19,23,18,23,18,23,18,23,18,19,18
Map_1472,22,46,26,24,26,26,26,27,26,27,26,27,24,30,24,30,25,24,23,24,23,24,25,24,25,24
Map_1473,501,238,103,102,103,32,30,30,30,30,30,30,30,30,30,30,54,54,84,54,84,54,54,54,38,54
Map_1474,9,36,9,9,10,14,9,9,9,9,9,9,9,9,9,9,9,9,9,9,9,9,9,9,9,9
Map_1475,7,21,7,7,7,9,7,7,7,7,7,7,7,7,7,7,7,7,7,7,7,7,7,7,7,7
Map_1476,22,37,20,24,24,20,17,17,17,17,17,17,17,17,17,17,17,17,17,17,17,17,17,17,17,17
Map_1477,23,217,12,12,12,12,12,12,12,12,12,12,12,12,12,12,12,12,12,12,12,12,12,12,12,12
Map_1478,623,272,358,338,404,229,28,25,28,25,28,25,45,45,45,45,28,25,28,25,28,25,28,25,28,25
Map_1479,14,36,13,13,13,14,13,13,13,13,13,13,13,13,13,13,13,13,13,13,13,13,13,13,13,13
Map_1480,59,232,51,51,54,66,20,45,20,45,20,45,20,45,20,45,23,20,23,20,23,20,65,20,65,20
Map_1481,9,47,9,9,9,9,9,9,9,9,9,9,9,9,9,9,9,9,9,9,9,9,9,9,9,9
Map_1482,6,71,6,6,6,6,6,6,6,6,6,6,6,6,6,6,6,6,6,6,6,6,6,6,6,6
Map_1483,22,173,22,22,17,19,17,17,17,17,17,17,17,17,17,17,17,15,17,15,17,15,17,15,17,15
Map_1484,658,442,579,569,579,391,417,240,417,240,417,240,229,231,229,236,431,231,510,231,317,231,336,230,337,230
Map_1485,81,116,105,131,105,154,224,49,142,49,142,49,224,49,224,56,112,63,44,63,44,63,108,63,74,63
Map_1486,599,209,127,171,171,86,83,83,83,83,83,83,198,336,336,336,43,40,61,40,61,40,40,40,40,40
Map_1487,9,106,10,9,10,10,10,9,10,9,10,9,9,9,9,9,10,9,10,9,10,9,10,9,10,9
Map_1488,106,376,118,118,118,135,84,79,84,79,84,79,79,79,79,79,37,35,37,35,37,35,37,35,37,35
Map_1489,94,191,11,11,11,11,11,11,11,11,11,11,11,11,11,11,11,11,11,11,11,11,11,11,11,11
Map_1490,118,391,184,60,194,226,60,60,60,60,60,60,60,60,60,60,85,60,85,60,85,60,60,60,60,60
Map_1491,446,284,403,400,89,252,76,183,76,183,76,183,71,168,71,185,43,91,43,91,43,44,43,160,43,160
Map_1492,457,479,19,19,19,21,19,19,19,19,19,19,19,19,19,19,24,19,24,19,24,19,19,19,19,19
Map_1493,174,187,21,21,22,155,21,21,21,21,21,21,21,21,21,21,21,21,21,21,21,21,21,21,21,21
Map_1494,96,112,85,74,106,93,67,67,67,67,67,67,67,67,67,67,51,58,51,57,51,57,53,58,52,58
Map_1495,6,14,6,6,6,10,6,6,6,6,6,6,6,6,6,6,8,6,8,6,8,6,7,6,7,6
Map_1496,6,83,7,6,7,10,6,6,6,6,6,6,6,6,6,6,7,6,7,6,7,6,6,6,6,6
Map_1497,35,449,34,19,34,82,19,19,19,19,19,19,19,19,19,25,33,19,32,19,32,19,33,19,19,19
Map_1498,581,124,15,15,15,15,15,15,15,15,15,15,15,15,15,15,15,15,15,15,15,15,15,15,15,15
Map_1499,352,335,22,22,87,29,19,19,19,19,19,19,19,19,19,19,22,19,22,19,22,19,22,19,19,19
Map_1500,16,63,10,10,10,24,10,10,10,10,10,10,10,10,10,10,10,10,26,10,26,10,10,10,10,10
Map_1501,187,348,71,72,41,40,40,40,40,40,40,40,40,40,40,40,36,21,36,21,55,21,27,21,27,21
Map_1502,55,311,31,31,31,41,108,346,108,346,108,346,101,356,101,360,41,38,41,38,41,38,41,41,41,41
Map_1503,190,63,21,21,30,29,59,21,59,21,59,21,59,21,79,21,21,22,21,22,21,21,24,22,22,22
Map_1504,645,272,283,353,396,393,203,203,203,203,203,203,91,88,91,88,92,48,48,48,48,48,92,48,92,48
Map_1505,604,81,29,29,29,29,29,29,29,29,29,29,29,29,29,29,29,14,29,14,29,14,29,14,29,14
Map_1506,399,253,99,99,99,293,99,99,99,99,99,99,99,99,99,99,62,99,62,112,62,112,62,99,62,99
Map_1507,149,104,11,11,11,11,11,11,11,11,11,11,11,11,11,11,11,11,11,11,11,11,11,11,11,11
Map_1508,20,45,17,16,17,33,17,18,17,18,17,18,16,18,16,18,17,16,17,16,17,16,17,16,17,16
Map_1509,6,378,6,6,6,7,6,6,6,6,6,6,6,6,6,6,6,6,6,6,6,6,6,6,6,6
Map_1510,7,22,8,8,8,10,7,7,7,7,7,7,7,7,7,7,7,7,7,7,7,7,7,7,7,7
Map_1511,42,184,20,20,20,35,20,20,20,20,20,20,20,20,20,20,20,20,20,20,20,20,20,20,20,20
Map_1512,36,392,36,36,36,65,81,36,81,36,81,36,81,36,81,36,51,36,51,36,51,36,67,36,67,36
Map_1513,11,313,11,11,11,11,11,11,11,11,11,11,11,11,11,11,11,11,11,11,11,11,11,11,11,11
Map_1514,530,346,51,51,51,264,15,21,15,21,15,21,15,21,15,21,15,15,15,15,15,15,15,15,15,21
Map_1515,70,121,24,38,24,30,29,24,29,24,29,24,29,38,29,38,27,24,28,24,28,24,27,24,27,24
Map_1516,11,77,6,6,6,6,6,6,6,6,6,6,6,6,6,6,6,6,6,6,6,6,6,6,6,6
Map_1517,442,452,45,45,45,139,45,45,45,45,45,45,45,45,45,45,100,45,85,45,85,45,94,45,93,45
Map_1518,197,244,12,12,12,18,12,12,12,12,12,12,12,12,12,12,12,12,12,12,12,12,12,12,12,12
Map_1519,258,141,36,36,36,39,36,40,36,40,36,40,36,40,36,40,34,34,34,34,34,34,34,34,34,34
Map_1520,536,485,370,261,262,377,40,291,40,291,40,291,40,254,40,254,40,141,40,327,40,327,40,141,40,151
Map_1521,509,383,33,33,33,28,28,28,28,28,28,28,28,28,28,28,24,28,24,28,24,28,24,24,24,24
Map_1522,205,425,100,100,112,480,58,58,58,58,58,58,58,61,61,61,76,45,76,45,76,45,76,45,76,45
Map_1523,282,91,33,33,33,46,33,33,33,33,33,33,33,43,43,43,27,26,28,26,28,26,27,26,27,26
Map_1524,465,276,155,147,155,68,62,62,62,62,62,62,62,62,62,62,52,49,52,49,52,49,52,87,53,92
Map_1525,566,197,82,104,104,82,29,29,29,29,29,29,29,29,29,29,29,29,29,29,29,29,29,29,29,29
Map_1526,315,223,27,27,27,25,16,16,16,16,16,16,16,16,16,16,17,16,17,16,17,16,17,16,17,16
Map_1527,425,99,160,160,197,65,146,120,146,120,146,120,60,60,60,60,30,29,30,29,30,29,39,29,39,29
Map_1528,12,19,9,9,9,15,9,9,9,9,9,9,9,9,9,9,10,9,10,9,10,9,10,9,10,9
Map_1529,10,339,12,10,12,12,10,10,10,10,10,10,10,10,10,10,10,10,10,10,10,10,10,10,10,10
Map_1530,288,157,38,38,264,66,22,22,22,22,22,22,22,22,22,22,22,22,22,22,22,22,22,22,22,22
Map_1531,43,342,19,19,19,19,19,19,19,19,19,19,19,19,19,19,25,19,25,19,25,19,25,19,25,19
Map_1532,74,192,39,39,39,43,21,21,21,21,21,21,21,21,21,21,22,21,22,23,22,23,21,21,21,21
Map_1533,37,65,16,16,16,23,15,16,15,16,15,16,16,16,16,16,15,15,15,15,15,15,15,16,15,16
Map_1534,31,513,26,26,26,55,46,32,46,32,46,32,46,36,49,36,40,32,40,32,40,32,40,32,40,32
Map_1535,10,170,10,10,10,10,10,10,10,10,10,10,10,10,10,10,10,10,10,10,10,10,10,10,10,10
Map_1536,45,467,20,18,28,20,18,15,18,15,18,15,18,15,18,15,20,15,20,15,20,15,20,15,18,15
Map_1537,336,424,316,147,343,377,60,163,60,163,60,163,60,179,60,141,50,53,55,53,55,53,50,53,50,347
Map_1538,581,445,103,116,43,118,80,35,80,35,80,35,87,35,87,35,98,35,65,35,65,35,80,35,80,35
Map_1539,26,503,26,26,26,27,21,26,21,26,21,26,34,26,26,26,29,23,29,23,29,23,29,23,25,23
Map_1540,451,436,55,55,55,101,55,93,55,93,55,93,54,93,54,93,97,114,97,114,97,114,97,114,97,114
Map_1541,207,219,117,123,89,180,50,50,50,50,50,50,50,50,50,50,50,50,50,50,50,50,50,50,50,50
Map_1542,19,87,18,18,18,27,18,18,18,18,18,18,18,18,18,18,16,16,16,16,16,16,16,16,16,16
Map_1543,10,19,9,9,9,13,9,9,9,9,9,9,9,9,9,9,9,9,9,9,9,9,9,9,9,9
Map_1544,125,269,104,142,84,201,83,83,83,83,83,83,83,168,91,168,33,33,33,33,33,33,33,33,33,33
Map_1545,30,145,28,28,36,28,28,28,28,28,28,28,28,28,28,28,28,29,28,29,28,29,28,29,28,29
Map_1546,174,206,16,15,16,106,15,15,15,15,15,15,15,15,15,15,15,15,18,15,18,15,15,15,15,15
Map_1547,5,13,4,4,4,4,4,4,4,4,4,4,4,4,4,4,4,4,4,4,4,4,4,4,4,4
Map_1548,9,265,9,9,9,12,9,9,9,9,9,9,9,9,9,9,12,9,12,9,12,9,9,9,9,9
Map_1549,643,257,481,540,581,519,29,29,29,29,29,29,29,29,29,29,26,26,26,26,26,26,26,26,26,26
Map_1550,45,58,61,112,50,61,25,61,25,61,25,61,25,68,25,68,27,45,27,45,27,45,27,45,25,60
Map_1551,35,558,23,23,23,28,23,23,23,23,23,23,23,23,23,23,25,23,25,23,25,23,25,23,23,23
Map_1552,106,182,25,25,28,23,19,19,19,19,19,19,19,19,19,19,18,18,18,18,18,18,18,18,18,18
Map_1553,444,243,53,53,53,59,49,49,49,49,49,49,49,49,49,49,23,23,23,23,23,23,47,23,47,23
Map_1554,6,16,6,6,6,6,6,6,6,6,6,6,6,6,6,6,6,6,6,6,6,6,6,6,6,6
Map_1555,15,42,14,14,14,14,14,15,14,15,14,15,14,15,14,15,14,14,13,14,13,14,14,14,14,14
Map_1556,571,110,134,141,153,310,61,61,61,61,61,61,61,61,61,61,57,69,57,65,57,65,57,69,62,69
Map_1557,209,461,51,33,37,82,46,33,46,33,46,33,32,32,32,32,47,35,47,35,57,35,32,33,32,33
Map_1558,12,21,10,10,10,10,10,10,10,10,10,10,10,10,10,10,10,10,10,10,10,10,10,10,10,10
Map_1559,15,125,12,12,12,12,12,12,12,12,12,12,12,12,12,12,12,12,12,12,12,12,12,12,12,12
Map_1560,23,78,16,16,16,18,15,16,15,16,15,16,15,16,15,16,14,14,14,14,14,14,15,16,15,16
Map_1561,455,377,32,32,43,32,32,32,32,32,32,32,32,32,32,32,32,32,32,32,32,32,32,32,32,32
Map_1562,23,64,11,11,11,11,11,11,11,11,11,11,11,11,11,11,13,10,13,10,13,10,13,10,13,10
Map_1563,32,329,20,20,32,20,20,20,20,20,20,20,20,20,20,20,20,20,20,20,20,20,20,20,20,20
Map_1564,622,427,27,27,27,27,27,27,27,27,27,27,27,27,27,27,26,26,26,26,26,26,26,26,26,26
Map_1565,617,393,19,19,19,254,19,19,19,19,19,19,19,19,19,19,19,19,19,19,19,19,19,19,19,19
Map_1566,16,58,16,16,17,34,16,26,16,26,16,26,16,26,16,26,16,14,16,14,16,14,16,14,16,14
Map_1567,612,488,173,128,200,511,93,89,93,89,93,89,93,89,93,89,94,93,99,93,99,93,93,89,93,89
Map_1568,58,136,47,47,47,58,48,46,48,46,48,46,46,46,46,46,45,38,43,38,43,45,45,38,45,38
Map_1569,27,65,25,45,25,18,16,34,16,34,16,34,16,32,16,32,14,13,14,13,14,13,14,13,14,13
Map_1570,224,419,46,44,48,35,44,44,44,44,44,44,44,44,44,44,35,34,35,34,35,34,35,34,42,34
Map_1571,534,269,32,34,34,35,32,28,32,28,32,28,28,28,28,28,32,28,32,25,32,25,32,28,32,28
Map_1572,458,369,19,19,19,56,19,19,19,19,19,19,19,19,19,19,30,19,33,19,33,19,19,19,19,19
Map_1573,126,113,49,49,49,29,27,27,27,27,27,27,27,27,27,27,36,27,35,27,35,27,30,27,30,27
Map_1574,14,67,11,11,10,11,10,10,10,10,10,10,10,10,10,10,10,10,10,10,10,10,10,10,10,10
Map_1575,521,439,132,132,132,231,132,114,132,114,132,114,132,114,132,114,128,106,97,106,97,106,128,106,128,106
Map_1576,16,240,25,24,25,25,24,12,24,12,24,12,24,12,24,12,16,12,16,12,16,12,16,12,24,12
Map_1577,604,561,40,40,40,41,42,40,42,40,42,40,42,40,42,40,42,40,44,40,44,40,42,40,42,40
Map_1578,185,281,26,26,26,37,24,27,24,27,24,27,27,27,27,27,34,24,39,24,39,24,34,27,34,27
Map_1579,638,454,188,532,183,152,167,119,167,119,167,119,30,30,30,30,30,30,34,30,34,30,30,30,30,30
Map_1580,339,130,147,142,95,99,71,85,71,85,71,85,70,70,70,70,74,85,74,85,79,85,74,85,73,85
Map_1581,546,168,100,100,100,35,35,35,35,35,35,35,35,35,35,35,35,35,37,35,37,35,35,35,35,35
Map_1582,265,282,19,19,19,463,19,19,19,19,19,19,19,19,19,19,19,19,19,19,19,19,19,19,19,19
Map_1583,546,182,18,18,51,18,18,18,18,18,18,18,18,18,18,18,18,18,18,18,18,18,18,18,18,18
Map_1584,31,140,9,9,9,9,14,9,14,9,14,9,14,9,14,9,14,9,14,9,14,9,14,9,14,9
Map_1585,18,32,8,8,8,8,8,8,8,8,8,8,8,8,8,8,8,8,8,8,8,8,8,8,8,8
Map_1586,28,256,26,26,27,32,26,26,26,26,26,26,26,26,26,26,26,17,26,17,26,17,26,17,26,17
Map_1587,18,209,14,13,14,26,13,13,13,13,13,13,13,13,13,13,13,11,13,11,13,11,13,11,13,11
Map_1588,463,225,49,49,49,97,77,77,77,77,77,77,77,76,76,76,119,76,119,76,88,76,77,76,77,76
Map_1589,143,454,36,38,63,37,34,32,34,32,34,32,32,32,32,32,28,25,28,25,28,25,28,25,28,25
Map_1590,623,226,145,145,192,118,128,130,128,130,128,130,146,145,145,145,139,66,140,56,140,56,139,66,139,66
Map_1591,6,229,6,6,6,6,6,6,6,6,6,6,6,6,6,6,6,6,6,6,6,6,6,6,6,6
Map_1592,7,76,7,7,7,7,7,7,7,7,7,7,7,7,7,7,8,7,8,7,8,7,7,7,7,7
Map_1593,629,402,536,587,586,552,49,36,49,36,49,36,58,36,58,36,49,36,49,36,49,36,49,36,49,36
Map_1594,391,312,190,190,416,106,113,108,113,108,113,108,113,120,132,132,103,103,112,120,112,120,103,103,93,103
Map_1595,123,203,38,38,38,38,24,24,24,24,24,24,24,24,24,24,52,23,52,23,52,23,56,23,50,23
Map_1596,35,69,8,8,8,14,8,8,8,8,8,8,8,8,8,8,8,8,8,8,8,8,8,8,8,8
Map_1597,499,379,34,34,34,52,34,34,34,34,34,34,34,34,34,34,31,34,31,34,31,34,31,34,31,34
Map_1598,513,149,15,15,15,15,15,15,15,15,15,15,15,15,15,15,15,15,15,15,15,15,15,15,15,15
Map_1599,25,160,50,50,50,47,46,20,46,20,46,20,46,20,46,20,46,20,43,20,43,20,43,20,43,20
Map_1600,267,209,48,46,47,96,44,39,44,39,44,39,44,39,44,39,34,28,34,28,34,28,35,28,35,28
Map_1601,77,70,43,42,42,55,43,48,43,48,43,48,45,48,45,48,20,18,20,18,20,18,20,18,20,18
Map_1602,51,78,16,16,28,16,16,16,16,16,16,16,16,16,16,16,16,16,16,16,16,16,16,16,16,16
Map_1603,491,199,28,28,28,33,28,28,28,28,28,28,45,45,45,45,41,28,43,28,43,28,41,28,41,28
Map_1604,631,279,57,57,263,62,56,77,56,77,56,77,56,77,55,77,56,63,56,63,56,63,56,63,56,63
Map_1605,401,274,74,65,152,82,54,50,54,50,54,50,96,96,118,136,28,27,28,27,28,27,27,27,27,27
Map_1606,78,150,50,66,50,102,48,48,49,49,49,49,48,48,48,48,42,37,35,37,35,37,52,37,52,37
Map_1607,48,88,24,15,24,24,15,15,15,15,15,15,15,15,15,15,18,15,18,15,23,15,15,15,15,15
Map_1608,16,325,16,16,16,16,16,16,16,16,16,16,16,16,16,16,16,16,16,16,16,16,16,16,16,16
Map_1609,560,323,9,9,9,9,7,7,7,7,7,7,7,7,7,7,7,7,7,7,7,7,7,7,7,7
Map_1610,8,21,8,8,8,11,8,8,8,8,8,8,8,8,8,8,8,8,8,8,8,8,8,8,8,8
Map_1611,194,277,33,33,32,58,37,32,37,32,37,32,37,32,37,32,28,28,30,28,30,28,28,28,28,28
Map_1612,88,319,16,16,16,16,16,16,16,16,16,16,16,16,16,16,16,16,16,16,16,16,16,16,16,16
Map_1613,22,376,23,23,23,191,23,22,23,22,23,22,22,22,22,22,22,22,22,22,22,22,22,22,22,22
Map_1614,9,59,10,10,10,15,9,9,9,9,9,9,9,9,9,9,9,9,9,9,9,9,9,9,9,9
Map_1615,10,310,10,10,10,20,10,10,10,10,10,10,10,10,10,10,10,10,10,10,10,10,10,10,10,10
Map_1616,612,446,276,82,282,174,66,66,66,66,66,66,66,66,66,66,85,67,126,67,126,67,82,67,82,67
Map_1617,29,307,27,27,27,25,17,18,17,18,17,18,17,21,17,21,17,18,17,18,17,18,17,18,17,18
Map_1618,54,76,26,26,26,35,26,26,26,26,26,26,26,26,26,26,26,26,26,26,26,26,26,26,26,26
Map_1619,51,233,185,108,161,102,95,86,95,86,95,86,95,86,95,86,79,87,80,87,80,87,82,87,82,87
Map_1620,461,299,367,442,478,318,99,101,103,101,103,101,110,101,110,101,67,99,96,55,96,55,67,101,67,101
Map_1621,605,375,225,241,225,236,201,177,201,177,201,177,209,239,239,239,151,159,151,159,151,159,151,161,151,161
Map_1622,551,251,231,302,230,114,184,73,184,73,184,73,191,172,191,172,130,81,133,81,133,81,129,81,113,81
Map_1623,581,371,112,129,112,43,31,31,31,31,31,31,31,31,31,31,31,31,31,31,31,31,31,31,31,31
Map_1624,613,313,19,19,19,19,19,19,19,19,19,19,19,19,19,19,19,19,19,19,19,19,19,19,19,19
Map_1625,60,259,53,53,53,33,30,30,30,30,30,30,30,30,30,30,30,30,30,30,30,30,30,30,30,30
Map_1626,31,170,26,26,26,28,26,26,26,26,26,26,26,26,26,26,26,26,26,26,26,26,26,26,31,26
Map_1627,15,236,12,12,12,12,12,18,12,18,12,18,12,18,12,18,12,12,12,12,12,12,12,12,12,12
Map_1628,110,99,86,75,124,114,78,70,78,70,78,70,70,70,70,70,85,69,85,69,85,69,85,69,97,69
Map_1629,8,19,8,8,8,10,8,8,8,8,8,8,8,8,8,8,8,8,8,8,8,8,8,8,8,8
Map_1630,477,278,58,58,58,60,59,59,59,59,59,59,59,59,59,59,59,58,59,52,59,52,59,58,59,58
Map_1631,12,183,12,12,12,13,12,12,12,12,12,12,12,12,12,12,12,12,12,12,12,12,12,12,12,12
Map_1632,26,513,22,22,22,23,22,27,22,27,22,27,22,27,22,27,39,22,39,22,39,22,39,22,55,22
Map_1633,450,151,83,83,123,105,63,83,63,84,63,84,63,83,63,83,49,35,49,35,49,35,44,35,44,58
Map_1634,602,376,20,20,20,26,53,20,53,20,53,20,46,20,46,20,24,18,24,18,24,18,24,18,28,20
Map_1635,77,65,81,119,52,73,38,160,38,160,38,160,37,75,119,75,38,38,38,38,38,38,38,69,38,69
Map_1636,196,351,57,57,80,95,50,38,50,38,50,38,50,38,50,38,50,38,50,38,50,38,50,38,50,38
Map_1637,13,42,11,11,11,11,11,10,11,10,11,10,11,10,11,10,11,10,11,10,11,10,11,10,11,10
Map_1638,33,66,31,31,31,54,15,15,15,15,15,15,15,15,15,15,16,15,16,15,16,15,15,15,15,15
Map_1639,86,303,24,24,24,73,24,24,24,24,24,24,24,24,24,24,62,24,62,24,62,24,64,24,24,24
Map_1640,591,79,47,46,47,72,64,64,64,64,64,64,64,64,72,72,50,62,46,62,46,62,50,68,50,68
Map_1641,405,313,223,199,218,232,194,194,194,194,194,194,194,194,194,194,119,67,119,58,125,58,194,67,194,67
Map_1642,31,185,20,20,21,20,20,20,20,20,20,20,20,20,20,20,20,20,20,21,20,21,20,20,20,20
Map_1643,554,243,29,29,29,29,29,118,29,118,29,118,29,122,29,122,29,29,40,29,40,29,29,29,29,29
Map_1644,141,231,27,27,27,27,27,38,27,38,27,38,45,38,45,38,27,25,27,25,27,25,27,38,27,38
Map_1645,51,165,42,41,44,46,29,29,29,29,29,29,29,29,29,29,29,29,31,29,31,29,29,29,29,29
Map_1646,470,365,156,103,134,178,69,155,69,155,69,155,104,113,104,113,96,85,96,91,96,91,96,110,96,90
Map_1647,239,203,38,35,51,41,35,36,35,36,35,36,35,36,35,36,33,30,33,30,33,30,33,30,30,30
Map_1648,30,69,39,39,38,33,30,30,30,30,30,30,30,30,30,30,31,24,31,25,31,25,30,26,30,26
Map_1649,22,437,23,23,23,23,23,21,23,21,23,21,21,21,21,21,23,20,28,20,28,20,23,20,23,20
Map_1650,573,349,126,104,128,109,72,104,72,104,72,104,111,106,111,106,73,33,73,33,73,33,72,33,72,33
Map_1651,43,109,28,28,28,32,19,19,19,19,19,19,19,19,19,19,20,19,20,19,20,19,19,19,19,19
Map_1652,214,162,15,15,15,15,15,15,15,15,15,15,15,15,15,15,15,15,15,15,15,15,15,15,15,15
Map_1653,481,253,162,60,177,67,278,19,278,19,278,19,282,19,282,19,44,19,206,19,206,19,44,19,230,19
Map_1654,73,176,18,18,22,21,18,18,18,18,18,18,18,18,18,18,18,18,18,18,18,18,18,18,18,18
Map_1655,600,220,26,42,26,26,26,26,26,26,26,26,26,26,42,42,26,26,26,26,30,26,26,26,26,26
Map_1656,100,509,36,36,503,34,31,31,31,31,31,31,31,31,31,31,31,31,31,31,31,31,31,31,31,31
Map_1657,31,303,25,19,25,36,19,19,19,19,19,19,19,19,19,19,42,19,46,19,46,19,19,19,19,19
Map_1658,12,46,12,12,12,12,12,12,12,12,12,12,12,12,12,12,19,12,19,11,19,11,12,12,12,12
Map_1659,9,18,9,9,9,12,9,9,9,9,9,9,9,9,9,9,9,9,9,9,9,9,9,9,9,9
Map_1660,542,302,64,64,68,63,34,62,34,62,34,62,34,66,34,66,58,34,35,34,35,35,45,34,34,34
Map_1661,406,106,51,48,51,39,63,58,63,58,63,58,62,104,62,104,67,39,67,39,67,39,63,48,63,48
Map_1662,35,140,70,64,105,72,64,68,64,68,64,68,64,68,64,68,51,46,51,46,51,46,51,46,60,46
Map_1663,590,251,31,31,31,29,31,32,31,32,31,32,31,32,31,32,29,29,30,29,30,29,29,31,31,32
Map_1664,11,234,11,11,11,11,11,11,11,11,11,11,11,11,11,11,11,11,11,11,11,11,11,11,11,11
Map_1665,238,186,68,56,78,37,49,49,49,49,49,49,56,56,56,56,27,33,28,33,28,33,32,35,27,35
Map_1666,10,94,10,10,10,10,10,10,10,10,10,10,10,10,10,10,10,10,10,10,10,10,10,10,10,10
Map_1667,386,98,12,12,12,12,17,12,17,12,17,12,17,12,17,12,17,12,17,12,17,12,17,12,17,12
Map_1668,38,82,38,45,38,28,25,25,25,25,25,25,25,25,25,25,15,15,15,15,15,15,15,15,15,15
Map_1669,9,279,9,9,9,9,9,9,9,9,9,9,9,9,9,9,9,9,9,9,9,9,9,9,9,9
Map_1670,26,100,19,19,19,66,19,19,19,19,19,19,19,19,19,19,19,19,19,19,19,19,19,19,19,19
Map_1671,593,504,375,380,420,366,173,173,173,173,173,173,257,279,279,279,100,96,100,96,100,96,96,96,96,155
Map_1672,12,56,9,9,9,9,9,9,9,9,9,9,9,9,9,9,9,9,9,9,9,9,9,9,9,9
Map_1673,27,251,12,12,12,15,12,12,12,12,12,12,12,12,12,12,12,12,12,12,12,12,12,12,12,12
Map_1674,615,283,19,19,19,69,19,49,19,49,19,49,19,49,19,49,19,19,19,19,19,19,19,19,19,19
Map_1675,391,229,68,68,68,84,67,68,67,68,67,68,68,68,157,146,66,34,66,34,66,34,34,34,34,34
Map_1676,11,177,11,11,11,11,11,11,11,11,11,11,11,11,11,11,13,11,13,11,13,11,13,11,13,11
Map_1677,12,25,10,10,10,12,10,10,10,10,10,10,10,10,10,10,10,9,10,9,10,9,9,9,9,9
Map_1678,91,550,53,78,401,104,44,66,44,66,44,66,44,66,44,66,50,51,50,51,50,51,50,58,44,58
Map_1679,22,133,12,11,14,12,11,11,11,11,11,11,11,11,11,11,11,11,11,11,11,11,11,11,11,11
Map_1680,39,174,27,154,27,32,22,27,22,27,22,27,22,90,22,90,22,22,22,22,22,22,22,22,22,22
Map_1681,285,257,181,181,168,255,247,139,247,139,247,139,266,255,265,255,145,137,145,137,145,137,144,137,191,137
Map_1682,531,444,173,173,168,474,77,65,77,65,77,65,65,65,65,65,77,62,97,62,97,62,77,63,77,63
Map_1683,588,505,55,55,55,75,55,55,55,55,55,55,530,224,530,224,200,55,200,55,201,55,200,88,219,88
Map_1684,269,178,38,38,38,115,60,15,60,15,60,15,60,15,60,15,55,15,38,15,38,15,55,15,55,15
Map_1685,454,208,16,16,16,82,16,16,16,16,16,16,16,16,16,16,20,16,19,17,19,17,17,16,17,16
Map_1686,411,78,12,12,12,12,12,12,12,12,12,12,12,12,12,12,12,12,12,12,12,12,12,12,12,12
Map_1687,401,212,15,15,10,15,10,10,10,10,10,10,10,10,10,10,10,10,19,10,19,10,10,10,10,10
Map_1688,562,422,80,75,75,97,80,60,80,60,80,60,75,60,75,70,154,60,154,60,154,60,162,60,80,60
Map_1689,211,104,16,15,16,16,15,14,15,14,15,14,15,14,15,14,16,14,16,14,16,14,15,14,15,14
Map_1690,35,94,25,23,20,25,23,23,22,22,22,22,23,23,23,23,24,20,24,20,24,20,23,20,23,20
Map_1691,25,60,11,11,11,11,11,11,11,11,11,11,11,11,11,11,11,11,11,11,11,11,11,11,11,11
Map_1692,25,135,26,26,26,26,21,21,21,21,21,21,21,21,21,21,21,25,21,25,21,25,21,26,21,26
Map_1693,21,62,11,11,11,11,11,11,11,11,11,11,11,11,11,11,11,11,11,11,11,11,11,11,11,11
Map_1694,612,529,71,71,71,121,91,71,91,71,91,71,71,71,71,71,83,54,82,50,82,50,72,71,72,71
Map_1695,16,124,14,14,14,19,14,14,14,14,14,14,14,14,14,14,14,14,14,14,16,14,14,14,14,14
Map_1696,121,422,111,41,52,98,38,41,38,41,38,41,38,41,38,41,30,28,30,28,30,28,30,28,38,28
Map_1697,461,291,166,110,168,74,71,27,71,27,71,27,191,27,190,27,27,27,27,27,27,27,27,27,27,27
Map_1698,541,189,31,31,31,44,31,31,31,31,31,31,31,31,31,31,34,31,34,31,34,31,34,31,34,31
Map_1699,13,94,16,16,10,20,19,10,19,10,19,10,19,10,19,10,13,10,15,10,15,10,13,10,13,10
Map_1700,7,14,6,6,6,7,6,6,6,6,6,6,6,6,6,6,6,6,6,6,6,6,6,6,6,6
Map_1701,22,465,22,22,22,30,22,22,22,22,22,22,22,22,22,22,22,22,22,22,22,22,22,22,22,22
Map_1702,17,224,15,15,15,15,15,15,15,15,15,15,15,15,15,15,15,15,15,15,15,15,15,15,15,15
Map_1703,627,305,57,55,55,57,59,56,59,56,59,56,56,56,56,56,79,56,70,56,74,44,154,56,154,56
Map_1704,12,242,12,12,12,12,12,11,12,11,12,11,11,11,11,11,11,11,11,11,11,11,11,11,11,11
Map_1705,556,317,25,12,13,12,12,12,12,13,12,13,12,12,12,12,12,12,12,12,12,12,12,12,12,12
Map_1706,535,262,83,149,87,163,172,59,172,59,172,59,137,147,147,147,85,82,207,82,207,82,172,58,172,58
Map_1707,494,400,208,105,208,158,91,85,91,85,91,85,80,89,79,89,60,48,60,48,60,48,86,48,86,48
Map_1708,50,141,9,9,9,10,9,9,9,9,9,9,9,9,9,9,9,9,12,9,12,9,9,9,9,9
Map_1709,290,350,107,107,107,190,96,104,96,104,96,104,92,104,92,104,67,87,67,87,67,87,67,87,67,87
Map_1710,145,112,23,22,22,23,21,21,21,21,21,21,21,21,21,21,15,15,15,15,15,15,15,15,15,15
Map_1711,154,148,49,49,50,55,48,67,48,67,48,67,48,67,48,67,48,53,48,53,60,53,48,53,48,53
Map_1712,535,405,332,176,401,212,172,31,172,31,172,31,165,300,165,300,31,166,31,189,31,87,98,166,107,168
Map_1713,14,56,10,10,10,16,10,10,10,10,10,10,10,10,10,10,10,10,10,10,10,10,10,10,10,10
Map_1714,75,76,76,71,73,92,41,38,41,38,41,38,40,38,40,38,43,37,43,37,43,37,43,37,43,37
Map_1715,348,228,61,79,79,261,37,60,37,60,37,60,76,38,38,38,35,77,35,76,35,76,37,59,37,59
Map_1716,114,489,38,28,28,38,28,34,28,34,28,34,28,34,28,34,28,34,28,33,28,33,28,34,28,34
Map_1717,591,133,33,51,488,46,36,56,36,51,36,51,56,56,56,56,36,36,36,36,36,36,36,56,36,56
Map_1718,496,121,25,25,25,31,25,37,25,37,25,37,25,37,25,37,25,25,25,25,25,25,25,25,25,25
Map_1719,175,395,33,33,37,37,33,26,33,26,33,26,33,26,33,26,33,26,33,26,34,26,33,26,33,26
Map_1720,470,138,87,87,94,91,87,84,87,84,87,84,90,84,90,88,84,42,88,42,88,42,87,42,87,42
Map_1721,34,404,38,38,45,41,38,38,38,38,38,38,38,38,38,38,35,34,35,34,35,31,38,34,38,34
Map_1722,552,323,50,50,50,115,37,49,37,49,37,49,49,49,49,49,25,25,25,25,25,25,25,25,25,25
Map_1723,154,120,16,16,16,16,16,16,16,16,16,16,16,16,16,16,16,16,16,16,16,16,16,16,16,16
Map_1724,7,24,7,7,7,37,7,7,7,7,7,7,7,7,7,7,7,7,7,7,7,7,7,7,7,7
Map_1725,263,524,78,78,78,202,60,44,60,44,60,44,44,44,44,44,24,24,29,24,29,24,24,24,24,24
Map_1726,564,117,65,108,88,45,34,34,34,34,34,34,34,34,34,34,29,30,29,28,29,28,29,30,29,30
Map_1727,525,405,37,36,37,85,38,38,38,38,38,38,38,38,38,38,32,33,32,34,32,34,32,33,32,33
Map_1728,24,216,15,15,15,21,15,13,15,13,15,13,15,13,15,13,13,13,13,13,13,13,15,13,15,13
Map_1729,35,234,12,12,12,12,12,12,12,12,12,12,12,12,12,12,14,12,14,12,14,12,14,12,14,12
Map_1730,542,393,58,58,58,55,24,24,24,24,24,24,24,24,24,24,24,24,24,24,24,25,24,24,24,24
Map_1731,62,311,19,19,19,23,18,16,18,17,18,17,18,16,18,16,18,16,18,16,18,16,18,16,18,16
Map_1732,483,530,82,56,118,106,56,56,56,56,56,56,56,56,56,56,69,20,23,20,23,20,35,20,59,20
Map_1733,180,273,65,65,90,221,65,65,54,65,54,65,65,65,65,65,28,25,28,25,28,25,27,25,27,41
Map_1734,609,143,32,32,32,77,32,32,32,32,32,32,32,32,32,32,32,32,42,32,42,32,32,32,32,32
Map_1735,12,410,14,14,14,29,12,12,12,12,12,12,12,12,12,12,12,12,12,12,12,12,12,12,12,12
Map_1736,13,46,14,13,14,15,11,13,11,13,11,13,11,13,11,13,12,11,12,11,12,11,12,11,12,11
Map_1737,42,217,12,12,12,12,12,14,12,14,12,14,12,14,12,14,12,12,12,12,12,12,12,12,12,12
Map_1738,7,23,7,7,7,15,7,7,7,7,7,7,7,7,7,7,7,7,7,7,7,7,7,7,7,7
Map_1739,76,184,18,18,28,18,18,17,18,17,18,17,17,17,17,17,17,17,17,17,17,17,17,17,17,17
Map_1740,53,205,20,20,20,36,20,18,20,18,20,18,20,18,20,18,20,18,20,18,20,18,20,18,20,18
Map_1741,588,495,171,512,186,38,32,32,32,32,32,32,32,32,32,32,32,44,32,39,32,39,32,44,32,44
Map_1742,597,277,21,21,21,21,21,21,21,21,21,21,21,21,21,21,21,21,21,21,21,21,21,21,21,21
Map_1743,6,26,6,6,6,6,6,6,6,6,6,6,6,6,6,6,6,6,6,6,6,6,6,6,6,6
Map_1744,609,457,63,63,65,64,63,52,63,52,63,52,63,69,63,69,64,46,64,46,57,46,63,63,63,63
Map_1745,450,409,84,60,84,334,60,60,60,60,60,60,86,86,86,86,69,75,66,75,66,66,65,60,60,60
Map_1746,57,93,16,16,16,16,16,16,16,16,16,16,16,16,16,16,18,16,18,16,18,16,16,16,16,16
Map_1747,16,135,19,19,19,25,16,16,16,16,16,16,16,16,16,16,16,16,16,16,16,16,16,16,16,16
Map_1748,113,359,35,35,35,44,35,35,35,35,35,35,35,35,35,35,35,35,39,35,39,35,35,35,35,35
Map_1749,583,383,30,28,29,31,29,28,29,28,29,28,28,28,28,28,29,28,29,28,29,28,29,28,29,28
Map_1750,608,202,356,226,355,480,154,154,154,154,154,154,228,228,228,228,153,90,220,90,220,90,153,93,153,93
Map_1751,636,337,254,254,302,499,224,220,224,220,224,220,220,220,220,220,70,329,77,232,77,232,70,195,69,195
Map_1752,536,212,89,72,42,56,39,39,39,39,39,39,39,39,39,39,33,33,33,33,33,33,33,33,33,33
Map_1753,623,438,445,51,435,502,51,44,51,44,51,44,51,44,59,44,51,51,51,41,51,41,51,44,51,44
Map_1754,11,46,10,10,10,22,10,10,10,10,10,10,10,10,10,10,10,10,10,10,10,10,10,10,10,10
Map_1755,39,119,24,24,24,24,24,29,24,29,24,29,24,29,24,29,26,18,26,18,26,18,24,18,24,18
Map_1756,613,437,393,393,344,375,263,285,263,285,263,285,355,413,355,413,114,232,112,128,112,128,78,221,78,221
Map_1757,9,172,9,9,9,11,9,9,9,9,9,9,9,9,9,9,9,9,9,9,9,9,9,9,9,9
Map_1758,316,300,59,59,59,59,57,57,57,57,57,57,57,57,57,57,55,54,55,54,55,54,64,54,108,54
Map_1759,164,232,39,39,39,39,39,60,39,60,39,60,39,59,39,59,28,28,28,28,28,28,39,28,39,28
Map_1760,561,175,86,133,81,213,96,88,96,88,96,88,82,82,82,82,22,62,22,62,22,60,22,62,22,62
Map_1761,590,291,300,281,605,502,195,123,195,123,195,123,149,160,160,160,128,78,128,78,128,78,128,78,149,78
Map_1762,6,91,6,6,6,12,6,6,6,6,6,6,6,6,6,6,6,6,6,6,6,6,6,6,6,6
Map_1763,44,184,21,21,159,29,19,19,19,19,19,19,19,19,19,19,19,19,19,19,19,19,19,19,19,19
Map_1764,38,169,14,14,14,15,14,14,14,14,14,14,14,14,14,14,16,14,16,14,16,14,14,14,14,14
Map_1765,195,510,63,63,63,110,35,35,35,35,35,35,35,46,46,46,35,35,35,35,35,35,35,35,35,35
Map_1766,16,106,14,14,14,14,14,14,14,14,14,14,14,14,14,14,13,13,13,13,13,13,13,13,13,13
Map_1767,638,245,575,303,575,307,150,150,150,150,150,150,150,150,150,150,52,37,52,37,52,37,66,151,68,151
Map_1768,328,172,172,100,110,78,31,31,31,31,31,31,31,31,31,31,31,31,31,31,31,31,31,31,31,31
Map_1769,299,326,41,41,41,26,24,24,24,24,24,24,24,24,24,24,27,24,27,24,27,25,27,24,24,24
Map_1770,170,89,46,46,46,76,33,24,33,24,33,24,33,29,33,29,31,24,31,24,31,24,32,24,32,24
Map_1771,21,49,15,15,15,18,15,15,15,15,15,15,15,15,15,15,15,15,15,15,15,15,15,15,15,15
Map_1772,7,64,7,7,7,19,7,7,7,7,7,7,7,7,7,7,7,7,7,7,7,7,7,7,7,7
Map_1773,110,329,407,492,407,262,43,42,43,42,43,42,42,42,42,42,39,25,39,25,39,25,39,25,39,42
Map_1774,15,59,13,13,13,13,13,13,13,13,13,13,13,13,13,13,13,13,13,13,13,13,13,13,13,13
Map_1775,108,340,25,25,25,34,22,22,22,22,22,22,22,22,22,22,22,22,22,22,22,22,22,22,22,22
Map_1776,22,107,19,19,21,28,18,18,18,18,18,18,18,18,18,18,18,18,24,18,24,18,18,18,18,18
Map_1777,541,157,83,43,43,488,109,43,109,43,109,43,43,128,128,128,90,42,90,42,90,42,90,43,109,43
Map_1778,21,85,18,17,18,34,17,17,17,17,17,17,17,17,17,17,15,15,15,15,15,15,15,15,15,15
Map_1779,16,34,14,14,14,14,14,14,14,14,14,14,14,14,14,14,14,14,14,14,14,14,14,14,14,14
Map_1780,339,427,35,34,73,47,21,22,21,22,21,22,21,22,21,22,24,20,24,20,24,20,21,20,21,20
Map_1781,66,247,15,15,15,15,15,18,15,18,15,18,15,18,15,18,20,15,20,15,20,15,15,15,15,15
Map_1782,54,369,12,12,12,12,12,12,12,12,12,12,12,12,12,12,12,12,14,12,14,12,12,12,12,12
Map_1783,10,15,7,7,7,7,7,7,7,7,7,7,7,7,7,7,7,7,7,7,7,7,7,7,7,7
Map_1784,18,182,16,16,16,18,16,16,16,16,16,16,16,16,16,16,16,16,16,16,16,16,16,16,16,16
Map_1785,469,235,127,131,81,149,95,100,95,100,95,100,96,100,94,100,88,83,88,83,43,83,87,100,95,100
Map_1786,10,231,10,10,10,10,10,10,10,10,10,10,10,10,10,10,10,10,10,10,10,10,10,10,10,10
Map_1787,585,318,361,339,394,388,63,88,63,88,63,88,63,437,68,438,63,45,45,45,45,45,63,45,63,45
Map_1788,126,177,18,18,27,31,18,18,18,18,18,18,18,18,18,18,18,18,18,17,18,17,18,18,18,18
Map_1789,595,308,61,57,61,81,37,37,37,37,37,37,37,37,37,37,34,30,34,30,34,30,34,30,34,30
Map_1790,87,199,38,38,88,119,38,39,38,39,38,39,38,39,38,39,61,38,39,38,39,38,61,38,68,38
Map_1791,8,76,12,8,8,12,8,8,8,8,8,8,8,8,8,8,8,8,8,8,8,8,8,8,8,8
Map_1792,85,156,12,12,12,12,12,12,12,12,12,12,12,12,12,12,12,12,12,12,12,12,12,12,12,12
Map_1793,12,111,12,12,12,12,12,12,12,12,12,12,12,12,12,12,12,12,15,12,15,12,12,12,12,12
Map_1794,163,388,43,43,43,321,43,43,43,43,43,43,43,43,43,43,31,38,40,38,40,38,31,38,34,31
Map_1795,244,171,79,44,295,211,79,225,79,225,79,225,76,76,76,76,47,28,40,28,40,28,47,44,47,44
Map_1796,275,140,86,86,86,161,72,72,72,72,72,72,72,72,72,72,79,52,79,52,79,52,72,52,72,52
Map_1797,238,228,41,48,50,43,59,52,59,52,59,52,52,52,52,52,59,52,67,31,67,31,59,52,59,52
Map_1798,595,449,555,554,554,615,114,114,109,109,109,109,471,471,471,471,103,102,103,102,103,102,103,112,114,112
Map_1799,42,73,26,23,25,26,19,13,19,13,19,13,19,13,19,13,13,13,13,13,13,13,13,13,13,13
Map_1800,484,101,104,102,102,40,40,141,40,141,40,141,116,141,116,141,40,40,40,40,40,40,40,40,42,40
Map_1801,460,304,34,34,47,47,30,23,30,23,30,23,30,23,30,23,35,23,35,23,35,23,30,23,30,23
Map_1802,13,35,13,13,13,13,13,13,13,13,13,13,13,13,13,13,13,13,13,13,13,13,13,13,13,13
Map_1803,42,107,62,62,56,53,31,31,31,31,31,31,31,31,31,31,31,31,31,31,31,31,31,31,31,31
Map_1804,34,76,44,35,44,45,23,23,23,23,23,23,23,23,23,23,22,22,22,22,22,22,22,22,22,22
Map_1805,6,21,6,6,6,13,6,6,6,6,6,6,6,6,6,6,6,6,6,6,6,6,6,6,6,6
Map_1806,268,323,55,55,41,66,29,23,29,23,29,23,23,23,23,23,30,23,30,23,30,23,29,23,29,23
Map_1807,229,189,16,13,16,16,16,13,16,13,16,13,14,13,14,13,16,13,16,13,16,13,16,13,16,13
Map_1808,154,189,148,148,82,143,124,80,124,80,124,80,124,134,124,134,121,50,121,50,121,50,116,50,116,50
Map_1809,160,269,65,64,64,73,25,25,25,25,25,25,25,25,25,25,19,19,19,19,19,19,19,19,19,19
Map_1810,368,456,33,33,33,79,44,47,44,47,44,47,44,46,44,46,39,46,39,46,39,46,39,46,39,46
Map_1811,21,27,21,19,19,21,15,15,15,15,15,15,15,15,15,15,15,15,15,15,15,15,15,15,15,15
Map_1812,456,249,32,32,32,72,32,31,32,31,32,31,32,31,32,31,32,31,32,31,32,31,32,31,32,31
Map_1813,16,179,13,13,16,18,13,14,13,14,13,14,13,14,13,14,13,13,13,13,13,13,13,13,13,13
Map_1814,636,359,89,201,89,111,32,32,32,32,32,32,32,32,32,32,32,32,39,32,39,32,32,32,32,32
Map_1815,96,147,33,33,34,28,28,28,28,28,28,28,28,28,28,28,28,26,28,26,28,26,28,26,28,26
Map_1816,547,90,85,125,89,95,75,78,75,78,75,78,78,146,146,146,65,66,59,66,49,65,71,70,71,70
Map_1817,125,421,29,29,56,100,25,25,25,25,25,25,25,25,25,25,25,25,25,25,25,25,25,25,25,25
Map_1818,26,137,26,26,30,26,25,14,25,14,25,14,25,14,25,14,25,14,25,14,25,14,25,14,25,14
Map_1819,460,300,129,129,79,136,134,101,134,101,134,101,147,120,147,120,38,56,32,56,32,56,38,56,38,56
Map_1820,404,91,26,22,26,46,22,22,22,22,22,22,22,22,22,22,22,17,22,17,22,17,22,17,22,17
Map_1821,42,68,24,24,24,25,20,20,20,20,20,20,20,20,20,20,20,20,20,20,20,20,20,20,20,20
Map_1822,45,418,28,28,40,28,28,28,28,28,28,28,28,28,28,28,28,34,28,34,28,34,28,34,28,34
Map_1823,9,248,15,9,9,30,9,9,9,9,9,9,9,9,9,9,9,9,9,9,9,9,9,9,9,9
Map_1824,15,321,10,10,10,10,10,10,10,10,10,10,10,10,10,10,10,10,10,10,10,10,10,10,10,10
Map_1825,8,78,6,6,6,6,6,6,6,6,6,6,6,6,6,6,6,6,6,6,6,6,6,6,6,6
Map_1826,379,196,34,34,35,34,30,30,30,24,30,24,30,30,30,30,30,24,30,24,30,24,30,24,30,24
Map_1827,16,45,13,11,11,14,11,11,11,11,11,11,11,11,11,11,11,11,11,11,11,11,11,11,11,11
Map_1828,35,140,20,19,20,29,19,19,19,19,19,19,19,19,19,19,19,19,19,19,19,19,19,19,19,19
Map_1829,80,224,33,33,33,62,50,68,50,68,50,68,50,50,50,50,47,33,76,33,76,33,50,33,50,33
Map_1830,237,572,29,28,29,36,28,28,28,28,28,28,28,28,28,28,28,28,28,28,28,28,28,28,28,28
Map_1831,614,490,41,37,189,519,37,39,37,39,37,39,37,120,37,120,32,35,34,35,34,35,32,35,32,35
Map_1832,418,280,42,42,42,42,49,42,49,42,49,42,49,42,49,42,35,41,35,41,35,41,35,41,35,41
Map_1833,592,129,79,79,79,82,63,63,63,63,63,63,63,63,74,74,68,85,68,62,68,62,68,85,68,85
Map_1834,516,92,34,32,54,248,32,21,32,21,32,21,32,21,33,21,21,21,21,21,21,21,22,21,22,21
Map_1835,20,432,20,20,20,27,20,20,20,20,20,20,20,20,20,20,21,20,21,20,21,20,21,20,21,20
Map_1836,77,163,23,23,23,23,23,23,23,23,23,23,23,23,23,23,24,21,24,21,24,21,21,21,21,21
Map_1837,72,73,17,17,17,20,17,17,17,17,17,17,17,17,17,17,17,17,23,17,23,17,17,17,17,17
Map_1838,63,204,427,275,424,29,45,40,45,40,45,40,40,44,44,44,47,35,47,35,47,35,45,40,45,40
Map_1839,555,52,83,84,34,126,68,68,68,68,68,68,68,68,68,68,240,18,21,18,21,18,68,18,68,18
Map_1840,59,326,27,27,27,32,27,30,27,30,27,30,27,30,27,30,31,30,31,30,31,30,26,30,26,30
Map_1841,252,142,34,34,34,40,34,25,34,25,34,25,34,25,34,25,33,25,33,25,33,25,32,25,32,25
Map_1842,536,581,195,90,180,35,32,32,32,32,32,32,32,32,32,32,32,40,27,27,27,27,32,34,32,34
Map_1843,37,272,51,51,51,42,26,42,26,42,26,42,26,42,26,42,26,48,26,40,26,40,26,48,26,48
Map_1844,535,383,25,25,18,25,25,18,25,18,25,18,25,18,25,18,25,18,25,18,25,18,25,18,25,18
Map_1845,510,394,26,17,26,26,17,17,17,17,17,17,17,17,17,17,17,17,17,17,17,17,17,17,17,17
Map_1846,13,184,18,18,18,23,18,18,18,18,18,18,18,18,18,18,17,13,17,13,17,13,17,13,17,13
Map_1847,47,134,13,13,13,13,13,15,13,15,13,15,13,15,13,15,16,13,16,13,16,13,16,15,16,15
Map_1848,6,79,6,6,6,6,6,6,6,6,6,6,6,6,6,6,6,6,6,6,6,6,6,6,6,6
Map_1849,603,446,97,97,103,299,49,103,49,100,49,100,49,253,49,253,88,57,119,34,119,34,49,57,49,57
Map_1850,27,96,14,14,14,49,14,14,14,14,14,14,14,14,14,14,14,14,14,14,14,14,14,14,14,14
Map_1851,511,503,175,200,201,258,175,174,175,174,175,174,128,253,139,319,129,119,248,119,248,119,175,119,175,119
Map_1852,8,314,6,6,6,6,6,6,6,6,6,6,6,6,6,6,6,6,6,6,6,6,6,6,6,6
Map_1853,570,413,304,304,304,462,96,96,96,96,96,96,96,96,96,96,39,39,39,39,39,39,39,39,39,39
Map_1854,576,324,139,144,140,133,66,66,66,66,66,66,66,66,66,66,67,66,67,66,67,66,67,66,67,150
Map_1855,626,400,20,20,20,20,22,20,22,20,22,20,22,20,22,20,22,20,20,20,20,20,22,20,22,20
Map_1856,609,187,283,62,283,562,56,56,56,56,56,56,56,59,59,59,41,53,41,57,41,57,41,56,41,56
Map_1857,12,50,11,11,11,11,11,11,11,11,11,11,11,11,11,11,11,11,11,11,11,11,11,11,11,11
Map_1858,13,106,10,10,10,10,10,10,10,10,10,10,10,10,10,10,10,10,10,10,10,10,10,10,10,10
Map_1859,4,12,4,4,4,7,4,4,4,4,4,4,4,4,4,4,4,4,6,4,6,4,4,4,4,4
Map_1860,9,37,9,9,9,10,10,9,10,9,10,9,10,9,10,9,10,9,10,9,10,9,10,9,10,9
Map_1861,593,355,24,24,24,24,28,24,28,24,28,24,24,24,24,24,26,23,26,23,26,23,26,24,28,24
Map_1862,153,233,40,40,48,40,40,40,40,40,40,40,40,40,40,40,42,26,42,26,42,26,39,26,39,26
Map_1863,171,299,35,35,55,35,35,37,35,37,35,37,35,37,35,37,35,37,35,37,35,37,35,37,35,37
Map_1864,335,268,225,208,326,106,208,46,208,46,208,46,207,46,207,46,74,77,74,77,74,77,74,77,74,77
Map_1865,18,38,13,13,13,13,13,13,13,13,13,13,13,13,13,13,19,13,19,13,19,13,13,13,13,13
Map_1866,13,185,8,8,8,15,8,8,8,8,8,8,8,8,8,8,8,8,8,8,8,8,8,8,8,8
Map_1867,91,132,27,27,27,27,27,54,27,54,27,54,27,50,27,50,31,27,31,27,31,27,27,53,27,53
Map_1868,544,254,40,40,26,41,21,21,21,21,21,21,21,21,21,21,21,21,21,21,21,21,21,21,21,21
Map_1869,140,90,13,13,13,19,13,13,13,13,13,13,13,13,13,13,13,13,13,13,13,13,13,13,13,13
Map_1870,21,80,20,20,21,35,22,20,22,20,22,20,19,20,19,20,22,19,22,19,22,21,22,19,22,19
Map_1871,96,529,25,25,25,26,25,25,25,25,25,25,25,25,25,25,25,25,25,25,25,25,25,25,25,25
Map_1872,22,334,16,16,16,16,16,15,16,15,16,15,15,15,15,15,17,15,17,15,17,15,15,15,15,15
Map_1873,499,410,486,354,583,153,73,94,73,94,73,94,73,94,73,94,80,67,85,67,85,67,80,76,87,78
Map_1874,10,90,10,10,11,22,10,10,10,10,10,10,10,10,10,10,10,10,10,10,10,10,10,10,10,10
Map_1875,7,81,7,7,7,7,7,7,7,7,7,7,7,7,7,7,7,7,7,7,7,7,7,7,7,7
Map_1876,15,35,12,12,12,12,14,13,14,13,14,13,14,13,14,13,14,13,14,13,16,13,14,13,14,13
Map_1877,17,275,10,10,10,10,10,10,10,10,10,10,10,10,10,10,11,10,11,10,11,10,11,10,11,10
Map_1878,28,38,16,16,16,16,16,16,16,16,16,16,16,16,16,16,16,12,12,12,12,12,16,12,16,16
Map_1879,285,336,53,53,53,21,21,21,21,21,21,21,21,21,21,21,21,21,21,21,21,21,21,21,21,21
Map_1880,9,317,19,10,10,18,9,9,9,9,9,9,9,9,9,9,10,9,12,9,12,9,9,9,9,9
Map_1881,547,311,23,23,23,26,23,23,23,23,23,23,23,23,23,23,23,23,23,23,23,23,23,23,23,23
Map_1882,11,43,13,13,13,14,13,11,13,11,13,11,13,11,13,11,13,11,13,11,13,11,13,11,13,11
Map_1883,483,89,53,53,53,45,25,25,25,25,25,25,25,25,25,25,26,25,26,25,26,25,26,25,26,25
Map_1884,599,261,53,53,55,56,53,53,53,53,53,53,53,53,53,53,41,41,41,41,41,41,41,49,41,49
Map_1885,562,257,28,28,28,325,30,30,30,30,30,30,30,30,30,30,24,20,20,20,20,20,20,20,20,20
Map_1886,311,127,30,30,30,489,20,29,20,29,20,29,20,29,20,29,20,20,20,20,20,20,20,29,20,29
Map_1887,36,127,32,21,21,32,21,21,21,21,21,21,21,21,21,21,27,21,27,21,27,21,27,21,21,21
Map_1888,304,262,229,362,283,237,139,67,139,67,139,67,303,66,303,66,81,70,81,70,81,70,81,70,81,70
Map_1889,538,292,75,46,46,62,48,35,48,35,48,35,46,35,46,35,48,35,48,35,48,35,48,35,48,35
Map_1890,5,385,5,5,5,5,5,5,5,5,5,5,5,5,5,5,5,5,5,5,5,5,5,5,5,5
Map_1891,36,338,19,12,12,19,12,12,12,12,12,12,12,12,12,12,12,12,12,12,12,12,12,12,12,12
Map_1892,179,125,24,24,41,27,24,24,24,24,24,24,24,24,24,24,25,24,25,24,25,24,24,24,24,24
Map_1893,556,471,22,21,25,211,13,13,13,13,13,13,13,13,13,13,14,13,14,13,14,13,13,13,13,13
Map_1894,31,81,18,18,18,20,18,18,18,18,18,18,18,18,18,18,22,15,22,15,24,15,18,15,18,15
Map_1895,6,279,6,6,6,6,6,6,6,6,6,6,6,6,6,6,6,6,6,6,6,6,6,6,6,6
Map_1896,101,110,289,412,289,153,57,55,57,55,57,55,55,55,55,55,58,57,62,57,62,57,57,55,57,55
Map_1897,352,178,111,111,111,124,148,129,148,129,148,129,117,117,117,117,72,45,72,45,72,45,146,45,131,45
Map_1898,5,23,5,5,5,5,5,5,5,5,5,5,5,5,5,5,5,5,5,5,5,5,5,5,5,5
Map_1899,30,330,22,21,22,29,21,21,21,21,21,21,21,21,21,21,21,21,21,21,21,21,21,21,21,21
Map_1900,8,262,8,8,8,12,8,8,8,8,8,8,8,8,8,8,8,8,10,8,10,8,8,8,8,8
Map_1901,19,92,13,8,8,15,8,8,8,8,8,8,8,8,8,8,12,8,12,8,12,8,8,8,8,8
Map_1902,142,205,83,83,83,108,58,79,58,79,58,79,83,82,82,82,53,45,53,45,53,45,58,45,58,45
Map_1903,573,129,22,22,100,28,22,22,22,22,22,22,22,22,22,22,26,22,27,22,27,22,22,22,22,22
Map_1904,108,171,15,15,15,15,15,15,15,15,15,15,15,15,15,15,16,15,16,15,16,15,15,15,15,15
Map_1905,245,309,40,40,46,55,39,39,39,39,39,39,39,39,39,39,41,39,41,39,41,39,39,39,39,39
Map_1906,15,105,11,11,11,11,11,11,11,11,11,11,11,11,11,11,11,11,11,11,11,11,11,11,11,11
Map_1907,15,28,11,11,11,11,14,11,14,11,14,11,14,11,14,11,13,11,13,11,13,11,13,11,13,11
Map_1908,49,248,23,23,23,23,23,23,23,23,23,23,23,23,23,23,23,23,23,23,23,23,23,23,23,23
Map_1909,258,146,122,189,238,110,87,79,87,81,87,81,76,79,76,79,52,29,52,29,52,29,52,29,52,29
Map_1910,11,70,7,7,7,7,7,7,7,7,7,7,7,7,7,7,7,7,7,7,7,7,7,7,7,7
Map_1911,51,117,26,26,26,26,26,26,26,26,26,26,26,26,26,26,26,26,26,26,26,26,26,26,26,26
Map_1912,401,483,119,119,113,157,27,34,27,34,27,34,27,34,27,34,27,27,35,27,35,27,27,27,27,27
Map_1913,61,388,41,41,41,45,24,24,24,24,24,24,24,24,24,24,27,22,27,22,27,22,24,22,24,22
Map_1914,495,133,39,39,39,61,53,27,53,27,53,27,27,27,27,27,27,27,27,27,27,27,27,27,27,27
Map_1915,31,64,30,30,29,30,29,29,29,29,29,29,29,29,29,29,27,30,27,30,27,30,27,29,27,29
Map_1916,87,187,50,50,64,56,50,48,50,48,50,48,48,48,48,48,36,44,36,44,36,44,36,44,36,44
Map_1917,624,303,38,38,38,43,38,40,38,40,38,40,38,40,38,40,38,37,38,37,38,37,38,37,38,37
Map_1918,27,116,13,13,13,16,13,13,13,13,13,13,13,13,13,13,13,13,13,13,13,13,13,13,13,13
Map_1919,18,491,219,201,201,89,219,14,212,14,212,14,42,14,42,14,37,14,37,14,37,14,37,14,37,14
Map_1920,20,344,20,20,20,83,69,48,69,48,69,48,69,48,69,48,32,20,32,20,32,20,65,20,65,20
Map_1921,23,155,13,13,13,13,13,13,13,13,13,13,13,13,13,13,13,13,13,13,13,13,13,13,13,13
Map_1922,560,65,65,65,98,47,44,63,44,44,44,44,63,63,63,63,49,44,49,29,49,29,45,44,44,44
Map_1923,524,262,24,24,24,24,24,24,24,24,24,24,24,24,24,24,21,24,21,24,27,24,21,24,21,24
Map_1924,8,29,9,8,9,10,8,8,8,8,8,8,8,8,8,8,10,8,10,8,10,8,8,8,8,8
Map_1925,575,216,412,532,536,412,144,260,144,260,144,260,142,369,148,372,60,53,56,53,56,53,60,53,60,53
Map_1926,8,20,8,8,8,8,8,8,8,8,8,8,8,8,8,8,8,8,8,8,8,8,8,8,8,8
Map_1927,617,299,34,34,29,35,34,41,34,41,34,41,34,41,34,41,28,22,28,22,28,22,27,22,27,22
Map_1928,66,270,47,47,47,49,53,59,53,59,53,59,53,59,53,59,41,35,41,35,41,35,35,40,35,40
Map_1929,61,316,19,19,19,19,19,19,19,19,19,19,19,19,19,19,19,19,19,19,19,19,19,19,19,19
Map_1930,9,272,9,9,9,13,9,9,9,9,9,9,9,9,9,9,9,9,9,9,9,9,9,9,9,9
Map_1931,65,92,25,25,25,20,34,30,34,30,34,30,34,30,34,30,34,20,34,20,34,20,34,20,34,20
Map_1932,416,511,30,30,31,57,64,31,64,31,64,31,64,31,64,31,51,31,51,31,51,31,64,31,64,31
Map_1933,264,215,21,21,32,21,21,23,21,23,21,23,21,23,21,23,21,19,21,19,21,19,21,19,21,19
Map_1934,35,157,15,15,15,17,15,15,15,15,15,15,15,15,15,15,15,15,15,15,15,15,15,15,15,15
Map_1935,472,276,33,33,43,22,22,22,22,22,22,22,22,22,22,22,22,22,22,22,22,22,22,22,22,22
Map_1936,604,248,19,19,26,19,20,20,20,20,20,20,20,20,20,20,19,15,18,15,18,15,19,15,19,15
Map_1937,25,262,21,21,21,37,21,21,21,21,21,21,21,21,21,21,21,21,21,21,21,21,21,21,21,21
Map_1938,17,468,13,13,13,17,13,20,13,20,13,20,13,20,13,20,13,13,13,13,13,13,13,13,13,13
Map_1939,234,176,65,55,72,95,45,45,45,45,45,45,45,45,45,45,30,28,30,28,30,29,28,28,28,28
Map_1940,49,298,58,56,57,132,37,56,37,56,37,56,56,56,56,56,68,37,68,37,68,37,68,37,68,56
Map_1941,613,436,417,503,585,588,138,183,189,183,189,183,198,233,203,233,138,66,144,66,144,66,138,66,138,66
Map_1942,8,125,8,8,8,8,8,8,8,8,8,8,8,8,8,8,8,8,8,8,8,8,8,8,8,8
Map_1943,20,212,15,15,37,19,15,15,18,15,18,15,15,15,15,15,14,15,14,12,14,12,13,15,13,15
Map_1944,251,253,22,22,22,22,22,22,22,22,22,22,22,22,22,22,22,22,29,22,29,22,22,22,22,22
Map_1945,62,131,44,87,44,97,32,15,32,15,32,15,27,15,27,15,29,15,29,15,29,15,29,15,27,15
Map_1946,408,180,50,45,128,56,45,45,45,45,45,45,45,45,45,45,45,40,47,40,49,40,45,40,45,40
Map_1947,575,80,74,74,74,68,27,32,27,32,27,32,27,32,27,32,25,24,25,24,25,24,25,24,25,24
Map_1948,47,526,20,20,20,20,20,20,20,20,20,20,20,20,20,20,20,20,20,20,20,20,20,20,20,20
Map_1949,243,236,45,45,45,48,45,60,45,60,45,60,63,60,63,60,43,45,43,45,43,45,43,45,43,55
Map_1950,644,343,49,55,49,58,49,41,34,41,34,41,38,41,38,41,34,38,41,34,41,34,34,38,34,38
Map_1951,95,128,11,11,11,20,14,11,14,11,14,11,14,11,14,11,11,11,11,11,11,11,11,11,11,11
Map_1952,7,213,7,7,7,7,7,7,7,7,7,7,7,7,7,7,7,7,7,7,7,7,7,7,7,7
Map_1953,573,134,19,19,19,19,19,20,19,20,19,20,19,22,19,22,20,19,20,19,20,19,19,19,19,19
Map_1954,547,512,58,56,65,119,56,58,56,58,56,58,56,58,56,58,58,50,58,51,58,51,56,50,56,50
Map_1955,55,67,15,14,14,15,14,14,14,14,14,14,14,14,14,14,14,14,14,14,14,14,14,14,14,14
Map_1956,20,534,10,10,10,10,10,10,10,10,10,10,10,10,10,10,10,10,10,10,14,10,10,10,10,10
Map_1957,133,382,402,407,409,179,168,164,168,164,168,164,166,164,166,164,55,57,55,57,55,59,55,91,55,91
Map_1958,159,162,20,20,21,54,20,20,20,20,20,20,20,20,20,20,20,20,20,20,20,20,20,20,20,20
Map_1959,41,489,21,21,21,21,27,21,27,21,27,21,27,21,27,21,28,21,28,21,28,21,27,21,27,21
Map_1960,26,223,13,13,13,13,13,13,13,13,13,13,13,13,13,13,13,13,13,13,13,13,13,13,13,13
Map_1961,584,328,149,29,270,41,18,18,18,18,18,18,18,18,18,18,18,18,18,18,18,18,18,18,18,18
Map_1962,13,39,10,10,10,11,10,10,10,10,10,10,10,10,10,10,10,10,10,10,10,10,10,10,10,10
Map_1963,38,144,28,28,28,30,26,22,26,22,26,22,25,22,25,22,25,22,25,22,25,22,25,22,25,22
Map_1964,52,210,60,60,60,52,50,50,50,50,50,50,50,50,50,50,16,16,16,16,16,16,16,16,16,16
Map_1965,8,67,8,8,8,8,8,8,8,8,8,8,8,8,8,8,8,8,8,8,8,8,8,8,8,8
Map_1966,572,323,171,169,169,287,101,101,101,101,101,101,174,386,413,413,286,67,285,67,285,67,67,67,67,67
Map_1967,590,73,11,11,11,11,11,11,11,11,11,11,11,11,11,11,11,11,11,11,11,11,11,11,11,11
Map_1968,90,432,64,63,63,83,54,53,54,53,54,53,54,53,54,53,40,39,40,40,40,40,40,39,40,39
Map_1969,486,189,35,35,35,54,25,35,25,35,25,35,25,35,25,35,37,25,37,25,37,25,27,25,25,25
Map_1970,17,248,14,14,14,15,15,15,15,15,15,15,15,15,15,15,15,14,15,12,15,12,15,14,15,14
Map_1971,245,146,32,31,39,32,31,20,31,20,31,20,31,20,31,20,31,35,34,35,34,35,31,35,31,35
Map_1972,142,275,98,105,108,105,76,82,76,82,76,82,84,82,84,82,78,98,78,76,78,76,78,98,78,98
Map_1973,8,269,7,7,7,9,7,7,7,7,7,7,7,7,7,7,8,7,8,7,8,7,8,7,7,7
Map_1974,62,164,55,55,55,53,53,55,53,55,53,55,55,55,55,55,55,52,77,52,77,52,52,52,52,52
Map_1975,504,44,20,20,20,21,18,18,18,18,18,18,18,18,18,18,18,18,18,18,18,18,18,18,18,18
Map_1976,31,244,10,10,10,21,10,10,10,10,10,10,10,10,10,10,10,10,10,10,10,10,10,10,10,10
Map_1977,398,349,21,21,21,21,21,21,21,21,21,21,21,21,21,21,26,19,26,19,26,19,21,19,21,19
Map_1978,128,147,45,45,45,45,33,33,45,33,45,33,33,44,44,44,33,33,34,33,35,33,33,33,33,33
Map_1979,590,245,36,36,35,30,30,29,30,29,30,29,30,29,30,29,30,29,30,29,30,29,30,29,30,29
Map_1980,511,443,194,31,292,89,49,33,49,33,49,33,49,33,49,33,31,31,35,31,144,31,31,31,31,31
Map_1981,575,399,150,147,164,184,67,127,67,127,67,127,67,115,67,115,55,59,52,58,52,58,55,64,53,64
Map_1982,38,123,39,39,24,45,40,40,40,30,40,30,40,40,40,40,39,38,40,38,40,38,39,38,39,38
Map_1983,523,333,34,34,26,34,25,25,25,25,25,25,25,25,25,25,25,25,25,25,25,25,25,25,25,25
Map_1984,19,406,44,46,39,46,47,46,47,46,47,46,46,46,46,46,26,39,26,26,26,26,44,46,47,46
Map_1985,469,151,15,15,15,15,15,15,15,15,15,15,15,18,18,18,15,15,15,15,15,15,15,15,15,15
Map_1986,612,168,27,27,27,25,22,22,22,22,22,22,22,22,22,22,23,22,23,16,23,16,22,22,22,22
Map_1987,20,290,21,21,21,21,44,21,44,21,44,21,44,21,44,21,19,15,19,15,19,15,45,15,45,15
Map_1988,96,224,37,37,37,50,50,37,50,37,50,37,50,37,50,37,43,32,43,32,43,32,43,32,43,32
Map_1989,472,583,73,73,73,166,73,149,73,149,73,149,73,149,73,149,66,89,115,72,115,72,66,89,66,89
Map_1990,595,301,126,180,168,119,139,138,125,138,125,138,137,384,384,384,64,54,64,54,64,54,64,54,64,54
Map_1991,346,430,65,65,65,67,62,41,62,41,62,41,62,41,62,41,37,39,37,33,37,33,39,41,59,41
Map_1992,9,34,8,8,8,10,8,8,8,8,8,8,8,8,8,8,8,8,8,8,8,8,8,8,8,8
Map_1993,180,292,81,68,81,53,36,36,36,36,36,36,36,36,36,36,36,45,36,45,36,45,36,45,36,45
Map_1994,563,164,41,41,38,47,41,41,41,41,41,41,41,41,41,41,35,38,35,38,35,38,35,38,35,38
Map_1995,105,118,13,13,13,27,13,13,13,13,13,13,13,13,13,13,13,12,13,12,13,12,13,12,13,12
Map_1996,146,117,8,8,8,8,8,8,8,8,8,8,8,8,8,8,9,8,9,8,9,8,8,8,8,8
Map_1997,94,422,12,12,12,19,12,12,12,12,12,12,12,12,12,12,17,12,17,12,17,12,16,12,16,12
Map_1998,10,379,8,8,8,8,8,8,8,8,8,8,8,8,8,8,8,8,8,8,8,8,8,8,8,8
Map_1999,32,37,32,32,36,32,25,25,25,25,25,25,25,25,25,25,28,25,28,25,28,25,28,25,28,25
Map_2000,117,492,26,26,26,154,26,26,26,26,26,26,26,26,26,26,26,26,26,26,26,26,26,26,26,26
Map_2001,26,35,29,27,25,35,18,18,18,18,18,18,18,18,18,18,18,16,18,16,18,16,18,16,18,16
Map_2002,412,586,96,96,138,138,66,52,66,52,66,52,66,61,66,61,55,39,55,39,55,39,64,39,64,39
Map_2003,524,300,481,347,191,107,34,21,34,21,34,21,43,21,43,21,54,21,54,21,54,21,34,21,34,21
Map_2004,100,318,50,41,25,50,41,41,41,41,41,41,41,41,41,41,36,25,36,25,36,25,41,25,41,25
Map_2005,584,551,375,449,498,82,80,81,80,81,80,81,80,81,81,81,79,79,79,79,79,79,79,79,79,81
Map_2006,4,17,4,4,4,5,4,4,4,4,4,4,4,4,4,4,4,4,4,4,4,4,4,4,4,4
Map_2007,220,147,24,24,24,24,24,24,24,24,24,24,24,24,24,24,24,24,24,20,24,20,24,24,24,24
Map_2008,568,96,49,44,56,70,63,63,63,63,63,63,63,65,72,70,59,44,59,44,59,44,63,44,63,44
Map_2009,72,281,14,14,14,11,11,11,11,11,11,11,11,11,11,11,11,11,11,11,11,11,11,11,11,11
Map_2010,552,154,25,25,25,25,25,24,25,24,25,24,25,24,25,24,24,24,24,24,24,24,24,24,24,24
Map_2011,384,116,65,99,60,62,52,47,52,47,52,47,51,47,51,47,52,34,52,34,52,34,52,34,52,34
Map_2012,53,464,16,16,10,25,16,10,16,10,16,10,16,10,16,10,15,10,15,10,15,10,15,10,16,10
Map_2013,25,87,22,22,22,22,15,22,15,22,15,22,15,22,15,22,15,15,15,15,15,15,15,15,15,22
Map_2014,57,49,63,55,34,65,61,55,61,55,61,55,55,55,55,55,64,48,64,48,64,48,64,51,64,51
Map_2015,20,497,11,10,11,11,11,10,11,10,11,10,10,10,10,10,11,10,11,10,11,10,11,10,11,10
Map_2016,579,217,534,535,526,457,444,289,444,259,444,259,288,288,288,288,228,77,240,77,225,77,245,88,188,88
Map_2017,43,202,22,21,22,22,22,21,22,21,22,21,21,21,21,21,26,26,26,26,26,26,44,26,46,26
Map_2018,594,176,36,36,36,40,36,36,36,36,36,36,36,36,36,36,39,36,39,36,39,36,28,36,28,36
Map_2019,105,164,72,75,72,77,65,65,65,65,65,65,75,75,75,75,71,65,71,65,78,65,65,65,65,65
Map_2020,552,219,24,24,24,24,24,24,24,24,24,24,24,24,24,24,12,12,12,12,12,12,12,12,12,12
Map_2021,93,167,39,39,39,45,39,34,39,34,39,34,39,34,39,34,39,34,39,34,39,34,39,34,39,34
Map_2022,79,304,50,53,50,54,50,50,50,50,50,50,53,53,53,53,42,45,42,43,42,43,42,50,42,50
Map_2023,553,273,12,12,12,17,12,12,12,12,12,12,12,12,12,12,17,12,17,12,17,12,17,12,17,12
Map_2024,469,221,54,54,54,57,35,119,35,119,35,119,35,119,35,119,35,57,35,57,35,57,35,57,35,57
Map_2025,475,78,23,23,23,23,19,23,19,23,19,23,19,23,19,23,19,19,19,19,19,19,19,19,19,19
Map_2026,284,235,24,24,24,17,17,17,17,17,17,17,17,17,17,17,17,17,17,17,17,17,17,17,17,17
Map_2027,426,223,44,44,52,60,44,44,44,44,44,44,44,44,44,44,41,41,41,41,41,41,41,41,41,41
Map_2028,17,222,18,18,18,21,17,17,17,17,17,17,17,17,17,17,17,12,17,12,17,12,17,12,17,12
Map_2029,595,397,21,21,21,21,19,14,19,14,19,14,14,14,14,14,22,14,22,14,22,14,21,14,21,14
Map_2030,626,67,14,13,13,18,13,13,13,13,13,13,13,13,13,13,15,13,15,13,15,13,15,13,13,13
Map_2031,12,190,10,10,10,10,10,10,10,10,10,10,10,10,10,10,10,10,12,10,12,10,10,10,10,10
Map_2032,332,615,27,27,27,53,31,31,31,31,31,31,31,31,31,31,24,23,24,23,24,23,24,23,24,23
Map_2033,355,326,268,245,284,196,202,202,202,202,202,202,202,202,202,309,106,106,106,106,99,106,106,106,106,202
Map_2034,595,287,27,27,27,36,25,26,25,26,25,26,26,26,26,26,25,25,25,25,25,25,25,26,25,26
Map_2035,492,387,17,17,17,23,17,17,17,17,17,17,17,17,17,17,17,17,17,17,17,17,17,17,17,17
Map_2036,114,428,25,25,25,25,25,25,25,25,25,25,25,25,25,25,15,15,15,15,15,15,15,15,15,15
Map_2037,99,340,24,23,23,24,23,23,23,23,23,23,23,23,23,23,23,23,23,23,23,23,23,23,23,23
Map_2038,319,284,82,82,84,257,73,84,73,84,73,84,70,70,70,70,77,73,84,73,84,73,73,73,73,70
Map_2039,8,385,8,8,8,24,8,8,8,8,8,8,8,8,8,8,13,8,13,8,13,8,13,8,13,8
Map_2040,12,236,15,15,13,26,15,16,15,16,15,16,14,16,14,16,12,12,12,12,12,12,12,14,15,14
Map_2041,564,397,10,10,14,16,10,10,10,10,10,10,10,10,10,10,10,10,10,10,10,10,10,10,10,10
Map_2042,235,221,26,25,26,26,25,25,25,25,25,25,25,25,25,25,25,25,26,25,26,25,25,25,25,25
Map_2043,578,137,112,45,152,31,31,31,31,31,31,31,31,31,31,31,33,31,33,31,33,31,33,31,31,31
Map_2044,270,56,18,18,18,28,18,18,18,18,18,18,18,18,18,18,18,18,18,18,18,18,18,18,18,18
Map_2045,342,218,256,279,413,52,52,50,52,50,52,50,52,50,52,50,53,50,53,50,53,50,53,50,53,50
Map_2046,591,451,97,97,97,289,73,73,73,73,73,73,73,73,73,73,72,33,72,33,72,33,78,33,72,33
Map_2047,547,597,456,448,456,229,410,352,388,352,388,352,387,415,387,415,117,125,117,125,117,125,117,169,220,215
Map_2048,59,165,21,21,21,21,21,21,21,21,21,21,21,21,21,21,21,21,21,21,21,21,21,21,21,21
Map_2049,518,243,112,112,234,36,36,57,36,57,36,57,36,136,36,136,36,35,36,35,36,35,36,35,36,35
Map_2050,207,443,312,313,312,229,202,164,202,164,202,164,178,178,178,178,42,50,42,41,42,41,42,50,42,50
Map_2051,589,236,218,446,218,322,178,140,178,140,178,140,190,190,205,205,144,133,145,102,145,102,116,188,116,127
Map_2052,66,395,24,24,24,24,24,24,24,24,24,24,24,24,24,24,21,20,21,20,21,20,21,20,21,20
Map_2053,45,112,49,49,49,49,33,34,33,34,33,34,33,34,33,34,33,34,33,34,33,34,33,34,33,34
Map_2054,13,21,13,13,13,15,13,14,13,14,13,14,13,13,13,13,11,11,11,11,11,11,11,11,11,11
Map_2055,114,80,53,49,49,53,32,32,32,32,32,32,32,32,32,32,32,32,32,32,32,32,32,32,32,32
Map_2056,573,424,205,191,205,152,53,48,53,48,53,48,53,48,53,48,42,42,42,42,42,42,42,42,42,42
Map_2057,232,375,102,82,102,60,34,78,34,78,34,78,34,34,34,34,38,74,38,57,38,57,38,74,34,74
Map_2058,159,133,47,47,20,28,42,27,42,27,42,27,42,27,42,27,26,26,26,26,26,26,26,26,42,26
Map_2059,50,165,58,58,42,86,40,45,40,45,40,45,40,45,40,45,108,41,108,41,108,41,102,41,102,41
Map_2060,14,312,18,19,18,18,14,14,14,14,14,14,14,14,14,14,14,14,14,14,14,14,14,14,14,14
Map_2061,261,63,20,20,20,115,20,20,20,20,20,20,20,20,20,20,21,20,21,20,21,21,20,20,20,20
Map_2062,111,289,196,120,196,300,169,120,169,120,169,120,120,120,120,120,53,120,53,120,53,120,53,120,66,120
Map_2063,646,451,14,14,11,14,14,11,14,11,14,11,14,11,14,11,16,11,16,11,16,11,16,11,16,11
Map_2064,28,152,24,24,24,27,13,24,13,24,13,24,13,24,13,24,13,13,13,13,13,13,13,13,13,13
Map_2065,30,56,22,22,22,22,16,16,16,16,16,16,16,16,16,16,16,16,17,16,17,16,16,16,16,16
Map_2066,27,144,29,29,36,34,24,24,24,24,24,24,24,24,24,24,30,24,30,24,30,24,33,24,32,24
Map_2067,16,478,13,13,13,18,13,13,13,13,13,13,13,13,13,13,13,13,13,13,13,13,13,13,13,13
Map_2068,301,90,38,38,41,74,38,38,38,38,38,38,38,38,38,38,39,38,39,37,39,37,39,38,38,38
Map_2069,30,183,25,25,25,25,25,24,25,24,25,24,41,24,41,41,25,24,25,25,25,25,25,48,25,48
Map_2070,38,164,18,18,18,150,18,18,18,18,18,18,18,18,18,18,19,18,19,18,19,18,18,18,18,18
Map_2071,633,424,21,21,21,21,22,21,22,21,22,21,21,21,21,21,22,21,22,21,22,21,22,21,22,21
Map_2072,292,368,492,522,491,416,424,412,424,412,424,412,459,457,434,434,255,71,254,71,254,71,334,71,325,71
Map_2073,13,71,13,13,13,13,13,11,13,11,13,11,13,11,13,11,13,11,13,11,13,11,13,11,13,11
Map_2074,496,204,47,37,129,27,25,37,26,37,26,37,25,37,25,37,25,17,25,17,25,17,25,17,25,17
Map_2075,563,168,22,21,22,34,28,21,28,21,28,21,28,21,28,21,28,21,20,20,20,20,28,21,28,21
Map_2076,117,447,96,96,70,82,105,76,105,76,105,76,104,76,104,76,20,20,20,20,20,20,20,20,20,20
Map_2077,14,120,11,11,11,11,11,11,11,11,11,11,11,11,11,11,11,11,11,11,11,11,11,11,11,11
Map_2078,423,112,45,45,45,45,45,47,45,47,45,47,45,47,52,47,61,45,61,45,61,45,45,45,45,45
Map_2079,138,172,62,62,62,248,261,50,261,50,261,50,288,50,286,50,38,151,38,152,38,152,38,152,38,152
Map_2080,30,249,21,21,21,21,21,21,21,21,21,21,21,21,21,21,25,21,25,21,25,21,23,21,21,21
Map_2081,470,260,163,154,163,199,137,261,137,261,137,261,137,334,417,275,123,153,77,153,77,153,88,153,88,153
Map_2082,418,164,74,104,73,160,27,28,27,28,27,28,28,28,28,28,27,27,27,27,27,27,27,28,27,28
Map_2083,76,96,91,91,92,28,28,23,28,23,28,23,28,23,28,23,26,23,27,23,27,23,26,23,26,23
Map_2084,15,95,14,14,15,19,14,14,14,14,14,14,14,14,14,14,14,14,20,14,20,14,14,14,14,14
Map_2085,49,294,18,18,18,57,18,63,18,56,18,56,18,63,18,63,18,18,18,18,18,18,18,18,18,18
Map_2086,596,211,248,243,236,109,109,109,109,109,109,109,109,109,109,109,39,38,39,38,39,38,39,38,39,38
Map_2087,616,197,40,40,40,42,34,37,34,37,34,37,34,37,34,37,34,34,34,34,34,34,34,34,34,34
Map_2088,372,267,58,58,65,193,76,43,76,43,76,43,76,43,76,43,77,43,77,43,77,43,77,43,77,43
Map_2089,539,137,48,48,48,29,24,26,24,26,24,26,24,26,24,26,24,24,24,24,24,24,24,24,24,24
Map_2090,28,359,20,20,20,20,20,20,20,20,20,20,20,20,20,20,20,20,20,20,20,20,20,20,20,20
Map_2091,10,297,10,10,10,14,10,10,10,10,10,10,10,10,10,10,10,10,10,10,10,10,10,10,10,10
Map_2092,558,45,73,73,52,80,33,33,33,33,33,33,33,33,33,33,33,33,33,33,33,33,33,33,33,33
Map_2093,622,433,73,71,71,249,50,28,50,28,50,28,50,28,50,28,38,28,43,28,43,28,38,28,38,28
Map_2094,31,70,24,24,24,24,24,22,24,22,24,22,24,22,24,22,24,22,24,22,24,22,24,22,24,22
Map_2095,10,30,10,10,10,26,10,10,10,10,10,10,10,10,10,10,10,10,10,10,10,10,10,10,10,10
Map_2096,22,141,13,13,13,13,13,13,13,13,13,13,13,13,13,13,13,13,26,13,26,13,13,13,13,13
Map_2097,45,168,28,28,28,36,28,32,28,32,28,32,28,32,28,32,28,28,28,28,28,28,28,28,28,28
Map_2098,5,33,5,5,5,6,5,5,5,5,5,5,5,5,5,5,5,5,5,5,5,5,5,5,5,5
Map_2099,39,428,17,17,16,17,17,17,17,17,17,17,17,17,17,17,17,16,17,16,17,16,17,16,17,16
Map_2100,17,69,9,9,13,9,9,9,9,9,9,9,9,9,9,9,9,9,9,9,9,9,9,9,9,9
Map_2101,436,379,418,411,344,33,205,25,205,25,205,25,255,25,255,25,29,25,101,26,101,26,29,25,29,25
Map_2102,29,99,10,10,10,10,10,10,10,10,10,10,10,10,10,10,10,10,10,10,10,10,10,10,10,10
Map_2103,568,384,108,108,126,365,126,81,126,81,126,81,136,81,136,81,80,108,76,80,76,80,80,108,111,108
Map_2104,459,438,26,26,26,42,26,26,26,26,26,26,26,26,26,26,31,21,31,21,31,21,31,26,31,26
Map_2105,32,118,24,24,21,23,22,18,22,18,22,18,16,18,16,18,22,18,22,18,22,18,22,18,22,18
Map_2106,641,330,125,125,125,114,296,95,296,95,296,95,427,95,427,95,120,90,112,90,112,90,288,90,333,90
Map_2107,601,412,11,11,11,11,11,11,11,11,11,11,11,11,11,11,11,11,11,11,11,11,11,11,11,11
Map_2108,190,121,39,35,34,41,35,18,35,18,35,18,35,18,35,18,35,18,35,18,35,18,35,18,35,18
Map_2109,21,54,19,19,19,19,19,19,19,19,19,19,19,19,19,19,16,19,16,19,16,20,19,19,19,19
Map_2110,215,35,17,17,17,21,17,17,17,17,17,17,17,17,17,17,17,17,17,17,17,17,17,17,17,17
Map_2111,26,103,16,16,16,18,15,15,15,15,15,15,15,15,15,15,15,15,17,15,17,15,15,15,15,15
Map_2112,598,141,28,28,30,28,25,25,25,25,25,25,25,25,25,25,25,25,25,25,25,25,25,25,25,25
Map_2113,35,43,27,27,31,28,31,27,31,27,31,27,31,27,31,27,26,26,26,26,26,26,26,26,26,26
Map_2114,618,521,71,71,62,101,71,70,71,70,71,70,71,70,70,70,82,85,82,85,82,85,97,61,97,61
Map_2115,60,253,17,17,17,17,17,19,17,19,17,19,17,19,17,19,17,17,17,17,17,17,17,17,17,17
Map_2116,469,288,288,413,288,236,258,204,258,204,258,204,181,350,181,263,146,272,146,261,147,261,359,295,406,295
Map_2117,122,279,49,41,61,48,41,41,41,41,41,41,41,41,41,41,40,41,40,40,40,40,40,41,40,41
Map_2118,579,401,24,24,40,24,24,23,24,23,24,23,23,23,23,23,24,23,24,23,24,23,24,23,24,23
Map_2119,53,164,60,60,60,38,60,60,60,60,60,60,60,60,60,60,27,20,31,20,31,20,27,20,27,20
Map_2120,15,118,13,13,13,13,13,13,13,13,13,13,13,13,13,13,13,13,13,13,13,13,13,13,13,13
Map_2121,608,397,37,37,37,122,109,37,109,37,109,37,72,37,72,37,24,22,28,22,28,22,24,22,24,22
Map_2122,564,440,54,50,54,58,50,49,50,49,50,49,49,49,49,49,50,49,50,49,50,49,50,49,50,49
Map_2123,287,165,35,34,27,35,18,18,18,18,18,18,18,18,18,18,18,18,18,18,18,18,18,18,18,18
Map_2124,16,303,176,171,27,50,17,14,17,14,17,14,14,14,14,14,13,13,13,13,13,13,13,13,13,13
Map_2125,112,226,16,14,14,16,14,14,14,14,14,14,14,14,14,14,14,14,14,14,14,14,14,14,14,14
Map_2126,11,232,10,10,10,11,10,10,10,10,10,10,10,10,10,10,10,10,10,10,10,10,10,10,10,10
Map_2127,29,298,23,21,23,24,21,21,21,21,21,21,21,21,21,21,20,21,22,21,22,21,21,21,21,21
Map_2128,620,542,20,20,20,22,17,25,17,25,17,25,17,25,17,25,17,17,17,17,17,17,17,25,17,25
Map_2129,294,79,15,15,15,15,14,14,14,14,14,14,14,14,14,14,14,14,15,13,15,13,14,14,14,14
Map_2130,23,327,25,23,26,25,26,23,21,23,21,23,23,23,23,23,23,23,23,21,23,21,26,23,26,23
Map_2131,50,40,31,31,31,42,24,31,24,31,24,31,24,31,24,31,24,24,22,24,22,24,24,31,24,31
Map_2132,280,340,43,43,43,44,38,38,38,38,38,38,38,38,38,38,51,37,51,37,51,37,38,37,38,37
Map_2133,157,187,49,30,35,49,22,22,22,22,22,22,22,22,22,22,21,18,21,18,21,18,21,18,21,18
Map_2134,126,78,13,13,13,14,13,13,14,13,14,13,13,13,13,13,14,13,14,13,14,13,14,13,14,13
Map_2135,26,203,62,60,62,112,21,60,21,60,21,60,21,60,21,60,21,19,21,19,21,19,21,60,21,60
Map_2136,599,136,24,24,24,42,24,24,24,24,24,24,24,24,24,24,24,24,24,24,24,24,24,24,24,24
Map_2137,585,204,331,222,240,196,201,201,174,201,174,201,183,183,183,183,150,177,142,163,142,163,175,171,187,183
Map_2138,462,303,27,27,27,33,32,25,32,25,32,25,32,25,32,25,32,22,22,16,22,16,32,26,32,26
Map_2139,611,432,395,434,557,106,171,463,171,440,171,440,442,442,441,441,129,195,121,149,121,178,72,195,72,192
Map_2140,223,124,41,41,41,41,41,33,41,33,41,33,41,33,41,33,38,33,40,33,40,35,38,33,44,33
Map_2141,9,106,9,9,9,9,9,9,9,9,9,9,9,9,9,9,9,9,9,9,9,9,9,9,9,9
Map_2142,186,157,17,17,17,30,17,17,17,17,17,17,17,17,17,17,17,17,17,17,17,17,17,17,17,17
Map_2143,130,345,50,50,86,50,123,80,123,214,123,214,209,80,209,80,35,60,35,32,35,32,60,60,60,60
Map_2144,499,252,150,126,150,330,49,49,49,49,49,49,64,64,64,64,52,49,65,49,76,49,52,49,49,49
Map_2145,176,88,30,30,30,75,30,30,30,30,30,30,30,30,30,30,52,30,52,40,52,40,49,30,30,30
Map_2146,544,164,149,149,91,367,136,39,136,39,136,39,136,39,136,39,39,39,39,39,39,39,39,39,39,39
Map_2147,246,234,15,15,15,35,15,15,15,15,15,15,15,15,15,15,15,15,15,15,15,15,15,15,15,15
Map_2148,565,361,103,107,149,181,107,117,103,103,103,103,108,118,108,118,221,103,169,103,169,103,107,107,107,107
Map_2149,140,97,121,75,37,61,33,37,33,37,33,37,33,37,33,37,33,20,33,20,33,20,33,20,33,20
Map_2150,81,254,50,30,50,57,30,30,30,30,30,30,30,30,30,30,70,30,70,30,70,30,58,30,58,30
Map_2151,108,77,15,15,15,15,14,15,14,15,14,15,14,15,14,15,14,14,14,14,14,14,14,14,14,14
Map_2152,628,234,44,43,44,59,43,43,43,43,43,43,43,43,43,43,43,43,45,43,45,43,43,43,43,43
Map_2153,33,68,28,28,28,30,28,28,28,28,28,28,28,29,29,29,30,26,28,26,28,26,28,26,28,26
Map_2154,61,388,30,30,40,34,30,24,30,24,30,24,30,24,30,24,30,26,30,26,34,26,30,24,30,24
Map_2155,15,169,15,15,12,16,11,11,11,11,11,11,11,11,11,11,11,11,11,11,14,11,11,11,11,11
Map_2156,170,567,242,101,174,84,64,64,64,64,64,64,64,65,65,65,37,36,39,36,39,36,37,36,37,36
Map_2157,596,202,71,71,72,121,33,33,33,33,33,33,33,33,33,33,23,23,23,23,23,23,23,23,23,23
Map_2158,142,482,96,64,69,52,35,35,35,35,35,35,35,35,35,35,35,35,35,35,35,35,35,35,35,35
Map_2159,30,211,17,17,17,20,16,16,16,16,16,16,16,16,16,16,16,16,16,16,16,16,16,16,16,16
Map_2160,170,110,18,18,18,18,18,18,18,18,18,18,18,18,18,18,18,18,18,18,18,18,18,18,18,18
Map_2161,16,414,18,18,18,45,19,16,19,16,19,16,19,16,16,16,19,15,19,15,19,15,19,15,19,15
Map_2162,239,466,100,111,119,121,95,98,95,98,95,98,98,98,98,98,104,89,103,89,103,89,92,100,92,103
Map_2163,9,247,9,9,9,13,9,9,9,9,9,9,9,9,9,9,17,9,17,9,17,9,9,9,9,9
Map_2164,354,220,58,110,58,63,78,102,78,102,78,102,100,101,139,139,51,79,50,79,72,79,51,85,51,85
Map_2165,318,209,45,45,45,84,66,45,66,45,66,45,45,45,45,45,66,45,66,45,71,45,66,45,66,45
Map_2166,578,416,485,479,542,446,436,478,433,478,433,478,479,478,479,478,108,46,98,46,98,46,108,46,108,46
Map_2167,618,191,19,18,27,26,18,18,18,18,18,18,18,18,18,18,19,18,19,18,19,18,19,18,19,18
Map_2168,7,54,7,7,7,11,7,7,7,7,7,7,7,7,7,7,7,7,7,7,7,7,7,7,7,7
Map_2169,16,129,16,16,16,27,15,15,15,15,15,15,15,15,15,15,15,15,15,15,15,15,15,15,15,15
Map_2170,206,118,43,43,43,43,27,27,27,27,27,27,27,27,27,27,37,27,37,22,37,22,27,27,27,27
Map_2171,584,291,21,21,21,23,21,21,21,21,21,21,21,21,21,21,21,19,21,19,21,19,21,19,20,19
Map_2172,181,335,304,272,351,298,27,27,27,27,27,27,29,29,29,29,27,27,27,27,27,27,27,27,27,27
Map_2173,590,307,9,9,9,11,9,9,9,9,9,9,9,9,9,9,9,9,9,9,9,9,9,9,9,9
Map_2174,12,132,16,16,16,56,16,16,17,16,17,16,16,16,16,16,19,12,15,12,15,12,17,16,17,16
Map_2175,14,150,16,16,17,16,16,14,16,14,16,14,14,14,14,14,16,14,17,15,17,15,16,14,16,14
Map_2176,610,300,123,123,441,123,82,85,82,85,82,85,82,90,82,90,76,96,76,85,76,85,76,96,74,96
Map_2177,367,186,79,77,178,96,45,34,45,34,45,34,45,34,45,34,41,34,41,32,41,32,40,34,40,34
Map_2178,518,328,370,355,370,91,331,88,331,88,331,88,280,88,280,88,70,223,70,62,70,62,88,223,247,236
Map_2179,587,330,102,109,117,79,102,66,103,66,103,66,122,66,173,66,38,35,46,35,46,35,38,35,38,35
Map_2180,21,199,16,16,16,30,16,16,16,16,16,16,16,16,16,16,18,16,26,16,26,16,18,16,16,16
Map_2181,597,418,73,73,73,97,87,386,87,386,87,386,107,317,118,317,87,86,112,131,112,131,66,107,66,107
Map_2182,28,56,18,20,18,36,16,15,16,15,16,15,15,15,15,15,15,15,15,15,15,15,15,15,15,15
Map_2183,47,99,19,19,19,22,19,19,19,19,19,19,19,19,19,19,19,19,19,19,19,19,19,19,19,19
Map_2184,319,174,32,31,32,32,32,129,32,129,32,129,30,124,30,124,31,30,31,30,31,30,31,30,31,30
Map_2185,616,404,45,37,45,45,37,37,37,37,37,37,37,37,37,37,37,63,37,58,37,58,37,67,37,67
Map_2186,572,417,174,463,461,239,101,101,88,172,88,172,101,101,101,101,80,130,80,108,80,90,110,126,110,61
Map_2187,503,160,35,36,43,31,31,31,31,31,31,31,31,31,31,31,30,23,30,23,30,23,30,23,30,23
Map_2188,115,206,31,129,31,36,35,84,35,84,35,84,124,121,124,121,51,42,59,42,59,42,51,42,51,42
Map_2189,392,397,23,22,23,24,22,22,22,22,22,22,22,22,22,22,21,22,21,22,21,22,22,22,22,22
Map_2190,132,187,35,35,35,22,22,22,22,22,22,22,22,22,22,22,38,35,37,37,37,37,35,35,35,35
Map_2191,13,22,9,9,9,15,9,9,9,9,9,9,9,9,9,9,9,9,9,9,9,9,9,9,9,9
Map_2192,25,50,8,8,8,61,8,8,8,8,8,8,8,8,8,8,15,8,15,8,15,8,8,8,8,8
Map_2193,176,325,47,47,47,51,47,56,47,56,47,56,56,56,56,56,42,46,49,46,49,46,47,56,47,56
Map_2194,474,208,21,21,21,21,21,21,16,16,16,16,21,21,21,21,16,14,16,14,16,14,16,16,16,16
Map_2195,553,394,31,31,31,31,29,29,29,29,29,29,29,29,29,29,29,29,29,29,29,29,29,29,29,29
Map_2196,429,301,27,27,27,326,34,27,34,27,34,27,27,27,27,27,35,35,39,35,39,35,35,27,35,27
Map_2197,337,193,33,24,185,30,30,24,30,24,30,24,24,24,24,24,30,24,32,24,32,24,30,24,30,24
Map_2198,556,229,20,20,20,356,17,17,17,17,17,17,17,17,17,17,17,17,17,17,17,17,17,17,17,17
Map_2199,431,192,49,49,49,41,26,26,26,26,26,26,26,26,26,26,26,26,26,26,26,26,26,26,26,26
Map_2200,590,82,69,56,141,74,108,104,108,104,108,104,108,104,108,104,30,30,30,30,30,30,30,30,30,30
Map_2201,21,235,14,14,14,14,14,14,14,14,14,14,14,14,24,24,14,13,14,13,14,13,14,13,14,13
Map_2202,519,112,112,112,112,94,113,23,113,23,113,23,125,23,125,23,23,23,23,23,23,23,23,23,23,23
Map_2203,12,237,9,9,11,9,9,9,9,9,9,9,9,9,9,9,9,9,9,9,9,9,9,9,9,9
Map_2204,33,163,19,18,19,24,19,25,19,25,19,25,18,25,18,25,20,18,20,18,20,18,18,18,19,18
Map_2205,57,180,40,40,40,43,41,41,41,41,41,41,41,41,41,41,38,36,38,36,38,36,38,36,38,36
Map_2206,607,439,70,70,70,161,41,41,41,41,41,41,41,41,41,41,41,41,46,41,46,41,41,41,41,41
Map_2207,412,216,82,75,63,77,63,63,63,63,63,63,63,63,63,63,29,29,29,29,29,29,29,29,29,29
Map_2208,504,166,142,170,142,317,60,170,60,170,60,170,60,88,60,88,42,59,42,59,42,59,47,59,47,59
Map_2209,7,87,7,7,7,7,7,7,7,7,7,7,7,7,7,7,7,7,7,7,7,7,7,7,7,7
Map_2210,574,250,23,23,26,23,18,15,18,15,18,15,18,15,18,15,18,15,18,15,18,15,18,15,18,15
Map_2211,111,163,40,39,102,17,17,17,17,17,17,17,17,17,17,17,15,15,15,15,15,15,15,15,15,15
Map_2212,28,194,24,23,20,27,20,20,20,20,20,20,20,20,20,20,20,20,20,20,20,20,20,20,20,20
Map_2213,600,324,98,98,132,78,78,162,78,162,78,162,72,168,71,181,47,53,47,53,47,52,47,160,47,162
Map_2214,161,294,9,9,9,9,11,9,11,9,11,9,11,9,11,9,11,9,11,9,11,9,11,9,11,9
Map_2215,9,50,7,7,7,7,7,7,7,7,7,7,7,7,7,7,7,7,7,7,7,7,7,7,7,7
Map_2216,243,477,76,76,76,81,23,23,23,23,23,23,23,23,23,23,23,23,23,23,23,23,23,23,23,23
Map_2217,534,444,147,147,147,472,314,372,314,372,314,372,217,220,217,221,47,76,47,39,47,39,72,76,72,76
Map_2218,578,450,95,95,127,95,93,72,93,72,93,72,92,71,92,71,107,107,107,107,107,107,107,106,107,106
Map_2219,21,23,16,12,12,16,13,13,13,13,13,13,13,13,13,13,12,10,12,10,12,10,10,10,10,10
Map_2220,99,396,79,62,150,97,70,58,70,58,70,58,58,58,58,58,67,58,67,54,67,54,47,58,47,58
Map_2221,56,81,24,24,24,60,28,24,28,24,28,24,28,24,28,24,24,24,24,24,24,24,24,24,24,24
Map_2222,12,40,12,12,12,14,12,12,12,12,12,12,12,12,12,12,12,12,17,12,17,12,12,12,12,12
Map_2223,524,440,21,21,21,21,21,21,21,21,21,21,21,21,21,21,21,21,21,21,21,21,21,21,21,21
Map_2224,11,353,9,9,9,13,9,9,9,9,9,9,9,9,9,9,9,9,9,9,9,9,9,9,9,9
Map_2225,69,256,25,25,25,27,25,25,25,25,25,25,25,25,25,25,32,26,32,26,32,26,32,25,32,25
Map_2226,604,216,16,16,16,16,16,16,16,16,16,16,16,16,16,16,18,16,18,16,18,16,16,16,16,16
Map_2227,42,126,22,22,22,22,19,22,19,22,19,22,19,22,19,22,19,22,19,22,19,22,19,22,19,22
Map_2228,16,99,18,18,18,18,18,17,18,17,18,17,22,19,22,19,16,16,16,16,16,16,16,16,16,16
Map_2229,602,319,51,51,61,86,51,18,51,18,51,18,51,18,51,18,55,18,56,18,56,18,49,18,49,18
Map_2230,528,186,41,31,46,321,24,24,24,24,24,24,24,24,24,24,24,24,24,24,24,24,24,24,24,24
Map_2231,510,324,23,23,23,67,123,23,123,23,123,23,23,23,23,23,111,23,57,23,57,23,60,23,60,23
Map_2232,146,255,20,20,20,20,20,20,20,20,20,20,20,20,20,20,20,20,20,20,20,20,20,20,20,20
Map_2233,588,172,23,23,16,75,23,23,16,16,16,16,23,23,23,23,21,16,21,16,21,16,21,16,21,16
Map_2234,161,374,27,25,27,28,22,22,22,22,22,22,22,22,22,22,28,22,30,22,30,22,22,22,22,22
Map_2235,535,98,169,418,473,311,344,339,344,339,344,339,455,458,455,458,113,204,113,199,113,188,100,204,100,147
Map_2236,615,329,100,100,116,100,109,222,109,222,109,222,109,222,109,222,108,80,108,80,108,80,92,97,92,97
Map_2237,555,151,35,35,35,38,29,29,29,29,29,29,29,29,29,29,29,29,29,29,29,29,29,29,29,29
Map_2238,36,107,11,11,11,12,11,11,11,11,11,11,11,11,11,11,11,11,11,11,11,11,11,11,11,11
Map_2239,16,147,16,16,17,16,16,16,16,16,16,16,16,16,16,16,17,16,17,16,17,16,16,16,16,16
Map_2240,557,339,127,106,127,77,97,54,97,54,97,54,142,57,142,57,117,54,114,54,114,54,122,54,151,54
Map_2241,568,468,30,32,30,43,32,30,32,30,32,30,32,32,32,32,18,18,18,18,18,18,18,28,18,28
Map_2242,605,57,33,33,33,28,26,35,26,35,26,35,26,35,26,35,26,35,26,17,26,17,26,35,26,35
Map_2243,99,292,40,40,40,45,30,30,30,30,30,30,30,30,30,30,30,35,30,35,30,35,30,30,30,30
Map_2244,12,73,9,9,9,9,9,9,9,9,9,9,9,9,9,9,9,9,9,9,9,9,9,9,9,9
Map_2245,10,33,12,12,12,20,13,13,13,13,13,13,13,13,13,13,13,10,11,10,11,10,13,10,13,10
Map_2246,10,314,10,10,10,14,9,10,9,10,9,10,9,10,9,10,11,9,11,9,11,9,9,9,9,9
Map_2247,559,535,33,33,33,33,33,33,33,33,33,33,33,33,33,33,33,33,69,33,69,33,33,33,33,33
Map_2248,502,367,22,22,22,23,22,13,22,13,22,13,22,22,22,22,16,10,16,10,16,10,16,10,22,10
Map_2249,479,389,35,35,35,35,35,35,35,35,35,35,35,35,35,35,31,25,31,25,31,25,31,25,25,25
Map_2250,514,227,15,15,15,95,15,15,15,15,15,15,15,15,15,15,15,15,15,15,15,15,15,15,15,15
Map_2251,554,474,43,43,43,205,43,43,43,43,43,43,43,43,43,43,38,43,38,43,38,43,44,43,43,43
Map_2252,11,487,14,14,14,17,29,11,29,11,29,11,29,11,29,11,12,11,12,11,12,11,12,11,12,11
Map_2253,533,198,97,97,49,50,45,45,45,45,45,45,45,45,45,45,51,49,66,34,66,34,51,49,51,49
Map_2254,606,612,37,37,384,66,46,112,46,112,46,112,45,112,45,112,45,31,45,31,45,31,45,31,45,31
Map_2255,175,221,39,54,65,39,25,54,25,54,25,54,54,54,54,54,20,45,20,19,20,19,20,45,25,45
Map_2256,631,281,29,427,31,34,79,79,79,79,79,79,79,79,112,105,28,33,39,27,39,27,28,79,28,79
Map_2257,588,128,22,22,22,41,22,20,22,20,22,20,22,20,22,20,33,20,20,20,20,20,33,20,33,20
Map_2258,625,379,177,172,575,185,160,182,157,157,157,157,325,258,325,487,108,108,107,107,107,107,108,108,108,127
Map_2259,16,85,16,16,16,23,16,16,16,16,16,16,16,16,16,16,15,15,15,15,15,15,15,15,15,15
Map_2260,63,223,270,243,270,44,74,48,74,48,74,48,74,48,74,48,34,44,34,44,34,44,44,44,74,44
Map_2261,175,168,61,67,61,67,47,45,47,45,47,45,47,45,47,45,56,45,52,45,52,45,52,52,52,52
Map_2262,5,16,5,5,5,5,5,5,5,5,5,5,5,5,5,5,5,5,5,5,5,5,5,5,5,5
Map_2263,576,193,95,118,95,84,71,106,71,106,71,106,71,114,71,114,74,78,91,67,91,67,74,78,71,78
Map_2264,133,205,106,106,106,61,34,34,34,34,34,34,34,34,34,34,30,28,30,28,30,28,28,28,28,28
Map_2265,588,175,111,111,111,82,78,192,78,192,78,192,77,130,77,229,52,37,57,37,65,37,52,37,52,37
Map_2266,84,184,34,34,34,36,34,34,34,34,34,34,34,34,34,34,34,29,34,29,34,29,34,29,34,29
Map_2267,103,457,40,40,40,81,40,35,40,35,40,35,40,35,40,38,31,35,31,35,31,35,31,35,31,35
Map_2268,499,163,28,28,28,28,27,27,27,27,27,27,27,27,27,27,28,29,28,29,28,29,27,30,27,30
Map_2269,137,324,14,14,14,16,14,14,14,14,14,14,14,14,14,14,14,14,14,14,14,14,14,14,14,14
Map_2270,17,31,13,13,13,13,13,13,13,13,13,13,13,13,13,13,13,13,13,13,13,13,13,13,13,13
Map_2271,35,161,36,36,84,68,20,20,20,20,20,20,20,20,20,20,22,20,22,20,22,20,22,20,22,20
Map_2272,614,151,286,285,334,457,304,327,304,327,304,327,283,304,283,306,147,107,147,107,147,109,230,100,101,100
Map_2273,30,156,28,28,28,91,26,26,26,26,26,26,26,26,26,26,26,17,26,17,26,17,26,17,26,17
Map_2274,57,397,36,35,36,34,31,39,31,39,31,39,39,39,39,39,25,29,25,22,25,22,24,35,24,35
Map_2275,422,450,144,57,148,132,39,40,39,40,39,40,59,59,59,59,76,40,76,40,76,40,75,40,75,40
Map_2276,101,67,24,24,24,27,24,24,24,24,24,24,24,24,24,24,26,24,23,24,23,24,26,24,26,24
Map_2277,568,259,28,28,83,73,79,75,79,75,79,75,79,75,79,75,76,28,76,28,76,28,56,28,56,28
Map_2278,5,9,5,5,5,6,5,5,5,5,5,5,5,5,5,5,5,5,5,5,5,5,5,5,5,5
Map_2279,303,372,26,25,26,28,25,25,25,25,25,25,25,25,25,25,23,25,28,23,28,23,23,25,23,25
Map_2280,546,205,73,73,73,82,58,50,57,50,57,50,58,57,58,57,86,48,86,48,86,48,85,48,85,48
Map_2281,29,542,31,47,31,37,35,30,35,30,35,30,30,30,30,30,35,35,36,41,36,41,35,30,35,30
Map_2282,94,336,17,17,17,18,17,16,17,16,17,16,17,16,17,16,16,16,17,16,17,16,16,16,16,16
Map_2283,522,631,17,17,17,18,17,17,17,17,17,17,17,17,17,17,17,17,17,17,17,17,17,17,17,17
Map_2284,12,32,12,12,12,12,12,12,12,12,12,12,12,12,12,12,12,12,12,12,12,12,12,12,12,12
Map_2285,18,200,13,13,13,13,13,13,13,13,13,13,13,13,13,13,13,13,13,13,13,13,13,13,13,13
Map_2286,160,31,23,23,23,19,17,16,17,16,17,16,17,16,17,16,18,16,18,16,18,16,17,16,17,16
Map_2287,19,26,20,20,20,23,16,19,16,19,16,19,16,19,16,19,15,15,15,15,15,15,15,15,15,19
Map_2288,529,429,39,28,39,29,28,27,28,27,28,27,27,27,27,27,27,27,27,27,27,27,27,27,27,27
Map_2289,22,46,19,18,18,19,18,18,18,18,18,18,18,18,18,18,18,18,18,18,18,18,18,18,18,18
Map_2290,614,329,111,111,113,331,114,49,114,49,114,49,111,49,113,49,69,49,69,49,69,49,67,49,221,49
Map_2291,584,120,46,39,53,47,39,39,39,39,39,39,39,39,39,39,41,39,45,39,45,39,40,39,40,39
Map_2292,27,301,20,13,20,20,13,13,13,13,13,13,13,13,13,13,13,13,13,13,13,13,13,13,13,13
Map_2293,563,223,52,32,117,54,32,37,32,37,32,37,32,37,32,37,32,30,32,30,32,30,32,30,32,30
Map_2294,401,168,35,35,35,378,35,35,41,35,41,35,35,35,35,35,97,35,120,35,77,35,97,35,97,35
Map_2295,10,67,16,10,16,17,8,8,8,8,8,8,8,8,8,8,8,8,8,8,8,8,8,8,8,8
Map_2296,149,140,51,51,51,60,51,51,51,51,51,51,51,51,51,51,56,43,56,43,56,43,56,43,56,43
Map_2297,635,387,281,384,292,278,197,113,197,113,197,113,157,113,157,113,183,113,185,113,185,113,197,113,197,113
Map_2298,14,288,36,36,14,43,36,14,36,14,36,14,36,14,36,14,42,14,43,14,43,14,32,14,32,14
Map_2299,177,329,25,25,25,25,25,25,25,25,25,25,25,25,25,25,25,25,25,25,25,25,25,25,25,25
Map_2300,7,226,7,7,7,7,7,7,7,7,7,7,7,7,7,7,7,7,8,7,8,7,7,7,7,7
Map_2301,81,219,21,21,27,45,21,26,21,26,21,26,21,26,21,26,15,15,15,15,15,15,15,15,15,15
Map_2302,390,91,23,23,23,27,20,20,20,20,20,20,20,20,20,20,19,19,19,19,19,19,19,19,19,19
Map_2303,15,45,17,17,17,17,13,13,13,13,13,13,13,13,13,13,13,13,13,13,13,13,13,13,13,13
Map_2304,476,111,20,19,20,20,19,19,19,19,19,19,19,19,19,19,19,19,19,19,19,19,19,19,19,19
Map_2305,472,383,21,20,19,21,20,20,20,20,20,20,20,20,20,20,15,16,17,16,17,16,20,19,20,19
Map_2306,14,33,16,16,16,16,14,14,14,14,14,14,14,14,14,14,14,14,14,14,14,14,14,14,14,14
Map_2307,16,41,16,16,16,16,16,16,16,16,16,16,16,16,16,16,16,16,23,16,23,16,16,16,16,16
Map_2308,17,67,12,12,12,12,12,12,12,12,12,12,12,12,12,12,12,12,12,12,12,12,12,12,12,12
Map_2309,571,204,18,18,18,35,18,18,18,18,18,18,18,18,18,18,21,18,21,18,21,18,21,18,21,18
Map_2310,551,249,23,23,23,27,23,23,23,23,23,23,23,23,23,23,25,23,25,24,25,24,23,23,23,23
Map_2311,526,162,55,55,55,56,24,35,24,35,24,35,24,35,24,35,24,35,25,29,25,29,24,35,24,35
Map_2312,16,96,11,10,11,10,10,10,10,10,10,10,10,10,10,10,10,10,10,10,10,10,10,10,10,10
Map_2313,27,163,24,24,24,25,25,20,25,20,25,20,25,20,25,20,22,20,22,20,22,20,25,20,25,20
Map_2314,247,158,315,315,322,392,157,257,157,257,157,257,239,228,239,228,210,123,213,66,213,66,159,99,157,131
Map_2315,13,379,11,11,11,13,11,11,11,11,11,11,11,11,11,11,11,11,11,11,25,11,11,11,11,11
Map_2316,51,234,21,21,19,21,18,16,18,16,18,16,18,16,18,16,18,16,18,16,18,16,18,16,18,16
Map_2317,25,283,29,29,29,29,23,23,23,23,23,23,23,23,23,23,23,23,23,23,23,23,23,23,23,23
Map_2318,559,367,43,43,36,147,66,31,66,31,66,31,62,31,62,31,61,31,61,31,61,31,61,31,61,31
Map_2319,25,480,25,25,26,42,25,26,26,26,26,26,23,23,23,23,24,23,23,24,23,24,24,23,24,23
Map_2320,14,168,10,10,10,12,10,10,10,10,10,10,10,10,10,10,10,10,10,10,10,10,10,10,10,10
Map_2321,22,76,17,16,16,17,16,16,16,16,16,16,16,16,16,16,16,16,16,16,16,16,16,16,16,16
Map_2322,35,136,24,17,27,28,24,17,24,17,24,17,17,17,17,17,19,16,22,16,22,16,19,16,19,16
Map_2323,14,301,14,14,14,19,14,13,14,13,14,13,14,13,13,13,14,13,14,13,15,13,14,13,14,13
Map_2324,89,190,28,36,28,29,29,35,29,35,29,35,29,35,29,35,28,25,28,25,28,25,25,25,25,25
Map_2325,597,217,69,66,69,79,33,33,33,33,33,33,33,33,33,33,52,33,52,33,52,33,52,33,52,33
Map_2326,10,197,10,10,10,12,12,10,12,10,12,10,12,10,12,10,12,10,12,10,12,10,12,10,12,10
Map_2327,6,308,7,7,7,11,7,6,7,6,7,6,6,6,6,6,6,6,6,6,6,6,6,6,6,6
Map_2328,49,113,25,25,26,50,29,31,29,31,29,31,29,31,29,31,29,31,29,31,29,31,29,31,29,31
Map_2329,535,227,30,30,30,39,30,30,30,30,30,30,30,30,30,30,30,30,118,30,118,30,30,30,30,30
Map_2330,592,461,42,37,37,77,37,37,37,37,37,37,37,37,37,37,37,37,36,21,36,21,37,37,37,37
Map_2331,520,175,27,27,27,19,19,19,19,19,19,19,19,19,19,19,19,19,19,19,21,19,19,19,19,19
Map_2332,615,403,215,202,187,254,107,177,107,177,107,177,106,199,106,199,106,103,104,103,104,103,148,103,147,103
Map_2333,328,54,38,37,205,37,35,35,35,35,35,35,35,35,35,35,31,35,31,35,33,35,35,35,35,35
Map_2334,143,172,51,89,46,64,40,40,40,40,40,40,40,43,43,43,37,31,48,31,48,31,52,40,53,40
Map_2335,35,260,13,13,13,13,13,13,13,13,13,13,13,13,13,13,13,12,13,12,13,12,13,12,13,12
Map_2336,111,276,46,46,56,46,46,45,46,45,46,45,46,45,45,45,46,45,46,49,46,49,46,45,46,45
Map_2337,80,136,96,101,118,79,58,55,58,55,58,55,58,55,58,55,44,47,47,47,47,47,44,104,44,104
Map_2338,221,241,115,133,111,132,139,152,139,152,139,152,84,84,84,84,94,91,94,133,94,133,94,91,96,91
Map_2339,10,26,11,10,11,14,12,10,12,10,12,10,12,10,12,10,14,10,14,10,14,10,12,10,12,10
Map_2340,40,85,27,18,27,29,18,27,18,27,18,27,18,27,18,27,28,14,28,14,28,14,18,14,18,14
Map_2341,58,138,22,22,22,26,24,22,24,22,24,22,24,22,24,22,20,22,20,25,20,25,20,22,20,22
Map_2342,21,76,24,24,24,35,19,21,19,21,19,21,21,21,21,21,19,19,19,19,19,19,19,21,19,21
Map_2343,272,468,27,27,27,27,27,27,27,27,27,27,27,27,27,27,28,27,28,27,28,27,27,27,27,27
Map_2344,29,55,32,26,16,94,16,16,16,16,16,16,16,16,16,16,17,16,17,16,17,16,16,16,16,16
Map_2345,582,365,110,106,110,154,46,46,46,46,46,46,46,46,46,46,99,31,99,31,108,31,97,31,113,31
Map_2346,60,191,19,19,19,49,19,19,19,19,19,19,19,19,19,19,23,19,23,19,23,19,23,19,23,19
Map_2347,10,68,8,8,8,22,8,8,8,8,8,8,8,8,8,8,8,8,8,8,8,8,8,8,8,8
Map_2348,348,82,13,13,13,13,13,13,13,13,13,13,13,13,13,13,19,13,19,13,19,13,13,13,13,13
Map_2349,44,238,36,36,36,41,101,36,101,36,101,36,83,36,83,36,37,37,37,37,37,37,37,37,37,37
Map_2350,499,485,132,271,372,189,108,48,108,48,108,48,199,48,199,48,49,35,49,35,49,35,49,35,49,35
Map_2351,35,466,28,28,28,38,22,22,22,22,22,22,22,22,22,22,22,22,25,22,25,22,22,22,22,22
Map_2352,500,206,72,72,72,172,66,66,66,66,66,66,66,66,66,66,95,59,95,59,95,59,66,61,66,61
Map_2353,34,201,17,17,17,17,17,17,17,17,17,17,17,17,17,17,28,17,28,17,28,17,28,17,28,17
Map_2354,32,260,13,13,11,13,13,13,13,13,13,13,13,13,13,13,13,11,13,11,13,11,13,11,13,11
Map_2355,118,344,71,71,55,63,114,114,114,114,114,114,114,114,114,114,46,43,45,52,45,52,46,121,48,121
Map_2356,24,186,15,14,15,15,14,14,14,14,14,14,14,14,14,14,14,14,14,14,14,14,14,14,14,14
Map_2357,280,25,11,11,11,10,10,10,10,10,10,10,10,10,10,10,10,10,10,10,10,10,10,10,10,10
Map_2358,505,145,101,100,32,25,25,29,25,29,25,29,25,29,25,29,25,27,27,27,27,27,25,27,25,27
Map_2359,578,410,86,86,86,248,91,93,91,93,91,93,91,93,91,96,100,48,100,48,82,48,92,48,91,48
Map_2360,353,83,94,90,93,53,29,29,29,29,29,29,29,29,29,29,29,29,29,29,29,29,29,29,29,29
Map_2361,578,358,248,238,518,275,233,55,269,55,269,55,231,55,243,55,137,54,113,54,113,54,212,54,212,54
Map_2362,19,26,16,18,16,16,16,18,16,18,16,18,18,18,21,18,16,16,16,16,16,16,16,18,16,18
Map_2363,7,144,7,7,7,28,7,7,7,7,7,7,7,7,7,7,7,7,7,7,7,7,7,7,7,7
Map_2364,579,109,18,18,18,16,18,18,18,18,18,18,18,22,22,22,19,18,19,16,19,16,19,18,19,18
Map_2365,335,348,38,38,38,42,40,28,40,28,40,28,40,28,40,28,38,28,40,39,40,39,38,28,38,28
Map_2366,558,355,53,51,53,140,51,51,51,51,51,51,51,51,51,51,67,70,101,70,101,70,51,88,51,123
Map_2367,98,265,32,32,74,58,32,32,32,32,32,32,32,32,32,32,32,32,32,32,32,32,32,32,32,32
Map_2368,109,114,18,18,18,18,18,18,18,18,18,18,18,18,18,18,18,18,18,18,18,18,18,18,18,18
Map_2369,248,186,100,95,105,221,375,142,375,142,375,142,195,223,203,223,80,99,80,74,80,74,80,99,223,131
Map_2370,18,31,16,16,16,16,16,16,16,16,16,16,16,16,16,16,16,15,16,15,16,15,16,15,16,15
Map_2371,177,149,27,27,27,27,22,22,22,22,22,22,22,22,22,22,22,20,22,20,22,20,22,20,22,20
Map_2372,593,273,412,452,411,87,68,68,68,68,68,68,68,68,68,68,44,38,44,38,44,38,44,38,44,38
Map_2373,27,230,21,21,21,21,19,21,19,21,19,21,19,24,19,24,19,19,19,19,19,19,19,19,19,21
Map_2374,489,164,50,48,50,50,48,48,48,48,48,48,48,48,48,48,42,45,42,45,42,45,42,48,41,48
Map_2375,412,361,30,21,21,30,21,21,21,21,21,21,21,21,21,21,21,21,21,21,21,21,21,21,21,21
Map_2376,6,176,6,6,6,7,6,6,6,6,6,6,6,6,6,6,6,6,6,6,6,6,6,6,6,6
Map_2377,20,171,13,13,13,13,13,13,13,13,13,13,13,13,13,13,13,13,13,13,13,13,13,13,13,13
Map_2378,40,246,21,20,20,21,22,22,22,22,22,22,24,24,24,24,16,16,16,16,16,16,16,16,16,16
Map_2379,23,125,23,23,23,23,23,23,23,23,23,23,23,23,23,23,24,30,51,30,51,30,24,30,24,30
Map_2380,171,212,10,10,10,14,10,10,10,10,10,10,10,10,10,10,10,10,10,10,10,10,10,10,10,10
Map_2381,573,171,97,147,92,407,89,83,89,83,89,83,89,83,89,83,106,83,99,85,99,85,91,83,91,83
Map_2382,418,197,302,226,298,398,97,146,97,146,97,146,138,146,138,146,46,46,46,46,46,46,46,46,46,46
Map_2383,390,173,180,151,180,97,149,122,149,122,149,122,166,122,166,147,75,87,67,87,67,87,87,87,87,87
Map_2384,454,370,37,37,43,46,37,37,37,37,37,37,37,37,37,37,37,37,37,36,37,36,37,37,37,37
Map_2385,272,426,36,38,25,54,25,30,25,30,25,30,25,30,25,30,18,18,20,18,20,18,18,18,18,18
Map_2386,10,182,9,9,9,14,9,9,9,9,9,9,9,9,9,9,9,9,9,9,9,9,9,9,9,9
Map_2387,65,133,23,21,23,23,23,21,23,21,23,21,21,21,21,21,27,27,27,27,27,27,29,29,29,29
Map_2388,446,187,18,18,18,38,18,18,18,18,18,18,18,18,18,18,18,18,18,18,18,18,18,18,18,18
Map_2389,625,338,10,10,10,12,10,10,10,10,10,10,10,10,10,10,10,10,10,10,10,10,10,10,10,10
Map_2390,310,485,117,117,117,178,117,108,117,108,117,108,117,108,146,108,133,61,133,61,183,61,133,61,117,61
Map_2391,176,199,104,67,69,88,70,70,70,70,70,70,76,76,76,76,30,34,30,30,30,30,30,34,30,34
Map_2392,137,228,28,28,28,66,50,28,50,28,50,28,50,28,50,28,50,28,63,28,63,28,50,28,50,28
Map_2393,43,90,13,13,13,17,13,13,13,13,13,13,13,13,13,13,13,13,13,13,13,13,13,13,13,13
Map_2394,161,265,135,135,151,151,47,47,48,47,48,47,47,47,47,47,50,47,50,47,50,47,50,47,48,47
Map_2395,7,173,7,7,7,7,7,7,7,7,7,7,7,7,7,7,7,7,7,7,7,7,7,7,7,7
Map_2396,533,506,160,160,175,100,58,58,58,58,58,58,58,58,58,58,50,56,53,56,53,56,45,56,45,56
Map_2397,619,208,33,28,37,202,27,28,27,28,27,28,27,28,27,28,27,27,27,27,27,27,27,27,27,27
Map_2398,547,383,40,40,40,40,40,40,40,40,40,40,40,40,40,40,160,40,164,40,164,40,159,40,138,40
Map_2399,632,420,28,28,28,32,28,28,28,28,28,28,28,28,28,28,33,28,33,28,33,28,33,28,33,28
Map_2400,313,91,12,12,12,14,12,8,12,8,12,8,12,8,12,8,8,8,8,8,8,8,8,8,8,8
Map_2401,11,479,11,11,11,13,11,11,11,11,11,11,11,11,11,11,13,11,13,11,13,11,13,11,13,11
Map_2402,399,569,56,66,56,84,32,32,32,32,32,32,32,32,32,32,37,37,37,37,37,37,37,37,37,37
Map_2403,9,26,8,8,14,9,8,8,8,8,8,8,8,8,8,8,8,8,8,8,8,8,8,8,8,8
Map_2404,587,469,90,267,395,194,37,143,37,143,37,143,37,265,37,265,37,90,37,116,37,116,37,90,37,90
Map_2405,523,132,57,41,54,65,53,53,53,53,53,53,41,40,41,40,60,29,51,29,51,29,60,40,65,40
Map_2406,30,159,19,19,19,20,19,19,19,19,19,19,19,19,19,19,21,19,21,19,21,19,21,19,21,19
Map_2407,400,287,27,27,27,38,31,27,31,27,31,27,31,27,31,27,32,27,54,27,54,27,31,27,31,27
Map_2408,579,434,57,62,57,38,36,36,36,36,36,36,36,36,36,36,22,22,22,22,22,22,22,22,22,22
Map_2409,496,251,200,96,35,76,33,32,33,32,33,32,32,32,32,32,33,32,33,34,33,34,33,32,33,32
Map_2410,277,215,90,123,125,157,60,64,60,64,60,64,60,64,60,64,45,64,45,64,45,64,45,64,45,64
Map_2411,489,101,53,45,24,247,25,45,25,45,25,45,24,45,24,45,26,24,26,24,26,24,25,24,25,24
Map_2412,58,458,18,14,14,21,14,14,14,14,14,14,14,14,14,14,14,14,14,14,14,14,14,14,14,14
Map_2413,87,241,33,33,33,33,33,33,33,33,33,33,33,33,33,33,33,33,33,33,33,33,33,33,33,33
Map_2414,601,365,188,188,188,38,38,38,38,38,38,38,38,38,38,38,42,38,42,38,42,60,42,38,41,38
Map_2415,530,190,15,15,15,15,14,15,14,15,14,15,14,15,14,15,14,14,15,14,15,14,14,14,14,14
Map_2416,223,471,26,26,35,29,26,26,26,26,26,26,26,26,26,26,38,26,38,26,38,26,26,26,26,26
Map_2417,264,102,30,30,30,30,30,30,30,30,30,30,30,30,30,30,30,30,30,30,30,30,30,30,30,30
Map_2418,577,397,29,29,140,29,28,28,28,28,28,28,28,28,28,28,30,28,30,28,30,28,30,28,28,28
Map_2419,626,151,23,23,23,23,23,27,23,27,23,27,23,27,23,27,23,23,23,23,23,23,23,23,23,23
Map_2420,10,204,10,10,10,10,10,10,10,10,10,10,10,10,10,10,9,9,9,9,9,9,9,9,9,9
Map_2421,190,93,52,94,94,42,42,42,42,42,42,42,42,42,42,42,12,12,12,12,12,12,12,12,12,12
Map_2422,628,248,94,83,94,251,106,107,106,107,106,107,106,109,106,109,87,98,88,98,88,92,87,98,87,98
Map_2423,16,452,18,16,18,18,16,16,16,16,16,16,16,16,16,16,17,16,17,16,17,16,16,16,16,16
Map_2424,609,197,21,21,19,24,18,18,18,18,18,18,18,18,18,18,18,18,20,17,20,17,18,18,18,18
Map_2425,531,124,22,22,22,26,22,30,22,30,22,30,22,30,22,30,22,29,22,29,22,29,22,29,22,29
Map_2426,640,313,554,380,579,419,152,128,152,128,152,128,151,128,155,128,93,93,93,89,93,89,93,93,93,93
Map_2427,588,339,58,58,58,176,32,32,32,32,32,32,32,32,32,32,32,32,32,32,32,32,32,32,32,32
Map_2428,600,541,66,66,586,378,59,60,77,60,77,60,59,60,59,60,50,38,50,38,50,38,50,38,50,38
Map_2429,154,225,53,18,18,81,18,18,18,18,18,18,18,18,18,18,18,18,40,18,40,18,18,18,18,18
Map_2430,8,155,8,8,8,19,8,8,8,8,8,8,8,8,8,8,8,8,8,8,8,8,8,8,8,8
Map_2431,34,153,53,53,53,112,20,20,20,20,20,20,20,20,20,20,20,20,20,20,20,20,20,20,20,20
Map_2432,11,415,12,12,11,13,11,10,11,10,11,10,10,10,10,10,11,10,11,10,11,10,11,10,11,10
Map_2433,518,394,54,54,73,89,49,49,50,49,50,49,49,49,49,49,25,25,25,25,25,25,25,25,25,25
Map_2434,349,371,48,48,48,33,23,23,23,23,23,23,23,23,23,23,23,23,23,23,23,23,23,23,23,23
Map_2435,10,410,9,9,9,9,10,9,10,9,10,9,10,9,10,9,11,9,11,9,11,9,11,9,11,9
Map_2436,13,190,14,13,14,14,14,11,14,11,14,11,11,11,11,11,14,11,20,11,20,11,14,11,14,11
Map_2437,43,167,25,25,25,25,25,23,25,23,25,23,25,23,25,23,25,23,34,23,34,23,25,23,25,23
Map_2438,57,141,45,45,48,58,45,45,45,45,45,45,45,45,45,45,50,46,50,46,50,46,50,46,50,46
Map_2439,82,304,79,79,77,104,79,58,79,58,79,58,79,58,79,58,53,32,53,32,53,32,53,32,53,32
Map_2440,8,30,8,8,8,8,8,8,8,8,8,8,8,8,8,8,8,8,8,8,8,8,8,8,8,8
Map_2441,9,16,9,9,9,14,11,9,11,9,11,9,11,9,11,9,12,9,12,9,12,9,12,9,11,9
Map_2442,544,230,142,164,370,66,59,59,59,59,59,59,59,59,59,59,75,76,116,76,116,76,87,58,59,58
Map_2443,8,91,8,8,8,8,8,8,8,8,8,8,8,8,8,8,8,8,8,8,8,8,8,8,8,8
Map_2444,610,221,55,55,68,55,49,49,49,49,49,49,49,49,49,49,46,45,46,43,46,43,46,45,46,45
Map_2445,16,173,15,15,15,17,15,15,15,15,15,15,15,16,16,16,21,15,21,15,21,15,15,15,15,15
Map_2446,635,204,121,120,127,409,124,60,124,60,124,60,124,170,124,303,35,86,40,83,40,83,35,86,35,96
Map_2447,611,209,23,23,23,23,23,23,23,23,23,23,23,23,23,23,24,23,24,23,24,23,24,23,24,23
Map_2448,47,207,22,21,22,22,22,21,22,21,22,21,21,21,21,21,22,21,22,21,22,21,22,21,22,21
Map_2449,7,14,7,7,7,9,7,7,7,7,7,7,7,7,7,7,7,7,7,7,7,7,7,7,7,7
Map_2450,12,40,12,12,12,19,12,12,12,12,12,12,12,12,12,12,12,12,16,12,16,12,12,12,12,12
Map_2451,10,19,12,12,12,14,12,10,12,10,12,10,12,10,12,10,14,10,14,10,14,10,14,10,14,10
Map_2452,618,362,11,11,11,11,11,11,11,11,11,11,11,11,11,11,11,11,11,11,11,11,11,11,11,11
Map_2453,516,574,47,47,70,59,62,40,62,40,62,40,61,40,61,40,59,40,59,40,59,40,59,40,59,40
Map_2454,481,103,36,36,36,36,36,36,36,36,36,36,36,36,36,36,39,36,39,36,39,36,39,36,39,36
Map_2455,120,355,164,387,60,64,57,59,57,59,57,59,57,59,57,59,46,46,46,46,46,46,46,46,46,46
Map_2456,49,96,32,32,32,44,30,32,30,32,30,32,30,32,30,32,27,27,27,27,27,27,27,27,27,27
Map_2457,14,220,14,14,14,14,14,14,14,14,14,14,14,14,14,14,18,14,19,14,19,14,18,14,18,14
Map_2458,19,365,16,16,16,21,16,16,16,16,16,16,16,16,16,16,16,14,16,14,16,14,16,14,16,14
Map_2459,500,208,57,49,48,186,46,36,46,36,46,36,46,36,46,36,69,46,69,47,69,47,46,46,46,46
Map_2460,30,227,23,23,23,43,23,26,23,26,23,26,23,26,23,26,23,24,23,24,23,24,23,24,23,24
Map_2461,113,173,16,16,26,16,16,16,16,16,16,16,16,16,16,16,16,16,18,16,18,16,16,16,16,16
Map_2462,36,164,27,26,27,35,26,25,26,25,26,25,26,25,26,25,26,25,26,25,26,25,28,25,28,25
Map_2463,54,422,14,14,14,17,14,14,14,14,14,14,14,14,14,14,15,14,15,14,15,14,14,14,14,14
Map_2464,10,44,9,9,9,12,9,9,9,9,9,9,9,9,9,9,9,9,9,9,9,9,9,9,9,9
Map_2465,70,158,23,23,23,75,22,22,22,22,22,22,22,22,22,22,22,22,22,22,22,22,22,22,22,22
Map_2466,520,131,27,27,27,128,18,27,18,27,18,27,18,27,18,27,18,18,18,18,18,18,18,27,18,27
Map_2467,576,290,17,17,27,17,22,17,22,17,22,17,22,17,22,17,22,17,22,17,22,17,22,17,22,17
Map_2468,70,62,28,28,28,34,30,28,30,28,30,28,28,28,28,28,33,28,33,28,33,28,33,28,33,28
Map_2469,326,112,93,93,232,112,124,59,124,59,124,59,96,98,96,98,65,57,65,57,65,57,65,57,65,57
Map_2470,27,26,10,10,10,20,10,10,10,10,10,10,10,10,10,10,19,10,19,10,19,10,10,10,10,10
Map_2471,37,160,10,10,10,10,10,10,10,10,10,10,10,10,10,10,10,10,10,10,10,10,10,10,10,10
Map_2472,8,70,8,8,8,9,8,8,8,8,8,8,8,8,8,8,8,8,8,8,8,8,8,8,8,8
Map_2473,349,390,32,32,32,32,32,32,32,32,32,32,32,32,32,32,26,26,26,26,26,26,26,26,26,26
Map_2474,310,276,21,21,21,30,26,21,26,21,26,21,25,21,25,21,26,21,26,21,26,21,26,21,26,21
Map_2475,14,318,14,14,13,14,13,13,13,13,13,13,13,13,13,13,21,13,21,13,21,13,21,13,21,13
Map_2476,165,464,19,19,19,33,68,19,68,19,68,19,75,19,75,19,64,19,64,19,64,19,64,19,64,19
Map_2477,556,107,38,37,32,40,37,30,38,30,38,30,37,30,38,30,31,30,31,30,31,30,31,30,37,30
Map_2478,210,302,75,46,75,76,36,38,36,38,36,38,36,38,36,38,36,38,36,38,36,38,36,38,36,38
Map_2479,25,74,11,11,11,11,11,11,11,11,11,11,11,11,11,11,11,11,11,11,11,11,11,11,11,11
Map_2480,52,151,13,13,13,14,18,26,18,26,18,26,26,26,26,26,18,13,18,13,18,13,18,13,18,13
Map_2481,20,108,20,20,13,30,20,16,20,16,20,16,20,16,20,16,16,16,16,16,16,16,20,16,20,16
Map_2482,544,104,29,26,26,47,34,26,34,26,34,26,34,26,34,26,34,26,34,26,34,26,34,26,34,26
Map_2483,95,148,15,15,15,15,15,21,15,21,15,21,15,21,15,21,15,21,15,21,15,21,15,21,15,21
Map_2484,500,421,75,75,75,174,116,91,116,91,116,91,116,165,116,165,63,129,63,129,172,129,63,88,63,88
Map_2485,500,164,22,22,25,37,19,19,19,19,19,19,19,19,19,19,20,19,20,19,20,19,20,19,20,19
Map_2486,29,363,13,13,13,21,13,13,13,13,13,13,13,13,13,13,13,13,13,13,13,13,13,13,13,13
Map_2487,86,370,53,80,53,68,58,58,58,58,58,58,58,58,58,58,67,38,91,38,91,38,58,38,58,38
Map_2488,19,250,9,9,9,9,9,9,9,9,9,9,9,9,9,9,9,9,9,9,9,9,9,9,9,9
Map_2489,10,63,8,8,8,14,8,8,8,8,8,8,8,8,8,8,8,8,8,8,8,8,8,8,8,8
Map_2490,36,77,14,14,14,15,16,13,16,13,16,13,13,13,13,13,16,13,16,13,16,13,16,13,16,13
Map_2491,8,52,8,8,8,8,8,8,8,8,8,8,8,8,8,8,8,8,8,8,8,8,8,8,8,8
Map_2492,569,332,23,23,515,28,23,23,23,23,23,23,23,23,23,23,20,23,20,23,20,23,20,23,20,23
Map_2493,481,212,97,97,193,223,130,83,130,83,130,83,86,116,86,116,86,68,86,68,86,68,86,68,66,68
Map_2494,527,257,26,26,26,247,26,26,26,26,26,26,26,26,26,26,22,22,22,22,22,22,22,22,22,22
Map_2495,601,223,10,10,10,10,10,10,10,10,10,10,10,10,10,10,10,10,10,10,10,10,10,10,10,10
Map_2496,5,31,5,5,5,5,5,5,5,5,5,5,5,5,5,5,5,5,5,5,5,5,5,5,5,5
Map_2497,14,111,17,17,17,17,14,14,14,14,14,14,14,14,14,14,14,14,14,14,14,14,14,14,14,14
Map_2498,12,178,12,12,12,22,12,12,12,12,12,12,12,12,12,12,14,12,16,11,16,11,14,12,14,12
Map_2499,63,206,76,39,194,70,61,39,61,39,61,39,39,39,39,39,35,39,36,39,36,39,35,39,35,39
Map_2500,397,404,23,21,23,30,21,21,21,21,21,21,21,21,21,21,41,21,41,21,41,21,21,21,21,21
Map_2501,539,160,28,28,28,28,23,19,23,19,23,19,23,19,23,19,23,19,23,19,23,19,23,19,23,19
Map_2502,10,293,13,10,10,13,10,10,10,10,10,10,10,10,10,10,10,10,10,10,10,10,10,10,10,10
Map_2503,219,172,38,38,38,28,28,46,28,46,28,46,28,46,28,46,29,28,29,28,29,28,29,46,28,46
Map_2504,63,471,38,38,44,48,39,44,39,44,39,44,39,44,39,44,30,30,30,30,30,30,30,30,30,30
Map_2505,58,189,21,21,21,33,21,29,21,29,21,29,29,29,29,29,45,21,45,21,45,21,21,29,21,29
Map_2506,500,265,32,32,37,71,70,32,70,32,70,32,70,32,70,32,60,32,60,32,60,32,58,32,58,32
Map_2507,310,405,88,88,88,50,35,35,35,35,35,35,35,35,35,35,48,35,48,35,48,35,35,35,35,35
Map_2508,53,134,30,30,30,72,40,37,40,37,40,37,58,43,76,43,31,18,34,18,34,18,31,18,31,18
Map_2509,268,145,62,62,209,73,57,57,57,56,57,56,57,57,57,57,57,45,46,46,46,46,57,45,57,45
Map_2510,501,383,370,273,374,479,78,43,78,43,78,43,44,43,44,43,38,37,36,37,36,37,38,37,38,37
Map_2511,244,197,137,86,109,163,13,13,13,13,13,13,13,13,13,13,13,13,13,13,13,13,13,13,13,13
Map_2512,605,364,49,54,49,49,47,47,47,47,47,47,54,54,54,54,71,88,71,67,71,67,70,40,70,40
Map_2513,45,175,33,33,32,348,25,20,25,20,25,20,20,20,20,20,19,19,19,19,19,19,19,19,19,19
Map_2514,593,176,88,88,88,323,21,21,21,21,21,21,21,21,21,21,31,21,31,21,31,21,21,21,21,21
Map_2515,86,137,48,40,40,50,64,39,64,39,64,39,64,41,64,41,64,39,64,39,64,39,64,39,64,39
Map_2516,41,596,31,31,31,31,31,30,31,30,31,30,31,30,30,30,31,30,31,30,31,30,31,30,31,30
Map_2517,375,352,35,34,48,76,35,30,35,30,35,30,34,30,34,30,31,30,33,30,33,30,32,30,32,30
Map_2518,31,108,14,13,14,14,13,13,13,13,13,13,13,13,13,13,13,13,13,13,13,13,13,13,13,13
Map_2519,510,220,305,313,305,365,210,219,210,219,210,219,319,363,319,363,106,64,112,64,112,64,106,64,123,64
Map_2520,569,276,238,291,521,382,230,226,230,226,230,226,328,226,328,337,154,221,154,219,154,219,154,204,154,204
Map_2521,125,187,32,32,32,32,32,32,32,32,32,32,32,32,32,32,35,32,35,35,35,35,35,32,35,32
Map_2522,8,33,7,7,7,7,7,7,7,7,7,7,7,7,7,7,7,7,7,7,7,7,7,7,7,7
Map_2523,18,304,18,18,18,18,18,18,18,18,18,18,18,18,18,18,17,18,17,18,17,18,17,18,17,18
Map_2524,439,227,21,21,21,21,21,21,21,21,21,21,21,21,21,21,21,21,21,21,21,21,21,21,21,21
Map_2525,530,93,91,89,116,155,37,26,37,26,37,26,67,26,67,26,32,26,32,26,36,26,32,26,32,26
Map_2526,34,100,21,21,21,25,21,21,21,21,21,21,21,21,21,21,21,13,22,13,22,13,21,13,21,13
Map_2527,104,284,56,56,56,56,49,49,49,49,49,49,49,49,49,49,49,40,49,40,49,40,49,40,49,40
Map_2528,64,153,38,38,38,62,37,44,37,44,37,44,37,44,44,44,43,37,48,37,48,37,43,37,43,44
Map_2529,15,50,86,15,15,50,15,15,15,15,15,15,15,15,15,15,15,15,15,15,18,15,15,15,15,15
Map_2530,26,292,17,17,17,35,17,17,17,17,17,17,17,17,17,17,17,14,17,14,17,14,17,14,17,14
Map_2531,15,352,16,15,16,16,16,15,16,15,16,15,15,15,15,15,15,15,17,15,17,15,15,15,15,15
Map_2532,631,249,13,13,43,13,13,13,13,13,13,13,13,13,13,13,13,13,13,13,13,13,13,13,13,13
Map_2533,235,121,35,35,37,35,35,37,35,37,35,37,35,37,35,37,37,35,37,35,37,35,36,37,36,37
Map_2534,72,159,38,35,36,38,35,35,36,35,36,35,35,35,35,35,35,35,35,35,35,35,35,35,35,35
Map_2535,440,529,19,19,33,89,20,19,20,19,20,19,20,19,20,19,20,19,20,19,20,19,20,19,20,19
Map_2536,282,237,207,204,207,177,157,204,158,204,158,204,216,216,216,216,146,63,146,63,146,63,146,63,149,63
Map_2537,558,455,213,213,213,223,134,199,134,199,134,199,125,199,125,199,113,107,123,96,120,96,147,124,147,124
Map_2538,502,240,305,279,312,326,23,23,23,23,23,23,23,23,23,23,23,23,23,23,23,23,23,23,23,23
Map_2539,81,122,23,23,24,23,23,23,23,23,23,23,23,23,23,23,23,23,23,23,23,23,23,23,23,23
Map_2540,62,146,37,37,37,41,37,37,37,37,37,37,38,37,38,37,23,23,23,23,23,23,23,23,23,23
Map_2541,633,292,187,187,187,111,124,89,124,89,124,89,126,89,126,89,71,90,71,90,71,90,108,95,108,95
Map_2542,526,153,63,63,66,76,63,43,63,43,63,43,63,43,63,43,65,40,65,40,65,40,63,40,63,40
Map_2543,515,235,96,105,117,191,95,52,95,52,95,52,105,52,105,52,96,46,97,46,97,46,96,46,96,46
Map_2544,632,397,150,180,184,272,82,83,82,83,82,83,83,83,83,83,42,42,42,42,42,42,42,42,42,42
Map_2545,17,63,17,17,17,17,17,17,17,17,17,17,17,17,17,17,17,17,17,17,17,17,17,17,17,17
Map_2546,175,50,38,35,38,39,31,35,31,35,31,35,34,34,34,34,35,31,35,31,38,31,34,35,34,35
Map_2547,566,408,25,25,25,27,25,19,25,19,25,19,25,19,25,19,20,19,20,19,20,19,20,19,20,19
Map_2548,31,275,19,19,19,19,19,19,19,19,19,19,19,19,19,19,29,19,29,19,22,19,32,19,19,19
Map_2549,20,47,17,17,17,18,17,17,17,17,17,17,17,17,17,17,16,17,16,17,16,17,16,17,16,17
Map_2550,480,615,85,85,69,105,71,69,85,69,85,69,71,69,71,69,71,69,71,68,71,68,71,69,86,69
Map_2551,442,496,164,164,160,164,63,37,63,37,63,37,63,37,63,37,37,37,37,37,37,37,37,37,37,37
Map_2552,14,82,14,11,14,14,11,11,11,11,11,11,11,11,11,11,11,11,16,11,16,11,11,11,11,11
Map_2553,19,90,19,19,19,20,16,16,16,16,16,16,16,16,16,16,16,16,16,16,16,16,16,16,16,16
Map_2554,549,75,80,80,225,130,38,38,38,38,38,38,38,38,38,38,38,37,38,37,39,37,38,37,38,37
Map_2555,609,294,31,31,31,31,31,31,31,31,31,31,37,37,37,37,31,31,31,31,33,31,31,31,31,31
Map_2556,214,132,12,12,12,12,11,11,11,11,11,11,11,11,11,11,11,11,11,11,11,11,11,11,11,11
Map_2557,222,591,27,27,27,27,27,27,27,27,27,27,27,27,27,27,30,27,30,27,30,28,27,27,27,27
Map_2558,113,176,14,14,14,17,14,14,14,14,14,14,14,14,14,14,14,14,14,14,14,14,14,14,14,14
Map_2559,100,361,494,97,216,267,53,53,53,53,53,53,53,53,53,53,71,78,73,74,73,74,89,85,89,178
Map_2560,385,245,376,46,376,215,18,18,18,18,18,18,18,18,18,18,18,18,18,18,18,18,18,18,18,18
Map_2561,175,546,111,110,163,130,102,102,102,102,102,102,102,102,102,102,93,65,93,65,93,65,100,65,100,65
Map_2562,333,129,21,17,93,21,17,17,17,17,17,17,17,17,17,17,17,17,17,17,17,17,17,17,17,17
Map_2563,24,181,25,25,25,32,17,18,17,18,17,18,17,18,17,18,19,17,19,17,19,17,19,17,17,17
Map_2564,10,18,7,7,7,7,7,7,7,7,7,7,7,7,7,7,7,7,7,7,7,7,7,7,7,7
Map_2565,610,107,31,31,31,30,35,30,35,30,35,30,36,31,36,31,39,30,39,30,39,30,35,30,35,30
Map_2566,35,270,33,33,37,33,29,29,29,29,29,29,29,29,29,29,29,29,30,29,30,29,29,29,29,29
Map_2567,613,228,86,84,104,124,231,366,231,366,231,366,358,358,547,547,200,108,215,88,226,88,73,108,73,115
Map_2568,585,249,157,291,548,135,153,106,153,106,153,106,153,137,153,137,89,97,104,97,104,97,90,97,83,97
Map_2569,136,107,114,66,156,139,51,113,51,113,51,113,63,117,63,117,51,61,59,46,59,46,51,61,51,69
Map_2570,183,278,42,42,42,42,30,37,30,37,30,37,30,37,30,37,30,30,30,30,30,30,30,30,30,30
Map_2571,13,250,13,13,13,13,13,13,13,13,13,13,13,13,13,13,13,13,13,13,13,13,13,13,13,13
Map_2572,390,262,25,25,25,46,25,25,25,25,25,25,25,25,25,25,25,25,25,25,25,25,25,25,25,25
Map_2573,19,183,19,21,21,19,19,19,19,19,19,19,19,19,19,19,19,19,19,19,19,19,19,19,19,19
Map_2574,435,108,25,25,25,20,18,18,18,18,18,18,18,18,18,18,17,17,17,17,17,17,17,17,17,17
Map_2575,20,52,20,19,20,23,20,19,20,19,20,19,20,19,20,19,21,19,21,19,21,19,20,19,20,19
Map_2576,8,316,8,8,8,8,8,8,8,8,8,8,8,8,8,8,8,8,8,8,8,8,8,8,8,8
Map_2577,611,475,17,17,17,17,17,17,17,17,17,17,17,17,17,17,17,17,17,17,17,17,17,17,17,17
Map_2578,23,70,15,15,14,17,15,14,15,14,15,14,15,14,15,14,17,14,17,14,17,14,17,14,15,14
Map_2579,14,62,10,10,10,10,10,10,10,10,10,10,10,10,10,10,10,10,10,10,10,10,10,10,10,10
Map_2580,17,195,16,16,16,16,16,16,16,16,16,16,16,16,16,16,16,16,16,16,16,16,16,16,16,16
Map_2581,604,296,482,535,490,434,122,281,122,281,122,281,430,430,430,430,104,214,104,98,104,98,104,102,122,102
Map_2582,543,147,67,67,67,71,24,23,24,23,24,23,24,23,24,23,24,23,24,23,24,23,24,23,24,23
Map_2583,589,337,36,36,36,37,36,40,36,40,36,40,36,40,36,40,42,36,42,36,42,36,42,36,36,36
Map_2584,605,268,24,24,24,26,24,24,24,24,24,24,24,24,24,24,24,24,24,24,24,24,24,24,24,24
Map_2585,36,450,31,31,31,31,31,32,31,32,31,32,31,32,31,32,31,29,31,29,31,29,29,30,30,30
Map_2586,8,190,14,14,14,24,13,8,13,8,13,8,8,8,8,8,13,8,13,8,13,8,13,8,13,8
Map_2587,603,314,56,56,56,31,31,68,31,68,31,68,31,68,31,68,64,37,64,37,64,37,55,49,37,49
Map_2588,11,52,13,13,12,19,13,11,13,11,13,11,13,11,13,11,11,11,11,11,11,11,11,11,11,11
Map_2589,248,411,39,39,39,39,39,39,39,39,39,39,39,39,39,39,31,30,31,30,31,30,31,30,31,30
Map_2590,494,219,49,48,49,66,48,64,48,64,48,64,48,64,48,64,61,44,61,44,61,44,48,44,48,44
Map_2591,49,261,20,20,16,16,16,16,16,16,16,16,16,16,16,16,16,16,16,16,16,16,16,16,16,16
Map_2592,440,216,21,19,21,21,19,19,19,19,19,19,19,19,19,19,19,19,19,19,19,19,19,19,19,19
Map_2593,54,259,14,14,14,15,15,14,15,14,15,14,15,15,15,15,15,14,15,14,15,14,15,14,15,14
Map_2594,507,265,286,467,292,191,79,53,79,53,79,53,79,53,79,53,68,51,68,50,68,50,53,53,53,53
Map_2595,295,277,30,30,27,32,29,14,29,14,29,14,29,14,29,14,17,14,17,14,17,14,23,14,23,14
Map_2596,484,241,469,463,460,531,48,48,48,48,48,48,48,48,48,48,48,48,48,48,48,48,48,48,48,48
Map_2597,26,85,19,19,19,19,19,19,19,19,19,19,19,19,19,19,19,19,19,19,19,19,19,19,19,19
Map_2598,663,164,97,95,56,76,76,73,76,73,76,73,73,73,73,73,61,72,225,72,225,72,61,72,140,72
Map_2599,8,337,8,8,8,8,8,8,8,8,8,8,8,8,8,8,8,8,8,8,8,8,8,8,8,8
Map_2600,13,52,10,10,10,10,10,10,10,10,10,10,10,10,10,10,13,10,13,10,13,10,15,10,14,10
Map_2601,248,163,29,29,185,31,29,29,29,29,29,29,29,29,29,29,29,29,29,29,29,29,29,29,29,29
Map_2602,12,341,12,11,12,18,11,11,11,11,11,11,11,11,11,11,11,11,11,11,11,11,11,11,11,11
Map_2603,27,579,18,18,18,18,18,18,18,18,18,18,18,18,18,18,18,18,18,18,18,18,18,18,18,18
Map_2604,168,114,70,70,70,62,56,56,56,56,56,56,56,56,56,56,54,56,58,56,58,56,54,56,54,56
Map_2605,184,381,25,22,25,33,22,27,22,27,22,27,27,27,27,27,22,22,22,22,22,22,22,27,22,27
Map_2606,58,58,7,7,7,7,7,7,7,7,7,7,7,7,7,7,7,7,7,7,7,7,7,7,7,7
Map_2607,37,362,68,68,68,44,29,30,29,30,29,30,30,30,30,26,28,21,26,21,26,21,26,30,29,30
Map_2608,162,241,21,22,21,43,22,22,21,21,21,21,22,22,22,22,21,21,21,21,21,21,21,21,21,21
Map_2609,232,491,35,35,35,38,30,30,30,30,30,30,30,30,30,30,32,25,32,25,32,25,30,25,30,25
Map_2610,11,39,9,9,9,11,9,9,9,9,9,9,9,9,9,9,9,9,9,9,9,9,9,9,9,9
Map_2611,11,78,11,11,11,11,11,11,11,11,11,11,11,11,11,11,11,11,13,11,13,11,11,11,11,11
Map_2612,594,450,161,161,183,374,153,232,153,225,153,225,129,250,129,250,147,89,148,73,148,73,141,183,141,183
Map_2613,563,322,64,64,64,80,63,62,63,62,63,62,187,187,187,187,67,54,39,54,46,53,36,54,36,54
Map_2614,632,217,259,371,498,309,76,291,76,291,76,291,76,418,76,492,49,49,49,49,49,49,49,49,49,49
Map_2615,19,330,23,23,23,23,23,23,23,23,23,23,23,23,23,23,19,19,19,19,19,19,19,19,19,19
Map_2616,601,292,59,58,136,64,58,58,58,58,58,58,58,101,87,101,58,58,59,58,59,43,58,58,58,58
Map_2617,347,503,73,73,73,88,65,73,65,73,65,73,73,73,73,73,51,65,51,65,51,65,51,65,51,73
Map_2618,24,193,15,15,15,19,15,15,15,15,15,15,15,15,15,15,15,15,18,15,18,15,15,15,15,15
Map_2619,17,95,12,12,12,12,12,12,12,12,12,12,12,12,12,12,14,12,14,12,14,12,14,12,14,12
Map_2620,602,262,44,44,381,82,52,50,52,50,52,50,52,50,54,50,52,43,52,43,52,43,52,43,52,43
Map_2621,102,399,40,40,40,58,19,19,19,19,19,19,19,19,19,19,22,19,22,19,23,19,22,19,21,19
Map_2622,265,367,26,25,26,15,15,15,15,15,15,15,15,15,15,15,15,15,20,15,20,15,15,15,15,15
Map_2623,220,205,20,20,85,20,17,16,17,16,17,16,17,16,17,16,17,16,17,16,17,16,17,16,17,16
Map_2624,554,211,9,9,9,9,9,9,9,9,9,9,9,9,9,9,9,9,9,9,9,9,9,9,9,9
Map_2625,14,162,13,10,10,15,10,10,10,10,10,10,10,10,10,10,10,10,10,10,10,10,10,10,10,10
Map_2626,640,282,21,21,24,23,21,21,21,21,21,21,21,21,21,21,22,21,22,21,22,21,21,21,21,21
Map_2627,187,235,25,25,25,25,25,25,25,25,25,25,25,25,25,25,25,19,25,19,25,19,25,19,25,19
Map_2628,68,128,12,12,12,12,12,12,12,12,12,12,12,12,12,12,12,12,12,12,12,12,12,12,12,12
Map_2629,534,314,21,21,454,21,21,21,21,21,21,21,21,21,21,21,21,21,21,21,21,21,21,21,21,21
Map_2630,388,365,14,14,14,14,14,14,14,14,14,14,14,14,14,14,19,14,19,14,19,14,14,14,14,14
Map_2631,52,161,35,35,43,51,29,29,29,29,29,29,29,29,29,29,50,29,50,18,50,18,50,29,29,29
Map_2632,15,61,12,11,11,12,11,11,11,11,11,11,11,11,11,11,11,11,11,11,11,11,11,11,11,11
Map_2633,485,266,59,59,36,171,30,30,30,30,30,30,30,30,30,30,25,23,25,23,25,23,25,23,25,23
Map_2634,525,202,51,51,72,238,51,35,51,35,51,35,51,35,51,35,56,35,56,35,56,35,51,35,51,35
Map_2635,219,427,480,326,143,349,100,100,100,100,100,100,100,100,100,100,101,83,101,83,101,78,100,83,100,83
Map_2636,514,261,21,21,21,21,21,21,21,21,21,21,21,21,21,21,16,16,16,16,16,16,16,16,16,16
Map_2637,350,271,106,144,106,106,60,34,60,34,60,34,57,34,66,114,61,57,61,57,61,57,61,34,61,34
Map_2638,13,228,13,13,13,33,13,13,13,13,13,13,13,13,13,13,11,11,11,11,11,11,11,11,11,11
Map_2639,559,222,35,23,27,35,27,23,27,23,27,23,23,23,23,23,25,23,25,23,25,23,25,23,25,23
Map_2640,56,96,33,33,35,33,33,33,33,33,33,33,33,33,33,33,33,24,33,24,33,24,33,24,33,24
Map_2641,8,331,8,8,8,9,8,8,8,8,8,8,8,8,8,8,8,8,8,8,8,8,8,8,8,8
Map_2642,214,137,28,28,28,28,28,37,28,37,28,37,28,37,28,37,34,28,34,28,34,28,28,28,28,28
Map_2643,589,135,26,26,26,235,25,25,25,25,25,25,25,25,25,25,25,25,25,25,25,25,25,25,25,25
Map_2644,21,372,16,16,16,16,16,16,16,16,16,16,16,16,16,16,16,15,18,15,18,15,16,15,16,15
Map_2645,572,329,277,355,434,420,336,317,336,317,336,317,328,315,328,315,146,188,155,188,155,188,146,188,152,199
Map_2646,15,41,14,14,14,14,14,14,14,14,14,14,14,14,14,14,14,14,14,14,14,14,14,14,14,14
Map_2647,588,204,12,12,12,12,12,12,12,12,12,12,12,12,12,12,12,12,12,12,12,12,12,12,12,12
Map_2648,103,110,12,12,15,15,12,12,12,12,12,12,12,12,12,12,14,12,14,12,14,12,12,12,12,12
Map_2649,546,193,91,100,115,165,55,55,55,55,55,55,55,55,55,55,62,34,62,34,62,34,48,34,48,34
Map_2650,207,200,147,140,258,130,121,92,121,92,121,92,91,92,91,92,119,97,119,97,119,97,123,97,123,97
Map_2651,26,48,16,16,16,29,16,16,16,16,16,16,16,16,16,16,16,16,17,17,17,17,16,16,16,16
Map_2652,23,233,12,12,12,30,20,12,20,12,20,12,19,12,19,12,20,12,20,12,20,12,20,12,20,12
Map_2653,597,436,68,68,459,77,80,66,80,66,80,66,84,66,103,66,80,80,212,30,212,30,80,80,80,80
Map_2654,25,49,104,24,52,32,24,24,24,24,24,24,24,24,24,24,38,24,38,24,38,24,38,24,34,24
Map_2655,48,299,11,11,11,11,11,11,11,11,11,11,11,11,11,11,11,11,11,11,11,11,11,11,11,11
Map_2656,455,298,56,56,50,60,56,56,56,56,56,56,56,56,56,56,56,49,54,49,54,50,56,49,56,49
Map_2657,94,94,12,12,12,28,12,12,12,12,12,12,12,12,12,12,12,12,12,12,12,12,12,12,12,12
Map_2658,627,169,46,46,46,90,37,39,37,39,37,39,37,39,37,39,37,39,37,39,37,39,37,39,37,39
Map_2659,468,105,106,105,109,76,57,57,57,57,57,57,57,57,57,57,70,65,70,65,70,65,68,65,57,57
Map_2660,583,205,78,78,77,67,77,77,77,77,77,77,77,77,77,77,55,77,55,60,55,60,55,77,55,77
Map_2661,602,473,464,494,524,305,136,224,136,224,136,224,151,229,151,229,113,133,113,128,113,128,146,129,146,129
Map_2662,70,544,32,31,34,36,30,28,30,28,30,28,26,26,26,26,30,28,30,28,30,28,29,26,29,26
Map_2663,347,596,19,19,19,43,19,19,19,19,19,19,19,19,19,19,19,19,19,19,19,19,19,19,19,19
Map_2664,615,427,206,216,312,311,190,222,190,222,190,222,194,194,194,194,370,247,507,137,507,137,351,196,351,196
Map_2665,18,21,11,11,11,14,12,12,12,12,12,12,12,12,12,12,12,12,15,12,15,12,12,12,12,12
Map_2666,86,114,131,122,133,137,40,40,40,40,40,40,40,40,40,40,40,40,46,40,46,40,40,40,40,40
Map_2667,250,156,25,25,18,43,25,25,25,25,25,25,25,25,25,25,18,18,18,18,18,18,18,25,18,25
Map_2668,599,442,589,523,585,260,99,99,99,99,99,99,99,99,99,99,99,99,103,99,96,99,99,99,99,99
Map_2669,513,557,52,52,52,75,52,52,52,52,52,52,52,52,52,52,41,43,46,44,46,44,41,43,41,43
Map_2670,451,155,50,37,50,220,41,37,41,37,41,37,37,37,37,37,32,32,32,32,32,32,32,32,32,32
Map_2671,629,206,30,29,30,30,29,29,29,29,29,29,29,29,29,29,29,26,29,26,29,26,29,29,29,29
Map_2672,473,592,160,350,245,199,181,105,181,105,181,105,291,105,291,105,91,133,82,68,82,68,91,132,91,132
Map_2673,29,49,18,17,17,18,17,23,17,23,17,23,17,23,17,23,17,17,17,17,17,17,17,17,17,17
Map_2674,555,362,122,98,500,177,104,75,104,75,104,75,75,75,75,75,67,66,67,66,67,66,67,75,104,75
Map_2675,116,346,16,16,16,16,16,16,16,16,16,16,16,16,16,16,16,16,16,16,16,16,16,16,16,16
Map_2676,550,212,68,68,71,68,27,26,27,26,27,26,27,26,27,26,27,26,27,26,27,26,27,26,27,26
Map_2677,10,90,10,10,10,20,10,10,10,10,10,10,10,10,10,10,10,10,10,10,10,10,10,10,10,10
Map_2678,459,289,40,71,40,92,62,68,62,68,62,68,62,68,62,68,38,33,38,33,38,33,37,37,37,37
Map_2679,606,369,28,28,28,49,40,31,40,31,40,31,40,31,40,31,18,17,18,17,18,17,18,17,18,17
Map_2680,148,494,23,22,23,24,41,22,41,22,41,22,41,22,41,22,34,22,34,22,34,22,41,22,41,22
Map_2681,607,238,22,22,21,32,22,29,22,29,22,29,22,29,22,29,22,22,22,22,22,22,22,29,22,29
Map_2682,31,72,20,20,19,21,20,20,20,20,20,20,20,20,20,20,18,18,18,18,18,18,18,18,18,18
Map_2683,460,404,41,33,65,30,30,23,30,23,30,23,23,23,23,23,24,23,24,23,24,23,24,23,24,23
Map_2684,292,206,279,154,297,84,37,29,37,29,37,29,37,29,37,29,40,26,40,26,40,26,40,26,40,26
Map_2685,22,24,16,16,19,16,16,16,16,16,16,16,16,16,16,16,16,16,16,16,16,16,16,16,16,16
Map_2686,463,96,41,43,41,51,21,41,21,41,21,41,20,43,20,43,20,20,20,20,20,20,20,41,20,41
Map_2687,15,299,12,12,12,14,12,12,12,12,12,12,12,12,12,12,17,12,17,12,17,12,12,12,12,12
Map_2688,471,212,162,139,406,59,54,48,54,48,54,48,61,54,61,54,62,48,62,48,62,48,54,48,54,48
Map_2689,26,34,11,11,11,11,11,10,11,10,11,10,11,10,11,10,10,10,10,10,10,10,10,10,10,10
Map_2690,7,26,7,7,7,7,7,7,7,7,7,7,7,7,7,7,7,7,7,7,7,7,7,7,7,7
Map_2691,10,193,10,10,10,11,10,10,10,10,10,10,10,10,10,10,10,10,10,10,10,10,10,10,10,10
Map_2692,12,481,12,12,18,12,12,12,12,12,12,12,12,12,12,12,12,12,12,12,12,12,12,12,12,12
Map_2693,98,430,96,96,83,207,34,27,34,27,34,27,34,27,34,27,32,27,32,27,32,27,32,27,32,27
Map_2694,537,136,21,21,21,21,21,21,21,21,21,21,38,38,38,38,38,21,38,21,38,21,38,21,162,21
Map_2695,11,15,10,10,10,10,10,10,10,10,10,10,10,10,10,10,10,10,10,10,10,10,10,10,10,10
Map_2696,100,231,36,41,40,34,33,33,33,33,33,33,33,33,33,33,33,28,28,28,28,28,31,32,31,32
Map_2697,587,428,137,615,454,120,87,136,87,109,87,109,85,298,110,298,89,50,89,50,89,50,85,216,111,216
Map_2698,10,23,10,10,10,10,10,10,10,10,10,10,10,10,10,10,10,10,10,10,10,10,10,10,10,10
Map_2699,11,200,10,10,10,10,10,10,10,10,10,10,10,10,10,10,10,10,10,10,10,10,10,10,10,10
Map_2700,4,7,4,4,4,4,4,4,4,4,4,4,4,4,4,4,4,4,4,4,4,4,4,4,4,4
Map_2701,22,106,25,25,25,29,25,25,25,25,25,25,25,25,25,25,27,25,27,20,27,20,27,25,25,25
Map_2702,140,238,46,46,46,79,44,44,44,44,44,44,43,71,43,71,38,37,38,37,38,37,37,37,60,37
Map_2703,24,102,21,21,21,21,21,21,21,21,21,21,21,21,21,21,23,21,23,21,23,21,23,21,23,21
Map_2704,17,247,11,11,11,11,11,11,11,11,11,11,11,11,11,11,11,11,11,11,11,11,11,11,11,11
Map_2705,15,61,15,15,11,21,15,11,15,11,15,11,15,11,15,11,15,11,15,11,15,11,15,11,15,11
Map_2706,46,483,30,30,30,31,25,30,25,30,25,30,30,30,30,30,26,25,28,25,28,25,26,25,26,30
Map_2707,24,332,22,22,22,45,22,22,22,22,22,22,22,22,22,22,22,22,22,22,22,22,22,22,22,22
Map_2708,210,219,57,57,57,57,57,57,57,57,57,57,57,57,57,57,53,52,55,52,55,52,57,52,57,57
Map_2709,506,126,36,40,36,37,36,39,36,39,36,39,40,39,39,39,36,36,36,36,36,36,36,39,36,39
Map_2710,20,39,8,8,8,8,8,7,8,7,8,7,7,7,7,7,8,7,8,7,8,7,8,7,8,7
Map_2711,568,406,22,22,22,22,22,22,22,22,22,22,22,22,22,22,22,22,22,22,22,22,22,22,22,22
Map_2712,8,40,9,8,8,9,8,8,8,8,8,8,8,8,8,8,8,8,8,8,8,8,8,8,8,8
Map_2713,401,98,28,28,28,28,28,28,28,28,28,28,28,28,28,28,28,28,48,28,48,28,28,28,28,28
Map_2714,9,239,9,9,9,16,9,9,9,9,9,9,9,9,9,9,9,9,9,9,9,9,9,9,9,9
Map_2715,39,415,31,31,76,36,29,29,29,29,29,29,29,29,29,29,24,24,24,24,24,24,24,24,24,24
Map_2716,545,396,67,31,68,62,22,40,22,40,22,40,31,31,31,31,23,29,23,29,23,29,22,29,22,29
Map_2717,10,99,9,8,10,10,8,8,8,8,8,8,8,8,8,8,8,8,8,8,8,8,8,8,8,8
Map_2718,627,280,30,30,73,32,30,30,30,29,30,29,30,30,30,30,30,29,30,29,30,29,30,29,30,29
Map_2719,294,338,28,38,28,28,28,28,28,28,28,28,29,29,29,29,28,22,39,22,39,22,28,22,28,22
Map_2720,580,236,17,17,20,19,17,17,17,17,17,17,17,17,17,17,17,17,17,17,17,17,17,17,17,17
Map_2721,541,135,43,43,43,45,45,43,45,43,45,43,43,43,43,43,57,89,57,89,57,89,57,89,57,89
Map_2722,18,31,14,14,14,14,14,13,14,13,14,13,14,14,14,14,13,13,15,13,15,13,13,13,13,13
Map_2723,13,36,13,13,13,16,13,13,13,13,13,13,13,13,13,13,13,13,13,13,13,13,13,13,13,13
Map_2724,345,197,119,175,157,116,44,49,44,49,44,49,44,49,44,49,44,42,44,42,44,42,44,42,44,42
Map_2725,14,329,12,12,12,16,13,15,13,15,13,15,12,14,12,14,12,14,12,14,12,14,12,14,12,14
Map_2726,512,199,93,89,89,34,44,42,44,42,44,42,44,42,44,42,43,40,43,40,43,40,43,40,43,40
Map_2727,619,245,30,30,30,30,23,23,23,23,23,23,23,23,23,23,23,22,23,22,23,22,23,22,23,22
Map_2728,628,220,150,150,150,226,107,160,107,160,107,160,107,159,107,159,94,28,95,28,95,28,143,28,151,28
Map_2729,12,208,11,11,11,11,11,12,11,12,11,12,11,12,11,12,12,11,12,11,12,11,12,11,12,11
Map_2730,349,430,274,424,439,189,94,94,87,94,87,94,94,94,94,94,54,51,54,51,54,51,56,51,55,55
Map_2731,389,413,156,55,184,92,52,33,52,33,52,33,52,33,52,33,33,33,41,33,41,33,33,33,33,33
Map_2732,592,528,51,51,51,495,26,53,26,53,26,53,26,55,26,55,29,24,29,24,29,24,29,51,26,51
Map_2733,583,100,40,40,52,49,40,39,40,39,40,39,53,83,83,83,40,39,40,39,40,39,40,39,40,39
Map_2734,15,41,11,11,11,11,10,10,10,10,10,10,10,10,10,10,10,10,10,10,10,10,10,10,10,10
Map_2735,45,86,29,29,29,63,29,29,29,29,29,29,29,29,33,33,31,29,31,29,31,29,29,29,29,29
Map_2736,588,339,33,33,35,33,28,33,28,33,28,33,28,33,28,33,28,28,53,28,53,28,28,28,28,28
Map_2737,99,81,55,54,52,56,42,38,42,38,42,38,42,50,42,50,42,49,49,49,49,49,42,38,42,38
Map_2738,526,430,15,15,15,20,15,15,15,15,15,15,15,15,15,15,15,15,15,15,15,15,15,15,15,15
Map_2739,62,265,86,86,88,72,60,21,60,21,60,21,53,21,53,21,31,20,31,20,31,20,38,20,38,20
Map_2740,93,78,29,29,29,32,30,29,30,29,30,29,29,29,29,29,34,29,29,27,29,27,30,29,30,29
Map_2741,126,160,18,19,18,40,16,19,16,19,16,19,16,19,16,19,16,16,16,16,16,16,16,19,16,19
Map_2742,155,209,12,12,12,12,12,12,12,12,12,12,12,12,12,12,13,12,13,12,13,12,13,12,13,12
Map_2743,423,385,33,17,33,30,28,17,28,17,28,17,17,37,37,37,29,17,29,17,29,17,28,17,28,17
Map_2744,54,281,28,28,28,28,28,28,28,28,28,28,66,66,66,66,28,27,28,27,28,27,28,27,28,27
Map_2745,13,92,17,17,13,17,17,13,17,13,17,13,17,13,17,13,17,13,17,13,17,13,17,13,17,13
Map_2746,611,367,320,42,449,38,37,37,37,37,37,37,37,37,37,37,37,37,94,37,94,37,37,37,37,37
Map_2747,150,322,58,58,58,80,74,98,74,98,74,98,102,102,102,102,100,74,80,74,80,74,99,74,99,81
Map_2748,555,208,70,176,70,27,27,27,27,27,27,27,27,27,27,27,29,27,29,27,29,27,29,27,27,27
Map_2749,12,32,13,13,13,16,13,14,13,14,13,14,13,14,13,14,11,11,11,11,11,11,11,11,11,11
Map_2750,546,308,123,123,115,25,21,47,21,47,21,47,21,47,21,47,21,21,27,21,27,21,21,47,21,47
Map_2751,9,21,11,11,11,11,11,9,11,9,11,9,11,9,11,9,10,9,11,9,11,9,10,9,10,9
Map_2752,52,47,70,24,24,47,24,23,24,23,24,23,24,23,24,23,21,23,21,23,21,23,21,23,21,23
Map_2753,33,228,19,19,19,19,19,28,19,28,19,28,19,28,19,28,19,19,19,19,19,19,19,19,19,19
Map_2754,16,178,16,16,16,19,16,16,16,16,16,16,16,16,16,16,15,15,15,15,15,15,15,15,15,15
Map_2755,627,158,18,18,18,18,18,52,18,52,18,52,18,52,18,52,19,18,19,18,19,18,18,18,18,18
Map_2756,11,140,10,10,10,10,10,10,10,10,10,10,10,10,10,10,10,10,10,10,10,10,10,10,10,10
Map_2757,210,438,15,15,15,18,13,15,13,15,13,15,13,15,13,15,14,13,14,13,14,13,13,13,13,13
Map_2758,164,176,41,41,41,42,41,37,41,37,41,37,41,37,41,41,49,37,49,37,49,37,49,37,49,37
Map_2759,107,175,12,11,12,12,11,11,11,11,11,11,11,11,11,11,11,11,11,11,11,11,11,11,11,11
Map_2760,523,421,50,50,50,62,50,50,50,50,50,50,50,50,50,50,53,30,57,30,55,30,53,30,53,30
Map_2761,23,380,25,25,51,25,25,25,25,25,25,25,25,25,25,25,20,12,20,12,20,12,28,12,28,12
Map_2762,159,120,18,18,11,18,18,18,18,18,18,18,18,18,18,18,18,11,21,11,21,11,12,11,12,11
Map_2763,20,302,15,15,15,14,11,11,11,11,11,11,11,11,11,11,11,11,11,11,11,11,11,11,11,11
Map_2764,37,209,13,13,13,13,13,13,13,13,13,13,13,13,13,13,13,13,13,13,13,13,13,13,13,13
Map_2765,393,352,161,163,163,163,160,160,160,160,160,160,160,160,160,160,166,112,169,112,169,112,155,112,155,112
Map_2766,10,79,9,9,9,9,9,9,9,9,9,9,9,9,9,9,9,9,9,9,9,9,9,9,9,9
Map_2767,524,274,344,427,588,32,26,32,26,32,26,32,26,26,26,26,26,26,24,26,24,26,26,26,26,31
Map_2768,156,183,30,30,28,30,29,29,29,29,29,29,29,29,29,29,25,25,34,25,34,25,25,25,25,25
Map_2769,13,384,10,10,10,10,10,10,10,10,10,10,10,10,10,10,10,10,10,10,10,10,10,10,10,10
Map_2770,384,128,95,40,98,157,73,54,73,48,73,48,79,54,90,54,53,50,53,50,53,50,53,54,59,54
Map_2771,569,109,35,35,35,60,35,35,35,35,35,35,35,35,39,35,24,24,26,24,26,24,24,24,24,24
Map_2772,7,255,7,7,7,13,7,7,7,7,7,7,7,7,7,7,8,7,8,7,8,7,7,7,7,7
Map_2773,652,313,191,212,407,343,142,127,142,127,142,127,140,80,140,184,51,27,51,27,51,27,50,117,50,117
Map_2774,14,104,21,21,21,21,16,13,16,13,16,13,13,13,13,13,13,13,13,13,13,13,13,13,13,13
Map_2775,19,55,13,13,13,13,13,13,13,13,13,13,13,13,13,13,13,13,13,13,13,13,13,13,13,13
Map_2776,510,327,20,20,14,20,20,19,20,19,20,19,20,19,20,19,20,14,20,14,20,14,20,14,20,14
Map_2777,425,269,25,22,22,25,22,22,22,22,22,22,22,22,22,22,19,19,19,19,19,19,19,20,19,20
Map_2778,486,177,20,20,20,20,20,20,20,20,20,20,20,20,20,20,20,20,20,20,20,20,20,20,20,20
Map_2779,596,212,23,23,23,23,23,23,23,23,23,23,23,23,23,23,32,32,32,23,32,23,45,32,44,32
Map_2780,19,117,19,19,19,19,19,19,19,19,19,19,19,19,19,19,19,19,19,19,19,19,19,19,19,19
Map_2781,6,17,6,6,6,14,6,6,6,6,6,6,6,6,6,6,6,6,6,6,6,6,6,6,6,6
Map_2782,124,241,25,18,25,36,18,18,18,18,18,18,18,18,18,18,17,17,17,17,17,17,17,17,17,17
Map_2783,13,33,9,9,9,9,9,9,9,9,9,9,9,9,9,9,9,9,9,9,9,9,9,9,9,9
Map_2784,44,111,30,29,29,29,29,29,29,29,29,29,29,29,29,29,36,23,41,23,41,23,28,23,26,23
Map_2785,107,211,11,11,11,12,11,11,11,11,11,11,11,11,11,11,11,11,11,11,11,11,11,11,11,11
Map_2786,40,405,61,61,93,441,36,48,36,48,36,48,36,48,36,48,19,19,19,19,19,19,19,19,19,19
Map_2787,16,164,12,12,12,12,12,12,12,12,12,12,12,12,12,12,12,11,12,11,12,11,12,11,12,11
Map_2788,555,137,15,15,15,96,15,15,15,15,15,15,15,15,15,15,15,12,15,12,15,12,15,12,15,12
Map_2789,645,262,92,159,252,196,109,26,109,26,109,26,228,26,221,26,70,26,72,26,72,26,64,26,64,26
Map_2790,30,555,23,23,22,23,22,22,22,22,22,22,22,22,22,22,24,22,24,22,24,22,27,22,27,22
Map_2791,14,46,12,12,12,14,12,14,12,14,12,14,12,14,12,14,14,12,14,12,14,12,12,12,12,12
Map_2792,451,274,26,26,26,27,25,26,25,26,25,26,25,26,25,26,25,26,25,26,25,26,25,26,25,26
Map_2793,14,87,11,10,11,11,10,10,10,10,10,10,10,10,10,10,10,10,10,10,10,10,10,10,10,10
Map_2794,589,409,438,437,428,74,73,73,73,73,73,73,73,73,73,73,73,169,82,169,92,169,73,266,73,301
Map_2795,582,375,136,136,136,91,77,47,77,47,77,47,77,47,77,47,77,23,77,23,77,23,77,47,77,47
Map_2796,95,75,25,25,25,25,19,19,19,19,19,19,19,19,19,19,21,19,21,19,21,19,19,19,19,19
Map_2797,377,115,29,29,25,35,23,23,23,23,23,23,23,23,23,23,23,23,23,23,23,23,25,23,25,23
Map_2798,410,379,570,597,466,357,37,77,37,77,37,77,37,77,37,77,219,170,42,166,42,163,39,77,37,77
Map_2799,74,334,26,26,93,30,14,13,14,13,14,13,13,13,13,13,14,13,14,13,14,13,14,13,14,13
Map_2800,532,452,42,41,42,45,42,40,42,40,42,40,39,39,39,39,46,39,49,39,49,39,45,39,39,39
Map_2801,620,245,256,174,257,159,92,77,92,77,92,77,92,77,92,77,100,77,109,77,109,77,100,77,105,77
Map_2802,352,179,74,74,72,83,74,74,76,74,76,74,74,74,74,74,72,45,66,45,66,45,72,45,72,45
Map_2803,516,81,25,25,25,25,25,16,25,16,25,16,25,16,25,16,16,16,18,16,18,16,16,16,16,16
Map_2804,593,328,14,14,14,15,14,14,14,14,14,14,14,14,14,14,14,14,14,14,14,14,14,14,14,14
Map_2805,612,184,128,128,52,187,60,53,60,53,60,53,52,53,52,53,60,57,46,52,46,52,60,56,60,56
Map_2806,176,43,24,24,20,18,18,18,18,18,18,18,18,18,18,18,15,15,15,15,15,15,15,15,15,15
Map_2807,260,105,34,34,34,34,34,25,34,25,34,25,34,25,34,25,35,22,35,22,35,22,35,22,36,22
Map_2808,93,497,58,56,58,132,54,35,54,35,54,35,54,36,56,36,36,35,36,35,36,35,36,35,36,35
Map_2809,363,106,58,58,58,59,21,40,21,40,21,40,21,40,21,40,21,21,21,21,21,21,21,21,21,21
Map_2810,571,221,52,68,62,55,34,80,34,80,34,80,47,74,47,74,47,47,37,47,37,47,47,47,47,47
Map_2811,23,84,9,9,9,9,9,9,9,9,9,9,9,9,9,9,9,9,9,9,9,9,9,9,9,9
Map_2812,552,255,70,220,35,36,18,18,18,18,18,18,18,18,18,18,18,18,18,18,18,18,18,18,18,18
Map_2813,202,108,23,55,114,26,25,23,25,23,25,23,63,55,63,55,28,23,28,23,28,23,23,23,23,23
Map_2814,14,50,15,15,15,13,13,14,13,14,13,14,13,14,13,14,13,13,13,13,13,13,13,14,13,14
Map_2815,554,149,31,31,31,58,23,23,23,23,23,23,23,23,23,23,23,23,23,23,23,23,23,23,23,23
Map_2816,514,461,15,15,15,17,15,15,15,15,15,15,15,25,25,25,15,15,15,15,15,15,15,15,15,15
Map_2817,27,308,16,16,16,16,16,16,16,16,16,16,16,16,16,16,21,15,21,15,21,15,16,15,16,15
Map_2818,13,91,13,13,13,13,13,13,13,13,13,13,13,13,13,13,19,13,21,13,21,13,13,13,13,13
Map_2819,624,290,164,206,451,443,183,68,168,68,168,68,68,68,68,68,44,51,44,51,44,51,44,51,44,51
Map_2820,483,338,120,120,118,454,218,118,218,118,218,118,207,118,207,118,108,80,105,80,114,80,108,80,108,80
Map_2821,24,35,39,23,16,16,23,16,23,16,23,16,23,16,23,16,16,16,16,16,16,16,26,16,23,16
Map_2822,497,335,342,67,464,214,33,64,33,64,33,64,33,64,33,64,33,33,33,33,33,33,33,46,33,46
Map_2823,601,255,49,49,49,57,131,72,131,72,131,72,122,72,122,72,43,41,43,41,43,41,43,41,41,41
Map_2824,64,180,18,18,22,26,20,19,20,19,20,19,20,20,20,20,20,19,20,19,20,19,20,19,20,19
Map_2825,175,142,40,40,40,25,25,25,25,25,25,25,25,25,25,25,33,25,33,25,33,25,33,25,25,25
Map_2826,571,200,264,397,489,511,49,46,49,46,49,46,49,46,49,46,49,46,49,46,49,46,49,46,49,46
Map_2827,55,177,28,27,30,28,23,27,23,27,23,27,22,27,22,27,23,17,24,17,24,17,23,17,23,17
Map_2828,15,28,15,15,15,37,15,15,15,15,15,15,15,15,15,15,15,15,15,15,15,15,15,15,15,15
Map_2829,566,74,12,10,12,13,10,10,10,10,10,10,10,10,10,10,12,10,12,10,12,10,12,10,12,10
Map_2830,111,215,40,40,40,23,19,19,19,19,19,19,19,20,19,20,19,19,19,19,19,19,19,19,19,19
Map_2831,37,32,11,11,31,11,11,11,11,11,11,11,11,11,11,11,12,11,12,11,12,11,12,11,12,11
Map_2832,398,526,28,26,28,156,26,49,26,49,26,49,26,49,26,49,26,26,26,26,26,26,26,26,26,26
Map_2833,42,101,25,25,26,26,25,25,25,25,25,25,25,25,25,25,28,25,28,25,28,25,25,25,25,25
Map_2834,29,210,23,23,28,25,23,23,23,23,23,23,23,23,23,23,24,23,25,23,25,23,24,23,24,23
Map_2835,14,79,12,12,12,12,12,12,12,12,12,12,12,12,12,12,12,12,12,12,12,12,12,12,12,12
Map_2836,409,289,28,28,28,72,25,25,25,25,25,25,25,25,25,25,25,25,37,25,37,25,25,25,25,25
Map_2837,166,177,182,182,125,438,83,83,83,83,83,83,83,83,83,83,62,232,62,232,62,232,77,221,77,215
Map_2838,594,288,444,308,188,78,52,167,52,166,52,166,52,94,52,94,52,61,52,61,52,61,52,61,52,61
Map_2839,610,438,84,84,84,84,103,84,103,84,103,84,103,84,105,84,432,84,297,84,302,84,437,84,437,84
Map_2840,416,51,13,13,13,13,14,14,14,14,14,14,14,14,14,14,29,14,29,14,29,14,14,14,14,14
Map_2841,341,477,17,17,17,37,17,16,17,16,17,16,16,16,16,16,17,16,17,16,17,16,17,16,17,16
Map_2842,29,241,28,28,28,185,32,315,32,315,32,315,217,217,217,217,26,32,26,23,31,23,25,32,24,32
Map_2843,641,339,284,54,284,98,54,54,54,54,54,54,54,54,54,54,49,52,47,52,47,52,49,56,49,56
Map_2844,177,477,54,54,54,54,54,53,54,53,54,53,54,53,54,53,50,50,52,50,52,50,50,50,50,50
Map_2845,63,549,29,29,29,29,25,29,25,29,25,29,25,29,25,29,24,24,24,24,24,24,24,24,24,24
Map_2846,114,121,28,68,28,28,20,26,20,26,20,26,20,26,20,26,20,21,20,21,20,21,20,21,20,26
Map_2847,266,202,23,23,22,48,23,14,23,14,23,14,23,14,23,14,23,14,23,14,23,14,23,14,23,14
Map_2848,20,234,44,44,44,36,16,16,16,16,16,16,16,16,16,16,25,16,25,16,25,16,16,16,16,16
Map_2849,24,309,19,19,19,38,19,19,19,19,19,19,19,19,19,19,19,19,19,19,19,19,19,19,19,19
Map_2850,285,451,60,60,60,60,52,52,52,52,52,52,52,52,52,52,18,15,18,15,18,15,63,15,52,15
Map_2851,8,400,9,8,9,9,9,8,9,8,9,8,8,8,8,8,9,8,9,8,9,8,9,8,9,8
Map_2852,527,217,11,11,15,11,11,11,11,11,11,11,11,11,11,11,11,11,11,11,11,11,11,11,11,11
Map_2853,6,39,7,6,7,8,7,6,7,6,7,6,6,6,6,6,7,6,7,6,7,6,7,6,7,6
Map_2854,545,342,293,537,472,71,28,57,28,57,28,57,28,57,28,83,28,28,29,28,29,28,28,28,28,28
Map_2855,583,171,47,47,47,71,48,52,48,52,48,52,48,52,48,52,47,47,47,47,47,47,47,43,47,43
Map_2856,594,95,15,15,22,15,15,15,15,15,15,15,15,15,15,15,15,15,16,15,16,16,15,15,15,15
Map_2857,29,254,62,62,62,59,21,21,21,21,21,21,21,21,21,21,21,21,21,21,21,21,21,21,21,21
Map_2858,392,77,25,25,25,19,18,18,18,18,18,18,18,18,18,18,18,18,20,18,20,18,18,18,18,18
Map_2859,7,32,7,7,7,10,7,7,7,7,7,7,7,7,7,7,7,6,7,6,7,6,7,6,7,6
Map_2860,82,120,68,68,83,72,68,71,68,71,68,71,68,71,68,71,63,76,63,76,63,76,64,76,64,76
Map_2861,21,97,23,20,24,33,21,20,21,20,21,20,20,20,20,20,18,17,18,15,18,15,18,17,18,20
Map_2862,615,298,58,58,53,63,54,58,54,58,54,58,46,58,47,58,46,57,59,70,59,70,46,57,46,57
Map_2863,638,464,379,547,377,232,400,92,400,92,400,92,162,61,162,61,37,49,40,55,40,55,39,49,37,49
Map_2864,122,394,63,34,219,149,63,63,63,63,63,63,63,69,69,69,35,34,35,34,35,34,35,34,35,34
Map_2865,26,66,19,18,19,19,18,18,18,18,18,18,18,18,18,18,18,18,18,18,23,18,18,18,18,18
Map_2866,42,246,15,17,19,15,14,14,14,14,14,14,15,15,15,15,14,14,14,14,14,14,14,14,14,14
Map_2867,563,242,341,356,364,35,212,243,212,243,212,243,301,301,301,301,79,35,137,35,137,35,79,79,79,79
Map_2868,9,35,9,9,9,16,9,9,9,9,9,9,9,9,9,9,9,9,9,9,9,9,9,9,9,9
Map_2869,646,261,554,340,323,434,408,389,408,389,408,389,292,292,292,292,197,262,214,262,214,262,242,271,242,253
Map_2870,302,258,53,53,53,338,68,57,68,57,68,57,53,57,53,57,73,53,73,53,73,53,62,53,62,53
Map_2871,454,469,20,19,20,20,19,19,19,19,19,19,19,19,19,19,19,19,20,19,20,19,19,19,19,19
Map_2872,26,90,12,12,12,12,12,12,12,12,12,12,12,12,12,12,12,12,12,12,12,12,12,12,12,12
Map_2873,353,153,15,15,15,33,15,15,15,15,15,15,15,15,15,15,16,15,16,15,16,15,15,15,15,15
Map_2874,10,128,6,6,6,6,6,6,6,6,6,6,6,6,6,6,6,6,6,6,6,6,6,6,6,6
Map_2875,422,106,68,68,68,23,22,22,22,22,22,22,22,22,22,22,22,22,22,22,22,22,22,22,22,22
Map_2876,535,467,98,83,138,93,82,80,82,80,82,80,81,81,81,81,78,34,99,34,99,34,78,34,78,34
Map_2877,42,66,33,33,30,33,33,30,34,30,34,30,33,30,33,30,33,30,33,30,23,30,33,30,33,30
Map_2878,225,432,142,142,142,320,142,142,142,142,142,142,141,141,141,141,51,77,51,77,51,77,51,142,49,142
Map_2879,15,49,7,7,7,7,7,7,7,7,7,7,7,7,7,7,7,7,7,7,7,7,7,7,7,7
Map_2880,642,84,30,30,30,30,30,30,30,30,30,30,30,30,30,30,30,30,30,30,30,30,30,30,30,30
Map_2881,206,171,25,25,25,78,24,33,24,33,24,33,24,33,24,33,24,24,24,24,24,24,24,24,24,24
Map_2882,46,191,27,27,26,27,28,32,28,32,28,32,32,32,32,32,19,19,19,19,19,19,19,19,19,19
Map_2883,6,463,6,6,6,6,6,6,6,6,6,6,6,6,6,6,6,6,6,6,6,6,6,6,6,6
Map_2884,11,161,12,11,11,12,11,11,11,11,11,11,11,11,11,11,12,11,12,11,12,11,11,11,11,11
Map_2885,474,196,18,18,112,26,18,18,18,18,18,18,18,18,18,18,18,18,18,18,18,18,18,18,18,18
Map_2886,26,125,34,28,35,36,31,17,31,17,31,17,28,17,28,17,31,17,31,17,31,17,31,17,31,17
Map_2887,60,202,15,15,15,19,15,15,15,15,15,15,15,15,15,15,17,15,17,15,17,15,17,15,17,15
Map_2888,16,57,16,16,14,25,16,16,16,16,16,16,16,16,16,16,10,10,10,10,10,10,10,10,10,10
Map_2889,35,83,37,37,38,37,37,33,37,33,37,33,37,33,37,33,33,26,33,26,33,26,35,31,35,33
Map_2890,13,342,11,11,11,20,11,11,11,11,11,11,11,11,11,11,11,11,11,11,11,11,11,11,11,11
Map_2891,166,59,34,34,110,22,20,20,20,20,20,20,20,20,20,20,22,20,22,20,22,20,22,20,22,20
Map_2892,631,298,25,25,25,24,22,22,22,22,22,22,22,22,22,22,22,19,22,19,22,19,22,19,22,19
Map_2893,20,211,20,20,20,20,20,20,20,20,20,20,20,20,20,20,22,20,22,20,22,20,22,20,22,20
Map_2894,43,102,48,48,48,47,42,37,42,37,42,37,42,37,42,37,35,36,35,36,35,36,35,36,35,36
Map_2895,601,333,38,38,38,169,38,38,38,38,38,38,38,38,38,38,38,38,38,38,38,38,38,38,38,38
Map_2896,411,259,80,79,79,80,79,67,79,67,79,67,79,98,79,98,50,50,50,56,50,56,50,50,50,50
Map_2897,16,58,16,16,16,19,17,16,17,16,17,16,16,16,16,16,19,16,19,15,19,15,17,16,17,16
Map_2898,271,164,59,44,44,62,25,25,25,25,25,25,25,25,25,25,23,23,23,23,23,23,23,23,23,23
Map_2899,369,456,38,36,36,42,36,38,36,38,36,38,36,38,36,38,35,36,35,29,35,29,36,36,46,36
Map_2900,10,184,12,10,12,14,10,10,10,10,10,10,10,10,10,10,10,10,10,10,10,10,10,10,10,10
Map_2901,8,619,8,8,8,8,8,12,8,12,8,12,8,12,8,12,8,8,8,8,8,8,8,8,8,8
Map_2902,334,187,28,28,28,29,28,36,28,36,28,36,28,36,28,36,29,28,29,28,30,28,28,28,28,28
Map_2903,334,226,237,156,425,351,204,69,204,69,204,69,321,64,297,64,52,64,54,50,52,50,51,69,51,69
Map_2904,297,322,17,17,17,17,17,17,17,17,17,17,17,17,17,17,17,17,23,17,23,17,17,17,17,17
Map_2905,247,344,61,58,265,19,22,22,22,22,22,22,22,22,22,22,17,17,17,17,17,17,22,17,22,22
Map_2906,10,254,10,10,10,13,11,10,11,10,11,10,11,10,11,10,11,10,11,10,11,10,11,10,11,10
Map_2907,211,94,46,46,45,101,31,31,31,31,31,31,31,31,31,44,31,31,31,31,31,31,31,31,31,31
Map_2908,602,199,38,38,70,40,38,43,38,43,38,43,43,43,43,43,94,35,99,35,99,35,94,97,120,97
Map_2909,32,71,26,21,26,26,26,21,26,21,26,21,21,21,21,21,24,17,23,17,23,17,24,17,26,17
Map_2910,60,232,25,25,27,23,25,25,25,25,25,25,25,25,25,25,33,25,33,25,33,25,33,25,33,25
Map_2911,33,43,17,17,17,17,17,17,17,17,17,17,17,17,17,17,17,17,17,17,17,17,17,17,17,17
Map_2912,8,24,8,8,8,8,8,8,8,8,8,8,8,8,8,8,8,8,8,8,8,8,8,8,8,8
Map_2913,41,232,10,10,10,10,10,10,10,10,10,10,10,10,10,10,10,10,10,10,10,10,10,10,10,10
Map_2914,130,193,26,26,26,31,27,24,27,24,27,24,45,24,45,24,27,28,29,28,29,28,27,28,27,28
Map_2915,24,330,21,21,21,21,17,17,17,17,17,17,17,17,17,17,20,17,20,17,20,17,17,17,17,17
Map_2916,244,444,69,69,69,271,48,44,48,44,48,44,48,44,44,44,55,44,55,44,55,44,48,44,48,44
Map_2917,27,228,16,13,15,20,13,13,13,13,13,13,13,13,13,13,13,13,13,13,13,13,13,13,13,13
Map_2918,28,124,18,18,18,18,28,18,28,18,28,18,28,18,28,18,16,16,16,16,16,16,16,16,16,16
Map_2919,49,105,20,20,20,20,21,20,21,20,21,20,21,20,21,20,21,21,21,21,21,21,21,20,21,20
Map_2920,19,55,14,14,16,14,14,14,16,14,16,14,14,14,14,14,15,14,15,15,15,15,15,14,14,14
Map_2921,577,159,26,25,25,27,37,76,37,76,37,76,37,76,37,76,38,25,38,25,38,25,38,25,38,25
Map_2922,23,154,13,13,13,15,13,13,13,13,13,13,13,13,13,13,13,13,13,13,13,13,13,13,13,13
Map_2923,532,207,40,40,40,40,47,47,47,47,47,47,47,47,47,47,47,38,47,38,47,38,47,38,47,38
Map_2924,8,569,8,8,8,8,8,12,8,12,8,12,8,12,8,12,8,8,8,8,8,8,8,8,8,8
Map_2925,288,171,11,11,11,12,11,11,11,11,11,11,11,11,11,11,15,11,15,11,15,11,15,11,11,11
Map_2926,613,163,18,18,18,28,31,25,31,25,31,25,25,25,25,25,26,18,26,18,26,18,27,18,27,18
Map_2927,643,300,254,253,471,258,136,136,136,214,136,214,136,136,136,136,176,160,176,160,176,262,176,335,213,335
Map_2928,469,364,18,18,18,18,18,18,18,18,18,18,18,18,18,18,16,16,16,16,16,16,16,16,16,16
Map_2929,587,214,27,27,27,24,24,24,24,24,24,24,24,24,24,24,21,21,21,21,21,21,21,21,21,21
Map_2930,66,197,48,47,68,78,41,41,41,41,41,41,41,41,41,41,41,43,41,43,41,43,41,41,41,41
Map_2931,20,275,13,13,24,36,13,13,13,13,13,13,13,13,13,13,31,13,31,13,31,13,31,13,13,13
Map_2932,490,160,41,41,38,117,32,27,32,27,32,27,32,27,32,27,35,25,35,25,35,25,26,25,26,25
Map_2933,90,93,21,21,21,25,21,21,21,21,21,21,21,21,21,21,21,21,21,21,21,21,21,21,21,21
Map_2934,10,272,6,6,6,7,6,6,6,6,6,6,6,6,6,6,6,6,6,6,6,6,6,6,6,6
Map_2935,587,292,55,51,55,95,37,37,35,35,35,35,37,37,37,37,33,35,37,35,37,35,33,35,33,35
Map_2936,15,208,9,9,9,11,9,9,9,9,9,9,9,9,9,9,9,9,9,9,9,9,9,9,9,9
Map_2937,137,294,37,32,42,40,25,25,25,25,25,25,25,25,25,25,28,25,28,25,28,25,25,25,25,25
Map_2938,11,46,10,10,10,10,10,10,10,10,10,10,10,10,10,10,10,10,10,10,10,10,10,10,10,10
Map_2939,8,16,8,8,8,8,8,8,8,8,8,8,8,8,8,8,8,8,8,8,8,8,8,8,8,8
Map_2940,37,77,27,27,42,37,27,28,27,28,27,28,28,28,28,28,27,24,22,24,22,24,27,24,27,24
Map_2941,570,137,85,85,84,37,34,34,34,34,34,34,34,34,34,34,34,34,34,34,34,34,34,34,34,34
Map_2942,229,271,14,14,14,25,14,14,14,14,14,14,14,14,14,14,21,14,21,14,21,14,14,14,14,14
Map_2943,612,254,290,285,257,326,48,48,48,48,48,48,48,48,48,48,63,91,63,91,63,96,48,95,48,94
Map_2944,49,258,37,37,37,239,37,37,37,37,37,37,37,37,37,37,44,36,37,33,37,33,37,36,37,36
Map_2945,24,214,19,14,14,33,14,14,14,14,14,14,14,14,14,14,14,15,14,15,14,16,14,14,14,14
Map_2946,7,24,7,7,7,8,7,7,7,7,7,7,7,7,7,7,8,7,8,7,8,7,7,7,7,7
Map_2947,610,209,34,34,34,36,27,27,27,27,27,27,27,27,27,27,29,27,29,27,43,27,27,27,27,27
Map_2948,621,136,27,27,30,27,26,27,26,27,26,27,26,27,26,27,28,13,28,13,28,13,26,27,26,27
Map_2949,20,240,14,13,14,11,11,11,11,11,11,11,11,11,11,11,11,11,11,11,11,11,11,11,11,11
Map_2950,379,86,35,34,34,35,24,25,24,25,24,25,24,25,24,25,24,25,24,21,24,21,24,25,24,25
Map_2951,634,391,535,198,472,471,174,150,175,150,175,150,198,198,198,198,56,56,56,51,67,51,56,56,56,56
Map_2952,19,504,20,20,20,38,14,20,14,20,14,20,14,20,14,20,14,14,14,14,14,14,14,14,14,20
Map_2953,11,83,13,13,13,13,13,13,13,13,13,13,13,13,13,13,11,11,11,11,11,11,11,11,11,11
Map_2954,19,434,19,18,19,67,18,18,18,18,18,18,18,18,18,18,19,18,19,18,20,18,19,18,18,18
Map_2955,10,154,10,10,10,10,10,10,10,10,10,10,10,10,10,10,10,10,10,10,10,10,10,10,10,10
Map_2956,18,243,25,18,25,36,36,35,36,35,36,35,35,35,35,35,29,22,22,22,22,22,29,22,29,22
Map_2957,167,506,55,55,80,96,64,26,64,26,64,26,64,26,64,26,23,23,23,23,23,23,23,23,23,23
Map_2958,31,63,25,25,25,26,20,25,20,25,20,25,20,25,20,25,18,18,18,18,18,18,18,18,18,18
Map_2959,610,281,395,95,97,107,74,25,74,25,74,25,74,25,74,25,35,22,35,22,35,22,35,22,35,22
Map_2960,564,324,25,25,26,31,25,25,25,25,25,25,25,25,25,25,31,25,31,25,31,25,29,25,29,25
Map_2961,8,13,6,6,6,6,6,6,6,6,6,6,6,6,6,6,6,6,6,6,6,6,6,6,6,6
Map_2962,536,312,26,26,26,28,25,26,25,26,25,26,25,26,25,26,25,26,25,26,25,26,25,26,25,26
Map_2963,373,321,28,27,28,30,23,27,23,28,23,28,23,27,23,27,23,27,23,27,23,27,23,27,23,27
Map_2964,56,407,106,51,70,46,46,38,46,38,46,38,51,38,51,38,29,38,29,39,29,39,29,38,29,38
Map_2965,206,156,122,120,204,159,64,83,64,83,64,83,64,83,64,83,83,57,91,57,91,57,80,57,80,57
Map_2966,23,47,36,38,45,36,17,17,17,17,17,17,17,17,17,17,17,17,17,17,17,17,17,17,17,17
Map_2967,13,81,13,13,13,33,13,13,13,13,13,13,13,13,13,13,13,13,13,13,13,13,13,13,13,13
Map_2968,17,101,16,16,16,21,16,15,16,15,16,15,16,15,16,15,16,14,16,14,16,14,16,14,16,14
Map_2969,521,174,42,34,45,42,34,34,34,34,34,34,34,34,34,34,34,34,34,34,34,34,34,34,34,34
Map_2970,28,251,19,19,19,19,19,19,19,19,19,19,19,19,19,19,19,16,19,16,19,16,19,16,19,16
Map_2971,9,45,9,9,9,10,9,9,9,9,9,9,9,9,9,9,10,9,10,9,10,9,9,9,9,9
Map_2972,599,432,546,492,536,285,224,299,224,299,224,299,137,137,137,137,45,85,47,85,47,85,45,88,45,103
Map_2973,602,305,99,99,89,140,59,63,59,63,59,63,59,63,59,63,59,59,70,59,70,59,59,59,59,59
Map_2974,12,243,13,13,13,17,12,12,12,12,12,12,12,12,12,12,12,12,14,12,14,12,12,12,12,12
Map_2975,622,201,49,144,49,53,51,51,51,51,51,51,51,51,51,51,45,45,45,45,45,45,45,51,51,51
Map_2976,27,111,17,17,17,17,17,17,17,17,17,17,17,17,17,17,35,17,48,17,48,17,35,17,43,17
Map_2977,59,172,29,29,75,56,29,29,29,29,29,29,29,29,29,29,30,29,30,29,30,29,29,29,29,29
Map_2978,94,109,39,39,49,56,41,39,41,39,41,39,41,39,41,39,42,24,46,24,46,24,42,24,42,24
Map_2979,25,222,27,31,27,33,22,22,22,22,22,22,22,24,24,24,22,22,22,22,22,22,22,22,22,22
Map_2980,487,271,32,32,46,56,32,32,32,32,32,32,32,32,32,32,32,32,32,32,32,32,32,32,32,32
Map_2981,550,189,466,485,537,541,347,386,347,386,347,386,437,433,437,433,69,69,47,47,47,47,69,69,69,73
Map_2982,84,603,39,41,39,65,39,38,39,38,39,38,36,36,36,36,68,23,41,23,41,23,37,38,39,38
Map_2983,21,93,15,15,15,17,15,18,15,18,15,18,15,18,15,18,15,15,16,15,16,15,15,15,15,15
Map_2984,13,45,17,16,17,17,12,12,12,12,12,12,13,13,13,13,12,12,12,12,12,12,12,12,12,12
Map_2985,23,338,23,23,23,23,23,23,23,23,23,23,23,23,23,23,22,22,22,22,22,22,22,22,22,22
Map_2986,40,93,21,21,36,27,21,21,21,21,21,21,21,21,20,21,21,21,21,21,21,21,21,21,21,21
Map_2987,23,356,23,23,23,203,23,23,23,23,23,23,23,23,23,23,26,23,26,23,26,23,25,23,23,23
Map_2988,30,328,68,67,76,77,59,55,59,55,59,55,62,62,62,62,20,19,20,20,20,20,20,19,20,19
Map_2989,483,525,41,41,41,42,37,38,37,38,37,38,37,38,37,38,37,38,37,38,37,38,37,38,37,38
Map_2990,25,503,35,35,39,35,24,24,24,24,24,24,24,24,24,24,20,20,20,20,20,20,20,20,20,20
Map_2991,588,319,48,25,25,49,25,24,25,24,25,24,24,24,24,24,25,24,25,24,25,24,25,28,25,28
Map_2992,22,470,12,12,12,12,12,12,12,12,12,12,12,12,12,12,12,12,12,12,12,12,12,12,12,12
Map_2993,33,208,54,54,54,54,58,16,58,16,58,16,58,16,58,16,31,16,61,16,61,16,31,16,31,16
Map_2994,654,237,102,102,101,59,62,60,62,60,62,60,61,61,61,61,40,53,40,53,40,53,40,60,40,60
Map_2995,8,388,8,8,8,8,8,8,8,8,8,8,8,8,8,8,8,8,8,8,8,8,8,8,8,8
Map_2996,10,251,11,10,11,14,10,10,10,10,10,10,10,10,10,10,10,10,10,10,10,10,10,10,10,10
Map_2997,67,64,26,26,26,48,26,26,26,26,26,26,26,26,26,26,27,26,27,26,27,26,26,26,26,26
Map_2998,26,416,9,9,9,9,9,9,9,9,9,9,9,9,9,9,9,9,9,9,9,9,9,9,9,9
Map_2999,589,331,149,149,149,77,45,45,45,45,45,45,45,45,45,45,45,25,45,25,45,25,45,25,45,25
Map_3000,97,139,64,64,62,66,57,62,57,62,57,62,57,68,57,68,80,36,80,24,80,24,63,36,62,36
Map_3001,485,120,13,13,13,14,13,13,13,13,13,13,13,13,13,13,13,13,13,13,13,13,13,13,13,13
Map_3002,238,163,36,22,35,39,21,22,21,22,21,22,21,22,21,22,24,21,24,21,24,21,21,22,21,22
Map_3003,54,42,41,41,41,37,31,31,31,31,31,31,31,31,31,31,31,26,35,26,35,26,31,31,31,31
Map_3004,82,67,21,21,25,21,20,21,20,21,20,21,20,21,20,21,20,20,20,20,20,20,20,20,20,20
Map_3005,566,183,28,27,43,28,27,27,27,27,27,27,27,27,27,27,29,27,29,27,29,27,28,27,28,27
Map_3006,101,462,10,10,10,10,10,10,10,10,10,10,10,10,10,10,10,10,10,10,10,10,10,10,10,10
Map_3007,12,326,12,10,12,14,10,10,10,10,10,10,10,10,10,10,11,10,11,10,11,10,11,10,11,10
Map_3008,94,385,50,48,52,49,48,48,48,48,48,48,48,48,48,48,48,47,49,47,49,47,48,48,48,48
Map_3009,26,71,13,13,8,20,13,13,13,13,13,13,13,13,13,13,13,8,13,8,13,8,13,8,13,8
Map_3010,46,351,19,19,19,19,19,19,19,19,19,19,19,19,19,19,19,19,19,19,19,19,19,19,19,19
Map_3011,151,589,188,59,190,196,58,61,58,61,58,61,58,61,58,61,58,65,65,77,65,77,58,65,58,65
Map_3012,9,18,12,10,12,17,10,10,10,10,10,10,10,10,10,10,10,9,10,9,10,9,10,9,10,9
Map_3013,24,137,24,24,24,26,29,23,29,23,29,23,29,23,29,23,28,23,33,23,33,23,28,23,28,23
Map_3014,148,361,35,58,35,54,35,48,35,48,35,48,53,58,53,58,19,19,19,19,19,19,19,19,19,19
Map_3015,410,127,44,44,53,49,35,35,35,35,35,35,37,37,37,37,35,35,35,35,35,35,35,35,35,35
Map_3016,15,241,21,30,21,21,21,15,21,15,21,15,30,15,30,15,16,15,18,15,18,15,16,15,21,15
Map_3017,14,333,11,11,11,13,11,11,11,11,11,11,11,11,11,11,11,11,11,11,11,11,11,11,11,11
Map_3018,34,58,25,25,25,34,34,34,34,34,34,34,34,34,34,34,23,23,23,22,23,22,23,23,23,23
Map_3019,193,247,44,34,34,230,22,22,22,22,22,22,22,22,22,22,22,22,22,22,22,22,22,22,22,22
Map_3020,163,244,63,63,63,92,55,55,55,55,55,55,57,57,57,57,54,55,56,54,56,54,55,55,55,55
Map_3021,260,421,78,58,76,76,41,41,41,41,41,41,41,41,41,41,43,41,43,41,43,41,43,41,43,41
Map_3022,28,382,25,25,25,29,29,25,29,25,29,25,29,25,29,25,28,25,28,25,28,25,28,25,28,25
Map_3023,427,235,19,21,19,19,21,21,21,21,21,21,21,21,21,21,22,18,22,18,22,18,22,18,18,18
Map_3024,18,294,18,18,18,18,18,18,18,18,18,18,18,18,18,18,18,18,18,18,18,18,18,18,18,18
Map_3025,11,29,11,11,11,12,11,11,11,11,11,11,11,11,11,11,12,11,12,11,12,11,11,11,11,11
Map_3026,141,96,56,56,103,58,56,55,56,55,56,55,55,55,55,55,49,41,49,41,49,41,49,41,49,41
Map_3027,89,382,47,44,44,80,67,36,67,36,67,36,36,36,36,36,44,36,44,36,44,36,44,36,44,36
Map_3028,507,313,37,34,37,43,24,24,24,24,24,24,24,24,24,24,24,24,24,24,24,24,24,24,24,24
Map_3029,24,51,18,18,18,20,18,18,18,18,18,18,18,18,18,18,18,18,18,18,18,18,18,18,18,18
Map_3030,620,357,15,15,15,25,11,15,11,15,11,15,11,15,11,15,11,11,11,11,11,11,11,11,11,11
Map_3031,24,181,13,12,11,13,11,11,11,11,11,11,11,11,11,11,11,11,11,11,11,11,11,11,11,11
Map_3032,45,41,39,35,34,50,23,23,23,23,23,23,36,36,36,36,23,23,23,23,23,23,23,23,23,23
Map_3033,66,296,63,37,63,67,37,38,37,38,37,38,37,47,37,50,30,28,30,28,30,28,28,28,28,28
Map_3034,20,181,15,15,15,18,15,15,15,15,15,15,15,15,15,15,15,15,14,15,14,15,15,15,15,15
Map_3035,11,212,12,12,12,16,12,12,12,12,12,12,12,12,12,12,16,11,17,11,17,11,16,11,12,11
Map_3036,36,452,20,20,45,21,20,20,20,20,20,20,20,20,20,20,20,20,20,20,20,20,20,20,20,20
Map_3037,159,387,23,23,23,23,30,30,30,30,30,30,30,30,30,30,30,23,30,23,30,23,30,23,30,23
Map_3038,56,352,437,194,470,79,70,70,70,70,70,70,70,70,70,70,54,57,54,57,54,57,372,57,416,57
Map_3039,389,237,40,40,40,52,40,40,40,40,40,40,40,40,40,40,53,40,53,40,53,40,40,40,40,40
Map_3040,306,382,21,21,21,154,23,23,23,23,23,23,23,23,23,23,23,23,23,23,23,23,23,23,23,23
Map_3041,543,272,35,28,40,35,28,28,28,28,28,28,28,28,28,28,35,40,34,40,34,40,28,40,28,40
Map_3042,207,157,271,181,271,170,130,98,130,98,130,98,121,98,121,98,42,113,58,113,58,113,42,113,42,121
Map_3043,327,152,119,139,179,82,59,58,63,62,63,62,58,58,58,58,51,51,53,43,53,43,51,51,51,51
Map_3044,204,228,408,400,52,409,67,51,67,51,67,51,67,51,67,51,42,42,42,42,42,42,42,42,42,42
Map_3045,22,84,10,10,10,10,10,8,10,8,10,8,8,8,8,8,12,8,12,8,12,8,10,8,10,8
Map_3046,288,74,11,11,11,13,13,11,13,11,13,11,11,11,11,11,12,11,12,11,12,11,12,11,11,11
Map_3047,510,198,40,40,39,42,40,40,40,40,40,40,40,40,40,40,63,40,115,39,115,39,63,40,63,40
Map_3048,510,289,10,10,10,13,10,10,10,10,10,10,10,10,10,10,13,10,13,10,13,10,13,10,10,10
Map_3049,544,139,114,85,114,69,67,70,67,70,67,70,67,69,67,69,52,51,52,51,52,51,52,51,52,51
Map_3050,32,564,10,10,10,10,10,10,10,10,10,10,10,10,10,10,10,10,10,10,10,10,10,10,10,10
Map_3051,592,336,37,37,37,38,38,45,38,45,38,45,37,45,37,45,44,37,38,37,38,37,40,37,40,37
Map_3052,431,404,29,29,29,29,29,23,29,23,29,23,29,23,29,23,29,23,29,23,29,23,29,23,29,23
Map_3053,414,403,23,23,23,27,23,23,23,23,23,23,23,23,23,23,23,21,23,21,23,21,23,21,23,21
Map_3054,634,280,76,76,76,357,76,89,76,89,76,89,76,89,76,89,88,108,88,108,88,108,88,108,88,108
Map_3055,128,464,77,77,77,84,97,195,97,83,97,83,205,208,205,208,80,93,146,67,146,67,80,79,80,79
Map_3056,82,273,47,47,47,48,59,68,59,96,59,96,68,77,77,77,19,19,19,19,19,19,19,19,19,95
Map_3057,7,11,7,7,7,7,7,7,7,7,7,7,7,7,7,7,7,7,7,7,7,7,7,7,7,7
Map_3058,572,263,26,26,26,36,26,26,26,26,26,26,26,26,26,26,26,26,26,26,26,26,26,26,26,26
Map_3059,398,155,159,114,132,345,61,74,61,74,61,74,56,76,56,76,58,43,58,34,58,34,60,43,61,64
Map_3060,559,299,175,51,215,63,51,51,51,51,51,51,51,51,51,51,51,51,56,51,56,97,51,51,51,51
Map_3061,482,120,82,82,82,196,63,65,63,65,63,65,81,81,81,81,55,54,55,55,55,55,55,80,55,80
Map_3062,584,170,95,221,457,100,65,83,65,83,65,83,65,84,65,84,81,40,82,40,82,40,57,40,53,40
Map_3063,601,435,564,572,567,286,157,64,157,64,157,64,194,60,194,60,73,82,77,76,77,76,71,44,71,44
Map_3064,12,24,8,8,8,8,8,8,8,8,8,8,8,8,8,8,8,8,8,8,8,8,8,8,8,8
Map_3065,6,23,6,6,6,6,6,6,6,6,6,6,6,6,6,6,6,6,6,6,6,6,6,6,6,6
Map_3066,495,335,546,489,496,267,176,97,176,97,176,97,97,97,97,97,52,256,61,56,61,56,52,261,52,265
Map_3067,462,151,117,117,118,115,117,50,117,50,117,50,50,50,50,50,92,27,92,27,92,27,87,27,87,27
Map_3068,615,238,118,118,115,440,130,115,130,115,130,115,220,132,220,132,138,130,72,72,72,72,130,130,130,130
Map_3069,13,130,12,12,12,20,13,13,13,13,13,13,12,13,12,13,12,13,12,13,12,14,12,13,12,13
Map_3070,347,532,25,25,25,27,25,57,25,57,25,57,25,105,25,105,20,20,20,20,20,20,20,22,20,22
Map_3071,11,324,8,8,8,11,8,8,8,8,8,8,8,8,8,8,8,8,8,8,8,8,8,8,8,8
Map_3072,270,106,49,48,48,49,47,39,47,39,47,39,47,39,47,39,43,39,42,39,42,39,43,39,43,39
Map_3073,395,490,43,38,58,44,38,38,38,38,38,38,38,38,38,38,33,33,33,33,46,33,33,38,33,38
Map_3074,9,192,7,6,6,8,6,6,6,6,6,6,6,6,6,6,6,6,6,6,6,6,6,6,6,6
Map_3075,181,162,33,33,582,51,33,33,33,33,33,33,33,33,33,33,33,33,137,33,137,33,33,33,33,33
Map_3076,13,28,13,13,13,13,13,13,13,13,13,13,13,13,13,13,13,13,17,13,17,13,13,13,13,13
Map_3077,257,279,98,91,91,79,85,84,85,84,85,84,84,84,84,84,82,43,57,43,57,43,82,48,82,48
Map_3078,557,138,12,12,12,14,12,12,12,12,12,12,12,12,12,12,12,12,14,12,14,12,12,12,12,12
Map_3079,485,137,31,31,237,106,34,34,34,34,34,34,34,34,34,34,35,28,77,28,77,28,35,28,35,28
Map_3080,571,301,15,15,15,15,15,13,15,13,15,13,15,13,15,13,17,13,17,13,17,13,15,13,15,13
Map_3081,9,128,9,9,9,9,9,9,9,9,9,9,9,13,13,13,9,9,9,9,9,9,9,9,9,9
Map_3082,11,78,11,11,11,11,11,11,11,11,11,11,11,11,11,11,14,11,12,11,12,11,11,11,11,11
Map_3083,16,145,9,9,9,9,9,9,9,9,9,9,9,9,9,9,9,9,9,9,9,9,9,9,9,9
Map_3084,223,190,102,76,76,81,71,68,71,99,71,99,71,77,71,77,73,71,90,71,90,71,73,71,73,68
Map_3085,567,231,410,558,569,371,273,225,273,225,273,225,374,247,494,247,32,32,35,32,35,32,32,32,32,32
Map_3086,209,273,41,41,41,82,41,41,41,41,41,41,41,41,41,41,38,31,36,31,36,31,39,31,39,31
Map_3087,627,407,322,305,356,210,142,94,142,94,142,94,275,259,275,259,98,94,98,94,98,94,94,109,94,109
Map_3088,53,158,28,28,28,30,28,28,28,28,28,28,28,28,28,28,28,21,28,21,28,21,28,21,28,21
Map_3089,23,359,20,20,20,20,20,20,20,20,20,20,20,20,20,20,20,20,20,20,20,20,20,20,20,20
Map_3090,79,136,17,17,17,17,17,17,17,17,17,17,17,17,17,17,18,12,18,12,18,12,18,12,17,12
Map_3091,519,69,17,17,17,24,24,17,24,17,24,17,24,17,24,17,19,17,19,17,19,17,19,17,19,17
Map_3092,199,149,114,114,124,185,63,33,63,33,63,33,63,33,63,33,28,27,28,27,28,27,26,27,26,27
Map_3093,94,115,34,34,34,42,32,32,32,32,32,32,32,32,32,32,32,32,32,32,32,32,32,32,32,32
Map_3094,93,52,17,16,17,17,16,16,16,16,16,16,16,16,16,16,16,16,16,16,16,16,16,16,16,16
Map_3095,9,374,9,9,9,11,9,9,9,9,9,9,9,9,9,9,9,9,9,9,9,9,9,9,9,9
Map_3096,345,293,98,98,101,91,90,98,91,98,91,98,90,87,90,87,90,47,90,47,90,47,189,92,160,92
Map_3097,12,72,10,9,10,11,10,9,10,9,10,9,9,9,9,9,9,9,12,9,12,9,9,9,9,9
Map_3098,202,270,45,45,45,77,44,45,44,45,44,45,46,46,46,46,31,31,31,31,31,31,31,31,31,31
Map_3099,11,47,11,11,11,24,10,10,10,10,10,10,10,10,10,10,10,10,10,10,10,10,10,10,10,10
Map_3100,121,322,17,17,17,64,17,17,17,17,17,17,17,17,17,17,17,16,17,16,17,16,17,16,17,16
Map_3101,637,297,73,110,73,245,39,76,39,76,39,76,39,110,39,110,41,37,41,37,84,37,41,65,41,65
Map_3102,12,98,8,8,8,8,8,8,8,8,8,8,8,8,8,8,8,8,8,8,8,8,8,8,8,8
Map_3103,536,262,24,24,38,26,24,21,24,21,24,21,21,21,21,21,21,21,21,21,21,21,21,21,21,21
Map_3104,8,246,10,10,8,10,8,8,8,8,8,8,8,8,8,8,8,8,8,8,8,8,8,8,8,8
Map_3105,606,276,45,45,45,48,61,58,61,58,61,58,58,58,58,58,21,18,21,18,21,18,21,18,21,18
Map_3106,401,311,15,15,15,15,15,15,15,15,15,15,15,15,15,15,15,15,15,15,15,15,15,15,15,15
Map_3107,67,223,37,37,37,44,37,37,37,37,37,37,37,37,37,37,37,37,44,31,44,31,37,37,37,37
Map_3108,478,453,74,292,48,249,51,49,51,49,51,49,51,49,51,49,54,49,54,32,54,32,54,49,54,49
Map_3109,22,32,16,16,16,24,15,14,15,14,15,14,15,14,15,14,15,14,16,14,16,14,15,14,15,14
Map_3110,30,296,18,18,18,18,18,18,18,18,18,18,18,18,18,18,18,17,18,17,18,17,18,17,18,17
Map_3111,60,181,36,36,36,36,37,36,37,36,37,36,37,36,37,36,35,35,35,35,35,35,35,36,36,36
Map_3112,53,235,11,10,10,11,10,10,10,10,10,10,10,10,10,10,10,10,10,10,10,10,10,10,10,10
Map_3113,625,112,27,27,27,27,27,35,27,35,27,35,27,46,27,46,27,27,27,27,53,27,27,27,27,27
Map_3114,621,339,15,15,15,16,15,15,15,15,15,15,15,15,15,15,15,15,15,15,15,15,15,15,15,15
Map_3115,6,52,6,6,6,6,6,6,6,6,6,6,6,6,6,6,6,6,6,6,6,6,6,6,6,6
Map_3116,291,321,157,19,157,243,19,19,19,19,19,19,19,19,19,19,20,19,16,16,16,16,20,19,20,19
Map_3117,18,293,17,17,19,22,17,12,17,12,17,12,17,12,17,12,17,12,17,12,17,12,17,12,17,12
Map_3118,362,384,28,27,27,28,27,27,27,27,27,27,27,27,27,27,27,27,27,27,27,27,27,27,27,27
Map_3119,13,96,7,7,7,11,7,7,7,7,7,7,7,7,7,7,7,7,7,7,7,7,7,7,7,7
Map_3120,10,109,7,7,7,9,7,7,7,7,7,7,7,7,7,7,7,7,7,7,7,7,7,7,7,7
Map_3121,26,55,19,19,19,19,19,19,19,19,19,19,19,19,19,19,18,16,18,16,18,16,18,16,18,16
Map_3122,9,33,16,14,16,24,14,14,14,14,14,14,14,14,14,14,14,10,14,9,14,9,14,10,14,10
Map_3123,582,188,449,449,512,262,62,53,62,53,62,53,53,53,53,53,76,53,76,53,76,53,69,53,62,53
Map_3124,7,61,7,7,7,7,7,7,7,7,7,7,7,7,7,7,7,7,7,7,7,7,7,7,7,7
Map_3125,607,294,499,520,493,437,133,175,133,175,133,175,133,224,133,280,90,102,72,102,72,102,118,102,133,161
Map_3126,36,429,23,23,23,333,23,22,23,22,23,22,23,22,22,22,27,25,25,25,25,25,25,25,25,25
Map_3127,11,148,11,11,11,19,11,11,11,11,11,11,11,11,11,11,11,11,11,11,11,11,11,11,11,11
Map_3128,31,46,12,12,12,12,12,12,12,12,12,12,12,12,12,12,12,12,12,12,12,12,12,12,12,12
Map_3129,9,27,9,9,9,9,9,9,9,9,9,9,9,9,9,9,9,9,9,9,9,9,9,9,9,9
Map_3130,30,149,35,30,35,31,31,27,31,27,31,27,31,27,31,27,27,26,27,26,27,26,26,26,26,26
Map_3131,572,251,293,205,285,282,42,42,42,42,42,42,42,42,42,42,54,42,51,42,51,42,54,42,42,42
Map_3132,39,151,212,27,216,114,27,26,27,26,27,26,27,26,26,26,27,26,27,26,27,26,27,26,27,26
Map_3133,495,33,21,20,19,29,22,20,22,20,22,20,26,20,26,20,25,19,25,19,25,19,23,19,22,19
Map_3134,521,86,20,20,20,20,46,24,46,24,46,24,24,24,24,24,29,24,29,24,29,24,29,24,29,24
Map_3135,10,39,10,10,10,36,18,18,18,18,18,18,18,18,18,18,10,10,10,10,10,10,10,10,10,10
Map_3136,181,312,14,14,14,14,17,21,17,21,17,21,17,21,17,21,15,21,15,21,15,21,18,21,18,21
Map_3137,350,147,29,29,29,27,28,32,28,40,28,40,28,32,28,32,25,28,25,28,25,28,25,28,28,28
Map_3138,592,323,44,44,44,134,22,24,22,24,22,24,22,24,22,24,22,22,22,22,22,22,22,22,22,22
Map_3139,31,80,47,47,47,64,16,16,16,16,16,16,16,16,16,16,16,16,16,16,16,16,16,16,16,16
Map_3140,597,502,193,138,193,165,77,75,77,75,77,75,75,75,75,75,46,75,46,73,46,73,46,75,46,75
Map_3141,577,527,109,111,382,118,68,68,119,68,119,68,68,68,68,68,93,81,93,81,93,81,93,84,81,84
Map_3142,71,279,32,32,32,34,40,16,40,16,40,16,40,16,40,16,20,16,20,16,20,16,20,16,20,16
Map_3143,17,110,11,11,11,27,11,11,11,11,11,11,11,11,11,11,13,11,15,11,15,11,11,11,11,11
Map_3144,476,226,28,28,33,30,28,28,28,28,28,28,28,28,28,28,28,29,28,29,28,29,28,53,28,53
Map_3145,18,447,22,22,22,22,22,29,22,29,22,29,29,29,29,29,18,27,18,27,18,27,18,27,18,27
Map_3146,214,474,27,27,29,31,23,27,23,27,23,27,27,27,27,27,23,23,23,23,23,23,23,27,23,27
Map_3147,20,70,74,74,74,100,20,20,20,20,20,20,20,20,20,20,20,20,20,20,20,20,20,20,20,20
Map_3148,56,140,41,25,38,41,20,20,20,20,20,20,20,20,20,20,25,20,25,20,25,20,20,20,20,20
Map_3149,7,216,7,7,7,19,7,7,7,7,7,7,7,7,7,7,7,7,7,7,7,7,7,7,7,7
Map_3150,532,386,13,13,13,13,13,13,13,13,13,13,13,13,13,13,15,13,15,13,15,13,15,13,13,13
Map_3151,91,177,26,26,26,26,26,30,26,30,26,30,26,30,26,30,28,30,28,28,28,28,26,30,26,30
Map_3152,295,559,73,73,75,87,73,61,73,61,73,61,61,61,61,61,67,73,67,73,67,73,75,61,73,61
Map_3153,12,99,8,8,8,10,8,8,8,8,8,8,8,8,8,8,8,8,8,8,8,8,8,8,8,8
Map_3154,598,239,326,341,352,306,385,200,393,200,393,200,252,257,257,257,187,56,129,56,129,56,289,56,289,56
Map_3155,46,102,19,19,19,18,17,17,17,17,17,17,17,17,17,17,17,15,17,15,17,15,17,17,17,17
Map_3156,516,212,38,38,42,22,38,22,38,22,38,22,37,37,37,37,22,20,22,20,22,20,22,20,35,20
Map_3157,598,43,16,16,16,32,16,16,16,16,16,16,16,16,16,16,17,16,17,16,17,16,17,16,17,16
Map_3158,589,549,32,32,32,28,29,42,29,42,29,42,28,42,28,42,27,28,27,28,27,28,27,32,28,32
Map_3159,629,580,50,44,44,324,45,79,45,79,45,79,343,79,343,79,65,41,65,41,65,41,41,41,41,41
Map_3160,393,432,19,19,19,23,19,19,19,19,19,19,19,19,19,19,19,19,19,19,19,19,19,19,19,19
Map_3161,481,121,138,138,62,197,96,93,96,93,96,93,93,93,93,93,75,44,75,46,75,46,103,44,107,44
Map_3162,334,465,30,30,30,44,91,91,91,91,91,91,91,91,91,91,30,30,30,30,30,30,30,30,30,30
Map_3163,16,285,16,16,16,16,16,16,16,16,16,16,16,16,16,16,20,16,20,16,20,16,16,16,16,16
Map_3164,605,120,10,10,10,10,10,10,10,10,10,10,10,10,10,10,10,10,10,10,10,10,10,10,10,10
Map_3165,12,102,12,12,12,12,12,12,12,12,12,12,12,12,12,12,12,11,12,11,12,11,12,11,12,11
Map_3166,389,65,26,26,35,33,26,26,26,26,26,26,26,26,26,26,22,26,22,26,22,26,22,34,22,34
Map_3167,639,472,49,42,50,20,42,42,42,42,42,42,28,28,28,28,15,15,15,15,15,15,15,15,15,15
Map_3168,60,104,58,58,56,67,54,54,54,54,54,54,54,54,54,54,55,45,66,45,66,45,55,45,55,45
Map_3169,433,586,28,28,31,163,28,28,28,28,28,28,28,28,28,28,26,25,26,25,26,25,24,25,24,25
Map_3170,41,191,39,29,48,35,29,28,35,28,35,28,28,28,28,28,28,24,28,24,28,24,28,24,28,24
Map_3171,547,216,396,385,375,189,83,376,83,376,83,376,83,376,83,376,70,70,70,67,70,67,70,70,70,70
Map_3172,493,358,55,28,55,51,28,28,28,28,28,28,28,28,28,28,35,28,35,28,35,28,35,28,35,28
Map_3173,81,180,18,18,18,23,18,18,18,18,18,18,18,18,18,18,18,18,18,18,18,18,18,18,18,18
Map_3174,493,285,323,342,308,295,105,105,105,105,105,105,105,105,105,105,174,101,126,101,126,101,139,101,102,101
Map_3175,585,532,540,73,593,47,27,27,27,27,27,27,27,27,27,27,29,25,29,25,29,25,25,25,25,25
Map_3176,347,175,63,57,57,60,56,48,56,48,56,48,56,48,56,48,49,61,45,61,45,50,49,62,49,48
Map_3177,532,293,268,153,296,90,72,72,72,72,72,72,90,90,90,90,60,36,53,36,53,36,60,36,60,36
Map_3178,9,40,9,9,9,13,9,9,9,9,9,9,9,9,9,9,9,9,9,9,9,9,9,9,9,9
Map_3179,42,267,21,21,21,21,21,21,21,21,21,21,21,21,21,21,21,23,21,23,21,23,21,23,21,23
Map_3180,17,391,8,8,8,9,8,8,8,8,8,8,8,8,8,8,8,8,8,8,8,8,8,8,8,8
Map_3181,630,549,22,22,147,22,22,22,22,21,22,21,22,22,22,22,22,21,22,21,22,21,21,21,21,21
Map_3182,17,99,11,11,11,11,11,11,11,11,11,11,11,11,11,11,11,11,11,11,11,11,11,11,11,11
Map_3183,39,100,30,25,30,30,22,22,22,22,22,22,22,22,22,22,21,16,21,16,21,16,22,16,22,16
Map_3184,10,266,10,10,10,10,10,10,10,10,10,10,10,10,10,10,11,10,11,10,11,10,10,10,10,10
Map_3185,23,30,16,16,16,16,16,16,16,16,16,16,16,16,16,16,16,15,16,15,16,15,16,15,16,15
Map_3186,304,348,33,33,35,47,21,21,21,21,21,21,21,21,21,21,21,21,21,21,21,21,21,21,21,21
Map_3187,654,191,186,284,186,95,106,111,106,111,106,111,111,111,179,179,85,104,82,104,82,104,106,105,106,105
Map_3188,122,351,45,45,45,212,153,169,153,169,153,169,153,180,153,180,50,50,52,50,57,50,50,50,50,50
Map_3189,12,34,11,11,11,11,10,10,10,10,10,10,10,10,10,10,10,10,10,10,10,10,10,10,10,10
Map_3190,326,157,15,15,32,15,15,15,15,15,15,15,15,15,15,15,15,15,17,15,17,15,15,15,15,15
Map_3191,523,136,92,266,146,46,215,61,216,61,216,61,205,91,205,268,33,30,34,30,34,30,30,30,30,43
Map_3192,614,530,121,247,512,178,212,199,212,199,212,199,162,392,162,392,129,102,129,99,129,71,129,127,116,182
Map_3193,539,299,50,45,59,58,35,20,35,20,35,20,35,20,35,20,35,20,35,20,35,20,35,20,35,20
Map_3194,5,15,5,5,5,6,5,5,5,5,5,5,5,5,5,5,5,5,5,5,5,5,5,5,5,5
Map_3195,530,221,70,70,70,85,149,149,149,149,149,149,149,254,196,254,103,82,103,82,103,81,103,82,103,82
Map_3196,12,168,10,10,10,12,10,10,10,10,10,10,10,10,10,10,11,10,11,10,11,10,11,10,10,10
Map_3197,627,646,523,534,523,43,35,35,35,35,35,35,35,35,35,35,109,35,112,35,134,35,201,146,206,146
Map_3198,413,166,17,17,17,17,17,17,17,17,17,17,17,17,17,17,17,17,17,17,17,17,17,17,17,17
Map_3199,553,147,146,273,36,34,30,30,30,30,30,30,30,30,30,30,32,30,32,30,32,30,31,35,31,35
Map_3200,599,318,23,23,23,29,24,24,24,24,24,24,24,24,24,24,24,20,22,20,22,20,24,20,24,20
Map_3201,618,209,331,524,218,419,303,219,303,219,303,219,465,474,480,481,221,136,221,242,221,242,272,136,136,157
Map_3202,221,298,48,47,48,110,47,47,47,47,47,47,47,47,47,47,91,47,85,79,85,79,47,47,47,47
Map_3203,15,140,14,14,12,19,14,12,14,12,14,12,14,12,14,12,14,12,14,12,14,12,14,12,14,12
Map_3204,46,267,24,16,24,27,16,16,16,16,16,16,16,16,16,16,16,16,16,16,16,16,16,16,16,16
Map_3205,13,308,24,24,10,44,23,10,23,10,23,10,21,10,21,10,23,10,23,10,23,10,23,10,23,10
Map_3206,538,287,234,206,217,407,54,51,54,51,54,51,54,51,54,51,155,51,155,51,155,51,159,51,159,51
Map_3207,564,354,46,38,46,50,38,38,38,38,38,38,38,38,38,38,38,38,38,38,38,38,38,38,38,38
Map_3208,622,491,175,395,433,375,139,80,139,80,139,80,143,80,143,80,135,80,102,80,100,80,139,80,139,80
Map_3209,11,124,11,10,11,12,10,10,10,10,10,10,10,10,10,10,11,10,11,10,11,10,11,10,11,10
Map_3210,626,371,24,24,304,58,24,24,24,24,24,24,24,24,24,24,75,24,75,24,75,24,45,24,37,24
Map_3211,236,242,311,68,537,39,34,34,34,34,34,34,34,34,34,34,34,34,34,34,34,34,34,34,34,34
Map_3212,613,219,41,40,39,71,33,33,33,33,33,33,33,33,33,33,40,33,40,33,40,33,33,33,33,33
Map_3213,485,244,26,26,29,31,26,26,26,26,26,26,26,26,26,26,25,17,27,17,27,17,25,17,25,17
Map_3214,548,502,48,48,48,63,48,58,48,58,48,58,48,59,48,59,122,48,99,48,112,48,122,48,122,48
Map_3215,210,137,16,15,16,62,15,15,15,15,15,15,15,15,15,15,15,15,15,15,15,15,15,15,15,15
Map_3216,554,343,35,35,36,35,35,27,35,27,35,27,38,27,38,27,31,28,32,26,32,26,31,27,31,27
Map_3217,63,308,31,27,27,35,31,27,31,27,31,27,27,27,27,27,31,27,24,27,24,27,31,27,31,27
Map_3218,609,321,21,21,21,21,21,21,21,21,21,21,21,21,21,21,21,21,21,21,21,21,21,21,21,21
Map_3219,410,82,114,88,127,135,97,43,97,43,97,43,104,43,104,43,49,41,49,39,49,39,49,41,49,41
Map_3220,82,290,87,89,96,96,46,46,46,46,46,46,46,46,46,46,77,44,68,44,68,44,74,44,46,44
Map_3221,620,196,21,21,21,21,21,21,21,21,21,21,21,21,21,21,13,13,13,13,13,13,13,13,13,13
Map_3222,87,335,54,54,48,354,45,321,45,321,45,321,45,54,45,54,51,24,51,24,51,24,51,26,51,26
Map_3223,54,103,27,26,33,26,26,26,26,26,26,26,25,25,25,25,26,25,26,25,26,25,26,25,26,25
Map_3224,35,111,13,13,13,18,13,13,13,13,13,13,13,13,13,13,13,13,13,13,13,13,13,13,13,13
Map_3225,294,384,15,14,15,13,13,13,13,13,13,13,13,13,13,13,13,13,13,13,13,13,13,13,13,13
Map_3226,57,241,19,19,19,57,22,19,22,19,22,19,22,19,22,19,23,19,23,19,23,19,22,19,22,19
Map_3227,97,275,99,99,65,81,65,63,65,63,65,63,63,63,63,63,46,30,46,30,46,30,46,30,46,30
Map_3228,383,269,292,304,316,285,121,121,121,121,121,121,121,121,121,121,101,121,104,121,104,121,97,121,97,121
Map_3229,102,387,21,22,21,21,21,22,21,22,21,22,22,22,22,22,21,16,21,16,21,16,21,16,21,16
Map_3230,76,67,18,18,18,18,18,18,18,18,18,18,18,18,18,18,18,18,24,18,24,18,18,18,18,18
Map_3231,359,138,95,122,133,120,61,61,61,61,61,61,61,62,62,62,37,36,38,36,38,36,36,36,36,36
Map_3232,14,70,16,16,14,16,16,16,16,16,16,16,16,16,16,16,16,15,16,15,16,15,16,15,16,15
Map_3233,604,165,150,133,150,196,131,122,131,122,131,122,138,122,138,122,61,52,51,49,51,49,61,52,61,52
Map_3234,545,125,317,338,366,75,75,174,75,174,75,174,174,174,174,174,75,74,74,74,74,74,75,74,75,74
Map_3235,89,282,36,36,36,36,36,36,36,36,36,36,36,36,36,36,36,36,36,36,38,36,36,36,36,36
Map_3236,10,54,9,9,9,26,9,9,9,9,9,9,9,9,9,9,9,9,9,9,9,9,9,9,9,9
Map_3237,40,229,20,20,20,20,20,44,20,44,20,44,20,44,20,44,20,20,20,20,20,20,20,44,20,44
Map_3238,585,277,13,13,13,40,13,13,13,13,13,13,13,13,13,13,11,13,11,13,11,13,11,13,11,13
Map_3239,594,161,346,148,257,458,196,196,196,196,196,196,196,196,196,196,92,77,93,81,93,81,92,172,92,172
Map_3240,83,266,121,121,116,166,82,46,82,46,82,46,81,71,81,71,40,46,40,41,40,41,41,46,41,46
Map_3241,28,373,27,27,27,27,27,27,27,27,27,27,27,27,27,27,27,17,22,17,22,17,27,27,27,27
Map_3242,532,32,13,13,13,13,13,14,13,14,13,14,13,14,13,14,15,12,15,12,15,12,13,12,13,12
Map_3243,39,258,80,86,80,79,14,14,14,14,14,14,14,14,14,14,14,14,17,14,19,14,14,14,14,14
Map_3244,30,144,73,66,66,73,60,60,60,60,60,60,60,60,60,60,65,20,28,20,28,20,73,60,73,60
Map_3245,346,166,20,20,20,20,20,20,20,20,20,20,20,20,20,20,20,20,20,20,20,20,20,20,20,20
Map_3246,607,214,26,25,26,26,22,25,22,25,22,25,22,25,22,25,22,19,19,19,19,19,22,21,22,21
Map_3247,216,212,138,138,131,146,116,76,112,76,112,76,114,76,114,76,109,50,111,50,111,50,111,54,112,54
Map_3248,95,570,36,62,36,51,36,36,36,36,36,36,52,52,52,52,44,44,44,44,44,44,47,58,47,58
Map_3249,411,91,63,63,61,52,18,18,18,18,18,18,18,18,18,18,18,18,21,18,21,18,18,18,18,18
Map_3250,18,36,14,14,10,14,10,10,10,10,10,10,10,10,10,10,10,10,10,10,10,10,10,10,10,10
Map_3251,6,186,6,6,6,6,6,6,6,6,6,6,6,6,6,6,6,6,6,6,6,6,6,6,6,6
Map_3252,483,338,278,528,328,381,80,67,80,67,80,67,67,67,67,67,63,67,63,63,63,63,63,67,63,67
Map_3253,98,410,66,66,66,27,11,11,11,11,11,11,11,11,11,11,11,11,11,11,11,11,11,11,11,11
Map_3254,72,110,14,14,14,26,14,14,14,14,14,14,14,14,14,14,16,14,16,14,21,14,16,14,16,14
Map_3255,92,227,20,19,20,26,22,19,22,19,22,19,22,19,22,19,28,22,28,22,28,22,22,20,22,20
Map_3256,86,238,94,124,94,307,73,70,73,70,73,70,85,85,85,85,109,70,98,69,119,69,98,70,98,70
Map_3257,604,544,235,167,227,70,59,36,59,36,59,36,57,36,57,36,36,36,36,36,36,36,59,36,59,36
Map_3258,45,112,35,35,34,37,34,35,34,35,34,35,35,35,35,35,34,34,34,34,34,34,34,35,34,35
Map_3259,26,135,18,18,18,20,20,18,20,18,20,18,18,31,31,31,20,18,20,18,20,18,20,18,20,18
Map_3260,72,311,39,38,38,170,38,40,38,40,38,40,38,40,38,40,38,38,38,38,38,38,38,38,38,38
Map_3261,553,186,18,18,18,18,18,18,18,19,18,19,18,18,18,18,18,18,22,18,22,18,18,18,18,18
Map_3262,37,304,10,10,10,10,10,10,10,10,10,10,10,10,10,10,10,10,10,10,10,10,10,10,10,10
Map_3263,10,221,10,10,10,21,10,10,10,10,10,10,10,10,10,10,12,10,12,10,12,10,10,10,10,10
Map_3264,55,109,123,25,25,82,25,25,25,25,25,25,25,25,25,25,24,25,28,25,28,25,25,25,25,25
Map_3265,558,215,17,17,17,17,15,15,15,15,15,15,15,15,15,15,15,15,15,15,15,15,15,15,15,15
Map_3266,20,182,17,17,17,25,16,16,16,16,16,16,16,16,16,16,16,16,16,16,16,16,16,16,16,16
Map_3267,50,400,22,22,22,33,26,16,26,16,26,16,26,16,26,16,26,16,26,16,26,16,26,16,26,16
Map_3268,162,177,103,68,130,110,49,55,49,55,49,55,49,55,49,55,49,48,49,48,49,48,47,48,47,52
Map_3269,616,205,17,17,17,17,17,17,17,17,17,17,17,17,17,17,17,17,17,17,17,17,17,17,17,17
Map_3270,600,448,13,13,13,13,13,13,13,13,13,13,13,13,13,13,13,12,13,12,13,12,13,12,13,12
Map_3271,9,64,5,5,6,18,5,5,5,5,5,5,5,5,5,5,5,5,5,5,5,5,5,5,5,5
Map_3272,4,10,4,4,4,5,4,4,4,4,4,4,4,4,4,4,4,4,4,4,4,4,4,4,4,4
Map_3273,343,393,53,53,64,72,27,37,27,37,27,37,27,37,37,37,28,27,28,27,28,27,27,37,27,37
Map_3274,592,291,338,336,411,465,96,141,96,141,96,141,97,141,97,141,124,96,120,258,120,258,122,141,122,141
Map_3275,34,219,18,18,13,18,18,17,18,17,18,17,17,17,17,17,18,13,18,13,18,13,18,13,18,13
Map_3276,17,39,18,18,18,30,18,16,18,16,18,16,18,17,18,17,18,15,17,15,17,15,18,15,18,15
Map_3277,18,294,10,10,10,16,10,11,10,11,10,11,10,11,10,11,11,10,11,10,11,10,11,10,11,10
Map_3278,105,141,23,23,23,23,25,25,25,25,25,25,25,25,25,25,24,22,24,22,24,22,24,22,25,23
Map_3279,552,430,89,89,216,91,136,93,136,93,136,93,139,93,139,93,87,123,87,174,87,174,136,123,136,148
Map_3280,54,519,25,25,25,25,25,25,25,25,25,25,25,25,25,25,25,25,25,24,25,24,25,25,25,25
Map_3281,497,601,242,500,501,342,110,230,110,230,110,230,157,347,156,347,85,38,85,38,85,38,96,38,96,38
Map_3282,538,328,59,56,61,38,37,37,37,37,37,37,41,41,41,41,38,37,111,37,111,37,37,37,37,37
Map_3283,36,219,35,44,32,35,44,24,44,24,44,24,44,24,44,24,44,24,44,24,44,24,44,24,44,24
Map_3284,25,58,14,14,12,14,11,11,11,11,11,11,11,11,11,11,11,11,11,11,11,11,11,11,11,11
Map_3285,10,223,10,10,10,10,10,10,10,10,10,10,10,10,10,10,10,10,10,10,10,10,10,10,10,10
Map_3286,439,147,48,49,57,381,48,43,48,43,48,43,47,43,47,43,48,34,49,34,49,34,48,34,48,34
Map_3287,118,299,48,48,36,45,29,29,29,29,29,29,29,29,29,29,24,29,24,29,24,29,24,29,34,29
Map_3288,566,258,400,25,400,19,19,19,19,19,19,19,19,19,19,19,19,19,19,19,19,19,19,19,19,19
Map_3289,8,49,7,7,7,11,7,8,7,8,7,8,7,8,7,8,7,8,7,8,7,8,7,8,7,8
Map_3290,171,96,54,54,54,48,48,49,48,49,48,49,53,53,53,53,42,45,42,37,42,37,42,48,42,48
Map_3291,21,68,16,16,16,16,16,16,16,16,16,16,16,16,16,16,31,16,31,16,31,16,16,16,16,16
Map_3292,205,345,13,13,13,13,13,13,13,13,13,13,13,13,13,13,22,13,22,13,22,13,24,13,23,13
Map_3293,14,210,13,13,13,13,13,13,13,13,13,13,13,13,13,13,13,13,17,13,17,13,13,13,13,13
Map_3294,126,208,35,34,34,37,34,34,34,34,34,34,34,34,34,34,35,34,35,34,35,34,35,34,34,34
Map_3295,537,324,66,74,169,275,96,28,96,28,96,28,96,43,96,43,105,28,81,28,81,28,139,28,139,28
Map_3296,6,51,6,6,6,6,6,6,6,6,6,6,6,6,6,6,6,6,6,6,6,6,6,6,6,6
Map_3297,596,357,31,31,31,31,31,31,31,31,31,31,31,31,31,31,31,31,38,31,38,31,31,31,31,31
Map_3298,325,43,31,31,19,41,28,14,28,14,28,14,28,14,28,14,28,13,28,13,28,13,28,13,28,13
Map_3299,602,248,11,11,11,13,11,11,11,11,11,11,11,11,11,11,11,11,11,11,11,11,11,11,11,11
Map_3300,562,360,515,509,518,121,238,287,219,287,219,287,238,298,238,298,60,50,118,50,118,50,56,50,56,50
Map_3301,10,35,10,10,10,10,10,10,10,10,10,10,10,10,10,10,10,10,10,10,10,10,10,10,10,10
Map_3302,40,45,17,17,17,17,17,17,17,17,17,17,17,17,17,17,18,17,18,17,18,17,18,17,17,17
Map_3303,19,191,18,17,18,18,17,17,17,17,17,17,17,17,17,17,16,14,16,14,16,14,16,14,16,17
Map_3304,32,171,11,11,11,11,11,11,11,11,11,11,11,11,11,11,11,11,11,11,11,11,11,11,11,11
Map_3305,16,74,15,14,15,15,15,14,15,14,15,14,14,14,14,14,21,14,21,14,21,14,21,14,21,14
Map_3306,534,254,31,27,33,36,36,22,36,22,36,22,22,22,22,22,22,22,22,22,22,22,22,22,22,22
Map_3307,213,201,49,48,49,49,49,48,49,48,49,48,48,48,48,48,49,41,49,41,49,41,49,41,49,41
Map_3308,585,423,37,32,220,40,32,119,32,119,32,119,32,350,32,409,32,39,32,39,32,39,32,39,32,39
Map_3309,578,234,20,20,39,45,20,20,20,20,20,20,20,20,20,20,20,20,20,20,20,20,20,20,20,20
Map_3310,33,104,40,40,33,42,33,33,33,33,33,33,40,40,40,40,40,33,40,33,40,33,33,33,33,33
Map_3311,58,171,9,9,9,9,9,9,9,9,9,9,9,9,9,9,9,9,9,9,9,9,9,9,9,9
Map_3312,95,447,45,45,45,79,35,35,35,35,35,35,35,35,35,35,37,35,37,35,37,35,35,35,35,35
Map_3313,403,584,217,494,276,277,76,231,76,224,76,224,75,478,75,458,98,78,94,78,94,78,98,78,98,115
Map_3314,22,59,19,18,19,20,19,19,19,19,19,19,18,18,18,18,15,15,15,15,15,15,15,15,15,15
Map_3315,639,308,235,230,375,206,168,364,168,364,168,364,168,364,168,364,265,316,271,316,271,316,302,191,282,353
Map_3316,18,99,12,12,12,17,11,11,11,11,11,11,11,11,11,11,11,11,11,11,11,11,11,11,11,11
Map_3317,596,444,83,83,89,83,83,83,83,83,83,83,83,83,83,83,99,60,99,60,99,60,91,60,109,60
Map_3318,24,118,22,20,22,66,20,20,20,20,20,20,20,20,20,20,20,14,26,14,26,14,20,14,20,14
Map_3319,540,359,462,210,455,412,120,120,120,120,120,120,120,120,120,120,111,76,111,76,111,76,121,120,122,120
Map_3320,65,142,17,17,17,17,17,17,17,17,17,17,17,17,17,17,17,17,17,17,17,17,17,17,17,17
Map_3321,572,384,77,77,79,77,49,44,49,44,49,44,49,44,49,44,49,91,46,81,46,81,49,91,49,91
Map_3322,582,155,16,16,16,17,16,15,16,15,16,15,15,15,15,15,16,15,16,15,16,15,15,15,15,15
Map_3323,487,223,73,71,170,98,71,90,71,90,71,90,71,90,71,90,57,55,57,50,57,50,57,55,57,55
Map_3324,71,221,14,14,14,14,14,14,14,14,14,14,14,14,14,14,14,14,14,14,14,14,14,14,14,14
Map_3325,6,252,6,6,6,9,6,6,6,6,6,6,6,6,6,6,6,6,6,6,6,6,6,6,6,6
Map_3326,595,198,103,103,528,123,102,78,102,78,102,78,102,78,102,78,55,53,55,53,55,53,55,53,55,53
Map_3327,648,292,37,35,149,209,35,35,35,35,35,35,35,35,35,35,53,23,53,23,53,23,101,23,35,23
Map_3328,581,321,80,30,80,76,29,29,29,29,29,29,29,29,29,29,29,25,29,22,29,22,29,25,29,25
Map_3329,14,29,14,14,14,19,11,14,11,14,11,14,11,14,11,14,11,10,23,10,23,10,11,10,11,10
Map_3330,501,228,34,34,34,32,31,32,31,32,31,32,31,32,31,32,31,32,35,29,35,29,31,32,31,32
Map_3331,18,428,12,12,13,12,12,12,12,12,12,12,12,12,12,12,12,12,12,12,12,12,12,12,12,12
Map_3332,547,171,65,65,65,85,65,65,65,65,65,65,65,65,65,65,63,55,38,37,38,37,59,55,59,55
Map_3333,398,238,50,50,50,64,50,61,50,61,50,61,50,52,50,52,46,45,46,45,46,45,50,45,50,45
Map_3334,38,129,16,16,16,16,16,15,16,15,16,15,16,15,16,15,16,15,16,15,16,15,16,15,16,15
Map_3335,21,119,11,11,11,18,11,11,11,11,11,11,11,11,11,11,11,11,11,11,11,11,11,11,11,11
Map_3336,16,60,16,16,16,33,20,18,20,18,20,18,18,18,18,18,20,16,20,16,20,16,20,16,20,16
Map_3337,389,313,96,96,96,53,48,50,48,50,48,50,51,59,50,59,53,50,45,50,45,44,51,50,48,50
Map_3338,572,80,21,21,21,13,13,13,13,13,13,13,13,13,13,13,13,13,13,13,13,13,13,13,13,13
Map_3339,568,304,53,53,47,435,53,123,53,123,53,123,53,123,53,123,146,46,106,46,106,46,45,46,45,46
Map_3340,26,288,11,11,11,11,14,11,14,11,14,11,14,11,14,11,10,9,10,9,10,9,10,9,10,9
Map_3341,408,139,206,216,215,511,52,52,52,52,52,52,52,169,195,195,52,52,52,52,52,52,52,52,52,52
Map_3342,9,160,9,9,9,9,9,9,9,9,9,9,9,9,9,9,9,9,13,9,13,9,9,9,9,9
Map_3343,48,119,36,36,36,54,36,28,36,28,36,28,28,28,28,28,30,28,30,28,30,28,28,28,28,28
Map_3344,608,135,182,78,182,54,28,64,28,64,28,64,28,64,28,64,28,28,28,28,28,28,28,50,28,50
Map_3345,606,338,15,15,15,16,15,15,15,15,15,15,15,15,15,15,15,15,15,15,15,15,15,15,15,15
Map_3346,604,232,46,46,46,53,36,38,36,38,36,38,36,38,36,38,52,43,52,43,52,43,36,43,36,43
Map_3347,487,387,73,64,64,27,24,24,24,24,24,24,24,24,24,24,25,24,26,24,26,24,24,24,24,24
Map_3348,121,192,15,15,62,23,15,15,15,15,15,15,15,15,15,15,15,15,21,15,21,15,15,15,15,15
Map_3349,30,41,52,30,30,52,29,30,29,30,29,30,29,30,29,30,23,23,23,23,23,23,26,23,26,23
Map_3350,580,304,190,184,199,300,137,182,137,181,137,181,188,185,187,185,66,166,66,66,66,66,66,161,66,182
Map_3351,44,107,21,21,21,66,21,20,21,20,21,20,20,20,20,20,21,20,34,20,34,20,21,20,21,20
Map_3352,71,240,25,25,25,22,22,22,22,22,22,22,22,22,22,22,61,22,61,22,61,22,30,22,28,22
Map_3353,48,186,30,30,30,38,26,26,26,26,26,26,26,26,26,26,26,26,26,26,26,26,26,26,26,26
Map_3354,452,360,42,36,42,42,36,36,36,36,36,36,36,36,36,36,20,20,20,20,20,20,20,20,20,20
Map_3355,478,372,96,108,96,175,86,108,86,108,86,108,148,108,196,108,87,68,70,68,70,68,87,55,87,55
Map_3356,558,237,35,35,35,35,50,49,50,49,50,49,50,73,74,73,49,35,52,35,52,35,49,35,49,35
Map_3357,581,151,34,34,34,38,34,34,34,34,34,34,34,34,34,34,34,33,34,33,34,33,34,33,34,33
Map_3358,20,290,9,9,9,9,9,9,9,9,9,9,9,9,9,9,9,9,9,9,9,9,9,9,9,9
Map_3359,521,164,20,20,20,20,20,20,20,20,20,20,20,20,20,20,20,20,20,20,20,20,20,20,20,20
Map_3360,339,271,24,24,24,24,24,21,24,21,24,21,24,21,24,21,24,21,24,21,24,21,24,21,24,21
Map_3361,16,70,10,9,10,10,9,9,9,9,9,9,9,9,9,9,9,9,9,9,9,9,9,9,9,9
Map_3362,14,22,10,10,10,13,10,10,10,10,10,10,10,10,10,10,11,10,12,10,12,10,11,10,11,10
Map_3363,174,291,55,55,348,67,54,55,54,55,54,55,55,55,55,55,55,56,55,107,55,107,55,56,55,56
Map_3364,18,21,18,18,18,12,12,12,12,12,12,12,12,12,12,12,12,12,12,12,12,12,12,12,12,12
Map_3365,585,235,20,19,19,20,18,19,18,19,18,19,25,19,25,19,18,19,18,19,18,19,18,19,18,19
Map_3366,200,125,32,32,46,43,32,32,32,32,32,32,32,32,32,32,32,32,32,32,32,32,32,32,32,32
Map_3367,394,316,40,40,40,90,40,40,44,40,44,40,40,40,40,40,43,40,54,40,54,40,43,40,40,40
Map_3368,5,87,5,5,5,5,5,5,5,5,5,5,5,5,5,5,5,5,5,5,5,5,5,5,5,5
Map_3369,478,325,206,192,163,297,69,69,69,69,69,69,69,69,69,69,289,68,289,68,186,68,289,68,301,68
Map_3370,594,323,214,213,198,395,108,120,108,120,108,120,288,112,298,112,108,34,110,34,110,34,126,34,126,34
Map_3371,560,145,16,16,16,16,16,16,16,16,16,16,16,16,16,16,16,16,16,16,16,16,16,16,16,16
Map_3372,445,206,70,77,78,56,41,70,41,70,41,70,41,76,41,76,35,70,43,63,43,63,35,70,35,70
Map_3373,10,18,12,12,12,12,11,11,11,11,11,11,11,11,11,11,10,10,10,10,10,10,10,10,10,10
Map_3374,29,79,30,17,30,25,13,14,13,14,13,14,13,14,13,14,13,13,13,13,13,13,13,13,13,13
Map_3375,14,282,11,11,11,11,11,11,11,11,11,11,11,11,11,11,14,11,14,11,14,11,14,11,14,11
Map_3376,19,79,21,18,21,23,19,19,19,19,19,19,19,19,19,19,14,17,14,17,14,17,14,17,14,19
Map_3377,17,75,17,15,17,42,15,11,15,11,15,11,15,11,15,11,15,11,15,11,15,11,15,11,15,11
Map_3378,21,338,20,20,21,23,20,19,20,19,20,19,19,19,19,19,20,15,20,15,20,15,20,15,20,15
Map_3379,157,230,245,46,245,297,28,35,28,35,28,35,28,35,28,45,28,35,28,35,28,35,28,35,28,35
Map_3380,86,163,30,30,71,30,30,18,30,18,30,18,30,18,30,18,16,16,17,16,17,16,16,16,16,16
Map_3381,292,182,28,28,28,51,28,28,28,28,28,28,28,28,28,28,28,47,28,47,28,47,28,47,28,47
Map_3382,553,614,70,69,69,115,69,89,69,89,69,89,69,89,69,89,126,89,126,89,126,89,136,89,128,89
Map_3383,595,444,89,228,185,264,111,36,111,36,111,36,168,36,280,36,67,36,67,36,67,36,59,36,58,36
Map_3384,578,431,117,161,321,117,366,330,366,330,366,330,285,357,339,298,116,116,116,128,116,128,116,116,116,116
Map_3385,64,188,27,27,27,33,19,27,19,27,19,27,19,27,19,27,19,19,19,19,19,19,19,27,19,27
Map_3386,513,143,53,53,53,58,41,41,41,41,41,41,39,41,39,41,59,43,59,42,57,42,41,41,41,41
Map_3387,395,406,12,12,12,12,12,12,12,12,12,12,12,12,12,12,12,12,12,12,12,12,12,12,12,12
Map_3388,627,439,61,61,61,62,37,37,37,37,37,37,37,37,37,37,43,37,43,37,43,37,43,37,37,37
Map_3389,171,116,66,66,49,68,70,70,70,70,70,70,67,70,67,70,55,52,55,52,55,52,55,55,55,55
Map_3390,547,391,31,31,31,31,27,31,27,31,27,31,27,31,27,31,41,26,41,26,41,26,40,26,40,26
Map_3391,573,438,471,40,456,166,34,23,34,23,34,23,34,23,34,23,54,23,86,23,86,23,43,23,43,23
Map_3392,573,423,69,67,67,162,46,50,46,50,46,50,54,55,54,55,48,40,48,40,48,40,48,40,67,40
Map_3393,16,421,10,12,10,10,10,10,10,10,10,10,12,12,12,12,10,10,10,10,10,10,10,10,10,10
Map_3394,31,266,25,24,25,121,19,24,19,24,19,24,19,24,19,24,19,18,19,18,19,18,19,24,19,24
Map_3395,466,501,73,73,181,130,36,34,35,34,35,34,34,34,34,34,37,34,37,34,37,34,35,34,35,34
Map_3396,7,388,7,7,7,25,7,7,7,7,7,7,7,7,7,7,7,7,17,7,17,7,7,7,7,7
Map_3397,631,406,220,220,238,226,177,231,177,231,177,231,177,231,183,231,195,173,70,62,70,62,287,247,166,245
Map_3398,617,301,64,64,46,58,45,45,45,45,45,45,45,45,45,45,40,40,40,40,40,40,40,40,40,40
Map_3399,511,216,188,116,256,199,40,40,40,40,40,40,40,40,40,40,45,42,45,42,45,42,38,40,40,40
Map_3400,540,242,38,38,97,85,38,38,38,38,38,38,38,38,38,38,36,167,36,144,36,66,36,205,36,205
Map_3401,151,409,29,29,25,34,29,29,29,29,29,29,29,29,29,29,21,29,21,29,21,29,21,29,21,29
Map_3402,13,161,11,11,11,51,11,11,11,11,11,11,11,11,11,11,11,11,11,11,11,11,11,11,11,11
Map_3403,41,325,32,32,35,37,32,32,32,29,32,29,32,32,32,32,25,25,25,25,25,24,25,25,25,25
Map_3404,630,416,16,16,20,16,16,16,16,16,16,16,16,16,16,16,16,16,16,16,16,16,16,16,16,16
Map_3405,32,205,33,32,33,80,33,32,33,32,33,32,32,32,32,32,33,24,26,24,26,24,33,24,33,24
Map_3406,25,525,35,25,35,38,25,25,25,25,25,25,25,25,25,25,57,25,54,25,54,25,57,25,57,25
Map_3407,74,75,24,24,24,35,35,20,35,20,35,20,35,20,35,20,33,20,33,20,32,20,35,20,35,20
Map_3408,617,333,247,256,247,222,165,165,165,165,165,165,164,164,164,164,48,117,48,48,48,48,48,170,48,170
Map_3409,419,198,37,36,22,131,56,56,56,56,56,56,57,57,57,57,62,44,62,44,62,44,56,56,56,56
Map_3410,187,421,87,87,87,34,270,306,270,306,270,306,270,323,270,323,18,18,18,18,18,18,18,18,18,18
Map_3411,354,336,57,51,43,60,51,52,51,52,51,52,51,52,51,52,31,30,31,30,31,30,31,30,31,30
Map_3412,132,81,22,22,22,25,25,27,25,27,25,27,25,27,25,27,25,25,25,25,25,25,25,27,25,27
Map_3413,167,146,17,17,17,21,17,17,17,17,17,17,17,17,17,17,17,17,17,17,17,17,17,17,17,17
Map_3414,532,246,26,26,26,39,26,26,26,26,26,26,26,26,26,26,26,26,26,26,26,26,26,26,26,26
Map_3415,413,380,43,43,33,45,28,28,28,28,28,28,28,28,28,28,29,28,29,16,29,16,32,28,28,28
Map_3416,20,57,12,12,12,12,12,12,12,12,12,12,12,12,12,12,12,12,12,12,12,12,12,12,12,12
Map_3417,618,251,37,37,37,43,32,32,32,32,32,32,32,32,32,32,32,32,32,32,32,32,32,32,32,32
Map_3418,18,399,15,15,15,16,15,15,15,15,15,15,15,15,15,15,15,15,15,15,15,15,15,15,15,15
Map_3419,265,145,155,63,121,91,59,34,59,34,59,34,57,34,57,34,34,34,31,31,31,31,34,34,34,34
Map_3420,535,395,304,302,234,304,175,104,175,104,175,104,175,104,175,104,138,76,144,76,144,76,138,76,152,76
Map_3421,8,267,8,8,8,8,8,8,8,8,8,8,8,8,8,8,8,8,8,8,8,8,8,8,8,8
Map_3422,426,406,30,30,30,34,30,34,30,34,30,34,35,35,35,35,33,28,24,24,24,24,33,28,29,34
Map_3423,642,505,32,25,25,32,25,51,25,51,25,51,25,51,25,51,25,25,25,25,25,25,25,25,25,25
Map_3424,548,314,17,17,17,16,16,16,16,16,16,16,16,16,16,16,16,16,16,16,16,16,16,16,16,16
Map_3425,7,197,7,7,7,7,7,7,7,7,7,7,7,7,7,7,7,7,7,7,7,7,7,7,7,7
Map_3426,9,16,9,9,9,9,9,9,9,9,9,9,9,9,9,9,9,9,9,9,9,9,9,9,9,9
Map_3427,49,54,12,12,12,12,12,12,12,12,12,12,12,12,12,12,12,12,12,12,12,12,12,12,12,12
Map_3428,95,228,25,25,25,56,25,25,25,25,25,25,25,25,25,25,25,21,25,21,25,21,25,21,25,21
Map_3429,87,526,23,23,23,23,23,21,23,21,23,21,23,21,23,21,23,20,20,20,20,20,23,20,23,20
Map_3430,96,410,17,17,17,20,17,17,17,17,17,17,17,17,17,17,21,17,21,17,21,17,21,17,21,17
Map_3431,481,105,44,44,30,217,44,44,44,44,44,44,44,44,44,44,44,23,44,23,55,23,44,23,44,23
Map_3432,13,31,14,13,14,15,13,13,13,13,13,13,13,13,13,13,13,13,13,15,13,15,13,13,13,13
Map_3433,302,85,31,31,31,25,21,21,21,21,21,21,21,21,21,21,21,19,21,19,21,19,21,19,21,19
Map_3434,10,141,10,10,10,29,10,10,10,10,10,10,10,10,10,10,10,10,10,10,10,10,10,10,10,10
Map_3435,266,177,31,22,31,15,20,15,20,15,20,15,20,15,20,15,20,15,20,15,20,15,20,15,20,15
Map_3436,397,240,18,18,18,31,18,21,18,21,18,21,18,21,18,21,21,21,21,21,21,21,18,21,18,21
Map_3437,173,232,39,39,39,63,39,39,39,39,39,39,39,39,39,39,39,39,39,25,39,25,39,39,39,39
Map_3438,6,348,6,6,6,11,6,6,6,6,6,6,6,6,6,6,6,6,6,6,6,6,6,6,6,6
Map_3439,470,185,29,25,29,26,25,25,25,25,25,25,25,25,25,25,25,13,25,13,25,13,25,13,25,13
Map_3440,60,41,22,22,22,25,22,19,22,19,22,19,22,19,21,19,17,19,17,17,17,17,17,19,17,19
Map_3441,75,114,20,20,20,24,20,20,20,20,20,20,20,20,20,20,20,20,20,20,20,20,20,20,20,20
Map_3442,11,20,11,11,11,11,11,11,11,11,11,11,11,11,11,11,11,11,14,11,14,11,11,11,11,11
Map_3443,18,30,16,16,16,18,16,19,16,19,16,19,16,18,16,18,16,16,16,16,16,16,16,16,16,16
Map_3444,11,175,10,10,10,10,10,10,10,10,10,10,10,10,10,10,10,10,10,10,10,10,10,10,10,10
Map_3445,314,507,22,22,22,39,22,22,22,22,22,22,22,22,22,22,27,22,27,22,27,22,27,22,27,22
Map_3446,213,94,54,54,91,52,43,43,43,43,43,43,54,65,54,65,43,43,43,43,44,43,43,43,43,43
Map_3447,611,611,40,40,146,40,31,53,31,53,31,53,31,31,31,31,32,51,32,55,32,55,31,51,31,51
Map_3448,600,332,83,83,433,192,32,32,32,32,32,32,32,32,32,32,32,32,32,32,32,32,32,32,32,32
Map_3449,41,181,13,13,13,14,13,13,13,13,13,13,13,13,13,13,13,13,13,13,13,13,13,13,13,13
Map_3450,40,489,11,11,10,15,11,11,11,11,11,11,11,11,11,11,11,10,11,10,11,10,11,10,11,10
Map_3451,9,199,9,9,9,9,9,9,9,9,9,9,9,9,9,9,13,9,13,9,13,9,9,9,9,9
Map_3452,147,436,91,90,69,91,69,71,69,71,69,71,69,71,69,71,50,69,50,57,50,57,50,69,50,69
Map_3453,15,105,11,10,10,11,10,10,10,10,10,10,10,10,10,10,10,10,10,10,10,10,10,10,10,10
Map_3454,20,159,12,12,12,13,12,13,12,13,12,13,12,13,12,13,12,12,12,12,12,12,12,12,12,12
Map_3455,5,51,5,5,5,5,5,5,5,5,5,5,5,5,5,5,5,5,5,5,5,5,5,5,5,5
Map_3456,252,180,64,64,75,97,65,48,65,48,65,48,64,48,64,48,65,48,65,48,65,48,65,48,65,48
Map_3457,18,257,29,29,32,29,18,18,18,18,18,18,18,18,18,18,18,18,18,18,18,18,18,18,18,18
Map_3458,508,478,48,48,93,20,20,20,20,20,20,20,20,20,20,20,20,20,20,20,20,20,20,20,20,20
Map_3459,27,239,13,13,15,13,13,13,13,13,13,13,13,13,13,13,13,13,13,13,13,13,13,13,13,13
Map_3460,14,123,8,8,8,8,8,8,8,8,8,8,8,8,8,8,8,8,8,8,8,8,8,8,8,8
Map_3461,8,14,8,8,8,11,8,8,8,8,8,8,8,8,8,8,10,8,10,8,10,8,8,8,8,8
Map_3462,231,436,13,13,13,13,13,13,13,13,13,13,13,13,13,13,13,13,13,13,13,13,13,13,13,13
Map_3463,597,142,27,27,27,27,27,27,27,27,27,27,27,27,27,27,32,27,32,27,32,27,31,27,29,27
Map_3464,72,179,76,76,77,89,76,55,76,55,76,55,76,55,76,55,36,22,36,22,36,22,28,22,28,22
Map_3465,563,147,50,50,43,55,43,15,43,15,43,15,43,15,43,15,42,15,42,15,42,15,39,15,39,15
Map_3466,19,25,15,15,15,21,15,15,15,15,15,15,15,15,15,15,15,15,15,15,15,15,15,15,15,15
Map_3467,121,300,48,47,47,52,49,44,49,44,49,44,44,44,44,44,21,21,21,21,21,21,21,44,21,44
Map_3468,624,233,24,24,24,22,22,22,22,22,22,22,22,22,22,22,22,21,22,21,22,21,22,21,22,21
Map_3469,26,482,13,13,13,13,13,13,13,13,13,13,13,13,13,13,13,13,13,13,13,13,13,13,13,13
Map_3470,65,183,40,34,39,126,20,20,20,20,20,20,20,20,20,20,20,20,20,20,20,20,20,20,20,20
Map_3471,39,63,37,37,37,38,29,38,29,38,29,38,29,38,29,38,29,28,29,28,29,28,29,36,29,36
Map_3472,20,90,10,10,10,10,10,10,10,10,10,10,10,10,10,10,10,9,10,9,10,9,10,9,10,9
Map_3473,46,268,34,34,34,35,34,34,34,34,34,34,34,34,34,34,34,34,34,34,34,34,34,34,34,34
Map_3474,93,422,19,19,19,45,19,19,19,19,19,19,19,19,19,19,18,19,30,19,30,19,18,19,18,19
Map_3475,10,79,15,12,15,54,12,12,12,12,12,12,12,12,12,12,12,12,12,12,12,12,12,12,12,12
Map_3476,424,198,23,23,23,25,23,23,23,23,23,23,23,23,23,23,23,19,23,19,23,19,23,19,23,19
Map_3477,159,230,111,73,75,72,57,57,57,57,57,57,57,57,57,57,44,46,32,46,32,31,44,57,63,57
Map_3478,263,178,68,68,66,165,64,66,64,66,64,66,64,66,64,66,106,81,84,108,84,108,105,81,105,81
Map_3479,481,319,41,41,41,47,42,40,42,40,42,40,40,40,40,40,38,45,38,45,38,45,38,39,38,39
Map_3480,192,457,38,35,38,38,38,27,38,27,38,27,35,27,35,27,27,26,27,26,27,26,39,26,39,26
Map_3481,525,236,37,37,37,27,23,23,23,23,23,23,23,23,23,23,23,23,23,23,23,23,23,23,23,23
Map_3482,10,32,10,10,10,13,12,10,12,10,12,10,12,10,12,10,12,10,15,10,15,10,12,10,12,10
Map_3483,84,479,125,90,125,96,91,40,91,40,91,40,91,40,91,40,21,19,21,19,21,19,21,19,21,19
Map_3484,19,114,19,19,17,19,19,17,19,17,19,17,19,17,19,17,19,17,19,17,19,17,19,17,19,17
Map_3485,23,172,6,6,6,7,6,6,6,6,6,6,6,6,6,6,6,6,6,6,6,6,6,6,6,6
Map_3486,81,230,80,33,413,22,22,22,22,22,22,22,22,22,22,22,22,22,22,22,22,22,22,22,22,22
Map_3487,326,343,154,136,218,28,23,20,23,20,23,20,23,20,23,20,23,20,23,20,23,20,23,20,23,20
Map_3488,409,66,57,57,57,41,56,56,56,56,56,56,53,53,53,53,28,28,28,28,28,28,28,28,28,28
Map_3489,20,144,19,19,19,44,19,19,19,19,19,19,19,19,19,19,19,18,19,18,19,18,19,18,19,18
Map_3490,600,463,186,186,238,198,57,62,57,62,57,62,57,62,57,62,56,53,56,53,56,55,53,87,100,87
Map_3491,222,110,10,10,10,10,10,10,10,10,10,10,10,10,10,10,10,10,10,10,10,10,10,10,10,10
Map_3492,76,220,53,53,190,52,51,51,46,46,46,46,51,51,51,51,49,46,49,46,49,46,95,46,95,46
Map_3493,47,61,31,32,31,34,30,27,30,27,30,27,27,27,27,27,30,27,30,30,30,29,30,27,30,27
Map_3494,517,231,12,12,12,12,12,12,12,12,12,12,12,12,12,12,15,12,15,12,15,12,12,12,12,12
Map_3495,129,84,26,23,26,28,23,23,23,23,23,23,23,23,23,23,23,23,23,17,23,17,23,23,23,23
Map_3496,111,324,19,19,19,107,19,19,19,19,19,19,21,21,21,21,19,19,19,19,19,19,19,19,19,19
Map_3497,109,261,65,65,89,68,61,61,61,61,61,61,61,65,61,65,63,41,63,41,63,41,63,41,63,41
Map_3498,100,51,31,31,17,44,25,17,25,17,25,17,25,17,25,17,25,17,35,17,35,17,25,17,25,17
Map_3499,562,244,137,137,138,150,137,137,137,137,137,137,145,145,145,145,83,57,83,57,83,57,83,57,81,57
Map_3500,10,112,8,8,8,8,8,8,8,8,8,8,8,8,8,8,8,7,8,7,8,7,8,7,8,7
Map_3501,576,221,55,55,55,100,43,35,43,35,43,35,43,35,43,35,35,35,35,35,35,35,35,35,35,35
Map_3502,210,342,26,26,26,26,26,26,26,26,26,26,26,26,26,26,26,26,26,26,26,26,26,26,26,26
Map_3503,601,422,374,374,374,450,373,367,373,367,373,367,373,370,373,370,145,262,136,213,141,213,162,294,162,294
Map_3504,91,278,27,27,27,53,53,27,53,27,53,27,57,27,57,27,46,27,46,27,46,27,50,27,50,27
Map_3505,237,76,110,66,29,75,27,27,27,27,27,27,27,27,27,27,17,17,17,17,17,17,17,17,17,17
Map_3506,337,253,33,30,30,40,33,30,33,30,33,30,30,30,30,30,33,19,33,19,33,19,33,19,33,19
Map_3507,112,497,44,44,44,52,44,44,44,44,44,44,44,44,44,44,32,44,32,44,32,44,32,44,32,44
Map_3508,659,387,41,40,40,40,39,28,39,28,39,28,38,28,43,28,42,26,42,26,42,26,40,28,40,28
Map_3509,598,322,38,38,417,24,24,24,24,24,24,24,24,24,24,24,35,24,35,25,35,25,35,24,25,24
Map_3510,17,456,17,17,17,17,17,17,17,17,17,17,17,17,17,17,18,17,18,17,18,17,18,17,18,17
Map_3511,531,195,233,238,536,157,166,176,166,176,166,176,176,176,199,199,219,187,192,169,192,169,252,187,252,187
Map_3512,48,154,29,29,29,221,30,29,30,29,30,29,30,29,30,29,19,23,25,23,25,23,19,23,23,23
Map_3513,613,399,267,247,345,416,88,88,88,88,88,88,88,88,88,88,76,76,76,76,80,76,76,76,76,76
Map_3514,467,104,408,408,38,338,174,38,174,38,174,38,38,38,38,38,21,21,21,21,21,21,21,21,21,21
Map_3515,24,167,24,22,24,21,18,18,18,18,18,18,18,18,18,18,18,18,18,18,18,18,18,18,18,18
Map_3516,7,153,7,7,7,7,7,7,7,7,7,7,7,7,7,7,7,7,7,7,7,7,7,7,7,7
Map_3517,134,362,65,55,57,66,49,45,49,45,49,45,49,45,49,45,47,45,47,45,47,45,47,45,47,45
Map_3518,551,506,461,475,478,364,328,402,317,402,317,402,336,356,358,356,313,260,148,302,148,79,260,260,261,260
Map_3519,627,584,377,421,394,498,331,368,331,368,331,368,349,344,462,462,302,98,306,98,306,98,221,98,221,98
Map_3520,476,207,568,451,503,556,330,201,330,201,330,201,214,201,214,201,342,128,330,128,330,128,314,145,210,145
Map_3521,57,175,12,12,12,13,12,12,12,12,12,12,12,12,12,12,20,12,20,12,20,12,20,12,20,12
Map_3522,570,262,76,64,68,45,313,49,313,49,313,49,288,49,288,49,49,49,84,47,84,47,49,49,49,49
Map_3523,400,105,18,18,18,18,18,18,18,18,18,18,18,18,18,18,18,18,18,18,18,18,18,18,18,18
Map_3524,17,227,17,17,17,17,17,17,17,17,17,17,17,17,17,17,17,16,17,16,19,16,17,17,17,17
Map_3525,11,344,10,10,10,10,10,10,10,10,10,10,10,10,10,10,10,10,10,10,10,10,10,10,10,10
Map_3526,52,64,22,22,22,22,18,18,18,18,18,18,18,18,18,18,18,18,18,18,18,18,18,18,18,18
Map_3527,522,238,182,45,188,135,61,61,61,61,61,61,45,45,45,45,30,30,30,30,33,30,30,30,30,30
Map_3528,27,131,22,22,22,31,22,22,22,22,22,22,22,22,22,22,19,19,19,19,19,19,19,19,19,19
Map_3529,29,113,26,26,28,26,26,15,26,15,26,15,26,15,26,15,15,15,15,15,23,15,15,15,15,15
Map_3530,51,51,17,17,16,17,17,17,16,16,16,16,17,17,17,17,16,15,16,15,16,15,16,15,16,15
Map_3531,571,189,56,56,52,177,41,41,41,41,41,41,41,41,41,41,42,36,42,36,42,36,42,36,42,36
Map_3532,562,304,77,164,77,122,57,62,57,62,57,62,55,83,55,83,30,41,30,43,30,43,30,62,30,62
Map_3533,166,92,41,40,41,41,39,39,39,39,39,39,39,40,39,40,39,39,39,39,39,39,39,39,39,39
Map_3534,516,232,20,20,20,20,20,20,20,20,20,20,20,20,20,20,48,20,48,20,48,20,20,20,20,20
Map_3535,21,93,14,14,14,14,14,14,14,14,14,14,14,14,14,14,14,14,14,14,14,14,14,14,14,14
Map_3536,10,25,8,8,8,9,8,8,8,8,8,8,8,8,8,8,8,8,8,8,8,8,8,8,8,8
Map_3537,122,140,18,18,18,27,18,18,18,18,18,18,18,18,18,18,18,18,18,18,18,18,18,18,18,18
Map_3538,599,210,26,26,42,26,26,28,26,28,26,28,26,23,26,23,20,15,20,15,20,15,18,15,18,15
Map_3539,19,37,17,17,16,17,14,14,14,14,14,14,14,14,14,14,14,12,14,12,14,12,14,12,14,12
Map_3540,26,86,22,22,22,39,22,16,22,16,22,16,16,16,16,16,25,16,25,16,25,16,25,16,25,16
Map_3541,314,199,17,17,108,27,17,17,17,17,17,17,17,17,17,17,17,17,17,17,17,17,17,17,17,17
Map_3542,501,287,64,64,64,65,40,40,40,40,40,40,40,40,40,40,27,27,27,27,27,27,27,27,27,27
Map_3543,588,191,31,31,31,31,26,26,26,26,26,26,26,26,26,26,27,26,27,26,27,26,26,26,26,26
Map_3544,37,43,15,15,15,15,15,15,15,15,15,15,15,15,15,15,15,15,15,15,15,15,15,15,15,15
Map_3545,79,99,22,22,22,22,26,19,26,19,26,19,25,25,25,25,22,19,22,19,22,19,22,19,22,19
Map_3546,366,340,231,211,231,196,94,124,94,124,94,124,131,136,136,136,35,36,35,36,35,36,35,47,35,124
Map_3547,603,383,65,51,205,65,52,51,52,51,52,51,52,51,52,51,61,46,61,46,61,46,50,46,68,46
Map_3548,418,332,35,34,34,35,34,34,34,34,34,34,34,34,34,34,29,29,29,29,29,29,29,29,29,29
Map_3549,379,160,384,327,327,117,86,86,86,86,86,86,86,86,86,86,75,93,75,106,75,106,75,86,75,86
Map_3550,90,124,45,86,45,115,38,38,38,38,38,38,38,38,38,38,40,38,40,38,40,38,40,38,40,38
Map_3551,113,124,38,38,38,573,38,87,38,87,38,87,115,115,115,115,24,23,24,23,24,23,24,23,24,23
Map_3552,83,382,18,18,18,21,18,18,18,18,18,18,21,21,21,21,16,18,16,18,16,18,16,18,16,18
Map_3553,56,203,18,18,18,19,18,18,18,18,18,18,18,18,18,18,18,18,18,18,18,18,18,18,18,18
Map_3554,528,284,33,33,33,35,33,33,33,33,33,33,33,33,33,33,33,34,33,34,33,34,33,34,33,34
Map_3555,520,379,20,20,19,20,20,17,20,17,20,17,20,17,20,17,20,16,20,16,20,16,20,16,20,16
Map_3556,499,398,34,34,24,405,33,24,33,24,33,24,33,24,33,24,33,24,35,24,35,24,33,24,33,24
Map_3557,468,440,130,208,475,125,69,95,69,95,69,95,95,95,95,95,92,96,94,96,94,96,92,96,92,96
Map_3558,126,337,19,19,19,19,19,18,19,18,19,18,18,18,18,18,23,18,22,18,22,18,23,18,23,18
Map_3559,30,269,32,26,32,36,23,23,23,23,23,23,23,23,23,23,23,23,23,23,23,23,23,23,23,23
Map_3560,10,29,10,10,9,19,9,9,9,9,9,9,9,9,9,9,9,9,9,9,9,9,9,9,9,9
Map_3561,23,324,24,24,24,27,25,23,25,23,25,23,24,23,24,23,23,26,25,24,25,24,23,26,23,26
Map_3562,610,448,459,459,504,369,125,125,125,125,125,125,125,125,125,125,64,105,64,54,64,54,66,138,66,138
Map_3563,37,442,27,27,27,27,27,27,27,27,27,27,27,27,27,27,29,27,40,27,40,27,27,27,27,27
Map_3564,576,172,93,93,92,128,29,29,29,29,29,29,29,29,29,29,34,29,34,29,34,29,34,29,34,29
Map_3565,620,356,26,26,26,26,26,31,26,31,26,31,26,31,26,31,27,31,27,31,27,31,27,31,26,31
Map_3566,517,441,218,266,214,251,206,116,206,116,206,116,256,256,332,332,110,122,125,195,125,195,115,122,115,122
Map_3567,137,99,32,32,32,80,32,32,32,30,32,30,32,32,32,32,37,30,36,30,36,30,37,30,32,30
Map_3568,574,434,91,96,91,413,73,71,73,71,73,71,71,71,71,71,92,91,93,91,93,91,73,71,73,71
Map_3569,39,139,85,84,85,65,48,47,48,47,48,47,50,47,50,47,38,32,38,32,38,32,38,32,32,32
Map_3570,488,242,377,36,36,538,36,36,36,36,36,36,36,36,36,36,78,36,82,36,80,36,78,36,86,36
Map_3571,335,334,48,48,48,68,48,48,48,48,48,48,48,48,48,48,39,45,47,45,47,45,39,45,39,48
Map_3572,14,144,9,8,9,13,8,8,8,8,8,8,8,8,8,8,9,8,9,8,9,8,8,8,8,8
Map_3573,490,450,16,16,16,23,16,16,16,16,16,16,16,16,16,16,16,16,16,16,16,16,16,16,16,16
Map_3574,8,232,8,8,8,8,8,8,8,8,8,8,8,8,8,8,8,8,8,8,8,8,8,8,8,8
Map_3575,11,106,10,10,10,10,10,10,10,10,10,10,10,10,10,10,10,10,10,10,10,10,10,10,10,10
Map_3576,31,92,32,30,32,32,19,30,19,30,19,30,19,30,19,30,19,19,19,19,19,19,19,19,19,19
Map_3577,335,276,18,18,18,34,18,18,18,18,18,18,18,18,18,18,18,18,20,18,20,18,18,18,18,18
Map_3578,582,243,21,21,21,21,21,21,21,21,21,21,21,21,21,21,22,21,22,21,22,21,22,21,22,21
Map_3579,266,472,69,49,450,93,49,49,49,49,49,49,49,49,49,49,52,61,33,61,33,61,49,49,49,49
Map_3580,625,533,446,424,446,531,50,50,50,50,50,50,50,50,50,50,45,45,45,45,45,45,45,45,45,45
Map_3581,407,129,138,171,171,117,142,215,142,215,142,215,228,215,228,215,94,104,93,94,93,94,104,104,104,136
Map_3582,14,35,12,12,12,16,12,12,12,12,12,12,12,12,12,12,12,12,12,12,12,12,12,12,12,12
Map_3583,510,269,14,14,14,14,14,14,14,14,14,14,14,14,14,14,14,14,14,14,14,14,14,14,14,14
Map_3584,29,66,14,14,14,14,14,14,14,14,14,14,14,14,14,14,14,14,18,14,18,14,14,14,14,14
Map_3585,6,119,6,6,6,6,6,6,6,6,6,6,6,6,6,6,6,6,6,6,6,6,6,6,6,6
Map_3586,366,274,41,41,41,49,42,41,42,41,42,41,42,41,42,41,34,34,34,34,34,34,34,34,34,34
Map_3587,248,304,28,28,19,28,28,19,28,19,28,19,28,19,31,19,27,19,27,19,27,19,27,19,27,19
Map_3588,346,333,46,51,159,192,46,51,46,51,46,51,51,51,66,66,48,46,48,45,48,45,48,51,48,51
Map_3589,475,334,32,31,31,379,31,31,31,31,31,31,31,31,31,31,36,31,36,31,36,31,36,31,33,31
Map_3590,7,17,7,7,7,8,7,7,7,7,7,7,7,7,7,7,7,7,7,7,7,7,7,7,7,7
Map_3591,55,108,19,19,19,19,19,19,19,19,19,19,19,19,19,19,19,22,19,22,19,22,19,22,19,22
Map_3592,418,273,79,79,64,37,70,37,70,37,70,37,78,37,90,37,34,60,34,60,34,60,34,60,34,60
Map_3593,26,148,54,54,93,59,31,12,31,12,31,12,31,12,31,12,12,12,12,12,12,12,12,12,12,12
Map_3594,24,131,23,23,23,24,18,18,18,18,18,18,18,18,18,18,18,18,18,18,18,18,18,18,18,18
Map_3595,572,113,57,107,54,75,32,32,32,32,32,32,32,32,32,32,51,32,51,32,51,32,57,32,57,32
Map_3596,88,184,13,13,13,17,13,13,13,13,13,13,13,13,13,13,13,13,13,13,13,13,13,13,13,13
Map_3597,446,243,31,31,35,49,33,31,33,31,33,31,33,31,33,31,32,17,32,17,32,17,23,17,23,17
Map_3598,640,167,132,132,132,360,64,62,64,62,64,62,51,78,51,100,49,29,113,29,118,29,45,78,45,78
Map_3599,124,298,33,32,32,33,32,31,32,31,32,31,32,33,33,33,32,31,31,31,31,31,32,31,32,31
Map_3600,577,280,42,42,64,90,40,40,40,40,40,40,40,40,40,40,35,35,35,35,35,35,34,35,34,35
Map_3601,469,175,86,86,106,98,84,84,84,84,84,84,84,84,84,84,85,89,85,86,85,86,85,89,85,89
Map_3602,175,355,32,32,32,77,32,32,32,32,32,32,32,32,32,32,32,32,32,32,32,32,32,32,32,32
Map_3603,128,326,243,21,21,433,25,21,25,21,25,21,25,21,25,21,37,21,37,21,37,21,25,21,25,21
Map_3604,54,314,19,19,19,21,19,19,19,19,19,19,19,19,19,19,19,19,19,19,19,19,19,19,19,19
Map_3605,30,34,8,8,8,8,8,8,8,8,8,8,8,8,8,8,8,8,8,8,8,8,8,8,8,8
Map_3606,610,623,204,105,567,100,85,59,85,59,85,59,254,64,254,64,75,59,79,56,79,56,75,59,63,59
Map_3607,401,351,43,43,43,26,24,24,24,24,24,24,72,124,72,124,24,24,24,24,24,24,24,24,24,24
Map_3608,12,38,9,9,9,10,9,9,9,9,9,9,9,9,9,9,9,9,9,9,9,9,9,9,9,9
Map_3609,31,36,22,22,22,34,25,25,25,25,25,25,25,25,25,25,25,22,25,22,25,22,25,22,25,22
Map_3610,16,61,12,12,12,12,12,12,12,12,12,12,12,12,12,12,12,12,12,12,12,12,12,12,12,12
Map_3611,81,122,16,16,16,16,16,16,16,16,16,16,16,16,16,16,16,16,16,16,16,16,16,16,16,16
Map_3612,567,174,14,13,14,14,14,13,15,13,15,13,13,13,13,13,14,13,14,13,14,13,14,13,14,13
Map_3613,547,170,189,188,98,51,38,57,38,57,38,57,38,57,38,57,23,36,23,36,23,36,23,36,38,39
Map_3614,556,356,20,16,25,28,16,16,16,16,16,16,16,16,16,16,16,16,16,16,16,16,16,16,16,16
Map_3615,275,314,12,12,12,121,12,12,12,12,12,12,12,12,12,12,12,12,12,12,12,12,12,12,12,12
Map_3616,6,72,6,6,6,6,6,6,6,6,6,6,6,6,6,6,6,6,6,6,6,6,6,6,6,6
Map_3617,29,334,14,14,14,14,14,14,14,14,14,14,14,14,14,14,14,14,14,14,14,14,14,14,14,14
Map_3618,9,224,7,7,7,30,7,7,7,7,7,7,7,7,7,7,8,7,8,7,8,7,7,7,7,7
Map_3619,16,318,10,10,10,10,10,10,10,10,10,10,10,10,10,10,10,10,10,10,10,10,10,10,10,10
Map_3620,460,432,69,69,69,78,74,86,74,86,74,86,74,86,74,86,72,52,77,52,77,52,72,52,72,52
Map_3621,583,336,19,19,19,19,19,19,19,19,19,19,19,19,19,19,19,19,19,19,19,19,19,19,19,19
Map_3622,618,461,44,44,44,44,39,44,39,44,39,44,34,44,34,44,34,44,34,44,34,44,34,44,34,44
Map_3623,590,122,39,35,39,39,29,29,29,29,29,29,29,29,29,29,31,28,31,28,31,28,31,29,31,29
Map_3624,599,654,162,170,137,134,114,144,114,144,114,144,114,92,114,92,112,94,111,94,111,94,93,103,108,110
Map_3625,286,257,125,125,201,160,34,28,34,28,34,28,34,28,34,28,34,28,34,28,34,28,34,28,34,28
Map_3626,527,356,46,46,458,31,45,25,45,25,45,25,45,25,45,25,25,25,25,25,30,25,25,25,25,25
Map_3627,609,449,384,54,437,435,72,87,72,87,72,87,72,87,72,87,53,51,55,37,55,37,51,72,51,72
Map_3628,16,102,21,16,21,21,16,16,16,16,16,16,16,16,16,16,16,16,16,16,16,16,16,16,16,16
Map_3629,6,13,7,7,7,11,6,6,6,6,6,6,6,6,6,6,7,6,7,6,7,6,6,6,6,6
Map_3630,524,344,29,29,29,29,29,29,29,29,29,29,29,29,29,29,29,29,29,29,29,29,29,29,29,29
Map_3631,315,247,121,121,127,258,137,130,137,130,137,130,98,97,97,97,92,32,87,32,87,29,81,30,83,30
Map_3632,561,180,38,32,26,23,24,24,24,24,24,24,24,24,24,24,23,21,23,21,23,21,23,24,24,24
Map_3633,23,63,12,12,12,12,12,12,12,12,12,12,12,12,12,12,12,12,12,12,12,12,12,12,12,12
Map_3634,538,347,63,49,63,58,37,45,37,45,37,45,37,45,37,45,31,35,33,31,34,31,31,35,31,35
Map_3635,434,249,45,44,45,92,40,40,40,40,40,40,40,40,40,40,37,34,37,34,37,34,37,34,37,34
Map_3636,641,448,338,338,113,63,42,40,42,40,42,40,40,40,40,40,38,40,37,40,37,40,42,40,42,40
Map_3637,23,39,17,17,17,17,17,17,17,17,17,17,17,17,17,17,17,17,17,17,17,17,17,17,17,17
Map_3638,296,103,11,11,11,11,11,11,11,11,11,11,11,11,11,11,11,11,11,11,11,11,11,11,11,11
Map_3639,604,290,20,20,20,20,20,20,20,20,20,20,20,20,20,20,20,20,20,20,20,20,20,20,20,20
Map_3640,148,461,12,12,12,12,13,12,13,12,13,12,13,12,13,12,13,12,13,12,13,12,13,12,13,12
Map_3641,188,370,38,38,38,36,36,37,36,37,36,37,36,37,36,37,29,30,29,30,29,30,29,30,29,30
Map_3642,435,93,53,46,47,17,17,24,17,24,17,24,17,24,17,24,17,17,17,17,17,17,17,17,17,17
Map_3643,23,173,23,23,23,31,23,23,23,23,23,23,23,23,23,23,30,23,30,23,30,23,30,23,30,23
Map_3644,28,50,17,17,16,22,17,17,17,17,17,17,17,17,17,17,12,12,12,12,12,12,12,12,12,12
Map_3645,568,116,16,16,16,16,16,16,16,16,16,16,16,16,16,16,16,16,16,16,16,16,16,16,16,16
Map_3646,472,289,29,29,44,48,29,29,29,29,29,29,29,29,29,29,35,24,35,24,24,24,27,24,27,24
Map_3647,142,108,22,22,41,34,31,28,31,28,31,28,31,28,31,28,30,28,27,25,27,25,30,28,30,28
Map_3648,537,517,119,189,281,121,85,84,85,84,85,84,85,84,85,84,83,76,76,76,76,76,85,84,85,84
Map_3649,360,307,193,169,193,119,157,260,157,260,157,260,167,226,167,226,30,37,33,37,33,37,30,37,30,37
Map_3650,617,317,25,25,27,323,30,25,30,25,30,25,28,25,28,25,21,20,21,20,21,20,21,20,21,20
Map_3651,41,184,27,27,27,27,27,27,27,27,27,27,27,27,27,27,21,21,21,21,21,21,21,21,21,21
Map_3652,591,94,60,60,61,60,58,58,58,58,58,58,58,76,76,76,58,42,58,42,58,42,58,42,58,42
Map_3653,38,250,29,23,29,29,23,24,23,24,23,24,23,24,23,24,23,18,28,18,28,18,23,18,23,18
Map_3654,109,286,166,159,582,151,59,59,59,59,59,59,160,159,160,159,30,23,30,23,30,23,23,23,23,23
Map_3655,26,37,9,9,9,14,9,9,9,9,9,9,9,9,9,9,9,9,9,9,9,9,9,9,9,9
Map_3656,51,223,12,12,12,14,12,12,12,12,12,12,12,12,12,12,12,12,12,12,12,12,12,12,12,12
Map_3657,592,195,15,15,15,65,15,15,15,15,15,15,15,15,15,15,32,15,32,15,32,15,15,15,15,15
Map_3658,117,74,56,56,81,65,25,56,25,56,25,56,25,56,25,56,25,25,25,25,25,25,25,25,25,55
Map_3659,9,19,9,9,9,9,9,9,9,9,9,9,9,9,9,9,9,9,9,9,9,9,9,9,9,9
Map_3660,479,207,26,26,27,33,26,26,26,26,26,26,26,26,26,26,49,26,45,21,45,21,26,26,26,26
Map_3661,52,364,42,69,42,46,29,56,29,56,29,56,56,56,56,56,20,20,20,20,20,20,20,20,20,20
Map_3662,82,248,17,17,37,17,17,17,17,17,17,17,17,17,17,17,22,17,22,17,22,17,22,17,22,17
Map_3663,566,330,124,124,106,51,99,43,99,43,99,43,102,43,102,43,41,43,41,43,41,43,39,43,39,43
Map_3664,74,299,74,74,71,109,55,56,55,56,55,56,56,56,59,59,35,44,35,44,35,44,35,53,30,53
Map_3665,68,73,23,23,23,25,23,23,23,23,23,23,23,23,23,23,25,22,25,31,25,31,25,22,25,22
Map_3666,630,200,85,171,95,254,94,67,94,67,94,67,83,67,83,67,41,41,41,41,41,41,41,41,41,41
Map_3667,593,226,27,27,33,27,27,27,27,27,27,27,27,27,27,27,27,32,27,32,27,32,27,24,27,24
Map_3668,8,129,8,8,8,8,8,8,8,8,8,8,8,8,8,8,8,8,8,8,8,8,8,8,8,8
Map_3669,573,257,23,23,23,29,51,39,51,39,51,39,51,39,51,39,51,18,51,18,51,18,51,18,51,18
Map_3670,536,289,39,31,39,45,31,31,31,31,31,31,31,31,31,31,38,31,38,31,38,31,38,31,38,31
Map_3671,573,105,58,56,58,73,63,57,63,57,63,57,45,57,45,57,44,57,33,57,33,57,44,57,44,57
Map_3672,40,304,22,22,22,30,22,21,22,21,22,21,21,21,21,21,17,16,17,16,17,16,17,16,17,16
Map_3673,289,274,324,198,311,369,257,198,257,198,257,198,244,177,244,177,151,112,126,112,125,112,175,182,175,164
Map_3674,14,318,14,14,14,17,14,14,14,14,14,14,14,14,14,14,14,14,14,14,14,14,14,14,14,14
Map_3675,241,337,164,220,220,117,161,171,161,171,161,171,184,173,184,173,24,24,24,24,24,24,24,24,24,24
Map_3676,16,266,15,12,13,15,12,12,12,12,12,12,12,12,12,12,12,11,12,11,12,11,12,11,12,11
Map_3677,635,371,265,304,134,512,275,342,275,118,275,118,358,358,358,358,146,118,196,118,84,81,213,118,189,300
Map_3678,655,567,374,374,610,601,229,582,229,582,229,582,222,592,226,592,183,237,187,147,344,147,301,612,301,612
Map_3679,487,200,119,185,243,119,89,95,89,95,89,95,180,180,180,180,69,35,71,35,71,35,69,35,69,35
Map_3680,541,380,12,12,12,22,12,12,12,12,12,12,12,12,12,12,12,12,12,12,12,12,12,12,12,12
Map_3681,77,191,19,19,19,23,19,19,19,19,19,19,19,19,19,19,22,19,22,19,22,19,19,19,19,19
Map_3682,4,14,4,4,4,5,4,4,4,4,4,4,4,4,4,4,4,4,4,4,4,4,4,4,4,4
Map_3683,239,209,34,33,34,45,34,34,45,34,45,34,33,33,33,33,38,33,38,33,38,33,34,33,34,33
Map_3684,562,219,45,43,60,36,33,33,33,33,33,33,43,43,43,43,20,33,20,20,20,20,20,33,20,33
Map_3685,114,198,167,84,167,85,46,25,46,25,46,25,46,25,46,25,46,25,46,25,46,25,46,25,46,25
Map_3686,37,139,21,21,23,26,21,21,21,21,21,21,21,21,21,21,15,21,15,22,15,22,15,21,21,21
Map_3687,51,49,16,15,14,31,15,15,15,14,15,14,15,15,15,15,15,14,15,14,15,14,15,14,15,14
Map_3688,488,155,27,27,30,32,32,33,32,33,32,33,32,33,32,33,22,32,22,33,22,33,22,32,22,32
Map_3689,7,94,7,7,7,7,7,7,7,7,7,7,7,7,7,7,7,7,7,7,11,7,7,7,7,7
Map_3690,609,517,35,35,35,44,35,35,35,35,35,35,35,35,35,35,35,35,35,35,35,35,35,35,35,35
Map_3691,7,471,7,7,7,7,7,7,7,7,7,7,7,7,7,7,7,7,7,7,7,7,7,7,7,7
Map_3692,419,238,91,89,91,105,70,88,70,88,70,88,70,88,70,88,70,44,50,44,50,44,70,44,72,44
Map_3693,280,195,35,35,38,81,35,35,35,35,35,35,35,35,35,35,35,27,27,27,27,27,35,27,35,27
Map_3694,527,268,31,31,31,31,35,39,35,39,35,39,35,39,35,39,33,31,33,33,33,33,33,33,33,35
Map_3695,606,484,37,36,37,444,36,36,36,36,36,36,36,38,38,38,36,36,201,36,201,36,36,36,36,36
Map_3696,75,228,25,25,25,35,25,62,25,62,25,62,25,62,25,62,25,25,25,25,25,25,25,25,25,25
Map_3697,13,271,13,13,13,13,13,13,13,13,13,13,13,13,13,13,13,13,13,13,13,13,13,13,13,13
Map_3698,54,164,28,31,28,28,27,20,27,20,27,20,30,20,30,20,26,20,26,20,26,20,25,20,25,20
Map_3699,589,301,12,12,12,12,12,12,12,12,12,12,12,12,12,12,15,12,15,12,15,12,15,12,15,12
Map_3700,51,127,51,51,51,73,37,44,37,44,37,44,37,44,37,44,37,37,37,37,37,37,37,37,37,37
Map_3701,475,213,342,353,110,68,74,74,74,74,74,74,74,74,74,74,139,120,107,205,107,205,89,127,89,127
Map_3702,13,322,13,13,13,13,13,12,13,12,13,12,12,12,12,12,13,12,13,12,13,12,13,12,13,12
Map_3703,54,412,17,17,17,17,22,17,22,17,22,17,22,19,22,19,22,17,22,17,22,17,22,17,22,17
Map_3704,14,59,10,10,10,10,10,10,10,10,10,10,10,10,10,10,10,10,10,10,10,10,10,10,10,10
Map_3705,148,187,49,49,465,49,49,57,49,57,49,57,49,57,49,57,39,25,39,25,39,25,36,36,36,36
Map_3706,571,397,562,562,562,547,49,72,49,72,49,72,72,72,72,72,380,72,177,48,177,48,373,72,428,72
Map_3707,605,218,400,399,541,524,174,88,174,88,174,88,176,88,176,88,102,95,103,95,103,97,102,95,102,88
Map_3708,48,169,24,24,31,33,21,24,21,24,21,24,21,24,21,24,21,21,21,21,21,21,21,21,21,21
Map_3709,371,202,7,7,7,7,7,7,7,7,7,7,7,7,7,7,7,7,7,7,7,7,7,7,7,7
Map_3710,51,76,35,45,35,45,45,38,45,38,45,38,43,38,43,38,33,28,33,28,33,28,33,28,33,28
Map_3711,544,322,29,29,29,29,29,29,29,29,29,29,29,29,29,29,29,28,29,28,29,28,29,28,29,28
Map_3712,17,148,12,11,12,12,12,12,12,12,12,12,14,11,14,11,11,10,13,10,13,10,11,10,11,10
Map_3713,491,179,183,190,356,278,97,93,97,93,97,93,182,93,182,93,93,74,93,74,93,91,83,74,83,74
Map_3714,204,268,80,68,78,78,62,62,62,62,62,62,62,62,62,62,106,58,88,59,88,59,106,79,106,79
Map_3715,111,305,25,25,25,25,22,25,22,25,22,25,22,25,22,25,22,22,26,22,26,22,22,22,22,25
Map_3716,582,366,159,159,437,347,18,18,18,18,18,18,18,18,18,18,18,18,18,18,18,18,18,18,18,18
Map_3717,12,239,7,7,7,13,7,7,7,7,7,7,7,7,7,7,7,7,7,7,7,7,7,7,7,7
Map_3718,21,252,14,14,14,14,14,13,14,13,14,13,13,13,13,13,15,13,15,13,15,13,14,13,14,13
Map_3719,16,48,16,16,16,16,16,16,16,16,16,16,16,16,16,16,16,16,16,16,18,16,16,16,16,16
Map_3720,32,266,23,23,23,16,12,12,12,12,12,12,12,12,12,12,12,12,12,12,12,12,12,12,12,12
Map_3721,491,433,138,138,138,212,435,112,435,112,435,112,433,112,433,148,208,89,208,89,208,89,137,107,182,112
Map_3722,572,274,352,369,298,388,72,72,72,72,72,72,72,72,72,72,34,33,34,33,34,33,34,33,34,33
Map_3723,599,164,24,24,24,24,21,21,21,21,21,21,21,21,21,21,22,21,22,21,28,21,21,21,21,21
Map_3724,174,434,65,65,106,68,65,65,65,65,65,65,65,65,65,65,59,34,59,34,59,34,68,34,68,34
Map_3725,553,391,10,10,10,10,10,10,10,10,10,10,10,10,10,10,10,10,10,10,10,10,10,10,10,10
Map_3726,580,327,65,64,233,64,64,55,64,55,64,55,64,55,64,55,53,55,53,55,53,55,53,55,53,55
Map_3727,533,317,134,332,130,62,62,71,62,71,62,71,68,71,68,71,53,38,55,38,55,38,53,38,53,38
Map_3728,17,316,8,8,8,8,8,8,8,8,8,8,8,8,8,8,8,8,10,8,10,8,8,8,8,8
Map_3729,18,336,14,14,14,18,14,14,14,14,14,14,14,14,14,14,14,14,14,14,16,14,14,14,14,14
Map_3730,13,231,10,10,10,37,10,10,10,10,10,10,13,13,13,13,8,8,11,8,11,8,8,8,8,8
Map_3731,96,373,19,19,19,24,19,19,19,19,19,19,19,19,19,19,20,19,20,19,20,19,19,19,19,19
Map_3732,508,207,300,73,73,276,82,73,82,73,82,73,73,73,86,83,51,45,59,45,59,45,83,45,81,45
Map_3733,618,343,376,376,529,402,376,278,376,278,376,278,383,278,383,280,159,134,81,119,81,119,129,139,348,156
Map_3734,632,207,332,330,583,317,37,37,37,37,37,37,37,37,37,37,27,27,27,27,27,27,27,27,27,27
Map_3735,11,144,12,11,11,11,10,10,10,10,10,10,10,10,10,10,10,10,10,10,10,10,10,10,10,10
Map_3736,24,84,19,16,19,20,19,16,19,16,19,16,16,16,16,16,17,16,17,16,17,16,17,16,17,16
Map_3737,598,117,57,440,140,88,82,69,82,69,82,69,77,69,77,69,82,35,82,35,82,35,82,35,82,35
Map_3738,23,335,66,42,366,127,19,19,19,19,19,19,19,19,19,19,21,19,21,19,21,19,19,19,19,19
Map_3739,529,366,31,31,31,31,31,31,31,31,31,31,65,65,66,66,21,21,21,21,21,21,21,21,21,21
Map_3740,208,425,32,32,32,21,17,17,17,17,17,17,17,17,17,17,17,17,17,17,17,17,17,17,17,17
Map_3741,29,121,16,16,16,16,15,15,15,15,15,15,15,15,15,15,17,15,16,15,16,15,15,15,15,15
Map_3742,130,183,35,33,63,38,33,33,33,33,33,33,33,33,33,33,33,33,33,33,33,33,33,33,33,33
Map_3743,592,352,28,28,28,30,15,15,15,15,15,15,15,15,15,15,15,15,15,15,19,15,15,15,15,15
Map_3744,10,105,12,12,11,12,11,10,11,10,11,10,11,10,11,10,10,10,10,10,10,10,11,10,11,10
Map_3745,21,55,14,14,14,14,14,14,14,14,14,14,14,14,14,14,14,14,14,14,14,14,14,14,14,14
Map_3746,8,20,8,8,8,8,8,8,8,8,8,8,8,8,8,8,8,8,8,8,8,8,8,8,8,8
Map_3747,592,247,36,36,84,36,36,36,36,36,36,36,36,36,36,36,39,39,39,39,39,39,39,39,39,39
Map_3748,639,281,34,33,34,34,33,33,33,33,33,33,33,33,33,33,33,33,43,33,43,33,33,33,33,33
Map_3749,508,619,16,16,16,16,16,17,16,17,16,17,16,17,16,17,16,16,16,16,16,16,16,16,16,16
Map_3750,406,142,28,28,28,26,25,25,25,25,25,25,25,25,25,25,26,25,26,25,26,25,26,25,26,25
Map_3751,9,230,9,9,9,9,9,9,9,9,9,9,9,9,9,9,9,9,9,9,9,9,9,9,9,9
Map_3752,209,243,24,24,24,99,24,24,24,24,24,24,24,24,53,45,24,24,27,24,27,24,24,24,24,24
Map_3753,9,298,9,9,9,9,9,9,9,9,9,9,9,9,9,9,9,9,9,9,9,9,9,9,9,9
Map_3754,554,323,420,374,424,190,31,31,31,31,31,31,31,31,31,31,29,28,29,28,29,28,31,28,31,28
Map_3755,21,198,25,25,23,25,23,15,23,15,23,15,23,15,23,15,16,15,16,15,16,15,15,15,15,15
Map_3756,553,335,67,54,86,35,29,34,29,34,29,34,29,34,28,34,31,31,30,31,30,31,29,31,29,31
Map_3757,586,466,196,157,195,249,159,79,152,79,152,79,157,80,162,80,66,59,61,59,61,59,65,59,65,61
Map_3758,625,193,25,24,25,25,17,16,17,16,17,16,16,16,16,16,17,16,17,16,17,16,17,16,17,16
Map_3759,32,190,25,24,20,45,20,29,20,29,20,29,29,29,29,29,14,14,14,14,14,14,14,14,14,29
Map_3760,517,120,65,78,65,61,61,59,61,59,61,59,59,59,59,59,37,26,38,26,38,26,61,27,61,27
Map_3761,197,260,43,43,23,39,37,29,37,29,37,29,29,32,32,32,24,29,24,29,24,29,29,29,29,29
Map_3762,603,274,118,168,113,50,37,27,37,27,37,27,37,27,37,27,71,23,38,23,38,23,67,27,67,27
Map_3763,16,119,8,8,8,8,8,8,8,8,8,8,8,8,8,8,8,8,8,8,8,8,8,8,8,8
Map_3764,93,537,75,74,75,82,63,63,63,63,63,63,63,74,74,74,41,62,42,62,42,62,41,62,39,62
Map_3765,36,349,21,21,21,21,18,18,18,18,18,18,18,18,18,18,18,18,18,18,18,18,18,18,18,18
Map_3766,150,354,29,29,29,67,29,29,29,29,29,29,29,29,29,29,29,19,29,19,29,19,29,19,29,19
Map_3767,425,186,299,125,270,85,251,34,251,34,251,34,226,35,226,35,70,29,70,29,70,29,70,29,70,29
Map_3768,557,311,25,25,121,30,25,25,25,25,25,25,25,25,25,25,25,25,25,25,25,25,25,25,25,25
Map_3769,585,525,24,24,25,214,67,24,67,24,67,24,42,24,42,24,70,24,70,24,70,24,70,24,70,24
Map_3770,14,28,14,14,14,14,15,14,15,14,15,14,14,14,14,14,15,14,15,14,15,14,15,14,15,14
Map_3771,13,65,8,8,8,8,8,8,8,8,8,8,8,8,8,8,8,8,11,8,11,8,8,8,8,8
Map_3772,548,59,17,17,17,23,17,17,17,17,17,17,17,17,17,17,17,17,17,17,17,17,17,17,17,17
Map_3773,370,289,48,39,39,48,33,39,33,39,33,39,39,39,39,39,33,33,33,33,33,33,33,33,33,39
Map_3774,636,370,125,105,125,94,164,105,164,105,164,105,105,105,105,105,108,91,82,135,82,135,116,91,116,91
Map_3775,5,319,5,5,5,5,5,5,5,5,5,5,5,5,5,5,5,5,5,5,5,5,5,5,5,5
Map_3776,390,224,25,25,25,42,25,25,25,25,25,25,25,25,25,25,30,25,30,25,30,25,30,25,25,25
Map_3777,12,75,8,8,8,8,8,8,8,8,8,8,8,8,8,8,9,8,9,8,9,8,8,8,8,8
Map_3778,330,274,29,29,29,34,29,29,29,29,29,29,29,29,29,29,29,29,29,29,30,29,29,29,29,29
Map_3779,14,335,11,11,11,12,11,11,11,11,11,11,11,11,11,11,12,11,13,11,13,11,12,11,11,11
Map_3780,566,485,8,7,8,8,7,7,7,7,7,7,7,7,7,7,7,7,7,7,7,7,7,7,7,7
Map_3781,13,67,11,10,10,11,10,10,10,10,10,10,10,10,10,10,10,10,10,10,10,10,10,10,10,10
Map_3782,106,262,125,89,131,94,53,20,53,20,53,20,53,20,53,20,34,20,34,20,34,20,34,20,34,20
Map_3783,617,348,429,439,345,38,19,19,19,19,19,19,19,19,19,19,19,19,19,19,19,19,19,19,19,19
Map_3784,23,357,15,15,15,24,15,15,15,15,15,15,15,15,15,15,16,15,16,15,16,15,15,15,15,15
Map_3785,8,66,8,8,8,8,8,8,8,8,8,8,8,8,8,8,8,8,11,8,18,8,8,8,8,8
Map_3786,189,282,40,40,23,62,32,23,32,23,32,23,32,23,32,23,37,23,37,23,37,23,32,23,32,23
Map_3787,133,155,22,22,22,22,22,22,22,22,22,22,22,22,22,22,22,22,22,22,22,22,22,22,22,22
Map_3788,13,20,10,10,10,13,10,10,10,10,10,10,10,10,10,10,10,10,10,10,10,10,10,10,10,10
Map_3789,598,84,47,47,47,56,47,47,47,47,47,47,47,47,47,47,47,47,47,47,47,47,47,47,47,47
Map_3790,608,327,195,138,138,201,550,549,568,347,568,347,553,553,553,553,95,50,95,50,141,50,93,50,189,50
Map_3791,534,211,53,53,62,74,41,41,41,41,41,41,41,41,41,41,54,36,51,36,51,36,41,37,41,37
Map_3792,154,53,22,22,22,32,16,16,16,16,16,16,16,16,16,16,16,16,16,16,16,16,16,16,16,16
Map_3793,612,264,87,161,87,122,44,44,44,44,44,44,162,133,161,133,26,44,26,44,26,44,73,44,73,44
Map_3794,38,75,24,35,24,33,22,24,22,24,22,24,22,29,21,29,22,19,30,19,30,19,22,24,22,24
Map_3795,607,315,459,65,453,84,34,81,34,81,34,81,81,70,83,70,34,34,24,34,24,34,34,81,34,81
Map_3796,8,156,8,8,8,8,8,8,8,8,8,8,8,8,8,8,8,8,8,8,8,8,8,8,8,8
Map_3797,238,164,60,56,58,53,28,56,28,56,28,56,28,56,28,56,28,55,28,47,28,32,28,55,28,55
Map_3798,577,166,19,18,19,18,19,18,19,18,19,18,18,18,18,18,18,12,18,12,18,12,18,12,19,12
Map_3799,13,61,14,14,14,14,14,14,14,14,14,14,14,14,14,14,14,14,14,14,14,14,14,14,14,14
Map_3800,189,111,81,80,81,111,78,77,78,77,78,77,86,86,86,86,57,79,63,79,63,79,57,79,81,79
Map_3801,16,82,14,14,14,23,14,14,14,14,14,14,15,14,15,14,14,14,14,14,14,14,14,14,14,14
Map_3802,18,34,13,13,18,10,13,10,13,10,13,10,13,10,13,10,13,10,13,10,13,10,13,10,13,10
Map_3803,604,324,456,480,511,373,23,22,23,22,23,22,22,22,22,22,22,22,22,22,22,22,22,22,22,22
Map_3804,31,100,12,12,12,12,12,12,12,12,12,12,12,12,12,12,12,12,12,12,12,12,12,12,12,12
Map_3805,549,252,38,38,38,48,58,17,58,17,58,17,58,24,58,24,22,17,22,17,22,17,22,17,22,17
Map_3806,7,23,7,7,7,7,7,7,7,7,7,7,7,7,7,7,7,7,7,7,7,7,7,7,7,7
Map_3807,13,144,10,10,10,12,10,10,10,10,10,10,10,10,10,10,10,10,10,10,10,10,10,10,10,10
Map_3808,368,352,44,44,67,44,21,21,21,21,21,21,21,21,21,21,20,20,20,20,20,20,20,20,20,20
Map_3809,249,158,33,33,33,47,33,33,33,33,33,33,33,33,33,33,38,33,29,33,29,33,38,33,38,33
Map_3810,40,204,37,37,37,39,39,39,39,39,39,39,39,39,39,39,39,36,39,36,39,36,39,36,43,36
Map_3811,577,266,53,53,53,274,42,67,42,67,42,67,67,106,106,106,40,31,36,31,36,31,40,31,40,31
Map_3812,69,118,18,18,18,20,18,18,18,18,18,18,18,18,18,18,18,18,18,18,18,18,18,18,18,18
Map_3813,81,251,16,16,13,16,16,13,16,13,16,13,16,13,16,13,16,13,16,13,16,13,16,13,16,13
Map_3814,78,391,69,69,69,32,94,26,94,26,94,26,94,26,94,26,42,26,29,26,29,26,26,26,26,26
Map_3815,40,46,46,29,46,46,24,24,24,24,24,24,24,24,24,24,25,21,27,21,27,21,25,24,25,24
Map_3816,13,21,11,11,11,11,11,11,11,11,11,11,11,11,11,11,11,11,11,11,11,11,11,11,11,11
Map_3817,31,372,15,13,13,21,15,13,15,13,15,13,13,13,13,13,16,13,16,13,16,13,15,13,15,13
Map_3818,350,376,295,304,321,266,130,155,130,155,130,155,141,165,161,165,138,132,139,119,139,119,130,139,130,139
Map_3819,466,107,15,15,15,15,15,15,15,15,15,15,15,15,15,15,15,15,15,15,15,15,15,15,15,15
Map_3820,32,339,117,146,112,110,66,66,66,66,66,66,77,77,77,77,22,21,22,21,22,21,21,21,21,21
Map_3821,552,339,27,27,27,26,20,20,20,20,20,20,20,20,20,20,28,20,28,20,31,20,28,20,25,20
Map_3822,13,74,9,9,9,9,9,9,9,9,9,9,9,9,9,9,9,9,9,9,9,9,9,9,9,9
Map_3823,8,197,8,8,8,8,8,7,8,7,8,7,8,7,8,7,7,7,7,7,7,7,7,7,7,7
Map_3824,28,102,14,14,14,14,14,13,14,13,14,13,13,13,13,13,14,13,18,13,18,13,14,13,14,13
Map_3825,118,133,327,327,255,109,104,87,104,98,104,98,87,87,87,87,93,87,93,87,93,87,93,87,93,87
Map_3826,12,49,9,9,9,9,9,9,9,9,9,9,9,9,9,9,9,9,9,9,9,9,9,9,9,9
Map_3827,586,383,135,118,207,146,101,99,101,99,101,99,101,99,101,99,127,109,154,109,154,109,163,109,163,109
Map_3828,575,380,49,49,63,50,49,51,49,51,49,51,49,53,53,53,42,45,42,42,42,42,45,45,45,45
Map_3829,191,116,24,24,29,24,21,21,21,21,21,21,21,21,21,21,21,21,21,20,21,20,21,21,21,21
Map_3830,568,122,19,19,19,19,19,19,19,19,19,19,19,19,19,19,23,19,23,19,23,19,19,19,19,19
Map_3831,345,95,49,49,49,50,43,49,43,49,43,49,43,49,43,49,43,36,43,36,43,36,43,36,43,36
Map_3832,595,264,15,15,15,17,13,15,13,15,13,15,13,15,13,15,13,13,13,13,13,13,13,13,13,13
Map_3833,553,142,281,257,486,24,20,20,20,20,20,20,20,20,20,20,20,20,20,20,20,20,20,20,20,20
Map_3834,17,313,16,16,16,17,16,16,16,16,16,16,16,16,16,16,16,16,16,16,16,16,16,16,16,16
Map_3835,624,526,46,46,30,61,38,41,38,41,38,41,38,41,38,41,35,18,35,18,35,18,35,18,35,18
Map_3836,32,301,7,7,7,9,7,7,7,7,7,7,7,7,7,7,7,7,7,7,7,7,7,7,7,7
Map_3837,5,27,6,6,5,6,6,5,6,5,6,5,6,5,6,5,6,5,6,5,6,5,6,5,6,5
Map_3838,38,343,23,23,23,26,23,23,23,23,23,23,23,23,23,23,94,23,94,23,94,23,81,23,81,23
Map_3839,577,271,116,115,105,87,109,109,109,109,109,109,110,105,110,105,63,100,66,100,66,83,114,134,114,134
Map_3840,10,20,12,9,9,12,9,9,9,9,9,9,9,9,9,9,9,9,9,9,9,9,9,9,9,9
Map_3841,149,265,138,68,249,84,32,32,32,32,32,32,32,32,32,32,42,32,42,32,42,32,32,32,32,32
Map_3842,13,71,13,13,13,21,17,17,17,17,17,17,17,17,17,17,17,13,17,13,17,13,17,13,17,13
Map_3843,11,23,8,8,8,8,8,8,8,8,8,8,8,8,8,8,8,8,8,8,8,8,8,8,8,8
Map_3844,565,464,125,125,134,62,148,140,72,70,72,70,148,140,148,140,34,31,34,31,34,31,34,31,34,31
Map_3845,25,380,15,15,15,15,15,15,15,15,15,15,15,15,15,15,15,15,15,15,15,15,15,15,15,15
Map_3846,14,203,19,14,19,19,19,14,19,14,19,14,14,14,14,14,14,14,14,14,14,14,14,14,14,14
Map_3847,13,201,8,8,8,10,8,8,8,8,8,8,8,8,8,8,8,8,8,8,8,8,8,8,8,8
Map_3848,631,317,92,92,544,175,45,45,45,45,45,45,45,45,45,45,45,45,45,45,45,45,45,45,45,45
Map_3849,295,372,113,152,505,147,68,68,68,68,68,68,68,68,68,68,96,37,66,37,66,37,68,37,68,37
Map_3850,13,118,13,13,13,23,21,14,21,14,21,14,21,14,21,14,21,13,21,13,21,13,21,13,21,13
Map_3851,14,107,14,14,14,14,14,14,14,14,14,14,14,14,14,14,13,12,13,12,13,12,13,12,13,12
Map_3852,9,41,9,9,9,14,9,9,9,9,9,9,9,9,9,9,10,8,10,8,10,8,10,8,10,8
Map_3853,6,21,6,6,6,6,6,6,6,6,6,6,6,6,6,6,6,6,6,6,6,6,6,6,6,6
Map_3854,334,175,42,42,46,43,34,20,34,20,34,20,34,20,34,63,32,20,32,20,32,20,32,34,34,34
Map_3855,482,387,46,46,80,46,29,21,29,21,29,21,29,21,29,21,29,21,29,21,29,21,29,21,29,21
Map_3856,591,197,39,39,39,45,35,35,35,35,35,35,35,35,35,35,35,35,35,35,35,35,35,35,35,35
Map_3857,7,61,5,5,5,7,5,5,5,5,5,5,5,5,5,5,5,5,5,5,5,5,5,5,5,5
Map_3858,94,252,47,36,36,47,36,36,36,36,36,36,36,36,36,36,35,35,35,35,35,35,36,36,36,36
Map_3859,333,177,94,94,95,220,96,104,96,104,96,104,95,100,100,100,36,34,36,34,36,34,36,94,36,94
Map_3860,584,133,68,40,71,61,68,50,68,50,68,50,41,52,41,52,20,20,20,20,33,20,38,22,38,22
Map_3861,278,140,81,81,81,174,27,27,27,27,27,27,27,27,27,27,27,27,27,27,27,27,27,27,27,27
Map_3862,593,593,23,23,23,23,23,28,23,28,23,28,23,28,23,28,60,23,60,23,60,23,62,23,27,23
Map_3863,61,147,42,42,42,62,37,28,37,28,37,28,42,36,37,36,57,28,37,28,57,28,36,28,36,28
Map_3864,587,281,250,63,278,74,63,64,63,64,63,64,63,64,63,64,60,61,60,61,60,61,60,61,60,61
Map_3865,563,335,446,509,446,153,118,108,118,108,118,108,102,108,102,108,109,107,111,74,111,74,104,107,104,107
Map_3866,380,464,35,25,20,140,15,25,15,25,15,25,15,25,15,25,15,16,15,16,15,16,15,16,15,16
Map_3867,8,12,10,8,8,10,8,8,8,8,8,8,8,8,8,8,8,8,8,8,8,8,8,8,8,8
Map_3868,19,55,11,11,11,11,11,11,11,11,11,11,11,11,11,11,11,11,11,11,11,11,11,11,11,11
Map_3869,127,63,14,14,14,14,14,14,14,14,14,14,14,14,14,14,14,14,14,14,14,14,14,14,14,14
Map_3870,12,80,12,12,12,12,12,12,12,12,12,12,12,12,12,12,12,12,12,12,12,12,12,12,12,12
Map_3871,31,86,27,20,20,30,18,15,18,15,18,15,15,15,15,15,18,15,18,15,18,15,18,15,18,15
Map_3872,28,187,16,16,16,21,16,16,16,16,16,16,16,17,17,17,23,16,23,16,23,16,22,16,22,16
Map_3873,8,281,10,8,10,13,8,8,8,8,8,8,8,8,8,8,8,8,8,8,8,8,8,8,8,8
Map_3874,15,330,14,14,14,14,14,15,14,15,14,15,15,15,15,15,15,15,15,15,15,15,14,15,14,15
Map_3875,11,132,11,11,11,11,11,11,11,11,11,11,11,11,11,11,12,11,12,11,12,11,12,11,12,11
Map_3876,17,101,24,17,24,24,19,17,19,17,19,17,17,17,17,17,16,16,15,16,15,16,16,16,16,16
Map_3877,64,198,32,32,32,67,32,32,32,32,32,32,32,32,32,32,32,32,32,32,32,32,32,32,32,32
Map_3878,114,485,62,62,85,193,49,73,49,73,49,73,49,73,49,73,46,62,46,62,46,62,54,62,54,62
Map_3879,34,95,30,30,33,49,25,25,25,25,25,25,25,25,25,25,32,25,30,25,30,25,28,25,25,25
Map_3880,31,97,12,12,12,12,12,12,12,12,12,12,12,12,12,12,12,12,12,12,12,12,12,12,12,12
Map_3881,322,350,144,144,79,190,64,64,64,64,64,64,64,64,64,64,61,42,59,42,59,42,61,42,58,42
Map_3882,445,389,258,263,261,47,18,120,18,120,18,120,18,120,18,120,18,18,18,18,18,18,18,114,18,120
Map_3883,556,259,355,301,361,85,110,117,110,117,110,117,110,110,110,69,98,153,98,149,98,150,93,171,93,171
Map_3884,19,246,13,13,13,13,13,13,13,13,13,13,13,13,13,13,13,13,13,13,13,13,13,13,13,13
Map_3885,582,176,224,214,236,260,46,46,46,46,46,46,46,46,46,46,98,43,98,43,98,43,46,43,46,43
Map_3886,19,51,11,11,11,13,11,11,11,11,11,11,11,11,11,11,11,11,11,11,11,11,11,11,11,11
Map_3887,536,378,29,29,51,29,29,28,29,28,29,28,29,28,29,28,35,28,47,28,47,28,35,28,35,28
Map_3888,14,125,11,11,11,11,11,11,11,11,11,11,11,11,11,11,11,11,11,11,11,11,11,11,11,11
Map_3889,462,342,63,63,452,418,63,37,63,37,63,37,63,37,62,37,98,37,41,37,41,37,59,37,82,37
Map_3890,591,328,37,37,37,34,49,35,49,35,49,35,35,35,35,35,46,27,28,25,28,25,46,27,46,27
Map_3891,110,141,82,82,77,93,74,90,74,90,74,90,74,90,74,90,53,111,53,104,53,104,70,111,69,111
Map_3892,37,238,40,40,40,72,42,40,42,40,42,40,42,40,42,40,34,25,34,25,34,20,34,25,42,25
Map_3893,519,112,43,34,34,43,41,34,41,34,41,34,34,34,34,34,41,34,41,34,59,34,41,34,41,34
Map_3894,437,331,78,78,296,183,67,67,67,67,67,67,67,67,67,67,73,66,73,62,73,62,64,67,64,67
Map_3895,179,337,61,61,49,23,23,23,23,23,23,23,23,23,23,23,23,23,25,23,25,23,23,23,23,23
Map_3896,619,441,16,16,16,16,16,16,16,16,16,16,16,16,16,16,16,16,16,16,16,16,16,16,16,16
Map_3897,461,311,66,65,210,80,45,45,45,45,45,45,45,45,45,45,45,29,45,29,45,29,45,29,45,29
Map_3898,17,331,13,13,12,13,13,13,13,13,13,13,13,13,13,13,13,12,13,12,13,12,13,12,13,12
Map_3899,478,228,284,182,467,202,30,30,30,30,30,30,30,30,30,30,164,30,172,30,172,30,348,30,300,30
Map_3900,110,150,12,11,12,12,11,11,11,11,11,11,11,11,11,11,11,11,11,11,16,11,11,11,11,11
Map_3901,198,507,31,30,31,47,31,30,40,30,40,30,30,30,30,30,41,30,29,30,29,30,41,30,31,30
Map_3902,324,449,64,64,191,70,43,20,43,20,43,20,43,20,43,20,43,20,47,20,47,20,43,20,43,20
Map_3903,27,97,14,14,14,33,13,13,13,13,13,13,13,13,13,13,13,13,13,13,13,13,13,13,13,13
Map_3904,5,43,5,5,5,5,5,5,5,5,5,5,5,5,5,5,5,5,5,5,5,5,5,5,5,5
Map_3905,28,455,63,42,42,62,22,22,22,22,22,22,22,22,22,22,21,22,21,21,21,21,21,22,21,22
Map_3906,81,514,78,60,71,69,31,22,31,22,31,22,31,22,31,22,38,22,38,22,38,22,38,22,38,22
Map_3907,7,22,5,5,5,6,5,5,5,5,5,5,5,5,5,5,5,5,5,5,5,5,5,5,5,5
Map_3908,14,21,14,14,14,16,14,14,14,14,14,14,14,14,14,14,14,13,14,13,14,13,14,13,14,13
Map_3909,625,242,60,59,60,368,59,52,59,52,59,52,59,79,84,79,69,35,117,35,117,35,69,35,69,35
Map_3910,634,142,63,63,63,77,40,30,40,30,40,30,40,30,43,30,38,30,38,30,38,30,39,30,39,30
Map_3911,15,91,13,13,15,13,13,15,13,15,13,15,13,16,13,16,14,13,14,13,14,13,13,13,13,15
Map_3912,442,352,19,19,18,19,19,19,19,19,19,19,19,19,19,19,19,19,19,19,21,19,19,19,19,19
Map_3913,117,368,119,77,138,180,64,31,64,31,64,31,61,31,61,31,64,31,52,31,52,30,64,31,64,31
Map_3914,27,204,11,10,11,11,11,10,11,10,11,10,10,10,10,10,13,10,13,10,13,10,11,10,9,10
Map_3915,620,353,196,194,196,200,149,149,149,149,149,149,149,149,149,149,154,116,154,116,154,116,122,122,122,122
Map_3916,43,182,14,14,14,21,13,13,13,13,13,13,13,13,13,13,11,11,11,11,11,11,11,11,11,11
Map_3917,23,37,13,13,13,13,13,13,13,13,13,13,13,13,13,13,14,13,14,13,14,13,14,13,14,13
Map_3918,51,158,66,80,66,93,47,42,47,42,47,42,47,47,47,47,47,42,68,42,68,42,47,42,47,42
Map_3919,8,47,8,8,8,9,8,8,8,8,8,8,8,8,8,8,8,8,8,8,8,8,8,8,8,8
Map_3920,7,39,7,7,7,9,7,7,7,7,7,7,7,7,7,7,9,7,9,7,9,7,7,7,7,7
Map_3921,532,149,68,423,63,233,97,20,98,20,98,20,120,20,120,20,23,20,23,20,23,20,20,20,20,20
Map_3922,6,12,6,6,6,8,8,6,8,6,8,6,8,6,8,6,8,6,8,6,8,6,8,6,8,6
Map_3923,18,79,15,15,15,23,14,8,14,8,14,8,14,8,14,8,14,8,14,8,14,8,14,8,14,8
Map_3924,107,549,76,63,75,77,43,33,43,33,43,33,33,33,33,33,42,33,42,33,42,39,42,33,42,33
Map_3925,8,30,8,8,8,11,8,8,8,8,8,8,8,8,8,8,8,8,8,8,8,8,8,8,8,8
Map_3926,17,209,11,11,11,11,11,11,11,11,11,11,11,11,11,11,11,11,11,11,11,11,11,11,11,11
Map_3927,124,166,28,28,23,28,28,28,28,28,28,28,28,28,28,28,19,24,19,19,19,19,19,24,19,24
Map_3928,41,167,34,34,35,34,34,34,34,34,34,34,34,34,34,34,35,30,31,30,31,30,35,30,35,30
Map_3929,512,175,188,243,181,329,75,75,75,75,75,75,75,75,75,75,46,48,46,48,46,48,46,48,84,99
Map_3930,28,102,13,13,13,14,13,13,13,13,13,13,13,13,13,13,14,13,14,13,14,13,14,13,13,13
Map_3931,122,183,131,131,208,56,28,76,28,76,28,76,28,71,28,71,27,43,27,44,27,44,27,42,27,42
Map_3932,12,155,12,12,12,12,12,19,12,19,12,19,12,19,12,19,12,12,12,12,12,12,12,12,12,12
Map_3933,85,144,17,16,17,11,17,16,17,16,17,16,16,16,16,16,8,8,8,8,8,8,8,8,8,8
Map_3934,555,272,97,107,96,170,55,40,55,40,55,40,55,40,55,40,80,40,75,40,55,40,55,40,55,40
Map_3935,17,48,16,16,17,36,13,13,13,13,13,13,13,13,13,13,13,13,13,13,13,13,13,13,13,13
Map_3936,481,438,28,28,28,195,28,28,28,28,28,28,28,28,28,28,34,20,34,20,34,20,34,20,34,20
Map_3937,664,315,79,79,79,80,73,77,73,77,73,77,73,77,73,77,78,69,78,69,78,69,74,70,74,70
Map_3938,484,309,85,85,173,602,38,120,38,120,38,120,38,120,38,120,45,45,50,45,50,45,45,118,45,118
Map_3939,321,231,27,27,27,27,27,27,27,27,27,27,27,27,27,27,20,20,20,20,20,20,20,20,20,20
Map_3940,409,256,18,18,18,18,18,19,18,19,18,19,18,19,18,19,18,17,18,17,18,17,18,17,18,17
Map_3941,518,214,25,25,25,25,24,24,24,31,24,31,24,24,24,24,23,23,23,23,23,23,23,23,23,23
Map_3942,518,401,60,60,60,65,39,39,39,39,39,39,39,39,39,39,39,39,39,39,39,39,39,46,39,46
Map_3943,143,410,56,56,56,329,23,23,23,23,23,23,23,23,23,23,26,23,26,23,26,23,23,23,23,23
Map_3944,300,441,75,75,75,28,28,28,28,28,28,28,28,28,28,28,34,33,34,33,34,33,34,114,34,114
Map_3945,557,359,172,170,173,204,172,166,172,166,172,166,174,166,174,172,150,155,152,147,152,107,188,157,188,238
Map_3946,14,133,11,11,11,11,11,11,11,11,11,11,11,11,11,11,11,11,11,11,11,11,11,11,11,11
Map_3947,36,322,78,78,86,94,29,22,29,22,29,22,29,64,29,61,29,22,29,22,29,22,29,22,29,22
Map_3948,96,103,19,19,19,19,19,19,19,19,19,19,19,19,19,19,21,19,21,19,21,19,19,19,19,19
Map_3949,600,421,23,23,23,17,17,17,17,17,17,17,17,17,17,17,17,17,17,17,17,17,17,17,17,17
Map_3950,243,127,547,450,563,303,138,56,138,56,138,56,153,56,153,56,112,110,122,114,122,114,144,210,144,323
Map_3951,493,258,276,276,169,379,67,67,67,67,67,67,67,67,67,67,142,19,142,19,82,19,44,19,69,19
Map_3952,586,484,24,24,24,27,28,26,28,26,28,26,26,26,26,26,29,26,29,26,29,26,28,26,28,26
Map_3953,56,120,27,27,27,37,23,27,23,27,23,27,23,27,23,27,23,23,23,23,23,23,23,23,23,23
Map_3954,78,71,52,52,52,52,52,27,52,27,52,27,54,27,54,27,53,27,50,27,50,27,52,27,52,27
Map_3955,24,291,55,53,53,213,36,53,36,53,36,53,38,44,38,44,33,38,34,38,34,38,33,38,33,38
Map_3956,574,375,206,145,246,279,49,57,49,57,49,57,57,57,57,57,43,49,43,43,43,43,43,49,43,56
Map_3957,28,347,12,12,12,12,12,12,12,12,12,12,12,12,12,12,14,12,14,12,14,12,12,12,12,12
Map_3958,608,318,9,9,9,14,9,9,9,9,9,9,9,9,9,9,9,9,9,9,9,9,9,9,9,9
Map_3959,26,182,26,26,26,46,26,26,26,26,26,26,26,26,26,26,26,26,26,26,26,26,26,26,26,26
Map_3960,103,226,41,40,42,41,31,31,31,31,31,31,31,31,31,31,31,31,31,31,32,31,31,31,31,31
Map_3961,101,203,38,38,38,47,38,38,38,38,38,38,38,38,38,38,26,26,26,26,26,26,26,26,30,26
Map_3962,620,175,25,25,25,41,25,25,25,25,25,25,25,25,25,25,34,30,34,30,34,30,34,33,34,33
Map_3963,134,198,37,37,37,39,37,35,37,35,37,35,37,35,37,35,37,37,37,37,37,37,37,35,37,35
Map_3964,84,197,17,17,17,18,18,18,18,18,18,18,18,18,18,18,14,16,14,14,14,14,14,18,14,18
Map_3965,21,206,13,13,13,62,13,13,13,13,13,13,13,13,13,13,13,13,17,13,17,13,13,13,13,13
Map_3966,614,281,32,32,68,87,32,32,32,32,32,32,32,32,32,32,47,32,47,25,47,25,32,32,32,32
Map_3967,18,212,30,28,32,32,24,23,24,23,24,23,24,23,23,23,24,23,24,18,24,18,24,23,24,23
Map_3968,106,441,33,33,33,44,30,30,30,30,30,30,30,30,30,30,26,30,26,30,26,26,26,30,30,30
Map_3969,581,195,39,39,39,43,40,39,40,39,40,39,80,39,86,39,22,22,22,22,46,22,22,22,22,22
Map_3970,585,460,50,55,55,50,50,55,50,55,50,55,55,55,55,55,77,50,77,43,77,43,44,61,78,61
Map_3971,336,435,72,92,116,61,140,67,140,67,140,67,155,71,155,71,56,44,56,44,61,44,62,44,77,44
Map_3972,307,176,49,49,58,49,49,49,49,49,49,49,49,49,49,49,49,49,49,55,49,55,49,49,49,49
Map_3973,36,162,15,14,14,15,14,14,14,14,14,14,14,14,14,14,14,14,14,14,14,14,14,14,14,14
Map_3974,217,249,22,22,22,22,22,22,22,22,22,22,22,22,22,22,22,22,22,22,22,22,22,22,22,22
Map_3975,523,273,67,67,67,90,67,67,67,67,67,67,67,67,67,67,55,67,63,67,63,60,55,67,55,67
Map_3976,147,210,14,14,14,14,14,14,14,14,14,14,14,14,14,14,13,13,13,13,13,13,13,13,13,13
Map_3977,620,254,33,33,33,57,34,17,34,17,34,17,33,17,33,17,58,35,58,35,58,35,35,35,35,35
Map_3978,26,95,25,25,25,25,25,25,25,25,25,25,25,25,25,25,25,20,26,20,26,20,25,20,25,20
Map_3979,35,398,26,26,26,56,26,26,26,26,26,26,26,26,26,26,26,26,26,26,26,26,26,26,26,26
Map_3980,542,114,21,21,21,21,23,21,23,21,23,21,23,21,23,21,23,21,23,21,23,21,23,21,23,21
Map_3981,13,238,13,13,13,13,13,12,13,12,13,12,13,12,12,12,13,12,13,12,13,12,13,12,13,12
Map_3982,10,79,14,14,10,14,10,10,10,10,10,10,10,10,10,10,10,10,10,10,10,10,10,10,10,10
Map_3983,254,262,59,59,60,70,59,65,59,65,59,65,59,65,59,65,35,35,35,35,35,35,35,58,35,58
Map_3984,522,320,42,45,42,63,42,45,42,45,42,45,45,45,45,45,42,42,42,42,42,42,42,43,42,43
Map_3985,10,166,10,10,10,10,10,10,10,10,10,10,10,10,10,10,10,10,16,10,16,10,10,10,10,10
Map_3986,24,41,12,12,12,12,12,12,12,12,12,12,12,12,12,12,12,12,17,12,17,12,12,12,12,12
Map_3987,621,250,489,500,471,413,143,86,143,86,143,86,95,88,139,164,93,88,253,77,115,77,93,88,93,88
Map_3988,58,107,29,37,29,29,24,24,24,24,24,24,26,26,26,26,24,24,24,24,24,24,24,24,24,24
Map_3989,608,141,58,129,57,89,44,63,44,63,44,63,44,63,44,63,45,44,45,44,45,44,45,44,44,44
Map_3990,7,290,7,7,7,7,7,7,7,7,7,7,7,7,7,7,7,7,7,7,7,7,7,7,7,7
Map_3991,524,118,378,344,344,105,88,225,88,225,88,225,225,225,225,225,48,46,48,46,48,46,48,55,48,55
Map_3992,51,295,76,79,76,96,25,25,25,25,25,25,25,25,25,25,25,24,25,24,25,24,25,24,25,24
Map_3993,353,95,98,78,179,110,97,75,97,75,97,75,78,75,78,75,32,32,32,32,32,32,32,33,118,33
Map_3994,601,317,340,358,79,21,21,20,21,20,21,20,20,20,20,20,21,18,21,18,21,18,21,18,21,18
Map_3995,217,173,26,26,26,22,22,22,22,22,22,22,22,22,22,22,22,22,22,22,22,22,22,22,22,22
Map_3996,51,498,30,24,24,30,24,24,24,24,24,24,24,24,24,24,30,24,30,24,30,24,30,24,30,24
Map_3997,546,402,253,243,253,510,393,317,392,317,392,317,352,352,352,352,94,229,186,156,186,156,94,266,94,266
Map_3998,600,177,50,46,50,48,43,46,43,46,43,46,42,47,42,117,26,26,26,26,26,26,26,26,26,26
Map_3999,10,23,10,10,10,11,10,10,10,10,10,10,10,10,10,10,10,10,10,10,10,10,10,10,10,10
Map_4000,14,53,13,13,13,15,13,13,13,13,13,13,13,13,13,13,13,13,13,13,13,13,13,13,13,13
Map_4001,9,19,8,8,8,8,8,8,8,8,8,8,8,8,8,8,8,8,8,8,8,8,8,8,8,8
Map_4002,386,216,222,194,203,219,135,120,135,120,135,120,136,126,136,126,135,87,135,89,135,89,135,87,135,87
Map_4003,12,27,9,9,9,9,9,9,9,9,9,9,9,9,9,9,10,9,10,9,10,9,10,9,10,9
Map_4004,14,41,11,11,11,13,11,11,11,11,11,11,11,11,11,11,10,10,10,10,10,10,10,10,10,10
Map_4005,83,397,31,31,31,31,31,31,31,31,31,31,31,31,31,31,31,31,31,31,31,31,31,31,31,31
Map_4006,50,39,20,19,20,21,18,18,18,22,18,22,18,18,18,18,19,18,21,18,21,18,18,18,18,18
Map_4007,607,138,92,99,95,87,53,50,53,50,53,50,53,50,53,50,43,39,43,39,43,39,43,39,43,39
Map_4008,513,351,60,61,60,63,55,61,55,61,55,61,61,61,61,61,58,55,58,55,64,55,58,61,58,61
Map_4009,422,370,57,57,57,69,58,21,58,21,58,21,57,21,57,21,63,21,63,21,63,21,63,21,63,21
Map_4010,30,534,26,26,26,26,33,32,33,32,33,32,32,32,32,32,33,33,33,33,33,33,33,32,33,32
Map_4011,23,458,29,18,18,25,18,18,18,18,18,18,18,18,18,18,18,18,21,18,21,18,18,18,18,18
Map_4012,227,228,75,75,75,75,75,75,75,75,75,75,75,75,75,75,47,46,47,46,47,46,47,50,47,50
Map_4013,12,155,25,14,25,21,14,13,14,13,14,13,13,13,13,13,12,12,12,12,12,12,14,13,14,13
Map_4014,53,114,41,41,42,45,25,42,26,42,26,42,25,45,25,45,27,25,27,25,27,25,26,25,26,25
Map_4015,467,292,31,30,423,80,15,14,15,14,15,14,14,14,14,14,15,14,15,14,15,14,15,14,15,14
Map_4016,488,293,340,111,334,167,72,50,72,50,72,50,72,50,72,50,75,32,77,32,77,32,75,32,72,32
Map_4017,17,366,18,18,18,23,18,18,18,18,18,18,18,18,18,18,18,17,18,17,18,17,18,18,18,18
Map_4018,586,405,60,60,60,51,51,62,51,62,51,62,50,62,51,68,62,50,62,52,62,52,62,50,62,50
Map_4019,16,50,16,16,16,18,18,18,18,18,18,18,18,18,18,18,11,11,11,11,11,11,11,11,11,11
Map_4020,73,236,80,80,80,19,19,19,19,19,19,19,19,19,19,19,15,15,15,15,15,15,15,15,19,15
Map_4021,7,12,7,7,7,9,7,7,7,7,7,7,7,7,7,7,7,7,7,7,7,7,7,7,7,7
Map_4022,66,492,33,31,67,33,31,31,31,31,31,31,31,31,31,31,31,31,31,31,31,31,31,31,31,31
Map_4023,86,353,74,74,74,80,54,51,54,51,54,51,54,51,54,51,24,24,24,24,24,24,24,33,24,33
Map_4024,27,62,19,19,19,21,19,19,19,19,19,19,19,19,19,19,19,19,19,19,19,19,19,19,19,19
Map_4025,53,195,70,128,155,69,33,33,33,33,33,33,33,33,33,33,32,32,32,32,34,32,32,32,32,32
Map_4026,30,272,27,25,27,27,23,23,23,23,23,23,23,23,23,23,23,23,23,23,23,23,23,23,23,23
Map_4027,74,155,23,23,23,23,23,23,23,23,23,23,23,23,23,23,37,23,37,23,37,23,37,23,37,23
Map_4028,34,110,36,35,36,25,22,22,22,22,22,22,22,22,22,22,22,22,27,22,27,22,22,22,22,22
Map_4029,569,242,14,14,14,15,15,14,15,14,15,14,14,14,14,14,15,14,15,14,15,14,15,14,15,14
Map_4030,13,223,13,13,13,15,13,12,13,12,13,12,13,12,12,12,13,13,13,13,13,13,13,12,13,12
Map_4031,611,458,19,19,19,19,19,19,19,19,19,19,19,19,19,19,19,19,19,19,19,19,19,19,19,19
Map_4032,422,122,25,25,25,31,25,25,25,25,25,25,25,25,25,25,25,25,25,31,25,31,25,25,25,25
Map_4033,587,533,50,35,36,46,24,37,24,37,24,37,24,37,24,37,24,27,24,25,24,25,24,37,24,37
Map_4034,603,363,50,50,50,59,50,50,50,50,50,50,50,50,50,50,46,46,52,46,52,46,46,50,50,50
Map_4035,420,74,24,24,24,27,31,23,31,24,31,24,31,23,31,23,35,23,28,23,28,23,31,23,31,23
Map_4036,620,492,110,176,199,124,150,158,150,158,150,158,161,113,156,113,57,43,57,43,57,43,55,43,55,43
Map_4037,605,449,117,117,169,124,114,117,114,117,114,117,114,117,114,117,107,87,107,87,107,87,95,87,95,87
Map_4038,29,64,13,13,13,13,13,13,13,13,13,13,13,13,13,13,17,13,17,13,17,13,17,13,17,13
Map_4039,599,200,65,65,286,158,86,86,86,86,86,86,86,86,86,86,34,75,34,45,34,45,75,75,75,75
Map_4040,525,176,60,60,138,151,155,155,161,164,161,164,166,166,166,166,75,108,61,108,61,75,75,102,75,102
Map_4041,275,276,166,166,347,194,67,66,67,66,67,66,66,66,66,66,78,66,78,66,78,66,77,66,66,66
Map_4042,15,219,15,15,15,18,15,15,15,15,15,15,15,15,15,15,15,15,15,15,15,15,15,15,15,15
Map_4043,319,282,102,102,166,20,20,20,20,20,20,20,20,20,20,20,16,16,16,16,16,16,16,16,16,16
Map_4044,615,527,13,13,13,13,13,13,13,13,13,13,13,13,13,13,13,13,13,13,13,13,13,13,13,13
Map_4045,374,243,21,24,24,22,24,24,24,24,24,24,24,24,24,24,21,21,21,21,21,21,21,24,24,24
Map_4046,625,454,571,501,571,575,259,561,259,359,259,359,329,325,329,325,120,93,120,93,120,93,120,93,142,93
Map_4047,44,107,25,25,32,34,25,25,25,25,25,25,25,25,25,25,24,22,24,22,24,22,24,22,24,22
Map_4048,45,484,19,19,17,15,15,15,15,15,15,15,15,15,15,15,15,15,16,15,16,15,15,15,15,15
Map_4049,473,184,46,24,44,47,24,24,24,24,24,24,24,24,24,24,24,24,24,24,24,24,24,24,24,24
Map_4050,6,431,6,6,6,18,6,6,6,6,6,6,6,6,6,6,6,6,6,6,6,6,6,6,6,6
Map_4051,409,294,32,32,32,214,32,32,32,32,32,32,32,32,32,32,24,25,24,25,24,25,25,25,25,25
Map_4052,241,312,15,15,15,16,15,15,15,15,15,15,15,15,15,15,15,15,15,15,15,15,15,15,15,15
Map_4053,34,283,28,28,28,54,28,25,28,25,28,25,28,25,27,25,28,25,28,25,28,25,28,25,28,25
Map_4054,116,319,79,61,297,90,43,23,43,23,43,23,43,23,43,23,83,23,63,23,63,23,43,23,43,23
Map_4055,531,478,26,26,26,26,20,20,20,20,20,20,20,20,20,20,20,20,36,20,36,20,20,20,20,20
Map_4056,271,174,173,173,274,229,63,70,63,112,63,112,62,70,62,70,151,22,151,22,159,22,62,22,63,22
Map_4057,539,248,95,123,95,58,71,96,71,96,71,96,71,96,71,123,78,96,78,53,111,53,78,96,78,96
Map_4058,225,161,53,66,83,82,31,53,31,53,31,53,31,66,31,66,34,20,34,20,34,20,19,19,19,19
Map_4059,596,229,28,28,28,33,28,37,28,37,28,37,27,37,27,37,32,27,32,27,32,27,28,27,28,27
Map_4060,492,377,491,328,248,327,287,352,287,352,287,352,229,349,231,368,84,46,84,46,84,46,84,46,84,46
Map_4061,518,311,56,56,56,90,54,44,54,44,54,44,54,44,54,44,44,44,44,44,44,44,44,44,44,44
Map_4062,522,380,15,15,15,15,15,15,15,15,15,15,15,15,15,15,14,14,21,14,21,14,14,14,14,14
Map_4063,434,130,158,344,49,82,51,255,51,255,51,255,51,243,51,243,33,66,36,66,36,33,33,64,33,73
Map_4064,98,211,80,75,81,78,70,68,70,68,70,68,68,68,68,68,54,54,54,54,54,54,54,54,54,54
Map_4065,34,62,18,18,18,22,22,18,22,18,22,18,18,18,18,18,18,18,18,18,18,18,18,18,18,18
Map_4066,326,240,64,59,32,54,53,50,53,50,53,50,53,50,53,50,44,50,44,50,44,50,53,50,53,50
Map_4067,17,134,15,15,15,15,14,14,14,14,14,14,14,14,14,14,15,13,15,13,15,13,15,13,15,13
Map_4068,436,133,24,24,24,53,35,24,35,24,35,24,24,24,24,24,35,24,35,24,42,24,35,24,35,24
Map_4069,648,463,625,535,637,527,264,454,264,454,264,454,419,422,542,542,156,212,142,212,122,212,232,389,391,389
Map_4070,540,237,22,52,22,22,19,22,19,22,19,22,19,52,52,52,17,17,17,17,17,17,17,19,17,19
Map_4071,25,39,13,13,13,19,13,13,13,13,13,13,13,13,13,13,13,13,13,13,13,13,13,13,13,13
Map_4072,12,122,13,12,13,17,12,12,13,12,13,12,12,12,12,12,14,12,14,14,14,14,13,12,13,12
Map_4073,519,56,26,26,26,26,26,26,26,26,26,26,26,26,26,26,26,26,26,26,26,26,26,26,26,26
Map_4074,607,357,21,21,21,21,21,21,21,21,21,21,21,21,21,21,21,21,21,21,21,21,21,21,21,21
Map_4075,45,379,17,16,31,32,16,15,16,15,16,15,15,15,15,15,15,15,15,15,15,15,15,15,15,15
Map_4076,89,195,32,32,42,54,32,32,32,32,32,32,32,32,32,32,32,33,37,31,37,31,32,33,32,33
Map_4077,101,215,35,33,35,14,14,14,14,14,14,14,14,14,14,14,14,14,14,14,14,14,14,14,14,14
Map_4078,55,148,30,30,30,30,30,30,30,30,30,30,30,30,30,30,30,30,30,30,30,30,30,30,30,30
Map_4079,7,13,7,7,7,11,7,7,7,7,7,7,7,7,7,7,7,7,7,7,9,7,7,7,7,7
Map_4080,68,130,31,31,127,33,33,31,33,31,33,31,33,31,35,35,33,28,33,28,33,28,33,31,33,31
Map_4081,505,194,282,323,306,113,119,188,119,188,119,188,177,219,177,219,85,70,89,70,89,70,90,138,88,105
Map_4082,286,347,129,100,106,358,65,21,65,21,65,21,61,78,61,78,33,21,33,21,33,21,31,33,31,33
Map_4083,67,72,17,17,15,18,13,13,13,13,13,13,13,13,13,13,13,13,13,13,13,13,13,13,13,13
Map_4084,18,97,14,14,14,14,14,14,14,14,14,14,14,14,14,14,14,14,14,14,14,14,14,14,14,14
Map_4085,560,408,83,83,83,34,61,61,61,61,61,61,61,61,61,61,32,41,32,41,32,40,32,41,32,41
Map_4086,93,345,124,124,127,161,118,79,118,79,118,79,118,79,118,79,44,44,44,44,48,44,44,44,44,44
Map_4087,8,216,8,8,8,11,8,8,8,8,8,8,8,8,8,8,8,8,8,8,8,8,8,8,8,8
Map_4088,487,109,37,36,37,45,25,25,25,25,25,25,25,25,25,25,25,25,25,25,25,25,25,25,25,25
Map_4089,22,123,16,13,15,16,13,10,13,10,13,10,13,10,13,10,10,10,10,10,10,10,10,10,10,10
Map_4090,58,126,21,21,26,25,21,32,21,32,21,32,21,32,21,42,24,25,24,25,24,25,24,25,21,25
Map_4091,170,73,36,36,36,57,36,49,36,49,36,49,36,49,36,49,36,34,39,34,39,34,36,34,36,34
Map_4092,397,250,194,131,196,204,63,52,63,52,63,52,63,52,63,52,72,50,72,50,72,50,83,50,63,50
Map_4093,625,96,38,38,16,72,46,14,46,14,46,14,46,14,46,14,40,14,40,14,40,14,40,14,40,14
Map_4094,635,385,37,37,37,37,37,37,37,37,37,37,37,37,37,37,37,37,37,37,37,37,37,37,37,37
Map_4095,504,183,13,13,13,17,13,13,13,13,13,13,13,13,13,13,14,13,14,13,14,13,14,13,14,13
Map_4096,11,114,9,9,9,9,9,9,9,9,9,9,9,9,9,9,9,9,9,9,9,9,9,9,9,9
Map_4097,598,251,364,344,397,58,58,58,58,58,58,58,58,58,58,58,52,49,52,49,52,49,52,49,52,49
Map_4098,20,214,21,20,21,22,18,20,18,20,18,20,18,20,20,20,15,15,15,15,15,15,15,15,15,15
Map_4099,647,282,383,572,628,548,82,81,82,81,82,81,81,81,81,81,34,31,34,31,34,31,34,31,31,31
Map_4100,118,475,35,35,35,80,33,33,35,33,35,33,33,33,33,33,35,22,35,22,35,22,35,22,35,22
Map_4101,543,347,153,290,116,268,80,84,80,84,80,84,78,78,78,78,83,41,83,75,83,75,83,41,79,94
Map_4102,27,178,33,33,33,86,28,28,28,28,28,28,28,28,28,28,28,28,28,28,28,28,28,28,28,28
Map_4103,23,227,25,25,25,25,25,25,25,25,25,25,25,25,25,25,23,25,23,22,23,22,22,25,22,25
Map_4104,546,77,11,11,11,11,11,11,11,11,11,11,11,11,11,11,12,11,12,11,12,11,11,11,11,11
Map_4105,31,339,22,21,22,22,21,21,21,21,21,21,21,21,21,21,21,21,21,21,21,21,21,21,21,21
Map_4106,288,231,57,73,372,456,31,22,31,22,31,22,31,22,36,22,36,22,36,22,36,22,31,22,31,22
Map_4107,12,280,11,11,11,11,11,11,11,11,11,11,11,11,11,11,11,11,11,11,11,11,11,11,11,11
Map_4108,604,120,63,68,58,507,61,58,61,58,61,58,68,68,68,68,38,46,39,46,39,46,38,58,38,58
Map_4109,271,61,35,35,35,32,31,32,31,32,31,32,31,32,31,32,28,27,28,27,28,27,28,27,28,27
Map_4110,26,33,20,20,23,20,20,20,20,20,20,20,20,20,20,20,23,22,23,22,23,22,23,22,23,22
Map_4111,111,91,25,25,44,25,25,25,25,25,25,25,25,25,25,25,25,33,25,25,25,25,25,44,25,44
Map_4112,29,40,14,14,14,14,19,18,19,18,19,18,18,18,18,18,18,14,19,14,19,14,18,14,18,14
Map_4113,447,180,34,34,34,73,20,20,20,20,20,20,20,20,20,20,20,20,23,20,23,20,20,20,20,20
Map_4114,322,542,17,17,17,17,17,17,17,17,17,17,17,17,17,17,17,17,17,17,17,17,17,17,17,17
Map_4115,169,489,18,18,18,18,18,15,18,15,18,15,18,15,18,15,15,15,25,15,25,15,15,15,15,15
Map_4116,32,313,16,16,16,21,16,11,16,11,16,11,16,11,16,11,16,11,16,11,16,11,16,11,16,11
Map_4117,551,270,59,58,59,193,67,56,67,56,67,56,67,56,67,56,67,56,67,44,67,44,73,56,73,56
Map_4118,54,34,17,17,17,17,17,17,17,17,17,17,17,17,17,17,17,16,17,16,17,16,17,16,17,16
Map_4119,366,286,50,50,54,52,41,41,41,41,41,41,41,41,41,41,41,33,41,33,41,33,41,33,41,33
Map_4120,45,338,36,36,36,36,36,36,36,36,36,36,36,36,36,36,29,23,29,23,29,23,29,23,29,23
Map_4121,9,16,6,6,6,9,6,6,6,6,6,6,6,6,6,6,6,6,6,6,6,6,6,6,6,6
Map_4122,11,74,8,8,8,8,8,8,8,8,8,8,8,8,8,8,8,8,8,8,8,8,8,8,8,8
Map_4123,31,200,25,25,25,34,24,24,24,24,24,24,24,24,24,24,21,24,22,24,22,24,24,24,24,24
Map_4124,24,46,19,19,26,19,19,24,19,24,19,24,19,24,19,24,19,19,19,19,19,19,19,24,19,24
Map_4125,370,422,48,48,48,39,39,39,39,39,39,39,39,39,39,39,66,37,57,37,57,37,69,37,57,37
Map_4126,576,136,17,17,8,17,15,8,15,8,15,8,15,8,15,8,15,8,15,8,15,8,15,8,15,8
Map_4127,396,167,11,11,14,12,11,11,11,11,11,11,11,11,11,11,11,11,11,11,11,11,11,11,11,11
Map_4128,38,472,7,7,7,7,7,7,7,7,7,7,7,7,7,7,7,7,7,7,7,7,7,7,7,7
Map_4129,182,119,22,22,22,41,27,27,27,27,27,27,25,24,25,24,19,19,19,19,19,19,19,19,19,19
Map_4130,14,269,11,11,11,11,11,11,11,11,11,11,11,11,11,11,11,11,11,11,11,11,11,11,11,11
Map_4131,599,99,157,157,517,70,68,75,68,75,68,75,52,74,52,74,35,51,35,51,35,51,35,51,35,51
Map_4132,17,35,18,18,18,18,14,14,14,14,14,14,14,14,14,14,14,14,14,14,14,14,14,14,14,14
Map_4133,13,23,13,12,13,13,12,12,12,12,12,12,12,12,12,12,12,12,12,12,12,12,12,12,12,12
Map_4134,246,81,12,12,12,30,22,18,22,18,22,18,21,18,21,18,23,12,23,12,23,12,22,12,22,12
Map_4135,120,194,430,400,457,124,55,21,52,21,52,21,55,21,55,21,25,21,25,21,25,21,26,21,55,21
Map_4136,619,428,32,32,33,32,22,22,22,22,22,22,26,26,26,26,22,22,22,22,22,22,22,22,22,22
Map_4137,254,336,59,59,59,109,59,59,59,59,59,59,59,59,59,59,54,38,54,38,54,38,38,38,38,38
Map_4138,328,118,10,10,10,10,10,10,10,10,10,10,10,10,10,10,10,10,10,10,10,10,10,10,10,10
Map_4139,36,87,13,15,13,13,13,15,13,13,13,13,15,15,15,15,13,13,13,13,13,13,13,13,13,13
Map_4140,32,146,50,50,50,90,66,66,66,66,66,66,49,49,49,49,36,29,36,29,36,29,29,54,29,54
Map_4141,504,435,13,13,13,13,13,13,13,13,13,13,13,13,13,13,13,13,13,13,13,13,13,13,13,13
Map_4142,634,324,77,77,82,80,77,77,77,77,77,77,77,77,77,77,85,48,85,48,85,48,85,46,85,46
Map_4143,615,242,309,200,521,522,206,107,206,107,206,107,200,107,200,107,71,104,71,114,71,114,75,107,74,107
Map_4144,11,178,12,11,12,29,11,11,11,11,11,11,11,11,11,11,11,11,11,11,11,11,11,11,11,11
Map_4145,452,267,30,82,30,76,43,44,43,44,43,44,44,44,44,44,25,22,25,22,25,22,22,22,22,22
Map_4146,112,130,66,65,72,45,18,26,18,26,18,26,18,37,18,37,19,18,19,18,19,18,18,18,18,18
Map_4147,617,431,584,146,146,580,65,87,65,87,65,87,60,60,60,60,73,60,61,60,61,60,73,60,60,60
Map_4148,22,94,17,17,17,17,17,16,17,16,17,16,16,16,16,16,17,16,17,16,17,16,17,16,17,16
Map_4149,14,36,10,9,10,19,12,9,12,9,12,9,12,9,12,9,12,9,12,9,12,9,12,9,12,9
Map_4150,9,70,10,9,9,21,9,9,9,9,9,9,9,9,9,9,11,9,11,9,11,9,9,9,9,9
Map_4151,16,48,12,12,12,12,12,12,12,12,12,12,12,12,12,12,12,12,12,12,12,12,12,12,12,12
Map_4152,5,61,5,5,5,5,5,5,5,5,5,5,5,5,5,5,5,5,5,5,5,5,5,5,5,5
Map_4153,8,51,8,8,8,13,8,8,8,8,8,8,8,8,8,8,8,8,8,8,8,8,8,8,8,8
Map_4154,644,427,61,61,61,496,40,53,40,53,40,53,40,53,40,53,40,40,40,40,40,40,40,40,40,40
Map_4155,13,20,13,10,9,13,10,9,10,9,10,9,10,9,10,9,10,9,10,9,10,9,10,9,10,9
Map_4156,23,49,16,16,16,16,16,15,16,15,16,15,16,15,16,15,15,15,15,15,15,15,16,15,16,15
Map_4157,623,456,55,55,52,120,52,52,52,52,52,52,52,52,52,52,29,31,29,31,29,31,31,31,31,31
Map_4158,409,387,254,245,264,182,234,107,234,107,234,107,233,155,233,124,151,130,151,131,151,131,151,130,151,130
Map_4159,7,426,7,7,7,7,7,7,7,7,7,7,7,7,7,7,7,7,7,7,7,7,7,7,7,7
Map_4160,77,70,22,22,22,16,16,18,16,18,16,18,16,18,16,18,15,15,15,15,15,15,15,15,15,15
Map_4161,555,129,23,23,23,23,27,27,27,27,27,27,27,27,27,27,27,27,27,27,31,27,27,27,27,27
Map_4162,596,370,72,72,72,186,239,46,239,46,239,46,242,46,294,46,47,43,47,43,47,43,47,46,47,46
Map_4163,55,134,24,24,24,46,23,23,23,23,23,23,23,23,23,23,19,19,19,19,19,19,19,19,19,19
Map_4164,84,488,10,10,10,10,10,10,10,10,10,10,10,10,10,10,10,10,10,10,10,10,10,10,10,10
Map_4165,17,210,17,17,17,17,17,17,17,17,17,17,17,17,17,17,19,17,19,17,19,17,17,17,17,17
Map_4166,115,304,13,13,17,13,13,13,13,13,13,13,13,13,13,13,13,13,13,13,13,13,13,13,13,13
Map_4167,50,108,45,42,45,45,41,42,41,42,41,42,41,42,41,42,45,48,45,42,45,42,45,48,45,52
Map_4168,10,114,9,9,9,10,9,9,9,9,9,9,9,9,9,9,9,9,9,9,9,9,9,9,9,9
Map_4169,50,99,41,41,49,41,28,15,28,15,28,15,28,15,28,15,31,15,31,15,31,15,28,15,28,15
Map_4170,32,214,18,18,18,61,18,18,18,18,18,18,18,18,18,18,16,16,16,16,16,16,16,18,16,18
Map_4171,552,231,146,147,147,213,103,117,103,117,103,117,158,151,158,151,116,119,116,119,74,78,116,119,116,119
Map_4172,508,303,30,30,30,33,30,30,30,30,30,30,30,30,30,30,40,30,40,30,35,30,31,30,31,30
Map_4173,382,238,206,260,260,115,79,45,79,43,79,43,87,45,87,45,76,34,45,34,45,34,79,45,79,45
Map_4174,398,203,29,29,29,29,52,29,52,29,52,29,52,29,52,29,55,29,61,29,61,29,55,29,55,29
Map_4175,339,413,174,168,155,218,131,109,131,109,131,109,131,109,133,109,102,157,102,139,102,146,102,154,102,154
Map_4176,23,45,15,15,18,21,19,15,19,15,19,15,19,15,19,15,19,15,19,15,19,15,19,15,19,15
Map_4177,554,221,109,108,281,312,109,108,109,108,109,108,108,108,108,108,65,65,65,65,65,65,65,65,65,65
Map_4178,13,138,13,13,13,31,13,13,13,13,13,13,13,13,13,13,13,13,13,13,13,13,13,13,13,13
Map_4179,16,31,14,14,14,14,11,11,11,11,11,11,11,11,11,11,11,11,11,11,11,11,11,11,11,11
Map_4180,369,288,63,63,63,76,40,79,40,79,40,79,40,79,40,79,40,40,40,40,40,40,40,40,40,54
Map_4181,16,276,16,16,16,16,16,14,16,14,16,14,16,14,16,14,16,14,16,14,16,14,16,14,16,14
Map_4182,44,600,15,15,15,19,15,15,15,15,15,15,15,15,15,15,14,14,14,14,14,14,14,14,14,14
Map_4183,22,189,13,13,13,16,13,13,13,13,13,13,13,13,13,13,13,13,13,13,13,13,13,13,13,13
Map_4184,580,172,12,12,12,12,12,12,12,12,12,12,12,12,12,12,12,12,12,12,12,12,12,12,12,12
Map_4185,209,248,122,69,65,83,38,64,38,64,38,64,38,64,43,64,38,38,38,38,38,38,38,38,38,64
Map_4186,39,231,32,32,32,18,32,32,32,32,32,32,32,32,32,32,20,18,19,18,19,18,18,18,18,18
Map_4187,17,37,11,11,11,11,11,11,11,11,11,11,11,11,11,11,11,11,11,11,11,11,11,11,11,11
Map_4188,478,347,475,473,497,197,55,55,55,55,55,55,55,55,55,55,39,40,39,40,39,40,35,41,35,41
Map_4189,195,502,13,13,13,15,13,13,13,13,13,13,13,13,13,13,16,13,16,13,16,13,16,13,13,13
Map_4190,252,169,43,41,106,43,41,41,41,41,41,41,41,41,41,41,41,41,40,41,40,41,41,41,41,41
Map_4191,316,155,11,11,11,12,11,11,11,11,11,11,11,11,11,11,13,11,13,11,13,11,11,11,11,11
Map_4192,216,382,22,22,22,20,21,20,21,20,21,20,20,20,20,20,24,20,24,20,24,20,22,20,22,20
Map_4193,631,371,434,390,516,535,51,64,51,64,51,64,81,81,126,122,46,42,51,42,51,42,51,60,51,64
Map_4194,18,340,19,14,15,25,15,14,15,14,15,14,14,14,14,14,15,14,15,14,15,14,15,14,15,14
Map_4195,445,334,22,22,33,24,22,22,22,22,22,22,22,22,22,22,22,22,22,22,22,22,22,22,22,22
Map_4196,578,296,56,56,56,57,38,38,38,38,38,38,38,38,38,38,41,38,45,38,48,38,38,38,38,38
Map_4197,10,34,8,8,8,12,8,8,8,8,8,8,8,8,8,8,8,8,8,8,8,8,8,8,8,8
Map_4198,277,57,15,15,15,139,15,15,15,15,15,15,15,15,15,15,15,15,15,15,15,15,15,15,15,15
Map_4199,306,212,90,95,202,155,77,77,77,77,77,77,77,77,77,77,47,47,47,47,47,47,54,56,56,56
Map_4200,394,144,242,231,242,67,87,32,87,32,87,32,67,32,67,32,25,26,25,26,25,26,26,26,26,26
Map_4201,6,12,6,6,6,6,6,6,6,6,6,6,6,6,6,6,6,6,6,6,6,6,6,6,6,6
Map_4202,522,142,16,16,16,16,16,16,16,16,16,16,16,16,16,16,16,16,16,16,16,16,16,16,16,16
Map_4203,21,305,19,19,19,21,19,19,19,19,19,19,19,19,19,19,19,19,19,19,19,19,19,19,19,19
Map_4204,8,153,8,8,8,8,8,8,8,8,8,8,8,8,8,8,8,8,8,8,8,8,8,8,8,8
Map_4205,35,233,15,15,15,38,15,15,15,15,15,15,15,15,15,15,15,11,16,11,16,11,15,11,11,11
Map_4206,572,244,116,117,222,248,151,134,151,134,151,134,129,138,129,138,240,117,183,117,120,109,141,117,141,122
Map_4207,317,408,148,133,248,147,85,84,85,84,85,84,169,101,185,106,202,49,202,49,205,49,202,49,188,49
Map_4208,8,44,9,8,9,10,8,8,8,8,8,8,8,8,8,8,8,8,8,8,8,8,8,8,8,8
Map_4209,419,108,22,22,55,23,23,23,23,23,23,23,23,23,23,23,19,19,19,19,19,19,19,19,19,19
Map_4210,629,364,137,150,137,98,48,28,48,28,48,28,48,28,48,28,50,26,50,26,50,26,50,26,50,26
Map_4211,60,148,21,21,21,21,21,21,21,21,21,21,21,21,21,21,32,21,33,21,33,21,21,21,21,21
Map_4212,119,440,47,53,45,72,47,51,47,51,47,51,47,51,51,51,47,35,47,35,47,35,47,35,47,35
Map_4213,157,162,18,12,18,18,12,12,12,12,12,12,12,12,12,12,12,12,12,12,12,12,12,12,12,12
Map_4214,495,247,180,162,145,156,118,116,118,116,118,116,118,116,116,142,59,41,59,41,59,41,59,41,116,41
Map_4215,142,127,39,37,39,33,21,21,21,21,21,21,21,21,21,21,21,21,23,21,23,21,21,21,21,21
Map_4216,615,128,50,50,44,114,33,35,33,35,33,35,33,35,33,35,33,35,34,36,34,36,33,35,33,35
Map_4217,597,582,185,104,107,126,104,104,104,104,104,104,104,104,104,104,43,104,43,104,43,104,43,104,43,104
Map_4218,39,288,16,16,16,16,26,26,26,26,26,26,26,26,26,26,24,16,24,16,24,16,26,16,26,16
Map_4219,352,378,13,13,13,13,13,13,13,13,13,13,13,13,13,13,13,13,13,13,13,13,13,13,13,13
Map_4220,574,138,32,32,48,32,32,28,32,28,32,28,32,28,32,28,25,25,25,25,25,25,27,25,27,25
Map_4221,636,371,27,27,27,49,27,27,27,27,27,27,27,27,27,27,28,27,28,28,28,28,28,27,27,27
Map_4222,552,417,206,134,213,85,147,146,147,146,147,146,147,147,147,147,46,29,49,29,49,29,46,29,46,29
Map_4223,503,220,167,167,167,71,61,52,61,52,61,52,61,52,61,52,51,52,51,52,51,52,66,52,66,52
Map_4224,611,212,34,34,34,34,32,31,32,31,32,31,32,31,32,31,34,31,34,31,34,31,32,31,32,31
Map_4225,613,395,400,248,419,219,197,111,321,111,321,111,315,112,315,112,74,63,74,78,74,78,61,63,61,63
Map_4226,625,382,24,24,24,48,21,21,21,21,21,21,21,21,21,21,37,21,37,21,37,21,37,21,21,21
Map_4227,541,283,51,41,51,53,44,39,44,39,44,39,44,39,44,39,36,39,36,39,36,39,43,39,43,39
Map_4228,59,317,76,76,76,70,71,54,71,54,71,54,58,54,58,54,30,28,30,28,30,28,29,28,29,28
Map_4229,53,116,27,27,27,27,29,29,29,29,29,29,29,29,29,29,29,27,29,27,29,27,29,29,27,29
Map_4230,596,364,197,275,193,389,89,226,89,226,89,226,229,218,230,230,79,72,79,72,79,72,79,72,79,86
Map_4231,36,82,28,31,24,46,27,31,27,31,27,31,31,31,31,31,23,31,23,27,23,27,23,31,23,31
Map_4232,463,391,325,318,325,246,83,83,83,83,83,83,83,83,83,83,66,45,66,45,66,45,45,45,45,45
Map_4233,188,546,36,40,36,43,36,40,36,40,36,40,40,40,40,40,80,47,85,47,103,47,81,47,81,47
Map_4234,10,52,10,10,10,21,10,10,10,10,10,10,10,10,10,10,10,10,10,10,10,10,10,10,10,10
Map_4235,25,256,24,25,24,21,21,21,21,21,21,21,21,21,21,21,23,21,23,21,23,21,21,21,21,21
Map_4236,575,346,105,102,47,112,47,45,47,45,47,45,46,45,46,45,47,45,47,45,47,45,47,45,47,45
Map_4237,339,495,47,47,47,55,47,47,47,47,47,47,47,47,47,47,47,46,47,46,47,46,47,46,47,46
Map_4238,21,176,16,16,16,24,16,16,16,16,16,16,16,16,16,16,16,16,16,16,16,16,16,16,16,16
Map_4239,33,291,33,33,33,40,31,33,31,33,31,33,33,33,33,33,37,31,37,31,34,21,37,33,31,33
Map_4240,554,154,67,67,67,69,111,111,111,111,111,111,111,111,111,111,91,63,89,63,89,63,91,63,87,63
Map_4241,536,357,56,56,18,47,46,48,46,48,46,48,46,48,47,48,18,18,18,18,18,18,18,18,18,18
Map_4242,15,134,12,12,12,12,12,12,12,12,12,12,12,12,12,12,12,12,12,12,12,12,12,12,12,12
Map_4243,243,233,152,106,130,149,59,69,59,69,59,69,142,142,142,142,140,127,82,108,82,108,135,65,86,65
Map_4244,126,265,21,20,21,21,20,20,20,20,20,20,20,20,20,20,20,17,17,17,17,17,20,17,20,17
Map_4245,555,295,152,152,591,230,156,167,156,128,156,128,156,167,156,167,99,128,99,96,99,96,391,128,439,128
Map_4246,545,375,24,24,24,28,24,30,24,30,24,30,24,30,24,30,25,23,25,23,25,23,24,24,24,24
Map_4247,14,22,9,9,9,9,9,9,9,9,9,9,9,9,9,9,9,9,9,9,9,9,9,9,9,9
Map_4248,19,244,13,13,13,13,13,13,13,13,13,13,13,13,13,13,13,13,13,13,13,13,13,13,13,13
Map_4249,11,294,14,14,14,43,14,12,14,12,14,12,14,12,14,20,11,11,11,11,11,11,11,11,14,11
Map_4250,12,161,12,12,12,21,12,12,12,12,12,12,12,12,12,12,12,12,12,12,12,12,12,12,12,12
Map_4251,158,374,16,16,16,43,16,16,16,16,16,16,16,16,16,16,16,16,16,16,16,16,16,16,16,16
Map_4252,100,318,23,23,24,24,24,25,24,25,24,25,24,25,24,25,22,16,22,16,22,16,22,16,22,16
Map_4253,31,33,11,11,11,16,11,11,11,11,11,11,11,11,11,11,11,11,11,11,11,11,11,11,11,11
Map_4254,23,91,27,27,24,24,23,23,23,23,23,23,23,23,23,23,18,23,18,23,18,23,18,23,18,23
Map_4255,188,112,48,48,48,50,27,27,27,27,27,27,27,27,27,27,27,27,30,27,30,27,27,27,27,27
Map_4256,591,121,59,59,542,349,34,34,34,34,34,34,34,34,34,34,37,34,37,34,37,34,37,34,37,34
Map_4257,611,328,85,85,101,76,53,56,53,56,53,56,56,56,56,56,53,32,53,32,53,32,53,32,53,32
Map_4258,114,209,29,29,29,30,29,28,29,28,29,28,29,29,29,29,29,28,41,28,41,28,29,28,29,28
Map_4259,637,477,131,130,232,229,103,120,103,120,103,120,120,120,120,120,57,71,57,71,57,71,94,74,77,74
Map_4260,11,42,8,8,8,8,8,8,8,8,8,8,8,8,8,8,8,8,8,8,8,8,8,8,8,8
Map_4261,154,151,18,18,18,26,18,18,18,18,18,18,18,18,18,18,16,16,22,16,28,16,16,16,16,16
Map_4262,13,21,6,6,6,6,6,6,6,6,6,6,6,6,6,6,12,6,12,6,12,6,6,6,6,6
Map_4263,510,112,25,25,25,22,20,21,20,21,20,21,47,21,47,21,21,21,21,22,21,22,21,21,21,21
Map_4264,15,84,28,16,12,11,16,15,16,15,16,15,16,15,16,15,11,12,18,12,18,12,14,12,14,15
Map_4265,654,355,373,572,359,124,115,111,115,111,115,111,295,355,295,355,105,60,110,60,110,60,105,104,105,366
Map_4266,48,117,12,12,12,12,12,12,12,12,12,12,12,12,12,12,12,12,12,12,12,12,12,12,12,12
Map_4267,515,186,17,11,11,14,14,14,14,14,14,14,14,14,14,14,14,14,14,14,14,14,14,14,14,14
Map_4268,19,177,28,19,87,27,19,19,19,19,19,19,19,19,19,19,15,19,29,19,29,17,15,19,15,19
Map_4269,559,343,37,37,203,37,103,37,103,37,103,37,37,37,37,37,115,37,154,37,154,37,89,37,89,37
Map_4270,15,414,15,14,15,15,14,14,14,14,14,14,14,14,14,14,14,14,14,14,14,14,14,14,14,14
Map_4271,171,197,104,102,104,103,82,82,82,82,82,82,95,95,95,95,74,73,75,73,75,73,73,73,73,73
Map_4272,14,172,13,12,13,24,16,12,16,12,16,12,12,12,12,12,16,12,16,12,16,12,16,12,16,12
Map_4273,538,318,20,20,20,22,20,20,20,20,20,20,20,20,20,20,25,20,25,20,25,20,20,20,20,20
Map_4274,503,190,15,15,15,15,11,15,11,15,11,15,11,15,11,15,11,11,11,11,11,11,11,11,11,11
Map_4275,68,111,29,28,29,31,22,22,22,22,22,22,22,22,22,22,22,22,22,22,22,22,22,22,22,22
Map_4276,78,118,30,30,30,33,30,30,30,30,30,30,30,30,30,30,30,30,30,30,30,30,30,30,30,30
Map_4277,603,264,44,44,44,98,44,38,44,38,44,38,44,44,44,44,44,38,44,38,44,38,44,38,44,38
Map_4278,58,129,48,48,48,64,59,50,59,50,59,50,59,50,59,50,35,46,35,35,35,35,35,46,35,46
Map_4279,220,450,72,75,35,170,41,63,41,63,41,63,41,67,41,67,28,28,29,28,30,28,28,28,28,28
Map_4280,567,415,54,54,54,54,91,94,91,94,91,94,90,94,90,94,91,54,91,54,94,54,91,54,91,54
Map_4281,24,62,35,38,35,36,19,42,19,42,19,42,19,42,19,42,19,19,19,19,19,19,19,23,19,23
Map_4282,584,176,182,571,129,357,46,128,46,128,46,128,45,314,45,314,45,45,45,45,45,45,45,84,45,84
Map_4283,14,331,13,13,13,24,14,13,14,13,14,13,14,13,14,13,13,13,11,11,11,11,13,13,13,13
Map_4284,30,319,27,25,27,30,17,17,17,17,17,17,17,17,17,17,17,17,17,17,17,17,17,17,17,17
Map_4285,23,36,13,13,13,15,13,13,13,13,13,13,13,13,13,13,13,13,13,13,17,13,13,13,13,13
Map_4286,274,347,12,12,12,16,12,12,12,12,12,12,12,12,12,12,13,10,13,10,13,10,13,10,13,10
Map_4287,526,381,483,412,485,532,414,450,443,450,443,450,296,296,296,296,34,34,34,34,34,34,34,34,34,34
Map_4288,600,161,35,35,31,35,35,35,31,35,31,35,35,35,35,35,24,20,24,20,24,20,24,27,24,27
Map_4289,29,193,22,22,21,22,21,21,21,21,21,21,21,21,21,21,23,21,23,22,23,22,23,21,21,21
Map_4290,8,110,7,7,7,7,7,7,7,7,7,7,7,7,7,7,7,7,7,7,7,7,7,7,7,7
Map_4291,26,50,33,33,33,36,33,30,33,30,33,30,33,30,33,30,24,24,24,24,24,24,24,30,24,30
Map_4292,573,120,46,46,79,72,58,50,58,50,58,50,58,50,58,50,24,35,24,35,24,35,24,35,24,35
Map_4293,558,429,174,166,168,171,144,44,144,44,144,44,173,44,173,44,85,44,85,44,85,44,134,44,134,44
Map_4294,526,143,26,26,43,26,26,22,26,22,26,22,26,22,26,22,31,22,31,22,31,22,31,22,31,22
Map_4295,84,198,30,30,30,30,30,31,30,31,30,31,27,27,27,27,30,27,30,27,30,27,30,27,30,27
Map_4296,24,198,14,14,14,17,14,14,14,14,14,14,14,14,14,14,14,14,14,14,14,14,14,14,14,14
Map_4297,39,99,16,15,16,16,11,11,11,11,11,11,11,11,11,11,11,11,11,11,11,11,11,11,11,11
Map_4298,48,356,21,21,21,214,23,23,23,23,23,23,23,23,23,23,17,17,17,17,17,17,17,17,17,17
Map_4299,7,249,7,7,7,13,7,7,7,7,7,7,7,7,7,7,7,7,7,7,7,7,7,7,7,7
Map_4300,23,334,24,23,24,24,57,23,57,23,57,23,55,23,55,23,32,23,32,23,32,23,32,23,32,23
Map_4301,53,504,22,22,19,57,22,23,22,23,22,23,22,23,22,23,30,20,30,20,30,20,26,20,26,20
Map_4302,215,228,20,20,20,25,19,20,19,20,19,20,19,20,19,20,25,19,25,19,25,19,19,19,19,19
Map_4303,83,431,44,27,65,125,33,27,33,27,33,27,27,27,27,27,34,27,34,27,34,27,34,27,33,27
Map_4304,588,393,519,366,575,410,256,65,256,65,256,65,367,65,367,65,200,202,202,137,202,137,205,210,205,245
Map_4305,39,219,30,30,39,25,25,25,25,25,25,25,25,25,25,25,25,25,25,25,25,25,25,25,25,25
Map_4306,13,41,14,14,14,13,14,13,14,13,14,13,13,13,13,13,13,13,13,13,13,13,13,13,14,13
Map_4307,16,285,14,14,14,20,20,14,20,14,20,14,20,14,20,14,16,14,16,16,16,16,20,14,20,14
Map_4308,338,300,49,49,49,49,44,39,44,39,44,39,44,39,44,39,35,39,35,39,35,39,31,39,31,39
Map_4309,478,349,58,58,58,94,65,162,66,162,66,162,155,155,55,55,70,54,70,54,74,55,85,54,85,54
Map_4310,101,107,30,28,30,37,30,28,30,28,30,28,28,28,28,28,29,28,29,28,29,28,29,28,29,28
Map_4311,9,15,8,8,8,9,7,7,7,7,7,7,7,7,7,7,7,7,7,7,7,7,7,7,7,7
Map_4312,20,268,16,16,16,14,10,10,10,10,10,10,10,10,10,10,10,10,10,10,10,10,10,10,10,10
Map_4313,161,464,29,26,29,29,23,21,23,21,23,21,42,42,42,42,29,32,29,32,29,32,21,39,18,39
Map_4314,60,193,30,30,30,22,21,21,21,21,21,21,21,21,21,21,48,21,48,21,48,21,21,21,21,21
Map_4315,14,168,15,15,15,15,14,14,14,14,14,14,14,14,14,14,14,14,14,14,14,14,14,14,14,14
Map_4316,482,255,28,28,55,28,28,54,28,54,28,54,28,54,28,54,28,28,28,28,28,28,28,28,28,28
Map_4317,13,26,9,9,9,14,9,9,9,9,9,9,9,9,9,9,9,9,9,9,9,9,9,9,9,9
Map_4318,91,171,35,35,50,38,35,35,35,35,35,35,35,35,35,35,20,20,20,20,20,20,20,20,20,20
Map_4319,624,186,353,353,23,388,242,242,242,242,242,242,242,367,317,367,84,23,24,23,24,23,86,23,86,23
Map_4320,115,118,55,49,72,64,49,49,49,49,49,49,49,49,49,49,106,41,106,41,106,41,66,40,66,40
Map_4321,580,204,31,25,25,29,26,25,26,25,26,25,25,25,25,25,26,25,26,25,26,25,26,25,26,25
Map_4322,86,401,62,62,62,62,33,35,33,35,33,35,33,35,33,35,33,33,33,33,33,33,33,33,33,33
Map_4323,6,99,6,6,6,6,6,6,6,6,6,6,6,6,6,6,6,6,6,6,6,6,6,6,6,6
Map_4324,15,222,19,13,19,11,11,11,11,11,11,11,11,11,11,11,11,11,11,11,11,11,11,11,11,11
Map_4325,244,157,29,26,47,29,29,26,29,26,29,26,26,26,26,26,26,26,26,26,26,26,26,26,26,26
Map_4326,549,564,46,45,46,249,45,45,45,45,45,45,45,45,45,45,53,45,79,45,79,45,53,45,53,45
Map_4327,505,324,95,98,28,75,31,31,31,31,31,31,31,31,31,31,29,19,29,19,29,19,29,19,29,19
Map_4328,38,294,30,30,30,26,33,24,33,24,33,24,33,24,33,24,30,24,30,24,30,24,33,24,33,24
Map_4329,58,80,14,12,12,14,12,12,12,12,12,12,12,12,12,12,12,12,12,12,12,12,12,12,12,12
Map_4330,26,516,26,26,26,37,17,21,17,21,17,21,17,21,17,21,17,21,17,21,17,21,17,21,17,21
Map_4331,538,81,32,32,32,140,32,28,32,28,32,28,32,28,32,28,20,20,20,20,20,20,20,20,20,20
Map_4332,653,266,600,335,600,154,88,88,88,88,88,88,91,115,115,115,82,88,84,88,82,90,88,88,88,88
Map_4333,641,425,104,104,104,108,93,122,93,122,93,122,122,122,122,122,80,94,80,109,80,109,94,118,94,122
Map_4334,28,252,24,23,24,48,23,23,23,24,23,24,23,23,23,23,22,22,23,22,23,22,22,23,23,23
Map_4335,331,111,13,13,13,13,13,13,13,13,13,13,13,13,13,13,13,13,13,13,13,13,13,13,13,13
Map_4336,7,125,7,7,7,7,7,7,7,7,7,7,7,7,7,7,7,7,7,7,7,7,7,7,7,7
Map_4337,269,402,50,56,50,63,50,56,50,56,50,56,56,56,56,56,59,50,61,50,54,50,59,50,59,56
Map_4338,581,170,92,92,75,30,17,17,17,17,17,17,17,17,17,17,17,17,17,17,17,17,17,17,17,17
Map_4339,19,216,16,16,16,16,16,16,16,16,16,16,16,16,16,16,16,13,16,13,16,13,16,13,13,13
Map_4340,550,258,31,31,31,31,31,31,31,31,31,31,31,31,31,31,20,20,20,20,20,20,20,20,20,20
Map_4341,16,58,10,10,10,10,10,10,10,10,10,10,10,10,10,10,10,10,10,10,10,10,10,10,10,10
Map_4342,413,450,100,100,101,51,50,38,50,38,50,38,50,38,50,38,48,38,48,38,48,38,45,38,45,38
Map_4343,502,567,23,23,23,21,23,23,23,23,23,23,23,23,23,23,15,15,15,15,15,15,15,15,15,15
Map_4344,284,158,10,10,10,10,10,10,10,10,10,10,10,10,10,10,10,10,10,10,10,10,10,10,10,10
Map_4345,54,322,32,32,32,70,32,32,32,32,32,32,32,32,32,32,26,25,26,25,26,25,26,25,26,25
Map_4346,639,453,343,81,343,487,26,26,26,26,26,26,26,26,26,26,61,26,61,26,61,26,26,26,26,26
Map_4347,21,216,21,21,21,44,21,21,21,21,21,21,21,21,21,21,30,21,30,21,30,21,30,21,30,21
Map_4348,498,179,185,44,326,197,94,96,94,96,94,96,39,39,39,39,28,71,28,70,28,70,28,39,28,39
Map_4349,11,24,11,11,11,11,11,11,11,11,11,11,11,11,11,11,14,11,14,11,14,11,11,11,11,11
Map_4350,55,266,25,26,31,30,20,20,20,20,20,20,20,20,20,20,20,20,24,20,24,20,20,20,20,20
Map_4351,626,509,531,570,536,419,140,186,140,186,140,186,140,186,140,186,55,45,55,45,55,45,55,45,55,45
Map_4352,152,95,43,41,43,43,41,41,41,41,41,41,41,41,41,41,41,41,41,41,41,41,41,41,41,41
Map_4353,390,228,43,43,36,33,34,32,34,32,34,32,32,32,32,32,33,32,33,33,33,33,34,32,34,32
Map_4354,50,95,23,22,23,22,22,22,22,22,22,22,22,22,22,22,22,22,22,22,22,22,22,22,23,22
Map_4355,5,12,5,5,5,7,5,5,5,5,5,5,5,5,5,5,5,5,5,5,5,5,5,5,5,5
Map_4356,13,276,13,13,13,13,13,13,13,13,13,13,13,13,13,13,13,11,13,11,13,11,13,11,13,11
Map_4357,10,24,10,10,10,10,10,10,10,10,10,10,10,10,10,10,10,9,10,9,10,9,10,9,10,9
Map_4358,12,375,13,13,13,13,12,12,12,12,12,12,12,12,12,12,12,12,12,12,12,12,12,12,12,12
Map_4359,36,305,17,17,17,21,17,15,17,15,17,15,17,15,17,15,17,15,17,15,17,15,17,15,17,15
Map_4360,6,15,6,6,6,7,6,6,6,6,6,6,6,6,6,6,6,6,6,6,6,6,6,6,6,6
Map_4361,29,115,8,8,8,8,8,8,8,8,8,8,8,8,8,8,8,8,8,8,8,8,8,8,8,8
Map_4362,143,72,46,46,46,47,46,46,46,46,46,46,46,46,46,46,46,46,49,46,49,46,46,46,46,46
Map_4363,24,71,22,22,22,28,23,21,23,21,23,21,23,25,23,25,23,21,23,19,23,19,23,21,23,21
Map_4364,399,96,62,62,63,57,40,40,40,40,40,40,40,40,40,40,55,40,55,49,50,49,55,40,55,40
Map_4365,617,238,38,38,39,38,39,38,36,38,36,38,39,45,39,45,36,38,35,35,35,35,36,38,36,38
Map_4366,12,106,10,10,10,10,10,10,10,10,10,10,10,10,10,10,10,10,10,10,10,10,10,10,10,10
Map_4367,591,229,213,215,355,301,180,143,180,143,180,143,260,143,187,143,68,54,83,54,83,54,68,55,68,55
Map_4368,29,204,16,16,18,24,16,16,16,16,16,16,16,16,16,16,16,16,16,16,16,16,16,16,16,16
Map_4369,19,235,46,22,46,35,22,22,22,22,22,22,22,22,22,22,18,20,18,18,18,18,20,22,20,22
Map_4370,40,32,9,9,9,21,9,9,9,9,9,9,9,9,9,9,9,9,9,9,9,9,9,9,9,9
Map_4371,570,202,37,37,37,60,37,37,37,37,37,37,37,37,37,37,37,37,37,37,37,37,37,37,37,37
Map_4372,6,13,6,6,6,6,6,6,6,6,6,6,6,6,6,6,6,6,8,6,8,6,6,6,6,6
Map_4373,15,119,14,14,12,14,14,12,14,12,14,12,14,12,14,12,14,12,14,12,14,12,14,12,14,12
Map_4374,600,313,459,461,92,143,138,136,138,136,138,136,178,151,178,151,56,56,99,56,99,56,56,56,56,56
Map_4375,273,330,42,39,36,39,37,45,37,45,37,45,38,45,39,45,33,32,40,32,40,32,32,32,32,32
Map_4376,540,386,414,406,451,404,281,120,281,120,281,120,181,130,181,130,45,45,45,45,45,45,45,45,45,45
Map_4377,472,267,8,8,8,8,8,8,8,8,8,8,8,8,8,8,8,8,8,8,8,8,8,8,8,8
Map_4378,468,567,99,297,99,55,91,91,91,91,91,91,138,138,138,138,55,91,55,55,55,55,91,91,91,91
Map_4379,12,385,12,12,12,14,9,9,9,9,9,9,9,9,9,9,9,9,10,9,10,9,9,9,9,9
Map_4380,19,121,18,18,18,27,18,18,18,18,18,18,18,18,18,18,18,15,18,15,18,15,18,15,18,15
Map_4381,11,59,10,10,10,13,10,10,10,10,10,10,10,10,10,10,10,9,10,9,10,9,10,9,10,9
Map_4382,7,120,7,7,7,7,7,7,7,7,7,7,7,7,7,7,7,7,7,7,7,7,7,7,7,7
Map_4383,601,300,62,62,122,264,49,49,49,49,49,49,49,49,49,49,50,49,50,49,50,49,49,49,49,49
Map_4384,573,597,43,40,43,51,40,40,40,40,40,40,40,40,40,40,42,40,42,40,42,40,40,40,40,40
Map_4385,107,445,42,42,42,65,80,58,80,58,80,58,79,72,79,72,52,58,52,56,52,56,52,58,52,58
Map_4386,538,175,31,31,28,35,31,31,31,31,31,31,31,31,31,31,31,31,31,31,31,31,31,31,31,31
Map_4387,634,409,197,550,197,330,291,131,291,131,291,131,82,82,82,82,43,36,47,36,47,36,43,132,43,130
Map_4388,162,232,49,54,49,92,49,49,42,49,42,49,49,49,54,54,42,42,79,42,59,42,42,48,42,48
Map_4389,558,180,137,111,137,39,116,19,116,19,116,19,111,19,111,19,25,38,25,38,25,38,38,19,38,19
Map_4390,322,236,123,69,98,40,28,28,28,28,28,28,28,28,28,28,32,28,32,28,32,28,32,28,32,28
Map_4391,221,371,112,195,297,486,53,53,53,53,53,53,53,53,53,53,44,28,41,28,41,28,43,28,43,28
Map_4392,583,594,173,114,243,147,235,342,235,342,235,342,235,437,235,346,32,233,32,32,32,32,152,487,152,351
Map_4393,537,290,251,489,523,385,252,280,252,280,252,280,194,258,194,258,106,90,106,91,106,91,103,90,236,90
Map_4394,620,361,64,48,199,67,37,37,37,37,37,37,37,37,37,37,37,37,37,37,37,37,37,37,37,37
Map_4395,293,216,59,59,56,59,75,75,75,75,75,75,84,81,84,81,38,35,38,35,38,35,35,35,35,35
Map_4396,106,275,10,10,10,10,10,10,10,10,10,10,10,10,10,10,10,10,10,10,10,10,10,10,10,10
Map_4397,37,540,10,10,10,10,10,10,10,10,10,10,10,10,10,10,10,10,10,10,10,10,10,10,10,10
Map_4398,40,148,23,23,23,29,29,23,29,23,29,23,29,23,29,23,29,23,29,23,29,23,29,23,29,23
Map_4399,44,232,24,24,24,65,49,21,49,21,49,21,49,49,49,49,18,18,21,18,21,18,18,18,18,18
Map_4400,70,139,49,54,49,40,37,34,33,29,33,29,37,33,42,37,24,33,24,32,24,32,24,33,24,29
Map_4401,24,121,15,12,15,15,12,12,12,12,12,12,12,12,12,12,12,12,12,12,12,12,12,12,12,12
Map_4402,57,129,17,17,17,18,17,18,17,18,17,18,17,18,17,18,19,18,19,18,19,18,17,18,17,18
Map_4403,19,264,18,15,18,18,15,19,15,19,15,19,15,19,15,19,18,15,17,15,17,15,15,15,15,15
Map_4404,26,65,13,13,13,47,13,13,13,13,13,13,13,13,13,13,15,13,15,13,15,13,15,13,13,13
Map_4405,163,248,128,128,128,173,151,349,151,349,151,349,247,358,247,360,39,72,43,72,43,72,39,59,36,118
Map_4406,274,85,26,24,26,33,24,20,24,20,24,20,24,24,24,24,24,20,24,20,24,20,22,20,22,22
Map_4407,202,160,45,45,45,53,90,90,90,90,90,90,133,133,133,133,49,48,49,48,49,48,48,48,94,83
Map_4408,16,45,17,17,17,17,17,16,17,16,17,16,16,16,16,16,27,16,30,16,30,16,27,16,27,16
Map_4409,614,102,42,33,42,149,33,24,33,24,33,24,33,24,33,24,20,20,20,20,20,20,24,20,24,24
Map_4410,7,69,7,7,7,7,7,7,7,7,7,7,7,7,7,7,7,7,7,7,7,7,7,7,7,7
Map_4411,111,132,34,34,34,55,32,34,32,34,32,34,32,34,32,34,29,29,29,29,29,29,29,29,29,29
Map_4412,419,269,20,20,41,20,20,20,20,20,20,20,20,20,20,20,20,20,20,20,20,20,20,20,20,20
Map_4413,628,459,264,251,268,502,156,238,156,273,156,273,175,384,175,384,142,139,140,121,140,115,159,171,234,194
Map_4414,80,332,29,29,29,71,25,25,25,25,25,25,25,25,25,25,21,25,23,25,23,25,21,25,21,25
Map_4415,308,335,262,262,262,104,213,210,213,210,213,210,218,235,218,244,20,17,20,17,20,17,20,17,20,17
Map_4416,587,376,43,43,196,62,42,41,42,41,42,41,42,41,42,41,42,41,51,41,51,41,42,41,42,41
Map_4417,124,183,44,44,44,88,68,39,68,39,68,39,68,39,66,39,52,30,52,30,52,30,52,30,52,30
Map_4418,56,145,76,76,76,59,77,72,77,72,77,72,73,72,72,72,28,28,28,28,28,28,28,28,28,28
Map_4419,401,321,83,42,42,202,18,18,18,18,18,18,18,18,18,18,18,18,18,18,18,18,18,18,18,18
Map_4420,11,399,27,12,12,29,11,11,11,11,11,11,11,11,11,11,27,9,27,9,27,9,9,9,9,9
Map_4421,40,377,14,14,14,26,14,14,14,14,14,14,14,14,14,14,14,14,14,14,14,14,14,14,14,14
Map_4422,14,109,14,14,14,14,14,14,14,14,14,14,14,14,14,14,14,14,14,14,14,14,14,14,14,14
Map_4423,517,142,84,84,84,107,26,26,26,26,26,26,26,26,26,26,26,26,26,26,26,26,26,26,26,26
Map_4424,33,100,26,26,26,26,26,26,26,26,26,26,26,26,26,26,26,26,26,26,26,26,26,26,26,26
Map_4425,518,132,75,52,65,33,52,52,52,52,52,52,52,52,52,52,26,52,22,52,22,52,26,52,26,52
Map_4426,153,128,42,42,42,62,22,22,22,22,22,22,22,22,22,22,22,22,22,22,22,22,22,22,22,22
Map_4427,591,475,53,78,53,106,53,53,53,53,53,53,78,78,78,78,36,78,38,46,38,46,36,78,36,78
Map_4428,31,129,23,22,23,28,23,22,23,22,23,22,22,22,22,22,23,22,25,23,25,23,23,22,23,22
Map_4429,42,381,14,14,33,14,12,12,12,12,12,12,12,12,12,12,14,12,14,12,14,12,12,12,12,12
Map_4430,640,260,20,20,20,20,20,20,20,20,20,20,32,21,32,21,20,16,20,16,20,16,20,16,20,16
Map_4431,397,294,10,10,10,10,10,10,10,10,10,10,10,10,10,10,10,10,10,10,10,10,10,10,10,10
Map_4432,117,215,27,27,56,29,28,28,28,28,28,28,28,28,28,28,30,27,30,27,47,27,30,27,30,27
Map_4433,606,424,533,509,385,52,440,71,440,71,440,71,440,61,440,61,58,34,58,34,64,34,43,71,43,71
Map_4434,5,22,5,5,5,6,5,5,5,5,5,5,5,5,5,5,5,5,5,5,5,5,5,5,5,5
Map_4435,548,495,53,53,53,186,61,52,61,52,61,52,61,52,61,52,115,52,115,52,115,52,54,52,61,52
Map_4436,461,170,31,31,31,33,31,31,31,31,31,31,31,31,31,31,38,31,38,31,38,31,31,31,31,31
Map_4437,538,298,93,93,93,280,93,93,93,93,93,93,93,93,93,93,52,54,52,54,52,54,54,54,54,54
Map_4438,471,408,94,139,81,40,40,40,41,40,41,40,40,40,40,40,51,40,51,40,51,40,51,40,41,40
Map_4439,63,205,66,66,121,53,32,43,32,43,32,43,32,43,32,43,32,37,32,37,32,37,32,37,32,37
Map_4440,22,197,22,22,22,22,19,19,19,19,19,19,19,19,19,19,17,17,17,17,17,17,17,17,17,17
Map_4441,640,345,26,26,26,74,21,20,21,20,21,20,21,20,20,20,21,20,21,20,21,20,21,20,21,20
Map_4442,603,280,439,145,439,90,133,295,133,295,133,295,133,294,267,268,74,76,81,76,81,76,74,81,80,81
Map_4443,32,51,17,17,33,17,17,17,17,17,17,17,17,17,17,17,17,17,17,19,17,19,17,17,17,17
Map_4444,526,395,110,110,115,97,33,33,33,33,33,33,33,33,33,33,33,33,33,33,33,33,33,33,33,33
Map_4445,9,247,9,9,9,9,7,7,7,7,7,7,7,7,7,7,7,7,7,7,7,7,7,7,7,7
Map_4446,386,310,123,83,105,185,94,79,94,79,94,79,94,79,94,79,66,66,55,66,55,66,57,66,57,66
Map_4447,202,331,18,18,19,58,18,18,19,18,19,18,18,18,18,18,25,18,25,18,25,20,19,18,19,18
Map_4448,20,96,22,22,22,22,18,18,18,18,18,18,18,18,18,18,18,18,19,18,19,18,18,18,18,18
Map_4449,63,124,41,126,41,41,52,39,52,39,52,39,52,54,52,54,23,36,23,23,23,23,23,52,33,52
Map_4450,166,214,25,25,25,30,25,25,25,25,25,25,25,25,25,25,25,25,25,25,25,25,25,25,25,25
Map_4451,312,198,59,56,59,85,180,329,180,329,180,329,328,329,328,329,45,45,45,45,45,45,45,45,45,45
Map_4452,30,71,39,36,39,37,30,36,30,36,30,36,36,36,36,36,30,34,30,34,30,34,30,34,30,36
Map_4453,604,146,116,116,390,355,38,42,38,42,38,42,38,42,38,42,38,32,38,32,38,32,38,32,38,32
Map_4454,559,321,148,147,195,244,55,55,55,55,55,55,55,55,55,55,59,44,53,45,53,45,60,44,60,44
Map_4455,6,82,6,6,6,6,6,6,6,6,6,6,6,6,6,6,6,6,6,6,6,6,6,6,6,6
Map_4456,113,517,35,34,75,35,35,34,62,34,62,34,34,34,34,34,67,32,67,32,67,32,32,34,32,34
Map_4457,14,223,14,13,14,12,12,12,12,12,12,12,12,12,12,12,12,12,12,12,12,12,12,12,12,12
Map_4458,543,251,31,31,176,59,31,31,31,31,31,31,31,31,31,31,29,23,29,23,29,23,28,23,28,23
Map_4459,12,100,11,8,9,11,9,8,9,8,9,8,8,8,8,8,9,8,9,8,9,8,9,8,9,8
Map_4460,113,246,46,194,50,46,20,20,20,20,20,20,20,20,20,20,20,20,20,20,20,20,20,20,20,20
Map_4461,276,188,60,60,60,158,43,43,43,43,43,43,43,43,43,43,43,43,43,43,43,43,43,43,43,43
Map_4462,522,221,69,59,64,69,64,59,64,59,64,59,59,59,59,59,26,34,26,34,26,34,26,59,26,59
Map_4463,9,420,9,9,9,9,9,9,9,9,9,9,9,9,9,9,10,9,10,9,12,9,10,9,10,9
Map_4464,545,374,23,23,23,23,23,22,23,23,23,23,23,22,23,22,20,19,20,19,20,19,23,22,23,22
Map_4465,12,27,10,10,10,17,12,10,12,10,12,10,12,10,12,10,12,10,12,10,12,10,12,10,12,10
Map_4466,103,69,34,34,38,36,34,34,34,34,34,34,34,34,34,34,33,26,33,36,33,36,34,34,34,34
Map_4467,7,18,7,7,7,7,7,7,7,7,7,7,7,7,7,7,7,7,7,7,7,7,7,7,7,7
Map_4468,47,89,47,47,49,47,41,40,41,40,41,40,40,40,40,40,39,40,39,40,39,40,39,40,39,40
Map_4469,346,285,9,9,9,9,9,9,9,9,9,9,9,9,9,9,9,9,9,9,9,9,9,9,9,9
Map_4470,517,528,108,103,109,107,52,52,52,52,52,52,52,52,52,52,57,52,95,52,95,52,68,52,68,52
Map_4471,117,105,52,52,266,47,52,18,52,18,52,18,52,18,52,18,34,18,40,18,40,18,34,18,34,18
Map_4472,83,271,13,13,13,13,13,13,13,13,13,13,13,13,13,13,13,13,13,13,13,13,13,13,13,13
Map_4473,5,17,5,5,5,5,5,5,5,5,5,5,5,5,5,5,5,5,5,5,5,5,5,5,5,5
Map_4474,47,315,18,18,18,41,18,18,18,18,18,18,18,18,18,18,18,18,18,18,18,18,18,18,18,18
Map_4475,186,144,36,36,36,226,58,36,58,36,58,36,36,36,36,36,48,36,51,36,51,36,48,36,48,36
Map_4476,10,353,10,10,10,10,10,10,10,10,10,10,10,10,10,10,12,10,12,10,12,10,10,10,10,10
Map_4477,583,223,46,46,46,47,35,35,35,35,35,35,35,35,35,35,35,44,35,44,48,44,35,44,35,44
Map_4478,28,48,18,18,18,19,17,17,17,17,17,17,17,17,17,17,19,17,19,17,19,17,17,17,17,17
Map_4479,17,53,11,11,11,11,11,11,11,11,11,11,11,11,11,11,11,11,11,11,11,11,11,11,11,11
Map_4480,11,155,8,8,8,8,8,8,8,8,8,8,8,8,8,8,8,8,8,8,8,8,8,8,8,8
Map_4481,358,101,13,13,13,15,13,13,13,13,13,13,13,13,13,13,13,13,13,14,13,14,13,13,13,13
Map_4482,52,159,20,20,24,20,20,20,20,20,20,20,20,20,20,20,20,20,20,20,20,20,20,20,20,20
Map_4483,45,294,23,23,23,23,23,23,23,23,23,23,23,23,23,23,31,23,31,23,31,23,31,23,29,23
Map_4484,388,181,25,25,25,25,66,50,66,50,66,50,66,50,66,50,30,18,43,18,43,18,18,18,18,18
Map_4485,609,229,160,99,160,272,69,72,69,72,69,72,69,72,69,72,23,23,23,23,25,23,23,23,23,23
Map_4486,553,87,176,156,176,45,50,50,50,50,50,50,50,50,50,50,50,37,46,38,46,38,61,37,59,37
Map_4487,17,37,17,17,17,17,15,15,15,15,15,15,15,15,15,15,15,15,15,15,15,15,15,15,15,15
Map_4488,163,145,384,159,372,214,83,48,83,48,83,48,84,48,84,48,68,48,68,45,68,45,68,48,68,48
Map_4489,452,341,35,35,35,242,35,35,35,35,35,35,35,35,35,35,28,28,53,28,53,28,28,28,28,28
Map_4490,602,241,283,278,458,251,185,168,185,168,185,168,190,212,190,212,161,185,182,184,182,160,182,188,169,168
Map_4491,293,144,43,43,43,43,25,24,25,24,25,24,25,24,25,24,19,24,19,24,19,24,19,24,19,24
Map_4492,5,481,5,5,5,9,5,5,5,5,5,5,5,5,5,5,5,5,5,5,5,5,5,5,5,5
Map_4493,116,125,37,37,37,105,58,38,58,38,58,38,58,38,58,38,38,37,38,37,38,37,38,37,38,37
Map_4494,104,326,19,19,19,22,19,23,19,23,19,23,19,23,19,23,19,19,21,19,21,19,19,19,19,19
Map_4495,12,373,12,12,12,12,12,10,12,10,12,10,10,10,10,10,12,10,12,10,12,10,12,10,12,10
Map_4496,116,185,95,95,109,53,49,55,49,54,49,54,49,55,49,55,49,48,49,48,49,48,49,48,49,48
Map_4497,203,105,22,22,22,22,22,20,22,20,22,20,22,20,22,20,23,20,23,20,23,20,23,20,23,20
Map_4498,491,476,300,185,152,175,182,170,182,170,182,170,151,142,151,142,119,221,119,110,119,110,272,142,135,170
Map_4499,125,105,43,42,44,58,42,42,42,45,42,45,42,42,42,42,42,40,42,40,42,40,42,40,42,40
Map_4500,148,167,95,95,95,116,65,90,65,90,65,90,110,110,110,110,54,46,54,46,63,46,54,51,54,51
Map_4501,134,206,199,213,226,91,145,197,145,197,145,197,145,197,145,197,112,56,86,56,86,56,82,56,82,56
Map_4502,609,456,51,51,149,53,51,51,51,51,51,51,51,51,51,51,33,30,33,30,33,30,30,51,30,51
Map_4503,557,251,41,41,41,41,40,42,40,42,40,42,40,49,40,49,40,42,40,38,40,38,40,42,40,42
Map_4504,29,42,33,33,33,45,33,36,33,36,33,36,33,36,33,36,29,27,29,27,29,27,29,29,29,29
Map_4505,119,437,41,41,62,43,41,36,41,36,41,36,41,36,41,50,37,32,37,32,37,32,37,32,37,32
Map_4506,383,210,24,23,24,34,28,23,28,23,28,23,27,23,27,23,22,23,22,23,22,23,22,23,22,23
Map_4507,11,95,11,11,11,11,10,11,10,11,10,11,11,11,11,11,10,10,12,10,12,10,10,10,10,10
Map_4508,47,76,16,16,16,14,12,12,12,12,12,12,12,12,12,12,14,12,14,12,14,12,12,12,12,12
Map_4509,64,220,22,22,22,22,22,22,22,22,22,22,22,22,22,22,22,22,22,22,22,22,22,22,22,22
Map_4510,479,178,104,48,104,164,40,43,40,43,40,43,40,43,40,43,37,40,37,40,37,40,37,40,37,40
Map_4511,554,339,276,116,117,100,91,32,91,32,91,32,90,32,167,32,32,32,32,32,32,32,32,32,32,32
Map_4512,18,127,16,16,15,18,15,15,15,15,15,15,15,15,15,15,15,15,15,15,15,15,15,15,15,15
Map_4513,37,59,28,28,28,28,28,28,28,28,28,28,28,28,28,28,28,23,28,23,28,23,28,23,28,23
Map_4514,43,107,32,32,39,32,32,31,32,31,32,31,32,31,31,31,27,21,27,21,27,21,27,21,27,21
Map_4515,47,315,34,33,76,35,29,29,29,29,29,29,29,29,29,29,30,29,29,29,29,29,30,29,29,29
Map_4516,387,301,441,253,415,36,28,28,28,28,28,28,28,28,28,28,30,28,30,28,30,28,30,28,30,28
Map_4517,388,296,29,29,29,29,29,43,29,43,29,43,29,43,29,43,34,29,34,29,34,29,34,29,34,29
Map_4518,542,305,93,96,93,95,70,93,70,93,70,93,96,96,96,96,92,70,92,70,92,70,92,93,30,93
Map_4519,627,267,174,566,142,131,53,54,53,54,53,54,53,54,53,54,33,29,33,29,33,29,29,29,29,32
Map_4520,14,56,11,11,10,13,10,10,10,10,10,10,10,10,10,10,10,10,10,10,10,10,10,10,10,10
Map_4521,148,530,29,29,30,29,29,29,29,29,29,29,29,29,29,29,31,29,33,31,33,31,31,29,31,29
Map_4522,4,152,4,4,4,4,4,4,4,4,4,4,4,4,4,4,4,4,4,4,4,4,4,4,4,4
Map_4523,472,302,348,345,338,314,59,151,59,151,59,151,59,190,59,190,44,41,47,41,47,41,44,41,44,41
Map_4524,581,222,30,30,30,30,30,30,30,30,30,30,30,30,30,30,24,56,24,55,24,71,24,56,24,62
Map_4525,174,482,27,27,27,28,25,25,25,25,25,25,25,25,25,25,26,25,26,25,26,25,25,25,25,25
Map_4526,12,244,16,11,16,21,12,12,12,12,12,12,12,12,12,12,15,12,15,12,15,12,12,12,12,12
Map_4527,8,79,8,8,8,11,8,8,8,8,8,8,8,8,8,8,8,8,8,8,8,8,8,8,8,8
Map_4528,19,34,10,10,10,15,10,10,10,10,10,10,10,10,10,10,10,10,10,10,10,10,10,10,10,10
Map_4529,584,324,115,114,115,155,115,118,115,118,115,118,114,117,114,117,110,115,74,115,74,73,115,115,115,115
Map_4530,366,59,32,32,57,44,32,32,32,32,32,32,32,32,32,32,16,16,16,16,16,16,16,16,16,16
Map_4531,544,518,288,358,342,185,95,126,95,126,95,126,97,97,97,97,95,93,94,93,94,85,97,93,97,93
Map_4532,328,279,51,65,62,51,69,63,69,63,69,63,69,65,69,65,69,48,72,50,72,50,69,68,69,68
Map_4533,634,463,364,480,567,499,410,399,410,399,410,399,411,411,411,411,57,55,57,55,57,55,57,55,57,55
Map_4534,537,273,43,43,43,43,43,43,43,43,43,43,43,43,43,43,43,43,43,43,43,43,43,43,43,43
Map_4535,168,113,58,55,41,46,55,55,58,46,58,46,56,56,56,56,40,27,38,27,38,27,45,27,45,27
Map_4536,33,186,17,17,17,17,17,21,17,21,17,21,17,21,17,21,17,17,17,17,17,17,17,20,17,20
Map_4537,173,94,64,70,64,35,59,70,59,70,59,70,70,70,70,70,15,15,15,15,15,15,15,15,15,15
Map_4538,257,192,38,38,38,83,37,15,37,15,37,15,37,15,37,15,38,15,38,15,38,15,36,15,36,15
Map_4539,219,196,81,81,123,91,81,80,81,80,81,80,80,80,80,80,26,26,35,26,35,26,26,26,26,26
Map_4540,545,305,39,38,39,133,38,116,38,116,38,116,38,116,38,116,38,37,38,37,38,37,38,37,38,37
Map_4541,50,171,16,16,16,16,16,16,16,16,16,16,16,16,16,16,16,16,16,16,16,16,16,16,16,16
Map_4542,593,287,31,31,32,166,30,31,30,31,30,31,30,31,32,32,30,30,30,30,30,30,30,30,30,30
Map_4543,273,149,22,22,29,22,22,22,22,22,22,22,22,22,22,22,21,21,21,21,21,21,21,21,21,21
Map_4544,37,92,20,20,30,29,20,17,20,17,20,17,20,17,20,17,20,17,20,17,20,17,20,17,20,17
Map_4545,437,575,26,26,26,26,26,28,26,28,26,28,26,28,26,28,26,26,26,26,26,26,26,26,26,26
Map_4546,405,426,25,25,26,25,25,26,25,26,25,26,25,26,25,26,25,26,27,26,27,26,25,26,25,26
Map_4547,540,114,49,23,49,25,22,22,22,22,22,22,22,22,22,22,19,19,19,19,19,19,19,19,19,19
Map_4548,24,79,20,20,21,16,12,11,12,11,12,11,11,11,11,11,12,12,12,12,12,12,12,11,12,11
Map_4549,19,52,11,11,11,13,11,11,11,11,11,11,11,11,11,11,11,11,13,11,13,11,11,11,11,11
Map_4550,487,193,17,17,17,18,14,14,14,14,14,14,14,14,14,14,14,14,14,14,14,14,14,14,14,14
Map_4551,15,91,19,19,19,19,15,15,15,15,15,15,15,15,15,15,15,15,15,15,15,15,15,15,15,15
Map_4552,556,360,86,86,75,265,104,146,104,146,104,146,146,146,146,146,67,76,67,83,67,83,67,76,67,76
Map_4553,56,79,20,20,20,21,21,21,21,21,21,21,21,21,21,21,20,21,20,20,23,20,20,21,20,21
Map_4554,644,461,607,606,598,555,545,183,545,183,545,183,598,180,598,180,409,112,410,112,410,112,424,112,431,112
Map_4555,489,328,58,58,111,24,58,58,15,15,15,15,58,58,58,58,17,15,17,15,17,15,17,15,17,15
Map_4556,508,208,158,224,266,132,29,29,29,29,29,29,29,29,29,29,29,29,29,29,29,29,29,29,29,29
Map_4557,283,247,23,21,23,23,23,20,23,20,23,20,21,20,21,20,21,20,21,20,21,20,21,20,21,20
Map_4558,9,339,9,9,9,9,9,9,9,9,9,9,9,9,9,9,9,9,9,9,9,9,9,9,9,9
Map_4559,16,53,16,16,16,16,16,16,16,16,16,16,16,16,16,16,16,16,16,16,16,16,16,16,16,16
Map_4560,17,227,17,17,17,20,16,16,16,16,16,16,16,16,16,16,17,16,17,16,17,16,17,16,16,16
Map_4561,468,260,115,30,76,162,34,30,34,30,34,30,34,30,34,30,30,30,30,30,30,30,30,30,30,30
Map_4562,5,155,5,5,5,5,5,5,5,5,5,5,5,5,5,5,5,5,5,5,5,5,5,5,5,5
Map_4563,27,301,9,9,9,18,9,9,9,9,9,9,9,9,9,9,11,9,11,9,11,9,11,9,9,9
Map_4564,342,245,101,101,101,82,95,68,95,68,95,68,95,151,95,164,39,76,39,55,39,55,39,76,39,76
Map_4565,8,313,5,5,5,5,5,5,5,5,5,5,5,5,5,5,5,5,5,5,5,5,5,5,5,5
Map_4566,122,57,15,15,15,15,15,15,15,15,15,15,15,15,15,15,20,15,20,15,20,15,20,15,20,15
Map_4567,24,78,27,27,27,24,20,20,20,20,20,20,20,20,20,20,20,20,20,20,20,20,20,20,20,20
Map_4568,596,145,15,15,15,26,15,15,15,15,15,15,15,15,15,15,15,15,18,15,18,15,15,15,15,15
Map_4569,240,141,25,25,25,25,20,25,20,25,20,25,20,25,20,25,20,20,20,20,20,20,20,20,20,20
Map_4570,10,568,10,9,10,29,10,10,10,10,10,10,10,10,10,10,10,10,10,10,10,10,10,10,10,10
Map_4571,5,21,12,5,5,17,5,5,5,5,5,5,5,5,5,5,5,5,5,5,5,5,5,5,5,5
Map_4572,13,353,30,20,27,19,17,18,17,18,17,18,17,18,17,18,20,17,20,17,20,17,17,17,17,17
Map_4573,245,370,40,40,40,63,40,40,40,40,40,40,40,40,40,40,27,25,27,25,27,25,25,25,25,25
Map_4574,35,74,39,39,34,50,32,31,32,31,32,31,32,31,32,31,31,31,31,31,31,31,31,31,31,31
Map_4575,296,126,134,207,143,180,109,110,109,110,109,110,104,104,104,104,50,59,55,59,55,59,50,104,50,104
Map_4576,593,324,40,36,40,38,35,35,35,35,35,35,35,35,35,35,35,21,56,21,56,21,35,21,35,21
Map_4577,11,23,11,11,11,11,11,11,11,11,11,11,11,11,11,11,14,11,14,11,14,11,11,11,11,11
Map_4578,55,213,29,29,29,38,38,29,38,29,38,29,29,29,29,29,29,29,31,29,31,29,29,29,29,29
Map_4579,9,19,9,9,9,12,10,9,10,9,10,9,9,9,9,9,9,9,9,9,9,9,9,9,9,9
Map_4580,97,171,62,62,34,65,33,33,33,33,33,33,33,33,33,33,41,33,40,33,40,33,41,33,41,33
Map_4581,462,474,50,51,120,65,51,87,51,87,51,87,51,87,51,87,56,41,56,41,56,41,41,45,41,45
Map_4582,249,229,43,43,70,38,39,42,39,42,39,42,42,42,42,42,34,31,39,31,39,31,31,31,31,42
Map_4583,12,226,10,10,10,11,10,10,10,10,10,10,10,10,10,10,10,10,10,10,10,10,10,10,10,10
Map_4584,64,279,65,81,65,65,61,43,61,43,61,43,43,36,36,36,49,34,37,34,44,34,43,34,43,34
Map_4585,18,184,17,17,17,31,17,14,17,14,17,14,17,14,17,16,14,14,17,14,17,14,14,14,17,14
Map_4586,648,460,355,355,469,315,105,105,105,105,105,105,105,105,105,105,105,75,297,75,313,75,105,75,105,75
Map_4587,287,358,19,19,53,19,19,26,19,26,19,26,19,47,19,47,19,19,19,19,19,19,19,19,19,19
Map_4588,92,370,18,18,18,18,18,18,18,18,18,18,18,18,18,18,14,13,14,13,14,13,14,13,14,13
Map_4589,519,87,19,19,19,20,20,19,20,19,20,19,21,19,21,19,20,20,20,20,20,20,20,21,20,19
Map_4590,284,193,74,74,74,89,74,74,74,74,74,74,74,74,74,74,127,74,127,70,127,70,209,74,209,74
Map_4591,63,174,30,30,30,30,30,30,30,30,30,30,30,30,30,30,37,30,37,30,37,30,37,30,37,30
Map_4592,24,81,12,12,12,12,12,12,12,12,12,12,12,12,12,12,12,12,12,12,12,12,12,12,12,12
Map_4593,83,234,81,81,81,346,47,47,47,47,47,47,47,47,47,47,49,39,49,39,49,39,47,39,47,47
Map_4594,19,206,10,10,10,10,10,10,10,10,10,10,10,10,10,10,10,10,10,10,10,10,10,10,10,10
Map_4595,616,250,399,424,470,366,55,129,55,129,55,129,129,129,129,129,28,53,28,28,28,28,28,53,28,100
Map_4596,426,138,112,111,231,108,64,66,64,66,64,66,64,127,127,127,22,22,22,22,22,22,22,22,22,22
Map_4597,545,167,47,41,41,109,41,41,41,41,41,41,41,41,41,41,44,41,44,41,44,41,44,41,41,41
Map_4598,26,115,15,15,15,15,15,16,15,16,15,16,15,16,15,16,15,15,15,15,15,15,15,15,15,15
Map_4599,47,62,38,38,38,44,40,28,40,28,40,28,40,37,40,37,28,28,37,28,37,28,28,28,40,28
Map_4600,407,297,264,163,305,303,94,185,94,185,94,185,94,167,94,167,94,94,68,94,68,94,94,94,94,94
Map_4601,621,390,50,44,50,50,34,34,34,34,34,34,34,34,34,34,34,33,34,33,34,33,34,33,34,33
Map_4602,9,74,9,9,9,9,9,9,9,9,9,9,9,9,9,9,9,9,9,9,9,9,9,9,9,9
Map_4603,304,72,12,12,12,12,12,12,12,12,12,12,12,12,12,12,12,12,12,12,12,12,12,12,12,12
Map_4604,416,226,51,51,51,95,60,60,60,60,60,60,68,69,68,69,76,59,76,66,76,66,76,59,60,59
Map_4605,595,313,324,438,383,449,61,74,61,74,61,74,61,74,61,74,60,55,60,55,60,55,60,55,60,55
Map_4606,549,559,71,59,107,107,71,42,71,42,71,42,59,59,59,59,51,38,51,38,51,38,49,38,49,38
Map_4607,14,295,11,11,11,24,11,11,11,11,11,11,11,11,11,11,11,11,11,11,11,11,11,11,11,11
Map_4608,279,106,67,63,63,34,55,55,55,55,55,55,55,55,55,55,40,33,40,33,40,33,40,33,40,46
Map_4609,25,146,16,16,16,16,16,16,16,16,16,16,16,16,16,16,16,16,16,16,16,16,16,16,16,16
Map_4610,20,319,20,20,20,13,13,20,13,20,13,20,13,20,13,20,13,13,13,13,13,13,13,20,13,20
Map_4611,100,118,72,71,71,87,58,69,58,69,58,69,58,69,58,69,46,48,46,48,46,48,69,48,69,48
Map_4612,22,38,17,16,17,21,16,13,16,13,16,13,16,13,16,13,15,13,15,13,15,13,15,13,15,13
Map_4613,239,115,22,22,22,70,22,22,22,22,22,22,22,22,22,22,22,16,22,16,22,16,22,22,22,22
Map_4614,252,444,34,34,34,23,26,22,26,22,26,22,26,22,26,22,23,22,23,22,23,22,23,22,23,22
Map_4615,555,392,25,23,25,25,20,14,20,14,20,14,14,14,14,14,14,14,14,14,14,14,14,14,14,14
Map_4616,614,227,312,312,236,533,55,296,55,296,55,296,55,292,55,292,65,67,65,67,65,67,65,67,63,67
Map_4617,585,337,58,58,28,74,68,150,68,150,68,150,183,183,197,197,49,22,55,22,55,22,46,22,46,22
Map_4618,407,299,74,68,21,74,50,21,50,21,50,21,49,21,49,21,55,21,55,21,55,21,55,21,55,21
Map_4619,20,97,18,18,18,19,18,18,18,18,18,18,18,18,18,18,44,18,39,18,39,18,42,18,42,18
Map_4620,32,258,25,21,22,25,25,21,25,21,25,21,25,21,25,21,23,21,23,21,23,21,23,21,23,21
Map_4621,8,51,5,5,5,5,5,5,5,5,5,5,5,5,5,5,5,5,5,5,5,5,5,5,5,5
Map_4622,553,349,26,26,27,31,26,26,26,26,26,26,30,30,30,30,52,26,50,26,50,26,49,26,49,26
Map_4623,466,287,20,20,20,94,20,20,20,20,20,20,20,20,20,20,20,20,20,20,20,20,20,20,20,20
Map_4624,12,72,10,10,10,10,10,10,10,10,10,10,10,10,10,10,10,10,10,10,10,10,10,10,10,10
Map_4625,10,67,10,10,10,10,10,10,10,10,10,10,10,10,10,10,10,10,10,10,10,10,10,10,10,10
Map_4626,7,133,7,7,7,7,7,7,7,7,7,7,7,7,7,7,10,7,10,7,10,7,10,7,10,7
Map_4627,30,64,23,19,23,30,23,19,23,19,23,19,19,19,19,19,23,19,23,19,23,19,23,19,23,19
Map_4628,19,212,29,27,400,29,30,19,30,19,30,19,28,19,28,19,30,18,41,18,41,18,30,18,30,18
Map_4629,231,224,39,96,47,39,31,38,31,38,31,38,31,38,33,80,32,31,32,31,32,31,31,33,31,33
Map_4630,16,91,17,17,17,17,17,16,17,16,17,16,16,16,16,16,17,16,17,16,17,16,17,16,17,16
Map_4631,18,147,11,11,11,11,11,11,11,11,11,11,11,11,11,11,11,11,11,11,11,11,11,11,11,11
Map_4632,107,59,20,20,26,20,20,20,20,20,20,20,20,20,20,20,34,20,34,20,34,20,34,20,34,20
Map_4633,383,215,25,25,34,28,26,26,26,26,26,26,26,26,26,26,26,25,26,25,26,25,26,25,26,25
Map_4634,487,171,79,76,152,71,71,79,71,79,71,79,73,76,73,76,71,42,71,42,71,42,71,49,71,49
Map_4635,388,158,53,52,48,337,66,66,66,66,66,66,66,76,76,76,68,66,71,66,71,66,66,66,66,66
Map_4636,513,190,355,261,297,118,71,30,71,30,71,30,70,86,69,86,56,30,56,30,56,30,56,30,59,30
Map_4637,33,100,45,43,40,45,33,33,33,33,33,33,33,33,33,33,33,33,36,33,36,33,33,33,33,33
Map_4638,48,357,36,36,36,43,36,36,36,36,36,36,36,36,36,36,34,36,34,37,34,37,34,36,34,36
Map_4639,186,207,54,54,54,60,70,59,70,59,70,59,74,59,74,73,65,51,65,51,65,51,65,51,63,51
Map_4640,592,237,22,22,22,12,12,12,12,12,12,12,12,12,12,12,12,12,12,12,12,12,12,12,12,12
Map_4641,53,291,41,47,46,41,33,47,33,47,33,47,47,47,47,47,35,38,35,26,35,26,33,38,33,38
Map_4642,648,535,610,610,453,559,550,569,550,569,550,569,536,565,536,565,412,402,394,390,394,390,487,412,489,412
Map_4643,581,98,22,22,22,32,21,21,21,21,21,21,21,21,21,21,19,21,19,19,19,19,21,21,21,21
Map_4644,6,17,6,6,6,11,6,6,6,6,6,6,6,6,6,6,6,6,6,6,6,6,6,6,6,6
Map_4645,230,175,163,277,228,46,46,46,46,46,46,46,46,46,46,46,46,46,44,46,44,46,46,46,46,46
Map_4646,231,308,61,61,47,95,78,78,78,78,78,78,78,78,78,78,36,78,36,27,36,27,36,78,36,78
Map_4647,60,505,29,29,29,29,29,29,29,29,29,29,29,29,29,29,30,29,30,29,30,29,30,29,30,29
Map_4648,6,35,6,6,6,6,5,5,5,5,5,5,5,5,5,5,6,5,6,5,6,5,5,5,5,5
Map_4649,30,93,19,18,19,19,18,18,18,18,18,18,18,18,18,18,19,18,19,18,19,18,18,18,18,18
Map_4650,594,289,467,431,501,573,450,451,448,451,448,451,451,451,508,508,75,20,73,20,73,20,73,20,73,20
Map_4651,14,68,14,14,14,17,14,14,14,14,14,14,14,14,14,14,14,14,14,14,14,14,14,14,14,14
Map_4652,10,226,10,10,10,10,10,10,10,10,10,10,10,10,10,10,10,10,10,10,10,10,10,10,10,10
Map_4653,123,95,39,39,39,70,38,40,38,40,38,40,38,40,38,40,50,28,146,28,146,28,38,28,38,28
Map_4654,156,90,34,34,34,38,17,17,17,17,17,17,17,17,17,17,17,17,17,17,17,17,17,17,17,24
Map_4655,218,152,49,51,49,73,45,32,45,32,45,32,51,36,56,36,33,23,34,23,34,23,31,27,31,28
Map_4656,112,60,39,39,39,29,37,29,37,29,37,29,37,29,37,29,28,26,28,26,28,26,28,26,28,26
Map_4657,23,247,24,24,24,33,23,17,23,17,23,17,22,17,22,17,18,17,18,17,18,17,18,17,23,17
Map_4658,417,222,17,17,17,18,17,17,17,17,17,17,17,17,17,17,15,14,15,14,15,14,15,14,15,14
Map_4659,532,472,443,474,485,455,42,42,42,42,42,42,42,42,42,42,43,42,47,42,47,42,42,58,42,58
Map_4660,12,42,10,10,10,10,10,10,10,10,10,10,10,10,10,10,10,10,10,10,10,10,10,10,10,10
Map_4661,383,69,18,18,18,35,18,18,18,18,18,18,18,18,18,18,30,18,30,18,30,18,18,18,18,18
Map_4662,270,436,45,45,45,159,45,44,45,44,45,44,44,44,44,44,45,42,45,42,45,42,45,42,45,42
Map_4663,615,91,32,32,42,50,25,25,25,25,25,25,25,25,25,25,25,25,25,25,25,25,25,25,25,25
Map_4664,8,12,8,8,8,9,8,8,8,8,8,8,8,8,8,8,8,8,8,8,8,8,8,8,8,8
Map_4665,479,267,14,14,14,14,14,14,14,14,14,14,14,14,14,14,14,14,14,14,14,14,14,14,14,14
Map_4666,8,65,9,9,9,9,9,9,9,9,9,9,9,9,9,9,9,9,9,9,9,9,9,9,9,9
Map_4667,250,375,110,110,107,88,119,129,119,129,119,129,129,155,155,155,72,57,70,57,70,57,72,60,72,60
Map_4668,16,380,18,18,18,16,12,12,12,12,12,12,12,12,12,12,12,12,12,12,12,12,12,12,12,12
Map_4669,487,150,63,63,63,43,25,24,25,24,25,24,25,24,25,24,30,24,30,24,30,24,30,24,30,24
Map_4670,8,94,8,8,8,15,8,8,8,8,8,8,8,8,8,8,8,8,8,8,8,8,8,8,8,8
Map_4671,6,52,6,6,6,6,6,6,6,6,6,6,6,6,6,6,6,6,6,6,6,6,6,6,6,6
Map_4672,41,314,20,20,35,62,28,20,28,20,28,20,28,20,27,20,28,20,28,20,28,20,28,20,28,20
Map_4673,97,335,17,17,17,32,17,17,17,17,17,17,17,17,17,17,17,17,17,16,17,16,17,17,17,17
Map_4674,23,129,26,26,26,26,26,26,26,26,26,26,26,26,26,26,28,23,31,26,31,26,26,23,26,23
Map_4675,524,125,72,72,72,125,68,110,68,110,68,110,68,110,68,110,69,42,49,42,49,42,69,42,69,42
Map_4676,545,282,19,19,19,19,19,19,19,19,19,19,19,19,19,19,19,19,19,19,19,19,19,19,19,19
Map_4677,210,181,36,36,47,36,36,36,36,36,36,36,36,36,36,36,33,36,35,36,35,36,33,36,33,36
Map_4678,45,105,25,25,25,55,19,24,19,24,19,24,19,24,19,24,19,16,19,16,19,16,19,16,19,16
Map_4679,118,155,17,17,26,21,17,17,17,17,17,17,17,17,17,17,17,17,17,17,17,17,17,17,17,17
Map_4680,261,385,78,78,78,87,72,78,72,78,72,78,84,78,84,78,69,71,61,71,61,71,77,70,77,70
Map_4681,342,517,181,179,181,152,199,279,199,279,199,279,279,279,279,279,274,138,367,184,367,184,250,238,301,238
Map_4682,303,185,24,24,24,28,24,24,24,24,24,24,24,27,27,27,24,24,27,24,27,24,24,24,24,24
Map_4683,580,329,289,311,316,211,100,212,100,212,100,212,113,310,113,309,61,95,61,95,61,95,57,354,354,354
Map_4684,544,561,27,27,28,32,30,29,30,29,30,29,29,29,29,29,21,21,21,21,21,21,21,21,21,21
Map_4685,27,213,23,23,23,25,23,23,23,23,23,23,28,28,28,28,23,23,23,23,23,23,23,23,23,23
Map_4686,105,121,20,20,20,21,20,20,20,20,20,20,20,20,20,20,20,20,20,20,20,20,20,20,20,20
Map_4687,453,190,108,101,101,130,61,49,61,49,61,49,61,61,61,61,54,49,54,49,54,49,59,49,59,49
Map_4688,6,20,6,5,6,6,5,5,5,5,5,5,5,5,5,5,6,5,6,5,6,5,6,5,6,5
Map_4689,22,64,11,11,11,11,11,11,11,11,11,11,11,11,11,11,11,11,11,11,11,11,11,11,11,11
Map_4690,396,398,25,42,42,30,26,26,26,26,26,26,42,42,42,42,36,30,36,30,36,30,30,26,26,26
Map_4691,15,142,21,20,16,32,17,13,16,13,16,13,17,13,17,13,13,13,13,13,13,13,13,13,17,13
Map_4692,637,528,31,31,36,61,31,26,31,26,31,26,31,26,31,26,31,20,36,20,36,20,31,20,31,20
Map_4693,625,277,93,93,151,113,71,71,71,71,71,71,71,71,71,71,74,73,74,73,74,73,74,75,74,75
Map_4694,17,180,17,13,17,17,13,13,13,13,13,13,13,13,13,13,13,13,18,13,18,13,13,13,13,13
Map_4695,524,304,35,35,35,35,35,35,35,35,35,35,35,35,35,35,35,22,35,22,35,22,35,22,35,22
Map_4696,19,334,14,14,11,14,14,11,14,11,14,11,14,11,14,11,13,11,13,11,13,11,12,11,12,11
Map_4697,552,142,271,63,95,345,390,63,244,63,244,63,387,63,404,63,35,35,35,35,35,35,35,39,35,39
Map_4698,8,43,12,14,12,20,14,8,14,8,14,8,13,8,13,8,8,8,8,8,8,8,8,8,8,8
Map_4699,175,486,26,26,26,39,26,26,26,26,26,26,26,26,26,26,26,26,26,26,26,26,26,26,26,26
Map_4700,169,146,17,14,17,17,14,15,14,15,14,15,14,15,14,15,15,14,14,14,14,14,14,14,14,14
Map_4701,195,518,135,92,98,226,42,42,42,42,42,42,42,42,42,42,34,30,34,30,34,30,30,30,30,30
Map_4702,530,526,391,88,229,92,22,152,22,152,22,152,22,152,22,152,25,22,25,22,25,22,25,22,22,22
Map_4703,425,168,50,50,65,46,34,39,34,39,34,39,34,39,34,39,34,39,34,39,34,39,34,39,34,39
Map_4704,8,239,8,8,8,8,8,8,8,8,8,8,8,8,8,8,8,8,8,8,8,8,8,8,8,8
Map_4705,26,511,42,42,42,29,27,25,27,25,27,25,25,25,25,25,27,25,27,25,27,25,27,25,27,25
Map_4706,47,137,50,26,56,57,26,26,26,26,26,26,26,26,26,26,23,23,23,23,23,23,23,26,23,26
Map_4707,590,263,43,27,42,21,17,17,17,17,17,17,17,17,17,17,18,17,18,17,18,17,17,17,17,17
Map_4708,34,164,20,20,20,20,20,20,20,20,20,20,20,20,20,20,21,18,21,18,21,18,21,18,21,18
Map_4709,607,419,119,142,277,117,45,158,45,158,45,158,43,86,43,86,33,53,53,33,53,33,33,54,33,54
Map_4710,8,292,9,9,9,20,8,8,8,8,8,8,8,8,8,8,8,8,8,8,8,8,8,8,8,8
Map_4711,60,253,27,27,27,27,32,27,32,27,32,27,32,27,32,27,28,27,28,27,28,27,28,27,28,27
Map_4712,20,299,31,20,31,31,20,20,21,20,21,20,20,20,20,20,22,20,32,20,32,20,22,20,22,20
Map_4713,45,71,31,31,31,31,33,31,33,31,33,31,33,31,33,31,39,31,39,31,39,31,36,31,36,31
Map_4714,348,146,113,130,133,116,69,73,69,73,69,73,69,98,69,101,68,67,61,65,61,65,72,67,72,67
Map_4715,449,191,224,346,492,409,153,153,153,153,153,153,286,286,328,328,97,173,97,97,97,97,254,152,254,152
Map_4716,8,298,7,7,7,7,7,7,7,7,7,7,7,7,7,7,9,7,9,7,9,7,7,7,7,7
Map_4717,598,314,74,84,72,74,72,82,72,82,72,82,82,82,82,82,28,23,28,23,28,23,28,65,121,65
Map_4718,14,243,12,11,14,16,11,11,11,11,11,11,11,11,11,11,11,11,11,11,11,11,11,11,11,11
Map_4719,569,425,112,109,119,473,158,102,158,102,158,102,108,102,108,102,81,59,81,59,81,59,70,59,70,59
Map_4720,20,40,12,12,12,15,12,12,12,12,12,12,12,12,12,12,12,12,15,12,15,12,12,12,12,12
Map_4721,428,128,400,172,432,392,105,109,105,109,105,109,101,119,101,119,106,55,106,55,106,55,106,55,106,55
Map_4722,21,65,16,16,16,16,16,16,16,16,16,16,16,16,16,16,16,16,16,16,16,16,16,16,16,16
Map_4723,35,291,63,63,23,35,35,44,35,44,35,44,35,44,35,44,35,25,35,25,35,25,35,25,35,25
Map_4724,613,155,30,28,44,30,37,28,37,28,37,28,37,28,37,28,27,27,27,27,27,27,27,27,27,27
Map_4725,9,33,8,8,8,11,8,8,8,8,8,8,8,8,8,8,8,8,10,8,10,8,8,8,8,8
Map_4726,24,40,22,22,21,26,22,22,22,22,22,22,22,22,22,22,26,16,16,16,16,16,22,16,22,16
Map_4727,160,180,16,15,16,16,16,15,16,15,16,15,15,15,15,15,15,15,15,15,15,15,15,15,15,15
Map_4728,8,19,9,9,9,9,9,8,9,8,9,8,9,8,9,8,9,8,9,8,9,8,9,8,9,8
Map_4729,7,115,7,7,7,7,7,7,7,7,7,7,7,7,7,7,7,7,7,7,7,7,7,7,7,7
Map_4730,627,350,17,17,18,17,17,17,17,17,17,17,17,17,17,17,17,17,17,17,17,17,17,17,17,17
Map_4731,38,232,44,38,44,43,18,18,18,18,18,18,18,18,18,18,18,18,18,18,18,18,18,18,18,18
Map_4732,29,507,16,16,16,21,16,16,16,16,16,16,16,16,16,16,16,16,16,16,16,16,16,16,16,16
Map_4733,269,250,296,295,296,243,129,129,129,129,129,129,129,129,129,129,163,165,163,165,163,165,189,165,189,165
Map_4734,30,49,23,23,29,23,27,28,27,28,27,28,27,28,27,28,25,16,25,16,25,16,18,16,18,16
Map_4735,544,231,53,53,63,60,49,49,53,53,53,53,49,49,49,49,57,49,68,49,68,64,57,49,64,49
Map_4736,9,219,8,8,8,8,8,8,8,8,8,8,8,8,8,8,8,8,8,8,8,8,8,8,8,8
Map_4737,584,290,43,43,43,46,44,43,44,43,44,43,43,43,43,43,44,44,44,44,44,44,44,44,44,44
Map_4738,24,204,15,15,15,15,15,16,15,16,15,16,15,16,15,16,15,15,15,15,15,15,15,15,15,15
Map_4739,19,74,16,16,13,16,16,13,16,13,16,13,16,13,16,13,16,13,16,13,16,13,16,13,16,13
Map_4740,165,231,63,63,63,401,63,63,63,63,63,63,63,63,63,63,63,63,63,63,63,63,63,63,63,63
Map_4741,575,444,38,38,38,18,17,38,17,38,17,38,17,38,17,38,17,17,17,17,17,17,17,37,17,37
Map_4742,14,70,15,15,15,15,14,14,14,14,14,14,14,14,14,14,14,12,14,12,14,12,14,12,14,12
Map_4743,425,221,363,366,367,212,75,43,75,43,75,43,170,43,170,43,114,43,114,43,61,43,76,43,76,43
Map_4744,180,71,20,15,15,22,15,15,15,15,15,15,15,15,15,15,14,15,14,14,14,14,14,15,14,15
Map_4745,512,210,33,33,12,18,18,12,18,12,18,12,18,12,18,12,18,12,18,12,18,12,18,12,18,12
Map_4746,94,145,26,26,26,44,26,26,26,26,26,26,26,26,26,26,26,26,26,26,26,26,26,26,26,26
Map_4747,22,396,23,22,20,86,23,22,23,22,23,22,22,22,22,22,15,14,15,14,15,14,15,22,15,22
Map_4748,70,60,18,18,18,19,18,17,18,17,18,17,17,17,17,17,18,17,18,17,18,17,18,17,18,17
Map_4749,23,97,8,8,8,25,8,8,8,8,8,8,8,8,8,8,8,8,8,8,8,8,8,8,8,8
Map_4750,23,128,11,9,11,11,9,9,9,9,9,9,9,9,9,9,9,9,9,9,9,9,9,9,9,9
Map_4751,8,86,9,9,8,9,9,8,9,8,9,8,9,8,9,8,9,8,9,8,9,8,9,8,9,8
Map_4752,141,286,82,82,82,112,49,49,49,49,49,49,52,52,52,52,49,52,49,52,49,52,49,52,49,52
Map_4753,29,363,39,37,14,64,38,14,38,14,38,14,37,14,37,14,37,14,37,14,28,14,37,14,37,14
Map_4754,14,373,10,10,10,10,10,9,10,9,10,9,9,9,9,9,10,9,10,9,10,9,10,9,10,9
Map_4755,584,305,385,376,528,124,46,46,46,46,46,46,46,46,46,46,50,46,50,46,50,46,39,46,39,46
Map_4756,537,242,49,49,62,226,49,20,49,20,49,20,49,20,49,20,20,20,20,20,20,20,21,20,21,20
Map_4757,134,261,33,33,38,32,33,24,33,24,33,24,33,23,33,23,19,19,21,19,21,19,19,19,19,19
Map_4758,51,248,30,30,32,40,32,18,32,18,32,18,30,18,30,18,32,18,32,18,32,18,32,18,32,18
Map_4759,16,163,13,13,13,13,13,13,13,13,13,13,13,13,13,13,14,13,17,13,17,13,14,13,14,13
Map_4760,272,253,30,30,30,30,31,30,31,30,31,30,30,30,30,30,34,30,34,30,34,30,34,30,30,30
Map_4761,609,420,109,103,142,111,93,94,93,94,93,94,212,215,214,217,82,53,79,53,79,181,72,53,63,53
Map_4762,13,263,10,10,13,44,10,10,10,10,10,10,10,10,10,10,10,10,10,10,10,10,10,10,10,10
Map_4763,76,225,31,20,31,31,40,19,40,19,40,19,40,19,40,19,34,19,34,19,34,19,34,19,34,19
Map_4764,582,250,57,57,60,377,57,56,57,56,57,56,56,56,56,56,54,56,77,52,77,40,57,56,57,56
Map_4765,593,140,47,47,36,50,36,47,36,47,36,47,36,47,36,47,27,27,27,27,27,27,27,27,27,27
Map_4766,603,277,16,16,16,14,14,14,14,14,14,14,14,14,14,14,14,14,14,14,14,14,14,14,14,14
Map_4767,252,150,47,117,45,53,38,125,38,125,38,125,38,125,38,125,38,29,38,29,38,29,38,29,38,29
Map_4768,128,117,46,46,74,27,22,18,22,18,22,18,22,18,22,18,22,18,22,18,22,18,22,18,22,18
Map_4769,603,494,64,64,161,64,58,57,58,57,58,57,58,57,57,57,55,43,57,45,57,45,55,43,58,43
Map_4770,151,185,55,55,55,253,56,56,56,56,56,56,56,56,69,69,47,56,140,56,140,56,45,56,45,56
Map_4771,332,178,107,107,153,119,107,107,107,107,107,107,107,107,107,107,89,82,89,82,119,82,89,82,89,82
Map_4772,353,45,15,15,15,15,15,15,15,15,15,15,15,15,15,15,15,15,15,15,15,15,15,15,15,15
Map_4773,39,468,16,16,16,17,16,16,16,16,16,16,16,16,16,16,17,16,17,16,17,16,16,16,16,16
Map_4774,643,346,71,55,80,72,43,48,49,48,49,48,48,48,48,48,41,48,41,48,41,48,41,48,41,48
Map_4775,252,395,16,14,16,16,14,14,16,14,16,14,14,14,15,15,16,14,16,14,16,14,14,14,14,14
Map_4776,24,29,11,11,11,11,12,12,12,12,12,12,12,12,12,12,12,12,16,12,16,12,12,12,12,12
Map_4777,337,236,12,12,12,12,12,12,12,12,12,12,12,12,12,12,13,12,13,12,13,12,13,12,13,12
Map_4778,27,91,16,15,23,16,15,15,15,15,15,15,15,15,15,15,15,15,15,15,15,15,15,15,15,15
Map_4779,95,132,44,43,44,55,45,34,45,34,45,34,44,34,44,34,40,34,40,34,40,34,45,34,45,34
Map_4780,551,316,180,179,116,44,18,18,18,18,18,18,18,18,18,18,18,18,18,18,18,18,18,18,18,18
Map_4781,6,40,6,6,6,6,6,6,6,6,6,6,6,6,6,6,6,6,6,6,6,6,6,6,6,6
Map_4782,508,282,22,22,22,16,16,16,16,16,16,16,16,16,16,16,20,16,20,16,20,16,16,16,16,16
Map_4783,16,468,16,16,16,16,16,16,16,16,16,16,16,16,16,16,16,16,16,16,16,16,16,16,16,16
Map_4784,23,104,20,20,21,15,15,15,15,15,15,15,20,20,20,20,16,12,17,12,17,12,16,12,16,12
Map_4785,502,298,352,348,201,371,165,189,165,189,165,189,165,189,165,189,147,71,147,71,147,71,236,71,191,71
Map_4786,464,51,42,27,33,37,24,24,25,24,25,24,24,24,24,24,24,24,24,24,24,24,24,24,24,24
Map_4787,175,224,12,12,12,12,12,12,12,12,12,12,12,12,12,12,12,12,12,12,12,12,12,12,12,12
Map_4788,372,234,86,18,18,77,18,18,18,18,18,18,18,18,18,18,26,18,26,18,26,18,18,18,18,18
Map_4789,16,404,10,10,10,9,10,9,10,9,10,9,10,9,10,9,9,9,9,9,9,9,11,9,10,9
Map_4790,318,443,147,120,454,151,165,241,165,241,165,241,209,158,158,158,45,33,45,33,45,33,45,33,55,33
Map_4791,573,404,54,54,54,35,33,36,33,36,33,36,33,36,33,36,18,18,34,18,34,18,18,18,18,18
Map_4792,30,110,77,81,77,50,58,58,58,58,58,58,100,87,87,87,21,20,21,20,21,20,21,20,20,20
Map_4793,166,381,16,16,74,16,16,16,16,16,16,16,16,16,21,21,18,16,18,16,18,16,16,16,16,16
Map_4794,159,437,13,13,13,19,12,12,12,12,12,12,12,12,12,12,12,12,12,12,12,12,12,12,12,12
Map_4795,583,351,68,68,198,182,88,118,88,134,88,134,88,121,88,121,93,71,100,71,100,71,71,88,71,88
Map_4796,474,139,32,32,32,33,25,25,25,25,25,25,25,25,25,25,27,25,27,25,27,25,27,25,27,25
Map_4797,491,245,37,37,37,121,37,37,37,37,37,37,41,61,35,38,31,31,31,31,31,31,31,30,37,30
Map_4798,396,255,25,25,25,39,37,25,37,25,37,25,37,25,44,29,37,25,37,25,37,25,37,25,37,25
Map_4799,595,441,17,17,17,17,17,17,17,17,17,17,17,17,17,17,17,17,17,17,17,17,17,17,17,17
Map_4800,613,365,27,25,28,27,27,25,27,25,27,25,25,25,25,25,28,25,28,25,28,25,25,25,25,25
Map_4801,400,337,240,470,350,89,92,89,92,89,92,89,89,89,89,89,49,48,51,49,51,49,91,48,91,48
Map_4802,15,208,7,7,7,7,7,7,7,7,7,7,7,7,7,7,7,7,7,7,7,7,7,7,7,7
Map_4803,11,59,13,13,13,27,13,13,13,13,13,13,13,13,13,13,12,11,12,11,12,11,12,11,12,11
Map_4804,23,220,12,12,12,12,12,12,12,12,12,12,12,12,12,12,12,12,12,12,12,12,12,12,12,12
Map_4805,26,28,19,19,19,22,16,16,16,16,16,16,16,16,16,16,16,16,16,16,16,16,16,16,16,16
Map_4806,10,185,12,11,12,12,11,11,11,11,11,11,11,11,11,11,10,10,12,10,12,10,10,10,10,10
Map_4807,619,108,21,21,21,25,21,15,21,15,21,15,21,15,21,15,24,15,24,15,24,15,24,15,24,15
Map_4808,10,201,10,10,10,10,10,10,10,10,10,10,10,10,10,10,11,8,11,8,11,8,10,8,10,8
Map_4809,33,134,33,31,31,33,24,24,24,24,24,24,24,24,24,24,24,21,24,21,24,21,24,21,24,21
Map_4810,565,223,55,55,55,68,61,55,61,55,61,55,55,55,65,65,49,32,49,32,49,32,49,32,46,32
Map_4811,559,427,37,22,242,54,22,22,22,22,22,22,22,22,22,22,30,22,30,22,30,22,22,22,22,22
Map_4812,629,271,509,502,511,488,433,101,433,101,433,101,453,101,516,101,289,86,248,69,253,69,276,88,293,101
Map_4813,11,79,11,11,11,12,11,11,11,11,11,11,11,11,11,11,11,11,12,11,12,11,11,11,11,11
Map_4814,213,202,24,24,25,22,17,29,17,29,17,29,17,29,17,29,16,16,20,16,20,16,16,24,16,24
Map_4815,34,223,34,34,34,293,41,34,41,34,41,34,149,34,171,34,41,23,41,23,41,23,41,23,41,23
Map_4816,150,263,106,106,106,405,105,50,105,50,105,50,103,78,78,78,131,50,123,50,123,38,143,50,157,50
Map_4817,348,220,28,28,28,47,28,28,28,28,28,28,28,28,28,28,30,28,30,28,30,28,37,28,37,28
Map_4818,22,476,14,14,14,27,14,12,14,12,14,12,14,12,14,12,14,12,14,12,14,12,14,12,14,12
Map_4819,422,235,68,68,68,94,21,21,21,21,21,21,21,21,21,21,21,21,21,21,21,21,21,21,21,21
Map_4820,88,155,39,39,44,39,39,39,39,39,39,39,39,39,39,39,39,19,39,19,39,19,39,19,39,19
Map_4821,41,367,39,39,41,541,19,39,19,39,19,39,19,39,19,39,19,19,19,19,19,19,19,19,19,19
Map_4822,12,27,8,8,8,8,8,8,8,8,8,8,8,8,8,8,8,8,8,8,8,8,8,8,8,8
Map_4823,237,213,11,11,11,12,11,11,11,11,11,11,11,11,11,11,11,11,13,11,13,11,11,11,11,11
Map_4824,28,368,24,24,24,49,24,24,24,24,24,24,24,27,28,27,24,17,24,17,24,17,24,17,24,17
Map_4825,547,392,103,103,150,116,96,146,96,146,96,146,96,146,96,146,112,110,112,110,112,110,96,110,96,110
Map_4826,22,63,23,23,23,27,23,22,23,22,23,22,23,22,23,22,19,17,19,17,19,17,19,17,19,17
Map_4827,9,83,9,9,9,9,9,9,9,9,9,9,9,9,9,9,9,9,9,9,9,9,9,9,9,9
Map_4828,335,198,70,61,68,120,38,43,38,43,38,43,22,43,22,43,25,14,38,14,38,14,25,14,25,14
Map_4829,160,142,26,26,40,26,26,38,26,38,26,38,26,38,26,38,26,27,26,27,26,27,26,32,26,32
Map_4830,625,246,71,207,76,185,66,22,68,22,68,22,66,22,66,22,22,22,22,22,22,22,22,22,22,22
Map_4831,19,49,10,10,10,13,10,10,10,10,10,10,10,10,10,10,11,10,11,10,11,10,11,10,11,10
Map_4832,7,12,9,7,7,9,7,7,7,7,7,7,7,7,7,7,9,7,9,7,9,7,7,7,7,7
Map_4833,619,206,56,56,511,36,36,35,36,35,36,35,36,35,35,35,37,35,37,35,37,35,36,35,36,35
Map_4834,63,59,61,61,61,68,41,31,41,31,41,31,41,31,41,31,42,31,42,31,42,31,41,31,41,31
Map_4835,137,380,70,70,79,126,67,70,67,68,67,68,70,70,70,70,44,47,44,47,44,47,44,68,44,68
Map_4836,391,272,116,71,247,113,32,32,32,32,32,32,32,32,32,32,36,32,36,32,36,32,36,32,36,32
Map_4837,599,213,172,149,273,106,74,42,74,42,74,42,60,59,59,59,22,22,22,22,22,22,42,42,42,42
Map_4838,517,110,153,70,421,130,73,89,73,89,73,89,73,89,73,89,77,77,76,77,100,77,77,76,77,76
Map_4839,506,111,39,39,39,40,34,34,34,34,34,34,34,34,34,34,34,34,36,34,36,34,34,34,34,34
Map_4840,589,205,532,531,464,213,54,61,54,61,54,61,60,61,60,61,56,54,56,54,56,54,59,54,54,54
Map_4841,546,227,65,105,291,53,122,133,122,225,122,225,137,137,137,137,42,39,66,36,66,36,39,39,39,39
Map_4842,435,298,40,40,40,120,41,40,41,40,41,40,40,40,40,40,41,40,45,40,63,40,41,40,41,40
Map_4843,536,240,372,171,365,309,100,39,100,39,100,39,157,39,171,39,116,35,116,35,116,35,116,39,165,39
Map_4844,419,135,44,44,44,48,39,42,39,42,39,42,39,42,39,42,29,27,29,27,29,27,29,27,29,27
Map_4845,28,239,24,24,24,31,24,31,24,31,24,31,24,46,24,46,46,24,46,24,46,24,46,24,24,24
Map_4846,291,159,22,18,22,22,22,22,22,22,22,22,22,22,22,22,22,22,22,22,22,22,22,22,22,22
Map_4847,9,206,7,7,7,7,7,7,7,7,7,7,7,7,7,7,7,7,7,7,7,7,7,7,7,7
Map_4848,641,207,93,100,93,183,144,211,39,39,39,39,89,211,89,211,56,40,56,40,56,40,39,40,39,40
Map_4849,658,661,542,630,332,499,408,443,408,443,408,443,379,403,418,351,56,62,56,62,56,62,56,343,56,351
Map_4850,163,313,26,22,22,32,20,22,20,22,20,22,20,22,20,22,20,20,20,20,20,20,20,20,20,22
Map_4851,572,147,47,46,46,63,40,46,40,46,40,46,40,46,40,46,40,40,40,40,40,40,40,40,40,40
Map_4852,275,117,83,221,210,83,82,75,82,75,82,75,172,75,172,75,45,56,45,56,45,56,45,75,45,75
Map_4853,60,69,44,44,44,56,21,28,21,28,21,28,21,28,21,28,23,21,23,21,23,21,23,21,23,21
Map_4854,18,274,15,15,15,15,17,17,17,17,17,17,17,17,17,17,17,15,17,15,17,15,17,15,17,15
Map_4855,88,384,207,113,35,162,113,112,113,112,113,112,113,112,130,130,60,97,60,97,60,97,65,111,58,111
Map_4856,90,442,18,13,18,34,13,13,13,13,13,13,13,13,13,13,14,13,14,13,14,13,13,13,13,13
Map_4857,336,227,26,26,26,24,24,24,24,24,24,24,24,24,24,24,24,24,24,24,24,24,24,24,24,24
Map_4858,15,351,16,15,16,16,16,15,16,15,16,15,15,15,15,15,16,15,16,15,16,15,16,15,16,15
Map_4859,289,243,57,57,57,52,52,59,52,59,52,59,51,88,51,88,44,53,44,53,44,53,44,53,44,53
Map_4860,295,136,180,180,176,249,115,128,115,128,115,128,128,128,128,128,103,113,103,113,103,113,109,130,89,128
Map_4861,581,291,51,51,53,51,39,39,39,39,39,39,39,39,39,39,39,39,39,39,39,39,39,39,39,39
Map_4862,38,176,35,35,35,35,35,40,35,40,35,40,35,35,35,35,31,35,31,31,31,31,45,35,62,35
Map_4863,9,100,9,9,9,13,9,9,9,9,9,9,9,9,9,9,9,9,9,9,9,9,9,9,9,9
Map_4864,81,536,30,30,30,35,30,30,30,30,30,30,30,30,30,30,19,23,19,23,19,23,19,23,23,23
Map_4865,530,509,14,14,14,14,14,14,14,14,14,14,14,14,14,14,14,14,16,14,16,14,14,14,14,14
Map_4866,18,386,20,15,23,19,15,15,15,15,15,15,15,15,15,15,17,15,17,15,17,15,15,15,15,15
Map_4867,586,247,15,15,15,17,16,16,16,16,16,16,16,16,16,16,16,15,16,15,16,15,16,15,16,15
Map_4868,122,132,12,12,12,32,12,12,12,12,12,12,12,12,12,12,12,12,12,12,12,12,12,12,12,12
Map_4869,621,633,312,304,312,116,40,33,40,33,40,33,33,33,33,33,63,33,93,33,93,33,60,33,60,33
Map_4870,16,80,14,14,14,14,14,14,14,14,14,14,14,14,14,14,14,14,14,14,14,14,14,14,14,14
Map_4871,12,44,12,12,12,17,12,10,12,10,12,10,12,10,12,10,12,10,12,10,12,10,12,10,12,10
Map_4872,45,258,34,52,34,37,40,37,40,37,40,37,42,37,42,37,32,37,32,30,32,30,32,37,32,37
Map_4873,153,134,11,11,11,32,11,11,11,11,11,11,11,11,11,11,11,11,11,11,11,11,11,11,11,11
Map_4874,494,159,23,23,23,101,37,33,37,33,37,33,37,33,37,33,37,20,37,20,37,20,37,20,37,20
Map_4875,35,236,31,31,31,31,31,33,31,33,31,33,31,50,31,50,33,21,33,21,33,21,32,21,32,21
Map_4876,91,210,221,230,221,43,148,140,148,140,148,140,147,145,132,132,101,72,101,72,101,72,114,72,114,139
Map_4877,71,163,33,34,33,33,31,31,31,31,31,31,31,31,31,31,32,31,32,31,32,31,31,31,31,31
Map_4878,419,322,99,99,87,167,73,73,73,73,73,73,73,73,73,73,120,98,120,83,120,76,120,101,96,101
Map_4879,519,342,216,63,119,142,58,55,58,55,58,55,63,55,63,55,57,55,57,58,57,58,58,55,58,55
Map_4880,445,84,57,56,57,54,41,39,41,39,41,39,41,41,41,41,42,39,42,39,42,39,41,39,41,39
Map_4881,34,189,19,19,23,24,19,19,19,17,19,17,19,19,19,19,19,17,19,17,19,17,19,17,19,17
Map_4882,22,154,10,10,10,10,10,10,10,10,10,10,10,10,10,10,10,10,10,10,10,10,10,10,10,10
Map_4883,302,169,83,83,83,126,79,79,79,79,79,79,79,79,79,79,63,54,63,63,63,63,63,54,63,54
Map_4884,49,81,12,12,12,8,8,8,8,8,8,8,8,8,8,8,8,8,8,8,8,8,8,8,8,8
Map_4885,38,319,19,19,19,19,19,19,19,19,19,19,19,19,19,19,19,19,19,20,19,20,19,19,19,19
Map_4886,286,289,44,44,99,46,44,44,44,44,44,44,44,44,44,44,44,44,54,42,54,42,44,44,44,44
Map_4887,19,161,22,22,22,35,15,15,15,15,15,15,15,15,15,15,15,15,15,15,15,15,15,15,15,15
Map_4888,435,489,15,15,15,15,15,15,15,15,15,15,15,15,15,15,15,15,15,15,15,15,15,15,15,15
Map_4889,153,198,88,88,88,72,75,48,75,48,75,48,48,48,48,48,51,38,51,38,53,38,48,40,48,36
Map_4890,29,91,10,10,10,26,10,10,10,10,10,10,10,10,10,10,10,10,10,10,10,10,10,10,10,10
Map_4891,569,300,17,17,17,35,17,17,17,17,17,17,17,17,17,17,17,17,17,17,17,17,17,17,17,17
Map_4892,206,346,52,52,52,53,52,52,52,52,52,52,52,52,52,52,51,47,51,47,51,47,51,47,51,47
Map_4893,615,485,553,551,571,442,488,492,488,492,488,492,487,487,487,487,57,115,57,115,57,115,57,112,136,112
Map_4894,594,302,52,51,51,54,35,43,35,43,35,43,34,43,34,43,28,43,28,43,28,43,33,43,33,43
Map_4895,11,22,11,11,11,12,11,10,11,10,11,10,10,10,10,10,10,10,10,10,10,10,10,10,10,10
Map_4896,7,46,9,7,7,10,7,7,7,7,7,7,7,7,7,7,8,7,8,7,8,7,7,7,7,7
Map_4897,25,154,15,15,15,16,15,15,15,15,15,15,15,15,15,15,23,15,23,15,23,15,15,15,15,15
Map_4898,59,111,85,85,33,46,44,33,44,33,44,33,44,44,44,44,43,33,43,33,43,33,43,33,45,33
Map_4899,19,54,27,27,42,28,27,24,27,24,27,24,24,24,24,24,21,21,21,18,21,18,27,24,27,24
Map_4900,608,452,375,376,403,353,79,224,79,224,79,224,101,106,101,131,59,66,59,66,59,66,59,66,59,66
Map_4901,20,81,11,11,11,16,11,11,11,11,11,11,11,11,11,11,11,11,11,11,11,11,11,11,11,11
Map_4902,20,150,42,40,45,45,32,23,32,23,32,23,32,25,32,26,23,23,23,23,20,20,23,23,23,23
Map_4903,152,176,27,27,27,28,27,26,27,26,27,26,27,26,27,26,27,26,27,26,27,26,27,26,27,26
Map_4904,39,153,18,18,31,18,20,14,20,14,20,14,20,14,20,14,20,14,24,14,24,14,20,14,20,14
Map_4905,10,423,12,10,12,50,10,10,10,10,10,10,10,10,10,10,10,10,10,10,10,10,10,10,10,10
Map_4906,21,100,10,10,10,11,10,10,10,10,10,10,10,10,10,10,9,9,9,9,9,9,9,9,9,9
Map_4907,43,192,23,23,23,23,23,20,23,20,23,20,23,20,23,20,24,20,24,20,24,20,23,20,23,20
Map_4908,578,248,62,61,62,61,49,89,49,89,49,89,49,89,49,89,49,33,56,33,59,33,49,33,49,33
Map_4909,15,35,11,9,9,12,10,10,10,10,10,10,9,9,9,9,10,9,10,9,10,9,10,9,10,9
Map_4910,420,126,27,27,27,30,27,27,27,27,27,27,27,27,27,27,27,27,27,27,27,27,27,27,27,27
Map_4911,514,307,98,97,92,122,70,118,70,118,70,118,118,118,118,118,54,45,54,45,54,45,45,45,45,45
Map_4912,540,428,21,21,21,21,21,21,21,21,21,21,21,21,21,21,21,21,21,21,21,21,21,21,21,21
Map_4913,41,62,34,34,32,30,21,20,21,20,21,20,20,20,20,20,21,20,21,20,22,20,21,20,21,20
Map_4914,68,137,24,24,24,31,24,24,24,24,24,24,24,24,24,24,22,24,22,24,22,24,21,24,21,24
Map_4915,595,237,117,117,190,99,79,112,79,112,79,112,106,108,106,108,73,62,73,62,73,62,73,62,79,65
Map_4916,249,330,93,212,93,147,69,69,69,69,69,69,69,69,69,69,68,56,68,56,68,56,56,56,56,56
Map_4917,256,362,114,192,114,189,108,108,108,108,108,108,109,109,109,109,113,57,154,57,154,57,110,57,110,57
Map_4918,621,279,64,72,72,80,45,57,45,57,45,57,45,64,45,64,44,45,44,45,44,45,44,47,44,47
Map_4919,18,112,21,21,21,22,21,21,21,21,21,21,21,21,21,21,16,16,16,16,16,16,16,16,16,16
Map_4920,522,184,48,48,39,63,54,53,54,53,54,53,53,53,53,53,31,30,32,30,32,30,31,30,31,30
Map_4921,24,194,12,12,12,12,12,12,12,12,12,12,12,12,12,12,12,12,12,12,12,12,12,12,12,12
Map_4922,496,360,233,80,358,217,54,68,54,68,54,68,68,68,68,68,54,55,54,55,54,55,53,68,53,68
Map_4923,13,155,11,11,13,26,11,11,11,11,11,11,11,11,11,11,16,11,16,11,16,11,11,11,11,11
Map_4924,33,63,38,38,38,132,20,20,20,20,20,20,20,20,20,20,20,20,20,20,20,20,20,20,20,20
Map_4925,40,151,32,32,32,32,32,32,32,32,32,32,32,32,32,32,31,32,31,26,31,26,31,32,31,32
Map_4926,619,174,54,54,54,104,53,53,53,53,53,53,53,63,63,63,63,53,63,53,63,53,63,53,53,53
Map_4927,391,135,54,64,66,62,54,66,54,66,54,66,67,67,67,67,60,54,60,52,60,52,60,57,60,57
Map_4928,66,274,46,32,46,38,33,32,33,32,33,32,32,32,32,32,33,29,33,29,33,29,33,29,33,29
Map_4929,31,142,21,21,21,29,21,21,21,21,21,21,21,21,21,21,21,21,21,21,21,21,21,21,21,21
Map_4930,522,380,28,28,28,33,29,28,29,28,29,28,33,32,32,32,35,28,35,28,35,28,29,28,29,28
Map_4931,17,420,25,25,25,24,24,14,24,14,24,14,24,14,24,14,24,14,24,14,24,14,24,14,24,14
Map_4932,9,16,9,9,9,12,9,9,9,9,9,9,9,9,9,9,9,9,11,9,11,9,9,9,9,9
Map_4933,557,310,67,68,67,80,30,35,30,36,30,36,29,35,29,35,30,23,30,23,30,23,30,23,30,23
Map_4934,7,31,7,7,7,7,7,7,7,7,7,7,7,7,7,7,7,7,7,7,7,7,7,7,7,7
Map_4935,550,281,356,356,138,256,79,31,79,31,79,31,79,31,79,31,61,31,61,31,61,31,56,31,56,31
Map_4936,24,382,21,21,21,21,21,21,21,21,21,21,21,21,21,21,21,21,21,21,21,21,21,21,21,21
Map_4937,11,451,10,10,10,13,10,11,10,11,10,11,10,11,10,11,10,10,10,10,10,10,10,10,10,10
Map_4938,9,187,11,9,9,27,9,9,9,9,9,9,9,9,9,9,9,9,9,9,9,9,9,9,9,9
Map_4939,174,473,23,22,23,23,24,24,24,24,24,24,24,24,24,24,22,18,22,18,22,18,22,18,22,18
Map_4940,75,93,95,102,95,56,40,30,40,30,40,30,40,30,40,30,33,30,33,40,33,40,33,30,33,30
Map_4941,525,341,45,110,45,49,45,45,45,45,45,45,38,38,38,38,29,20,29,20,29,20,45,20,45,38
Map_4942,555,541,14,14,17,14,14,17,14,17,14,17,14,17,14,17,14,14,14,14,14,14,14,17,14,17
Map_4943,630,159,40,40,40,39,37,36,37,36,37,36,37,36,52,36,37,36,37,36,37,36,37,36,37,36
Map_4944,174,98,24,24,24,24,24,13,24,13,24,13,24,13,24,13,13,13,13,13,13,13,13,13,13,13
Map_4945,422,182,47,41,47,178,38,38,38,38,38,38,38,38,38,38,38,34,64,34,64,34,38,34,38,34
Map_4946,201,355,40,40,39,51,38,38,38,38,38,38,30,37,30,37,27,27,27,26,27,26,27,30,30,30
Map_4947,20,484,12,12,12,12,12,12,12,12,12,12,12,12,12,12,13,12,13,12,13,12,13,12,13,12
Map_4948,591,266,32,32,32,120,20,17,20,17,20,17,20,17,20,17,20,17,20,17,20,17,20,17,20,17
Map_4949,152,330,21,19,19,21,19,19,19,19,19,19,19,19,19,19,19,19,19,19,19,19,19,19,19,19
Map_4950,220,388,36,36,36,36,36,36,36,36,36,36,36,36,36,36,36,36,36,36,36,36,36,36,36,36
Map_4951,30,98,24,24,24,29,23,24,23,24,23,24,24,24,24,24,23,29,23,30,23,30,22,29,22,29
Map_4952,401,451,25,25,25,31,24,25,24,25,24,25,24,25,24,25,18,15,15,15,15,15,18,15,18,15
Map_4953,38,68,34,34,34,35,34,35,34,35,34,35,34,35,34,35,42,35,41,35,41,35,42,35,42,35
Map_4954,64,135,29,28,29,37,21,21,21,21,21,21,21,21,21,21,21,21,21,21,21,21,21,21,21,21
Map_4955,470,214,20,20,20,28,23,17,23,17,23,17,23,17,23,17,19,17,19,17,19,17,19,17,19,17
Map_4956,60,52,27,27,27,22,25,25,25,25,25,25,27,27,27,27,22,21,23,23,23,23,22,21,22,21
Map_4957,522,317,14,14,14,23,14,17,14,17,14,17,14,17,14,17,14,17,16,17,16,17,14,17,14,17
Map_4958,637,421,36,82,36,36,21,23,21,23,21,23,21,23,21,23,21,21,21,21,21,21,21,23,21,23
Map_4959,27,269,60,22,61,42,23,22,23,22,23,22,23,22,23,22,22,21,22,28,22,28,22,21,22,21
Map_4960,10,31,11,10,10,17,10,10,10,10,10,10,10,10,10,10,10,10,10,10,10,10,10,10,10,10
Map_4961,30,223,24,24,24,16,16,16,16,16,16,16,16,16,16,16,16,16,16,16,16,16,16,16,16,16
Map_4962,33,206,33,33,45,33,40,27,40,27,40,27,27,27,27,27,28,27,28,27,28,27,28,27,28,27
Map_4963,21,46,20,20,20,26,20,20,20,20,20,20,20,20,20,20,20,20,20,20,20,20,20,20,20,20
Map_4964,217,137,33,29,28,30,13,27,13,27,13,27,13,28,13,28,13,13,13,13,13,13,13,13,13,13
Map_4965,31,127,21,21,21,35,21,21,21,21,21,21,21,21,21,21,21,21,30,21,30,21,21,21,21,21
Map_4966,12,268,12,12,12,12,12,11,12,11,12,11,12,11,12,11,11,11,11,12,11,12,12,11,12,11
Map_4967,526,151,14,14,14,16,13,13,13,13,13,13,13,13,13,13,13,13,13,13,13,13,13,13,13,13
Map_4968,587,378,45,45,44,41,40,46,40,46,40,46,40,46,40,46,39,27,39,27,39,27,39,27,39,27
Map_4969,64,190,28,28,28,52,28,28,28,28,28,28,28,28,28,28,28,28,46,28,46,28,28,28,28,28
Map_4970,555,173,93,92,78,90,48,71,48,71,48,71,71,71,71,71,37,37,37,37,37,37,37,37,37,37
Map_4971,96,104,33,31,37,33,33,31,33,31,33,31,31,31,31,31,31,31,31,31,31,31,31,31,31,31
Map_4972,14,92,13,13,13,14,13,13,13,13,13,13,13,13,13,13,14,13,20,13,20,13,13,13,13,13
Map_4973,593,95,40,37,40,39,37,40,37,40,37,40,39,40,39,40,80,37,80,37,80,37,50,40,50,40
Map_4974,20,291,20,18,20,20,17,18,17,18,17,18,17,18,17,18,19,18,19,18,19,18,19,18,19,18
Map_4975,255,134,27,27,27,40,28,27,28,27,28,27,27,27,27,27,20,20,20,20,20,20,20,20,20,20
Map_4976,528,427,45,45,45,91,45,45,45,45,45,45,45,45,45,45,45,45,60,45,60,45,45,45,45,45
Map_4977,609,118,111,111,77,131,50,75,50,75,50,75,50,75,50,75,50,44,51,44,51,44,50,44,50,44
Map_4978,579,400,21,19,15,21,19,15,19,15,19,15,19,15,19,15,19,15,19,15,19,15,19,15,19,15
Map_4979,355,304,68,68,107,105,64,82,64,82,64,82,63,82,63,82,64,109,64,87,64,87,64,109,64,109
Map_4980,32,157,16,16,86,28,16,16,16,16,16,16,16,16,16,16,14,16,14,14,14,14,14,16,14,16
Map_4981,95,214,22,22,22,44,18,22,18,22,18,22,18,22,18,22,18,17,18,17,18,17,18,17,18,17
Map_4982,599,287,78,76,76,85,70,109,70,109,70,109,70,109,70,109,70,103,74,99,74,99,70,103,70,103
Map_4983,486,260,79,62,79,67,48,36,48,36,48,36,48,36,48,36,106,36,106,36,106,36,39,36,39,36
Map_4984,564,223,25,25,25,27,24,24,24,24,24,24,24,24,24,24,26,28,26,28,26,28,24,28,24,28
Map_4985,605,285,63,63,63,99,107,107,107,107,107,107,107,107,107,107,60,59,60,59,60,59,60,59,60,59
Map_4986,82,234,13,13,11,49,13,13,13,13,13,13,13,13,13,13,22,11,22,11,22,11,13,11,13,11
Map_4987,413,348,31,30,27,42,25,30,25,30,25,30,25,30,25,30,25,20,25,20,25,20,25,27,25,29
Map_4988,285,172,20,20,20,21,15,15,15,15,15,15,15,15,15,15,17,15,17,15,17,15,15,15,15,15
Map_4989,563,221,20,20,14,20,13,13,13,13,13,13,13,13,13,13,13,13,13,13,13,13,13,13,13,13
Map_4990,626,225,21,21,21,21,21,19,21,19,21,19,21,19,21,19,21,19,21,19,21,19,21,19,21,19
Map_4991,23,159,12,12,12,18,13,12,13,12,13,12,12,12,12,12,13,12,13,12,13,12,13,12,13,12
Map_4992,559,162,47,47,32,48,22,22,22,22,22,22,22,22,22,22,22,22,22,22,22,22,22,22,22,22
Map_4993,25,376,14,14,14,14,14,14,14,14,14,14,14,14,14,14,17,14,17,14,17,14,14,14,14,14
Map_4994,561,70,47,47,47,28,28,28,28,28,28,28,28,28,28,28,29,28,29,28,29,28,28,28,28,28
Map_4995,156,315,231,113,494,234,59,65,59,65,59,65,59,65,59,65,52,65,54,59,54,59,52,65,52,65
Map_4996,388,274,279,279,279,139,126,126,126,126,126,126,126,126,126,126,78,117,78,96,78,96,118,117,118,117
Map_4997,10,153,10,9,10,15,9,9,9,9,9,9,9,9,9,9,9,9,9,9,9,9,9,9,9,9
Map_4998,495,465,31,27,31,28,19,23,19,23,19,23,19,27,19,27,19,19,19,19,19,19,19,19,19,19
Map_4999,533,280,70,25,70,76,21,21,21,21,21,21,21,21,21,21,21,21,21,21,21,21,21,21,21,21
Map_5000,639,416,463,490,463,566,157,79,157,79,157,79,79,79,79,79,72,78,72,74,72,74,72,79,88,79
Map_5001,18,200,21,17,17,21,18,17,18,17,18,17,17,17,17,17,18,17,18,17,18,17,18,17,18,17
Map_5002,21,124,16,16,16,16,16,14,16,14,16,14,15,14,15,14,19,14,20,15,20,15,16,14,16,14
Map_5003,408,249,11,11,11,11,11,11,11,11,11,11,11,11,11,11,11,11,11,11,11,11,11,11,11,11
Map_5004,517,275,29,29,29,173,29,29,29,29,29,29,29,29,29,29,37,29,37,29,37,29,37,29,29,29
Map_5005,44,314,269,132,574,25,24,24,24,24,24,24,24,24,24,24,25,24,25,24,25,24,24,24,24,24
Map_5006,580,622,50,50,50,127,25,24,25,24,25,24,24,24,24,24,25,24,25,24,25,24,25,24,25,24
Map_5007,368,254,26,25,36,26,33,24,33,24,33,24,24,24,24,24,33,25,33,25,33,25,33,24,33,24
Map_5008,10,348,10,10,10,37,10,10,10,10,10,10,10,10,10,10,10,10,10,10,10,10,10,10,10,10
Map_5009,65,139,66,66,173,113,63,57,63,57,63,57,70,70,70,70,75,57,75,57,75,57,74,57,74,57
Map_5010,320,139,98,98,129,347,87,89,87,89,87,89,87,89,87,89,80,77,80,77,80,77,82,114,82,117
Map_5011,224,79,120,120,244,272,55,55,55,55,55,55,55,55,55,55,55,55,55,55,55,55,55,55,55,55
Map_5012,28,276,25,25,25,25,25,21,25,21,25,21,25,21,25,21,31,21,31,21,31,21,25,21,25,21
Map_5013,234,161,51,51,51,77,51,50,51,50,51,50,50,50,50,50,51,50,51,50,51,50,51,50,51,50
Map_5014,40,185,22,22,27,30,22,22,22,22,22,22,22,22,22,22,29,22,29,22,29,22,29,22,29,22
Map_5015,201,216,25,25,25,43,25,25,25,25,25,25,25,25,25,25,25,25,25,25,25,25,25,25,25,25
Map_5016,612,349,48,48,39,63,35,35,35,35,35,35,35,35,35,35,35,35,35,36,35,36,35,35,35,35
Map_5017,194,310,46,45,46,97,45,40,45,40,45,40,45,40,45,40,43,40,43,40,45,40,41,40,41,40
Map_5018,12,141,13,12,13,19,12,12,12,12,12,12,12,12,12,12,12,12,12,12,12,12,12,12,12,12
Map_5019,12,113,12,12,12,12,12,12,12,12,12,12,12,12,12,12,12,12,12,12,12,12,12,12,12,12
Map_5020,518,163,27,27,27,29,27,27,27,27,27,27,27,27,27,27,28,27,28,27,28,27,27,27,27,27
Map_5021,8,63,8,9,8,8,9,8,9,8,9,8,9,8,9,8,9,8,11,8,11,8,9,8,9,8
Map_5022,13,18,12,11,14,14,11,11,11,11,11,11,11,11,11,11,11,11,11,11,11,11,11,11,11,11
Map_5023,476,215,200,200,178,92,40,40,40,40,40,40,40,40,40,40,26,26,26,26,26,26,26,26,26,26
Map_5024,84,44,18,18,18,18,24,18,24,18,24,18,24,18,24,18,24,24,24,24,24,24,24,18,24,18
Map_5025,8,96,8,8,8,8,8,8,8,8,8,8,8,8,8,8,8,8,8,8,8,8,8,8,8,8
Map_5026,139,321,20,20,20,20,20,20,20,20,20,20,20,20,20,20,20,19,19,19,19,19,20,19,20,19
Map_5027,553,152,159,192,161,312,102,198,102,198,102,198,100,101,100,101,94,100,90,110,90,110,94,100,94,100
Map_5028,22,39,18,18,11,20,11,11,11,11,11,11,11,11,11,11,11,11,11,11,11,11,11,11,11,11
Map_5029,27,217,6,6,6,9,6,6,6,6,6,6,6,6,6,6,6,6,6,6,6,6,6,6,6,6
Map_5030,21,131,12,12,12,13,12,12,12,12,12,12,12,12,12,12,12,12,12,12,12,12,12,12,12,12
Map_5031,19,96,40,40,14,119,35,14,35,14,35,14,35,14,35,14,19,14,19,14,19,14,19,14,19,14
Map_5032,8,192,8,8,8,8,8,8,8,8,8,8,8,8,8,8,12,8,12,8,12,8,12,8,8,8
Map_5033,399,78,14,14,14,35,14,14,14,14,14,14,14,14,14,14,13,13,13,13,13,13,13,13,13,13
Map_5034,36,43,13,13,13,18,13,13,13,13,13,13,13,13,13,13,13,13,13,13,13,13,13,13,13,13
Map_5035,51,397,26,26,26,27,26,36,26,36,26,36,26,36,26,36,42,25,43,25,43,25,42,25,42,25
Map_5036,642,638,53,323,53,38,67,46,67,46,67,46,67,73,67,73,40,44,40,44,40,44,62,44,62,44
Map_5037,611,559,38,38,38,44,38,33,38,33,38,33,37,33,37,33,37,32,37,32,37,32,37,32,37,32
Map_5038,31,232,24,24,24,24,24,38,24,38,24,38,24,38,24,38,30,23,30,23,30,23,24,29,24,29
Map_5039,512,177,123,121,130,145,267,328,267,328,267,328,220,306,220,306,43,43,43,43,43,43,43,60,43,60
Map_5040,21,30,22,22,22,23,19,19,19,19,19,19,19,19,19,19,18,18,18,18,18,18,18,18,18,18
Map_5041,16,92,16,16,16,31,16,16,16,16,16,16,16,16,16,16,16,16,16,16,16,16,16,16,16,16
Map_5042,16,219,11,11,11,11,11,11,11,11,11,11,11,11,11,11,11,11,11,11,11,11,11,11,11,11
Map_5043,12,111,12,12,12,14,12,12,12,12,12,12,12,12,12,12,12,12,12,12,12,12,12,12,12,12
Map_5044,550,397,81,81,81,85,76,46,76,46,76,46,46,46,46,46,32,46,32,46,32,39,32,46,32,46
Map_5045,116,439,16,16,16,18,16,16,16,16,16,16,16,16,16,16,18,16,18,16,18,16,18,16,18,16
Map_5046,448,373,28,28,21,58,15,15,15,15,15,15,15,15,15,15,22,15,22,15,22,15,22,15,19,15
Map_5047,395,143,230,221,229,190,156,91,156,91,156,91,181,91,182,91,59,51,64,51,64,51,59,51,59,51
Map_5048,90,164,17,15,15,17,15,15,15,15,15,15,15,16,16,16,44,15,44,15,44,15,42,15,42,15
Map_5049,23,319,12,12,12,12,12,12,12,12,12,12,12,12,12,12,12,12,15,12,15,12,12,12,12,12
Map_5050,145,255,61,54,56,36,30,33,30,33,30,33,32,33,32,33,25,30,25,30,25,30,25,32,25,32
Map_5051,558,148,11,11,11,11,11,11,11,11,11,11,11,11,11,11,11,11,11,11,11,11,11,11,11,11
Map_5052,326,205,59,59,59,59,58,50,58,50,58,50,58,50,58,50,58,49,58,49,58,49,58,49,58,49
Map_5053,61,115,50,38,38,51,51,47,51,47,51,47,52,52,52,52,29,36,32,36,32,36,29,36,29,38
Map_5054,447,168,25,25,219,19,25,25,25,25,25,25,25,25,25,25,19,19,19,19,19,19,25,19,25,25
Map_5055,530,525,140,41,140,239,44,24,44,24,44,24,45,24,45,24,35,24,35,24,35,24,24,24,24,24
Map_5056,508,190,46,46,56,130,44,44,44,44,44,44,44,70,70,70,38,35,38,36,38,36,35,35,35,35
Map_5057,405,352,285,285,168,97,79,70,79,70,79,70,79,70,79,70,67,79,64,61,70,61,67,70,73,70
Map_5058,154,227,36,36,43,41,36,36,36,36,36,36,36,36,36,36,39,30,39,30,39,30,39,30,39,30
Map_5059,599,271,38,38,39,26,25,25,25,25,25,25,25,25,25,25,25,34,25,27,25,27,25,34,25,34
Map_5060,57,144,24,24,24,26,23,23,23,23,23,23,23,23,23,23,25,23,25,23,25,23,23,23,23,23
Map_5061,604,174,58,57,211,58,58,43,58,43,58,43,43,43,43,43,58,34,75,34,76,34,58,34,58,34
Map_5062,556,138,31,31,88,96,25,25,25,25,25,25,25,25,25,25,25,25,25,25,25,25,25,25,25,25
Map_5063,523,156,235,181,235,191,71,99,71,99,71,99,71,99,71,99,51,61,51,50,51,50,51,61,51,65
Map_5064,606,234,234,262,426,179,457,440,457,440,457,440,440,440,440,440,23,21,23,21,23,21,23,21,23,21
Map_5065,426,389,168,126,168,341,102,62,102,62,102,62,102,62,102,173,119,62,105,62,105,62,102,62,102,62
Map_5066,7,363,7,7,7,7,7,7,7,7,7,7,7,7,7,7,7,7,7,7,7,7,7,7,7,7
Map_5067,138,458,23,23,23,23,23,26,23,26,23,26,23,29,23,29,23,23,23,23,23,23,23,23,23,23
Map_5068,19,87,20,19,19,20,19,19,19,19,19,19,19,19,19,19,19,19,19,19,19,19,19,19,19,19
Map_5069,27,400,10,10,10,14,10,10,10,10,10,10,10,10,10,10,10,10,10,10,10,10,10,10,10,10
Map_5070,543,265,59,59,59,85,86,86,86,86,86,86,86,86,86,86,65,45,68,45,68,45,86,45,86,45
Map_5071,59,247,16,16,16,55,16,16,16,16,16,16,16,16,16,16,19,16,19,16,19,16,16,16,16,16
Map_5072,106,71,56,56,136,57,56,48,56,38,56,38,56,48,56,48,41,38,41,38,41,38,41,38,41,38
Map_5073,196,344,15,15,15,15,15,15,15,15,15,15,15,15,15,15,15,15,15,15,15,15,15,15,15,15
Map_5074,426,251,86,214,131,101,47,47,36,36,36,36,47,47,47,47,36,36,39,36,39,36,36,39,36,39
Map_5075,16,326,13,13,13,19,13,13,13,13,13,13,13,13,13,13,13,13,13,13,13,13,13,13,13,13
Map_5076,587,401,22,22,22,22,22,22,22,22,22,22,22,22,22,22,22,20,22,20,22,20,22,20,22,20
Map_5077,46,122,67,65,62,47,55,54,55,54,55,54,55,54,55,54,139,24,151,24,151,24,138,24,138,24
Map_5078,577,94,15,15,15,15,15,15,15,15,15,15,15,15,15,15,15,15,15,15,15,15,15,15,15,15
Map_5079,21,246,8,8,8,8,8,8,8,8,8,8,8,8,8,8,8,8,8,8,8,8,8,8,8,8
Map_5080,421,133,39,38,39,167,42,22,42,22,42,22,42,22,43,22,43,21,43,21,43,21,43,21,43,21
Map_5081,557,76,12,12,12,13,12,12,12,12,12,12,12,12,12,12,12,12,12,12,12,12,12,12,12,12
Map_5082,11,394,10,10,10,10,10,10,10,10,10,10,10,10,10,10,10,10,10,10,10,10,10,10,10,10
Map_5083,325,349,141,106,95,74,69,69,69,69,69,69,69,69,81,95,120,69,118,69,97,69,65,69,65,69
Map_5084,9,56,7,7,7,9,7,6,7,6,7,6,7,6,6,6,7,6,7,6,7,6,7,6,7,6
Map_5085,497,352,62,65,100,86,62,62,62,62,62,62,65,65,69,69,32,32,34,32,34,32,32,32,32,32
Map_5086,518,190,62,31,62,37,25,25,25,25,25,25,25,25,25,25,25,25,25,25,25,25,25,25,25,25
Map_5087,242,290,11,11,11,104,11,11,11,11,11,11,11,11,11,11,16,11,16,11,16,11,14,11,11,11
Map_5088,8,184,8,8,8,8,8,8,8,8,8,8,8,8,8,8,13,8,13,8,13,8,8,8,8,8
Map_5089,83,113,110,114,110,90,54,54,54,54,54,54,54,54,54,54,47,47,47,47,49,47,47,54,78,54
Map_5090,33,120,35,33,33,36,33,33,33,33,33,33,33,33,33,33,60,29,60,30,60,30,32,29,32,29
Map_5091,33,587,25,25,20,27,20,27,20,27,20,27,20,27,26,27,20,20,20,20,20,20,20,25,20,25
Map_5092,231,169,16,16,16,42,16,16,16,16,16,16,16,16,16,16,16,16,16,16,16,16,16,16,16,16
Map_5093,18,246,17,17,17,17,17,17,17,17,17,17,17,17,17,17,17,17,22,17,22,17,17,17,17,17
Map_5094,567,463,21,19,19,21,19,19,19,19,19,19,19,19,19,19,21,19,21,19,21,19,19,19,19,19
Map_5095,5,99,5,5,5,5,5,5,5,5,5,5,5,5,5,5,5,5,5,5,5,5,5,5,5,5
Map_5096,257,147,12,12,12,12,69,12,69,12,69,12,69,12,69,12,13,12,13,12,13,12,13,12,13,12
Map_5097,214,100,30,30,53,30,30,30,30,30,30,30,30,30,30,30,56,16,16,16,16,16,43,16,43,16
Map_5098,616,210,21,21,21,24,21,21,21,21,21,21,21,21,21,21,21,21,21,21,21,21,21,21,21,21
Map_5099,106,80,19,19,19,19,19,19,19,19,19,19,19,19,19,19,23,15,23,15,23,15,27,15,27,15
Map_5100,571,232,71,71,71,114,70,70,70,70,70,70,70,70,70,70,66,35,72,32,72,32,66,35,70,35
Map_5101,31,358,18,18,18,40,18,18,18,18,18,18,18,18,18,18,18,18,18,18,18,18,18,18,18,18
Map_5102,25,92,19,19,19,19,16,16,16,16,16,16,16,16,16,16,16,16,16,16,16,16,16,16,16,16
Map_5103,39,320,47,40,47,41,38,40,38,40,38,40,40,40,40,40,31,38,88,38,88,38,31,38,31,38
Map_5104,509,485,38,43,43,48,38,43,38,43,38,43,43,43,43,43,35,22,35,22,35,22,36,22,38,22
Map_5105,591,232,66,48,66,130,41,41,41,41,41,41,40,41,40,41,40,43,40,43,40,43,40,41,40,41
Map_5106,533,97,31,31,30,32,30,30,30,30,30,30,30,30,30,30,31,30,26,31,26,31,31,30,31,30
Map_5107,27,219,28,27,28,24,17,17,17,17,17,17,17,17,17,17,17,17,17,17,17,17,17,17,17,17
Map_5108,42,82,14,14,14,32,15,15,15,15,15,15,15,15,15,15,33,15,35,14,35,14,15,15,15,15
Map_5109,325,427,207,213,207,47,36,36,36,36,36,36,36,36,36,36,36,36,36,36,36,36,36,36,36,36
Map_5110,178,340,21,20,18,21,20,13,20,13,20,13,20,13,20,13,20,13,20,13,20,13,20,13,20,13
Map_5111,41,392,21,21,21,32,17,15,17,15,17,15,17,15,17,15,17,15,17,15,17,15,17,15,17,15
Map_5112,550,279,11,11,11,22,11,11,11,11,11,11,11,11,11,11,11,11,11,11,11,11,11,11,11,11
Map_5113,6,26,6,6,6,6,6,6,6,6,6,6,6,6,6,6,6,6,6,6,6,6,6,6,6,6
Map_5114,172,496,73,73,73,89,78,76,77,77,77,77,76,76,76,76,78,67,78,67,78,67,77,67,77,75
Map_5115,10,26,8,8,8,14,8,8,8,8,8,8,8,8,8,8,8,8,8,8,8,8,8,8,8,8
Map_5116,9,224,9,9,9,23,9,9,9,9,9,9,9,9,9,9,9,9,9,9,9,9,9,9,9,9
Map_5117,431,184,34,33,34,95,33,20,33,20,33,20,33,20,33,20,24,20,24,20,24,20,24,20,24,20
Map_5118,538,501,74,68,74,50,54,67,54,67,54,67,54,67,54,67,53,54,53,54,53,54,52,67,52,67
Map_5119,624,349,36,36,36,42,30,24,30,24,30,24,24,24,24,24,24,24,24,24,24,24,25,24,25,24
Map_5120,395,197,150,30,150,56,25,25,25,25,25,25,25,25,25,25,46,25,46,25,46,25,45,25,44,25
Map_5121,173,217,61,48,48,63,48,48,48,48,48,48,48,48,48,48,45,48,44,48,44,48,45,48,45,48
Map_5122,612,497,22,22,22,24,29,22,29,22,29,22,29,22,29,22,62,22,62,22,62,22,62,22,62,22
Map_5123,74,262,26,26,30,27,27,25,27,25,27,25,25,25,25,25,27,25,27,25,27,25,27,25,27,25
Map_5124,210,134,36,36,36,37,52,36,52,36,52,36,52,36,52,36,62,36,62,36,62,36,74,36,74,36
Map_5125,321,100,40,40,40,41,22,22,22,22,22,22,22,22,22,22,21,21,21,21,21,21,22,21,22,21
Map_5126,6,19,6,6,6,6,6,6,6,6,6,6,6,6,6,6,6,6,6,6,6,6,6,6,6,6
Map_5127,567,518,112,112,558,114,65,65,65,65,65,65,65,65,65,65,85,133,87,102,87,102,84,133,65,133
Map_5128,451,307,69,69,76,338,48,65,48,65,48,65,47,65,47,65,60,55,60,41,176,41,60,55,60,55
Map_5129,122,271,18,18,18,19,18,18,18,18,18,18,18,18,18,18,18,18,18,18,18,18,18,18,18,18
Map_5130,547,284,20,20,20,47,54,20,54,20,54,20,20,20,20,20,48,20,37,20,37,20,48,20,48,20
Map_5131,11,23,11,11,11,26,11,11,11,11,11,11,11,11,11,11,11,11,11,11,11,11,11,11,11,11
Map_5132,15,118,14,14,14,24,14,12,14,12,14,12,12,12,12,12,14,8,8,8,8,8,14,8,14,8
Map_5133,71,217,15,15,15,21,15,15,15,15,15,15,15,15,15,15,13,12,13,12,13,12,13,12,13,12
Map_5134,24,33,21,15,21,23,15,15,15,15,15,15,15,15,15,15,10,10,10,10,10,10,10,10,10,10
Map_5135,439,400,78,74,77,81,74,89,74,89,74,89,74,89,74,89,71,62,71,62,71,62,71,62,71,62
Map_5136,638,70,73,73,185,54,114,58,114,58,114,58,114,58,114,58,37,33,37,33,37,33,37,33,37,33
Map_5137,9,133,16,9,9,19,9,9,9,9,9,9,9,9,9,9,19,9,19,9,19,9,9,9,9,9
Map_5138,387,362,122,95,98,114,193,190,193,190,193,190,234,234,234,234,33,33,33,33,33,33,33,33,33,33
Map_5139,528,151,15,14,15,15,14,14,14,14,14,14,14,14,14,14,14,14,14,14,14,14,14,14,14,14
Map_5140,9,124,9,9,9,9,9,9,9,9,9,9,9,9,9,9,9,9,9,9,9,9,9,9,9,9
Map_5141,515,78,12,12,12,12,12,10,12,10,12,10,10,10,10,10,10,10,12,10,12,10,10,10,10,10
Map_5142,589,625,49,37,87,63,24,24,42,24,42,24,24,24,24,24,24,24,25,24,25,24,24,24,24,24
Map_5143,10,33,10,10,10,10,10,10,10,10,10,10,10,10,10,10,10,10,10,10,10,10,10,10,10,10
Map_5144,449,585,31,30,31,35,27,27,27,27,27,27,27,27,27,27,27,27,27,27,27,27,27,27,27,27
Map_5145,316,275,185,185,183,223,67,157,67,157,67,157,67,157,67,157,67,34,67,34,67,34,67,34,67,34
Map_5146,18,115,15,15,15,15,15,15,15,15,15,15,15,15,15,15,15,15,15,15,15,15,15,15,15,15
Map_5147,9,27,9,9,9,9,9,9,9,9,9,9,9,9,9,9,9,9,9,9,9,9,9,9,9,9
Map_5148,468,446,41,46,41,29,24,30,24,30,24,30,24,30,24,30,24,24,24,29,24,29,24,34,24,30
Map_5149,67,54,21,21,21,21,21,21,21,21,21,21,21,21,21,21,21,21,21,21,21,21,21,21,21,21
Map_5150,45,186,8,8,8,8,8,8,8,8,8,8,8,8,8,8,9,8,9,8,9,8,9,8,9,8
Map_5151,545,202,66,66,74,66,66,32,66,32,66,32,66,32,66,32,41,32,41,32,41,32,41,32,41,32
Map_5152,34,47,28,28,28,41,28,15,28,15,28,15,28,15,28,15,17,15,17,15,17,15,17,15,17,15
Map_5153,583,404,363,548,518,459,388,106,388,106,388,106,388,168,402,168,135,97,139,97,139,94,135,97,182,97
Map_5154,587,165,167,109,167,190,48,57,48,57,48,57,47,502,47,527,51,61,51,61,51,61,51,61,51,61
Map_5155,489,388,19,19,19,449,19,19,19,19,19,19,19,19,19,19,19,13,19,13,19,13,19,13,19,13
Map_5156,45,184,34,29,34,36,29,38,29,38,29,38,29,38,29,38,29,38,31,38,31,38,29,38,29,38
Map_5157,169,261,121,103,118,57,82,55,82,55,82,55,54,55,54,55,55,52,37,63,40,63,55,52,53,52
Map_5158,35,84,28,28,28,32,35,35,35,35,35,35,31,31,31,31,27,27,27,27,27,27,32,27,35,27
Map_5159,16,105,18,48,18,18,18,54,18,54,18,54,49,54,49,54,14,14,14,14,14,14,14,47,14,47
Map_5160,227,155,59,59,59,23,23,44,23,44,23,44,23,44,23,44,23,23,23,23,23,23,23,44,23,44
Map_5161,264,348,17,17,17,16,16,16,16,16,16,16,16,16,16,16,16,16,16,16,16,16,16,16,16,16
Map_5162,632,322,28,28,28,28,28,28,28,28,28,28,28,28,28,28,30,30,30,30,30,30,30,30,30,30
Map_5163,503,414,128,55,409,189,73,230,73,230,73,230,55,55,55,55,238,59,148,59,148,59,326,61,326,61
Map_5164,582,147,17,17,17,17,17,17,17,17,17,17,17,17,17,17,17,17,17,17,17,17,17,17,17,17
Map_5165,44,534,18,18,18,20,20,19,20,19,20,19,19,19,19,19,25,18,41,18,41,18,25,18,25,18
Map_5166,9,292,10,10,10,10,9,9,9,9,9,9,9,9,9,9,9,9,10,9,10,9,9,9,9,9
Map_5167,16,174,12,12,16,15,12,12,12,12,12,12,12,12,12,12,12,12,12,12,12,12,12,12,12,12
Map_5168,14,90,10,10,10,10,10,10,10,10,10,10,10,10,10,10,10,10,10,10,10,10,10,10,10,10
Map_5169,589,199,93,76,91,48,135,43,135,43,135,43,135,43,135,43,124,67,124,51,124,51,135,67,77,67
Map_5170,578,248,24,24,23,24,27,24,27,24,27,24,53,24,53,24,25,23,25,23,25,23,25,23,25,23
Map_5171,552,132,27,27,27,31,27,26,27,26,27,26,27,26,27,26,24,24,28,24,28,24,24,26,24,26
Map_5172,57,286,55,55,55,94,20,56,20,56,20,56,55,56,68,56,20,20,20,20,20,20,20,20,20,57
Map_5173,17,201,12,12,12,15,12,12,12,12,12,12,12,12,12,12,12,11,13,11,13,11,12,11,12,11
Map_5174,634,423,314,310,92,184,97,70,97,70,97,70,97,72,97,72,86,70,120,70,120,70,86,70,86,70
Map_5175,490,67,25,25,25,38,24,24,24,24,24,24,24,24,24,24,24,24,24,24,24,24,24,24,24,24
Map_5176,248,175,184,184,290,170,130,55,129,55,129,55,145,55,249,55,48,55,34,55,37,55,42,55,42,55
Map_5177,14,241,12,12,12,36,12,12,12,12,12,12,12,12,12,12,12,12,12,12,12,12,12,12,12,12
Map_5178,14,154,14,14,14,19,12,12,12,12,12,12,12,12,12,12,12,12,17,12,18,12,12,12,12,12
Map_5179,520,473,228,132,311,122,114,91,114,91,114,91,223,90,223,141,43,45,98,46,98,46,43,45,43,45
Map_5180,493,353,434,408,433,346,34,37,34,37,34,37,34,37,34,37,34,37,43,37,43,37,34,37,34,37
Map_5181,302,135,69,69,70,181,54,47,54,47,54,47,53,73,53,73,62,62,62,62,62,62,62,62,62,62
Map_5182,138,194,24,23,24,28,24,23,24,23,24,23,23,23,23,23,23,23,23,23,23,23,22,23,22,23
Map_5183,624,212,136,136,516,378,243,274,243,274,243,274,243,228,243,228,161,184,161,184,161,184,120,184,120,184
Map_5184,74,115,37,37,37,44,25,25,25,25,25,25,25,25,25,25,25,25,25,25,25,25,25,25,25,25
Map_5185,12,494,11,11,11,11,11,11,11,11,11,11,11,11,11,11,11,11,11,11,11,11,11,11,11,11
Map_5186,12,536,10,10,10,10,10,10,10,10,10,10,10,10,10,10,10,10,12,10,12,10,10,10,10,10
Map_5187,121,93,23,23,23,24,18,23,18,23,18,23,18,23,18,23,18,20,18,20,18,20,18,20,18,23
Map_5188,629,349,105,105,105,120,218,283,218,283,218,283,193,193,193,193,314,198,305,85,307,85,193,91,193,91
Map_5189,79,453,51,51,52,61,42,51,42,51,42,42,42,51,42,51,42,37,42,37,42,37,42,42,42,42
Map_5190,608,472,480,264,583,546,464,464,464,464,464,464,108,108,108,108,55,334,54,303,54,303,71,251,71,251
Map_5191,26,301,22,22,22,29,22,22,22,22,22,22,22,22,22,22,23,17,17,17,17,17,21,17,21,17
Map_5192,27,233,11,11,11,16,11,11,11,11,11,11,11,11,11,11,11,11,16,11,16,11,11,11,11,11
Map_5193,565,561,46,46,46,239,46,46,46,46,46,46,44,44,44,44,42,46,42,46,42,46,42,46,42,46
Map_5194,123,82,161,55,55,67,55,55,55,55,55,55,57,57,57,57,55,55,47,55,47,55,55,55,55,55
Map_5195,510,244,13,13,13,13,13,13,13,13,13,13,13,13,13,13,13,13,13,13,13,13,13,13,13,13
Map_5196,120,119,20,20,20,24,42,20,42,20,42,20,42,20,42,20,17,16,17,16,17,16,17,16,17,16
Map_5197,17,52,15,15,15,15,15,15,15,15,15,15,15,15,15,15,15,15,15,15,15,15,15,15,15,15
Map_5198,122,187,58,55,58,43,38,24,38,24,38,24,38,24,38,24,18,18,18,18,18,18,18,18,18,18
Map_5199,133,216,29,29,29,240,38,38,38,38,38,38,38,38,38,38,25,23,25,23,25,23,29,23,29,23
Map_5200,15,373,15,15,15,17,16,15,16,15,16,15,16,15,16,15,16,15,16,15,16,15,16,15,16,15
Map_5201,96,67,79,79,79,43,30,30,30,30,30,30,30,30,30,30,30,26,30,26,30,26,30,26,30,26
Map_5202,591,292,60,60,60,56,61,61,61,61,61,61,61,61,61,61,40,52,53,51,53,51,40,59,51,59
Map_5203,640,342,18,18,18,18,18,18,18,18,18,18,18,18,18,18,18,18,18,18,18,18,18,18,18,18
Map_5204,105,334,72,71,327,125,66,74,66,63,66,63,65,64,65,64,56,42,56,48,56,48,56,57,56,61
Map_5205,169,126,53,53,53,59,54,133,54,133,54,133,54,133,54,133,56,108,59,56,59,56,56,165,56,165
Map_5206,241,192,73,73,73,81,68,68,68,68,68,68,68,103,215,177,69,55,65,54,65,54,66,61,66,61
Map_5207,504,202,33,33,33,37,25,34,25,34,25,34,36,34,36,34,25,25,29,25,29,25,25,25,25,34
Map_5208,300,389,22,22,22,22,22,22,22,22,22,22,22,22,22,22,22,21,22,20,22,20,22,21,21,21
Map_5209,550,198,19,19,19,19,19,19,19,19,19,19,19,19,19,19,19,19,19,19,19,19,19,19,19,19
Map_5210,34,385,31,31,31,31,25,25,25,25,25,25,25,25,25,25,26,22,26,22,26,22,25,25,25,25
Map_5211,614,405,172,227,262,223,218,169,218,169,218,169,212,212,212,212,141,232,142,232,132,180,131,232,152,232
Map_5212,34,237,28,28,28,29,29,26,29,26,29,26,28,26,28,26,37,26,37,26,37,26,123,26,89,26
Map_5213,83,178,17,17,17,17,17,17,17,17,17,17,17,17,17,17,17,17,17,17,17,17,17,17,17,17
Map_5214,581,442,21,20,21,21,21,20,21,20,21,20,20,20,20,20,21,20,21,20,21,20,21,20,21,20
Map_5215,279,341,28,28,80,33,28,19,28,19,28,19,28,19,28,19,28,18,28,18,27,18,28,18,28,19
Map_5216,587,212,28,25,67,31,22,25,22,25,22,25,22,25,22,25,22,22,22,22,22,22,22,22,22,22
Map_5217,114,246,22,22,22,50,22,35,22,35,22,35,22,30,22,30,22,33,22,33,22,33,22,33,22,33
Map_5218,354,58,48,40,66,170,42,38,52,38,52,38,38,38,38,38,24,13,24,13,24,13,24,13,24,13
Map_5219,203,91,26,26,26,27,43,27,43,27,43,27,42,27,42,27,37,26,37,26,37,26,37,26,37,26
Map_5220,62,271,24,24,24,26,23,24,23,24,23,24,23,24,23,24,22,21,22,21,22,21,21,21,21,21
Map_5221,11,58,10,10,10,18,10,10,10,10,10,10,10,10,10,10,10,10,10,10,10,10,10,10,10,10
Map_5222,643,389,194,191,204,299,386,218,386,218,386,218,369,218,369,218,108,96,112,97,117,97,133,96,110,96
Map_5223,473,99,54,54,79,54,54,54,54,54,54,54,54,54,54,54,48,47,46,47,46,47,54,54,54,54
Map_5224,120,609,26,25,26,26,26,25,26,25,26,25,25,25,25,25,29,25,29,25,29,25,29,29,29,29
Map_5225,534,75,32,32,32,33,32,32,32,32,32,32,32,32,32,32,32,32,65,32,65,32,32,32,32,32
Map_5226,22,64,17,15,17,17,15,15,15,15,15,15,15,15,15,15,17,15,17,15,17,15,15,15,15,15
Map_5227,21,297,17,17,17,17,17,17,17,17,17,17,17,17,17,17,17,17,17,17,19,17,17,17,17,17
Map_5228,27,403,12,12,12,16,12,16,12,16,12,16,12,16,12,16,12,12,12,12,12,12,12,12,12,12
Map_5229,7,59,8,7,8,13,7,7,7,7,7,7,7,7,7,7,7,7,7,7,7,7,7,7,7,7
Map_5230,21,221,12,12,12,23,12,12,12,12,12,12,12,12,12,12,12,12,12,12,12,12,12,12,12,12
Map_5231,559,364,20,20,20,20,20,20,20,20,20,20,20,20,20,20,20,20,20,20,20,20,20,20,20,20
Map_5232,212,138,50,45,48,49,45,45,45,37,45,37,45,45,45,45,40,33,45,33,45,33,40,33,40,33
Map_5233,196,495,36,36,36,40,37,36,37,36,37,36,36,36,36,36,37,36,37,36,37,36,37,36,37,36
Map_5234,459,513,136,133,136,143,100,115,100,115,100,115,100,115,100,115,75,69,75,69,75,69,75,69,75,69
Map_5235,578,531,145,210,145,187,44,54,44,54,44,54,44,57,44,57,54,32,38,28,38,28,44,32,44,32
Map_5236,46,78,29,29,29,30,29,31,29,31,29,31,29,31,29,47,29,31,30,31,30,31,29,31,29,31
Map_5237,15,34,15,15,21,15,15,15,15,15,15,15,15,15,15,15,15,15,16,15,16,15,15,15,15,15
Map_5238,17,209,13,13,13,13,13,13,13,13,13,13,13,13,13,13,14,13,14,13,14,13,14,13,14,13
Map_5239,470,73,18,18,18,18,18,18,18,18,18,18,18,18,18,18,18,18,18,18,18,18,18,18,18,18
Map_5240,626,345,69,69,69,308,69,71,69,71,69,71,72,72,72,72,256,71,211,71,211,71,69,71,69,71
Map_5241,19,248,12,12,14,12,12,12,12,12,12,12,12,12,12,12,12,12,12,12,12,12,12,12,12,12
Map_5242,384,283,31,31,31,31,31,45,31,45,31,45,31,45,31,45,31,31,31,31,31,31,31,31,31,31
Map_5243,127,358,95,95,95,117,78,89,78,89,78,89,81,89,81,89,96,67,48,67,48,67,141,81,78,81
Map_5244,232,174,22,22,22,22,22,22,22,22,22,22,22,22,22,22,23,22,23,22,23,22,23,22,23,22
Map_5245,8,15,7,7,7,10,7,7,7,7,7,7,7,7,7,7,7,7,7,7,7,7,7,7,7,7
Map_5246,12,60,12,12,12,12,12,12,12,12,12,12,12,12,12,12,12,12,12,12,12,12,12,12,12,12
Map_5247,167,313,18,18,18,24,18,18,18,18,18,18,18,18,18,18,18,18,18,18,18,18,18,18,18,18
Map_5248,225,203,297,284,235,186,323,144,323,144,323,144,280,183,280,183,94,161,94,161,94,161,151,222,171,369
Map_5249,35,173,20,20,20,20,20,20,20,20,20,20,20,20,20,20,20,34,27,34,27,34,20,34,20,34
Map_5250,11,61,8,8,8,12,8,8,8,8,8,8,8,8,8,8,8,8,8,8,8,8,8,8,8,8
Map_5251,62,58,21,21,21,21,21,21,21,21,21,21,21,21,21,21,20,20,20,20,20,20,20,20,20,20
Map_5252,37,34,22,22,22,22,22,22,22,22,22,22,22,22,22,22,22,22,22,22,22,22,22,22,22,22
Map_5253,22,244,23,18,18,35,20,18,20,18,20,18,18,18,18,18,20,18,28,18,28,18,20,18,20,18
Map_5254,23,96,21,21,21,18,18,21,18,21,18,21,21,21,21,21,18,18,18,16,18,16,18,21,18,21
Map_5255,436,510,71,71,71,40,32,45,32,45,32,45,32,45,32,45,32,32,32,32,32,32,32,32,32,32
Map_5256,300,398,21,22,21,24,21,22,21,22,21,22,22,22,22,22,21,20,20,20,20,20,21,22,21,22
Map_5257,400,395,167,167,167,61,57,44,57,44,57,44,57,44,57,44,41,39,41,39,41,39,41,39,41,39
Map_5258,519,218,45,45,45,70,45,18,45,18,45,18,45,18,45,18,23,18,23,18,23,18,23,18,23,18
Map_5259,416,172,24,24,40,24,24,24,24,24,24,24,24,24,24,24,24,24,24,21,24,21,24,24,17,24
Map_5260,324,221,58,58,15,37,41,39,41,39,41,39,41,37,41,37,39,15,39,15,39,15,41,15,29,15
Map_5261,619,382,489,489,489,436,174,174,174,174,174,174,196,174,196,174,145,144,150,122,150,121,145,150,147,150
Map_5262,17,21,10,10,10,11,10,10,10,10,10,10,10,10,10,10,10,10,10,10,10,10,10,10,10,10
Map_5263,12,81,12,12,12,12,12,12,12,12,12,12,12,12,15,15,16,12,16,12,16,12,16,12,16,12
Map_5264,565,353,383,383,63,592,41,41,41,41,41,41,41,41,41,41,40,40,50,40,50,40,40,40,40,40
Map_5265,13,73,13,13,13,15,15,13,15,13,15,13,15,13,15,13,15,13,15,13,15,13,15,13,15,13
Map_5266,434,378,35,35,27,35,35,27,35,27,35,27,35,27,35,27,27,21,34,21,34,21,27,21,27,21
Map_5267,28,188,24,24,24,24,24,24,24,24,24,24,24,24,24,24,27,24,27,24,27,24,24,24,24,24
Map_5268,243,209,31,31,31,31,31,35,31,35,31,35,31,35,31,35,59,58,59,58,59,58,58,84,84,84
Map_5269,604,151,75,75,75,44,41,39,41,39,41,39,41,39,41,39,42,41,41,41,41,41,42,41,42,41
Map_5270,34,90,15,15,15,15,14,15,14,15,14,15,14,15,14,15,14,14,14,14,14,14,14,14,14,14
Map_5271,603,132,17,17,17,20,17,17,17,17,17,17,17,17,17,17,17,17,17,17,17,17,17,17,17,17
Map_5272,521,372,167,167,167,119,91,90,91,90,91,90,91,90,91,90,41,81,41,41,41,41,72,238,80,238
Map_5273,229,300,91,59,99,67,59,30,59,30,59,30,28,30,28,30,56,28,57,28,57,28,59,28,57,28
Map_5274,8,88,8,8,8,10,8,8,8,8,8,8,8,8,8,8,8,8,8,8,8,8,8,8,8,8
Map_5275,631,178,12,12,12,23,12,12,12,12,12,12,12,12,12,12,12,12,12,12,12,12,12,12,12,12
Map_5276,5,17,5,5,5,5,5,5,5,5,5,5,5,5,5,5,5,5,5,5,5,5,5,5,5,5
Map_5277,9,288,9,9,9,11,9,9,9,9,9,9,9,9,9,9,9,9,9,9,9,9,9,9,9,9
Map_5278,542,118,120,120,100,128,96,96,96,96,96,96,96,96,96,96,92,80,92,61,92,61,96,93,96,93
Map_5279,36,218,51,50,51,58,54,23,54,23,54,23,50,23,50,23,34,33,34,33,34,33,49,33,49,33
Map_5280,47,52,20,20,20,20,17,17,17,17,17,17,17,17,17,17,17,17,17,17,17,17,17,17,17,17
Map_5281,188,68,44,44,44,45,52,33,52,33,52,33,52,33,52,33,33,29,33,29,33,29,33,29,33,29
Map_5282,581,116,15,15,15,99,15,15,15,15,15,15,15,15,15,15,15,15,15,15,15,15,15,15,15,15
Map_5283,587,197,44,44,44,48,44,71,44,71,44,71,44,71,44,71,42,42,42,42,42,42,42,42,42,42
Map_5284,22,209,11,11,11,14,11,11,11,11,11,11,11,11,11,11,11,11,11,11,11,11,11,11,11,11
Map_5285,553,82,110,104,109,237,26,26,26,26,26,26,26,26,26,26,26,26,26,26,26,26,26,26,26,26
Map_5286,442,79,25,25,25,34,22,25,22,25,22,25,22,25,22,25,20,20,24,20,24,20,20,20,20,20
Map_5287,19,67,20,20,20,20,16,16,16,16,16,16,16,16,16,16,16,16,16,16,16,16,16,16,16,16
Map_5288,40,327,21,22,22,21,21,21,21,21,21,21,22,22,22,22,21,21,21,21,21,21,21,21,21,21
Map_5289,198,284,166,139,397,442,59,206,59,206,59,206,59,219,59,219,40,52,40,52,40,52,59,92,59,92
Map_5290,23,256,13,13,13,13,13,13,13,13,13,13,13,13,13,13,13,13,13,13,13,13,13,13,13,13
Map_5291,250,378,26,26,19,26,26,26,26,26,26,26,26,26,26,26,31,19,31,19,31,19,31,19,26,19
Map_5292,12,28,12,12,12,12,12,12,12,12,12,12,12,12,12,12,21,12,21,12,21,12,12,12,12,12
Map_5293,53,83,58,42,58,29,29,29,26,26,26,26,29,29,29,29,26,26,26,26,26,26,26,26,26,26
Map_5294,573,259,548,502,589,90,187,80,186,80,186,80,109,80,109,80,119,80,80,80,80,80,115,80,115,80
Map_5295,19,40,16,15,16,16,15,17,15,17,15,17,15,22,15,22,15,15,15,15,15,15,15,15,15,15
Map_5296,53,331,26,26,17,27,27,27,27,27,27,27,27,27,27,27,13,13,18,13,18,13,13,13,13,13
Map_5297,597,332,346,165,346,595,195,46,195,46,195,46,46,46,46,46,196,46,189,46,194,46,192,46,207,46
Map_5298,17,66,14,14,14,23,14,14,14,14,14,14,14,14,14,14,23,14,23,14,23,14,25,14,14,14
Map_5299,564,305,25,25,17,29,17,17,17,17,17,17,17,17,17,17,19,17,19,17,19,17,17,17,17,17
Map_5300,18,242,13,13,13,16,12,12,12,12,12,12,12,12,12,12,12,12,12,12,12,12,12,12,12,12
Map_5301,62,113,22,22,22,22,22,22,22,22,22,22,22,22,22,22,23,21,21,21,21,21,22,21,22,21
Map_5302,546,200,98,110,99,156,229,110,229,110,229,110,110,110,110,110,187,107,82,93,86,93,200,134,200,134
Map_5303,483,153,31,31,31,58,31,31,31,31,31,31,31,31,31,31,31,34,31,34,31,34,31,34,31,34
Map_5304,10,397,10,10,10,10,10,10,10,10,10,10,10,10,10,10,8,8,8,8,8,8,8,8,8,8
Map_5305,570,223,316,252,357,37,26,43,26,43,26,43,26,43,26,43,26,26,26,26,26,26,26,26,26,26
Map_5306,27,217,11,11,11,12,13,13,13,13,13,13,13,13,13,13,13,11,13,11,13,11,13,11,13,11
Map_5307,11,18,7,7,7,13,7,7,7,7,7,7,7,7,7,7,7,7,7,7,7,7,7,7,7,7
Map_5308,545,270,35,28,26,33,26,35,26,35,26,35,26,28,26,28,26,19,27,19,27,19,26,28,26,28
Map_5309,7,111,7,7,7,7,7,7,7,7,7,7,7,7,7,7,7,7,7,7,7,7,7,7,7,7
Map_5310,599,79,20,20,20,22,20,20,20,20,20,20,20,20,20,20,24,20,24,20,24,20,20,20,20,20
Map_5311,41,580,12,12,12,21,12,12,12,12,12,12,12,12,12,12,12,12,12,12,12,12,12,12,12,12
Map_5312,575,179,74,74,74,74,74,83,74,83,74,83,74,83,74,85,51,83,51,55,51,55,51,83,51,83
Map_5313,590,117,65,65,65,56,45,45,45,45,45,45,45,45,45,45,47,43,47,43,47,43,47,43,47,43
Map_5314,284,197,57,56,136,64,56,52,56,52,56,52,52,52,52,52,56,52,56,52,56,52,56,52,52,52
Map_5315,11,147,11,11,11,24,11,11,11,11,11,11,11,11,11,11,11,11,11,11,11,11,11,11,11,11
Map_5316,10,362,7,7,7,7,7,7,7,7,7,7,7,7,7,7,7,7,7,7,7,7,7,7,7,7
Map_5317,25,85,32,46,32,36,14,14,14,14,14,14,14,14,14,14,14,14,14,14,14,14,14,14,14,14
Map_5318,102,253,32,32,32,42,32,32,32,32,32,32,32,32,32,32,22,22,22,22,22,22,22,22,22,22
Map_5319,18,141,201,35,230,99,18,18,18,18,18,18,18,18,18,18,18,18,18,18,18,18,18,18,18,18
Map_5320,425,364,26,26,26,78,23,23,23,23,23,23,23,23,23,23,23,23,23,23,23,23,23,23,23,23
Map_5321,228,458,70,70,70,73,72,70,72,70,72,70,72,72,72,72,33,65,33,65,33,65,33,65,33,65
Map_5322,37,196,61,61,61,72,25,25,25,25,25,25,25,25,25,25,19,25,19,25,19,25,19,25,19,25
Map_5323,379,181,178,91,78,224,57,65,57,65,57,65,57,65,57,65,57,55,57,55,57,55,57,65,57,65
Map_5324,17,220,14,14,17,39,14,14,14,14,14,14,14,14,14,14,14,14,14,14,14,14,14,14,14,14
Map_5325,14,306,7,7,7,7,7,7,7,7,7,7,7,7,7,7,7,7,7,7,7,7,7,7,7,7
Map_5326,622,238,66,66,87,77,51,51,51,51,51,51,51,51,51,51,50,45,51,45,51,45,50,45,50,45
Map_5327,161,80,26,26,26,69,26,26,27,26,27,26,26,26,26,26,27,26,27,26,27,26,27,26,27,26
Map_5328,639,193,54,53,58,47,45,45,45,45,45,45,45,45,45,45,44,44,44,44,44,44,44,44,44,44
Map_5329,13,103,12,19,12,12,9,13,9,13,9,13,9,13,9,13,9,9,9,9,9,9,9,9,9,9
Map_5330,8,285,8,8,8,12,8,8,8,8,8,8,8,8,8,8,8,8,8,8,8,8,8,8,8,8
Map_5331,24,278,24,24,24,49,35,35,35,35,35,35,35,35,38,38,33,25,33,25,33,25,34,25,34,25
Map_5332,10,165,10,10,10,10,10,10,10,10,10,10,10,10,10,10,12,10,12,10,12,10,12,10,10,10
Map_5333,15,68,26,18,33,26,15,15,15,15,15,15,15,15,15,15,15,15,16,15,16,15,15,15,15,15
Map_5334,219,531,79,85,104,91,76,75,76,75,76,75,77,77,77,77,76,63,76,68,76,68,76,63,76,63
Map_5335,37,184,11,11,11,16,11,11,11,11,11,11,11,11,11,11,12,11,12,11,12,11,12,11,12,11
Map_5336,9,192,11,11,11,11,9,9,9,9,9,9,9,9,9,9,9,9,9,9,9,9,9,9,9,9
Map_5337,451,293,74,67,456,74,67,67,67,67,67,67,67,67,67,67,71,65,63,65,63,65,65,65,65,65
Map_5338,44,242,19,19,19,19,19,19,19,19,19,19,19,19,19,19,17,17,17,17,17,17,17,17,17,17
Map_5339,24,138,11,11,11,18,11,11,11,11,11,11,11,11,11,11,11,11,14,11,14,11,11,11,11,11
Map_5340,35,387,26,26,26,47,28,28,28,28,28,28,28,28,28,28,20,19,30,19,30,19,20,19,20,19
Map_5341,476,205,39,36,37,39,27,27,27,27,27,27,27,27,27,27,27,27,27,25,27,25,27,27,27,27
Map_5342,579,362,148,144,158,176,59,63,59,63,59,63,63,63,63,63,64,59,64,59,64,65,59,63,59,63
Map_5343,94,171,73,73,73,87,56,25,54,25,54,25,58,25,58,25,25,25,26,25,26,25,25,25,25,25
Map_5344,16,52,10,10,10,10,10,10,10,10,10,10,10,10,10,10,10,10,10,10,10,10,10,10,10,10
Map_5345,229,205,91,91,125,114,55,58,55,58,55,58,55,58,55,58,52,58,56,58,56,58,52,58,52,58
Map_5346,7,81,7,7,7,7,7,7,7,7,7,7,7,7,7,7,7,7,7,7,7,7,7,7,7,7
Map_5347,480,84,33,35,33,42,40,37,40,37,40,37,40,37,40,37,18,18,18,18,18,18,18,18,18,18
Map_5348,20,49,49,23,96,43,23,23,43,23,43,23,23,23,23,23,15,15,15,15,15,15,15,23,15,23
Map_5349,565,461,21,21,21,20,20,20,20,20,20,20,20,20,20,20,23,20,23,20,23,20,23,20,23,20
Map_5350,30,55,16,16,16,16,16,16,16,16,16,16,16,16,16,16,16,16,16,16,16,16,16,16,16,16
Map_5351,597,431,229,204,120,488,39,348,39,348,39,348,39,321,39,321,53,87,53,147,53,147,53,101,53,101
Map_5352,554,218,12,12,12,12,12,12,12,12,12,12,12,12,12,12,12,12,12,12,12,12,12,12,12,12
Map_5353,597,289,18,18,18,21,18,18,18,18,18,18,18,18,18,18,18,18,18,18,18,18,18,18,18,18
Map_5354,15,99,12,12,12,37,12,12,12,12,12,12,12,12,12,12,12,12,29,12,29,12,12,12,12,12
Map_5355,18,192,38,55,38,39,30,30,30,30,30,30,30,30,30,30,22,18,22,18,22,18,22,18,22,18
Map_5356,19,353,25,19,25,25,19,19,19,19,19,19,19,19,19,19,20,19,20,19,20,19,20,19,20,19
Map_5357,606,237,236,231,137,212,110,216,110,216,110,216,126,223,126,223,90,80,90,80,90,80,90,80,98,80
Map_5358,474,488,30,30,30,30,28,28,28,28,28,28,28,28,28,28,28,28,28,28,28,28,28,28,28,28
Map_5359,52,280,9,9,9,20,9,9,9,9,9,9,9,9,9,9,9,9,9,9,9,9,9,9,9,9
Map_5360,594,325,30,30,30,347,30,30,30,30,30,30,30,30,30,30,62,30,62,30,62,30,92,30,49,30
Map_5361,538,152,20,20,20,27,24,24,24,24,24,24,24,24,24,24,19,20,19,20,19,20,19,20,19,20
Map_5362,392,279,210,181,210,292,51,51,51,51,51,51,51,51,51,51,51,41,51,41,51,41,41,41,41,41
Map_5363,60,132,23,23,21,38,23,21,23,21,23,21,23,21,23,21,23,21,23,21,23,21,23,21,23,21
Map_5364,582,322,204,254,400,157,37,37,37,37,37,37,37,37,37,37,41,35,41,26,46,26,41,35,41,35
Map_5365,473,238,401,398,386,150,131,120,131,120,131,120,120,120,120,120,132,120,133,120,133,120,130,120,130,120
Map_5366,256,381,40,27,27,20,23,23,23,23,23,23,25,23,25,23,23,23,22,20,33,20,23,23,23,23
Map_5367,589,386,16,16,16,23,16,16,16,16,16,16,16,16,16,16,22,16,22,16,35,16,16,16,16,16
Map_5368,6,24,6,6,6,10,6,6,6,6,6,6,6,6,6,6,6,6,6,6,6,6,6,6,6,6
Map_5369,62,213,21,78,21,21,15,15,15,15,15,15,15,15,15,15,17,15,17,15,17,15,17,15,15,15
Map_5370,530,302,177,177,154,343,155,114,155,114,155,114,155,114,155,114,72,59,72,59,72,59,133,59,133,59
Map_5371,107,146,61,61,61,46,41,61,41,61,41,61,41,61,41,61,24,21,27,21,27,23,21,21,21,21
Map_5372,13,125,14,14,14,16,14,14,14,14,14,14,14,14,14,14,12,12,12,12,12,12,12,12,12,12
Map_5373,597,531,31,31,31,35,31,35,31,35,31,35,31,35,31,35,104,34,104,34,104,34,102,34,102,34
Map_5374,18,263,13,13,13,12,13,13,13,13,13,13,13,13,13,13,12,13,12,13,12,13,12,13,12,13
Map_5375,540,335,46,44,35,46,43,40,43,40,43,40,40,40,40,40,40,40,40,40,40,40,40,40,40,40
Map_5376,17,94,11,11,11,19,11,11,11,11,11,11,11,11,11,11,11,11,11,11,11,11,11,11,11,11
Map_5377,254,214,148,139,141,60,56,60,56,60,56,60,56,60,56,60,56,56,56,56,56,56,56,59,56,59
Map_5378,586,257,486,514,548,47,32,35,32,35,32,35,35,35,35,35,15,20,15,15,15,15,15,35,15,35
Map_5379,21,117,20,23,20,27,19,19,19,19,19,19,19,19,19,19,20,19,20,19,20,19,20,19,20,19
Map_5380,623,322,223,50,328,492,50,50,50,50,50,50,50,50,50,50,50,50,50,50,50,50,50,50,50,50
Map_5381,185,471,30,29,32,33,29,15,29,15,29,15,29,15,29,15,32,15,32,15,32,15,31,15,29,15
Map_5382,96,94,15,15,15,22,15,19,15,19,15,19,15,19,15,19,15,15,15,15,15,15,15,15,15,15
Map_5383,631,415,405,387,441,36,36,36,36,36,36,36,36,36,36,36,36,36,36,36,36,36,36,36,36,36
Map_5384,519,217,111,101,111,105,262,91,262,82,262,82,254,91,254,96,88,64,143,64,143,64,91,64,91,64
Map_5385,159,160,79,79,99,79,79,79,79,79,79,79,79,82,79,82,56,52,56,52,56,52,56,52,56,52
Map_5386,10,75,10,10,10,13,10,10,10,10,10,10,10,10,10,10,10,10,10,10,10,10,10,10,10,10
Map_5387,118,314,27,27,35,32,31,29,31,29,31,29,31,31,31,31,27,27,27,27,27,27,27,27,27,27
Map_5388,592,56,18,18,18,19,13,17,13,17,13,17,13,17,13,17,13,13,13,13,13,13,13,13,13,13
Map_5389,235,160,17,17,52,17,17,17,17,17,17,17,17,17,17,17,17,17,17,17,17,17,17,17,17,17
Map_5390,92,466,55,55,55,55,117,115,117,115,117,115,117,115,117,115,57,54,57,54,57,54,97,77,97,77
Map_5391,100,134,70,39,30,120,39,37,39,37,39,37,39,30,39,30,26,18,26,18,26,18,21,18,21,18
Map_5392,619,325,124,59,568,153,43,58,43,58,43,58,43,58,43,58,43,43,43,43,43,43,43,43,43,43
Map_5393,29,202,34,34,34,34,28,25,28,25,28,25,28,25,28,25,28,25,28,25,28,25,28,25,28,25
Map_5394,80,557,17,17,17,17,16,17,16,17,16,17,16,17,16,17,16,16,16,16,16,16,16,16,16,16
Map_5395,23,413,42,42,42,42,24,21,24,21,24,21,21,22,22,22,25,21,25,21,25,21,25,21,25,21
Map_5396,6,86,6,6,6,6,6,6,6,6,6,6,6,6,6,6,6,6,6,6,6,6,6,6,6,6
Map_5397,111,174,27,28,27,27,25,27,25,27,25,27,25,28,25,28,20,20,20,20,20,20,20,20,20,20
Map_5398,283,334,106,106,106,292,200,105,200,105,200,132,116,116,116,116,124,102,124,176,124,176,133,102,133,102
Map_5399,110,387,14,14,14,16,14,14,14,14,14,14,14,14,14,14,14,14,14,14,14,14,14,14,14,14
Map_5400,26,198,39,62,39,39,16,22,16,22,16,22,16,22,16,22,14,13,14,13,14,13,14,13,14,13
Map_5401,579,214,443,338,196,167,40,89,40,88,40,88,40,89,40,89,40,75,40,41,40,41,40,75,40,75
Map_5402,80,155,47,45,54,47,68,45,68,45,68,45,68,45,68,45,70,45,70,45,70,45,58,45,58,45
Map_5403,11,47,10,10,10,11,10,10,10,10,10,10,10,10,10,10,10,10,10,10,10,10,10,10,10,10
Map_5404,642,330,106,98,528,142,78,83,78,83,78,83,83,83,83,83,107,111,78,78,68,78,146,147,158,133
Map_5405,19,188,68,77,19,78,55,16,55,16,55,16,55,16,80,16,17,17,17,17,17,17,17,16,17,16
Map_5406,17,173,13,13,13,15,13,13,13,13,13,13,13,13,13,13,13,13,13,13,13,13,13,13,13,13
Map_5407,9,332,9,9,9,18,9,9,9,9,9,9,9,9,9,9,9,9,9,9,9,9,9,9,9,9
Map_5408,436,339,20,20,20,172,20,20,20,20,20,20,20,20,20,20,20,20,51,20,32,20,20,20,20,20
Map_5409,615,270,44,42,42,66,38,47,38,47,38,47,42,47,42,47,27,42,27,42,27,42,27,46,27,46
Map_5410,613,283,221,233,278,233,40,189,40,189,40,189,40,189,192,189,35,125,35,77,35,77,37,142,37,152
Map_5411,596,271,42,42,44,45,42,42,42,42,42,42,42,42,42,42,36,20,36,20,36,20,42,20,42,20
Map_5412,95,574,83,95,93,142,71,50,71,50,71,50,71,50,71,50,28,28,28,28,28,28,28,28,28,28
Map_5413,467,105,86,86,103,111,86,96,86,96,86,96,86,91,86,91,47,45,47,45,47,45,47,45,47,45
Map_5414,61,239,93,41,92,48,41,41,41,53,41,53,41,41,41,41,36,23,36,23,36,23,41,23,41,23
Map_5415,30,107,26,26,26,62,25,25,25,25,25,25,25,25,25,25,25,25,36,25,36,25,25,25,25,25
Map_5416,21,318,15,15,15,14,14,14,14,14,14,14,14,14,14,14,14,14,14,14,14,14,14,14,14,14
Map_5417,28,57,20,20,20,20,17,17,17,17,17,17,17,17,17,17,17,15,22,15,22,15,17,15,17,15
Map_5418,239,219,19,19,19,19,19,19,19,19,19,19,19,19,19,19,19,19,19,19,19,19,19,19,19,19
Map_5419,550,275,25,25,32,28,25,25,25,25,25,25,25,25,25,25,25,25,25,25,25,25,25,25,25,25
Map_5420,24,70,23,23,23,24,23,22,23,22,23,22,23,22,22,22,20,20,20,20,20,20,20,20,20,20
Map_5421,34,468,35,45,32,191,31,26,31,26,31,26,26,26,26,26,26,21,26,21,26,21,26,21,26,21
Map_5422,45,146,120,132,385,82,120,127,120,26,120,26,127,127,127,127,37,37,27,37,27,37,37,37,37,37
Map_5423,12,128,15,15,15,15,15,14,15,14,15,14,15,14,15,14,12,14,12,12,12,12,12,14,12,14
Map_5424,186,199,29,29,29,40,29,29,29,29,29,29,29,29,29,29,29,29,45,29,45,29,29,29,29,29
Map_5425,535,385,63,44,73,65,44,46,44,46,44,46,44,58,44,58,47,42,55,42,55,39,44,42,44,42
Map_5426,617,310,20,15,20,20,15,15,15,15,15,15,15,15,15,15,15,15,15,15,15,15,15,15,15,15
Map_5427,26,310,29,29,27,44,21,21,21,21,21,21,21,21,21,21,21,21,21,21,21,21,21,21,21,21
Map_5428,27,150,26,26,26,26,26,26,26,26,26,26,26,26,26,26,27,21,27,21,27,21,27,21,24,26
Map_5429,50,257,42,42,42,43,22,20,22,20,22,20,22,22,22,22,22,20,22,20,22,20,22,20,22,20
Map_5430,9,320,9,9,9,66,9,9,9,9,9,9,9,9,9,9,9,9,9,9,9,9,9,9,9,9
Map_5431,13,18,8,8,8,8,8,8,8,8,8,8,8,8,8,8,10,8,11,8,11,8,8,8,8,8
Map_5432,14,143,25,25,25,25,25,22,25,22,25,22,24,22,24,22,17,12,21,12,21,12,17,19,25,19
Map_5433,81,136,44,59,44,45,22,22,22,22,22,22,22,22,22,22,22,22,22,22,22,22,22,22,22,22
Map_5434,21,412,23,23,23,36,20,23,20,23,20,23,20,23,20,23,19,16,19,16,19,16,16,16,16,16
Map_5435,93,139,34,34,82,34,34,33,34,33,34,33,34,33,34,33,38,31,38,31,38,31,38,31,34,31
Map_5436,7,26,7,7,7,8,7,7,7,7,7,7,7,7,7,7,7,7,7,7,7,7,7,7,7,7
Map_5437,57,409,25,25,25,25,25,24,25,24,25,24,24,24,24,24,23,24,23,24,23,24,23,24,23,24
Map_5438,61,182,51,51,55,43,23,23,23,23,23,23,23,23,23,23,23,23,26,22,26,22,23,23,23,23
Map_5439,637,218,99,46,19,119,21,15,21,15,21,15,21,15,21,15,21,15,21,15,21,15,21,15,21,15
Map_5440,18,47,18,18,18,18,20,17,20,17,20,17,20,17,20,17,20,17,23,17,23,17,20,17,20,17
Map_5441,34,489,20,20,26,20,20,20,20,20,20,20,20,20,20,20,20,20,21,20,21,20,20,20,20,20
Map_5442,23,337,25,25,25,120,25,25,25,25,25,25,25,25,25,25,21,22,21,22,21,22,21,22,21,22
Map_5443,16,294,13,13,13,13,13,13,13,13,13,13,13,13,13,13,13,13,13,13,13,13,13,13,13,13
Map_5444,13,64,15,15,15,19,16,16,16,16,16,16,18,18,18,18,13,13,13,13,13,13,13,16,16,16
Map_5445,25,277,11,11,11,11,11,11,11,11,11,11,11,11,11,11,10,10,10,10,10,10,10,10,10,10
Map_5446,7,31,6,6,6,6,6,6,6,6,6,6,6,6,6,6,6,6,6,6,6,6,6,6,6,6
Map_5447,647,327,21,21,47,32,40,21,40,21,40,21,38,21,38,21,40,21,40,21,40,21,40,21,40,21
Map_5448,49,134,46,46,46,40,19,19,19,19,19,19,19,19,19,19,19,19,19,19,25,19,19,19,19,19
Map_5449,8,37,8,8,8,20,8,8,8,8,8,8,8,8,8,8,20,8,20,8,20,8,8,8,8,8
Map_5450,333,304,58,57,58,94,58,57,58,50,58,50,57,57,57,57,81,57,81,86,81,86,50,57,50,57
Map_5451,9,94,12,12,12,12,9,9,9,9,9,9,9,9,9,9,9,9,9,9,9,9,9,9,9,9
Map_5452,33,83,21,20,21,22,20,20,20,20,20,20,20,20,20,20,20,20,20,20,20,20,20,20,20,20
Map_5453,63,274,9,9,9,9,9,9,9,9,9,9,9,9,9,9,9,9,11,9,11,9,9,9,9,9
Map_5454,28,334,26,26,27,26,18,18,18,18,18,18,18,18,18,18,18,18,18,18,18,18,18,18,18,18
Map_5455,30,61,14,14,15,46,14,14,15,14,15,14,14,14,14,14,14,13,14,13,14,13,14,13,14,13
Map_5456,358,296,33,33,35,36,35,33,35,33,35,33,33,33,33,33,35,31,31,31,31,31,35,31,35,31
Map_5457,10,291,10,10,10,10,10,10,10,10,10,10,10,10,10,10,12,10,12,10,12,10,12,10,12,10
Map_5458,11,281,11,11,11,13,13,11,13,11,13,11,13,11,13,11,13,11,13,11,13,11,13,11,13,11
Map_5459,61,257,13,13,20,13,13,13,13,13,13,13,13,13,13,13,13,13,13,13,13,13,13,13,13,13
Map_5460,16,123,17,16,16,17,16,16,16,16,16,16,16,16,16,16,16,16,16,16,16,16,16,16,16,16
Map_5461,400,169,16,16,16,19,15,15,15,15,15,15,15,15,15,15,15,15,15,15,15,15,15,15,15,15
Map_5462,260,324,29,29,29,34,29,28,29,28,29,28,29,28,28,28,29,28,29,28,29,28,29,28,29,28
Map_5463,583,342,77,77,537,77,49,39,49,39,49,39,49,39,49,39,51,39,87,39,87,39,49,39,49,39
Map_5464,18,62,15,14,15,18,14,14,14,14,14,14,14,14,14,14,15,14,15,15,15,15,14,14,14,14
Map_5465,605,468,399,198,151,187,71,53,71,53,71,53,50,53,50,53,21,19,21,19,21,19,21,20,21,20
Map_5466,165,218,56,30,17,54,31,30,23,23,23,23,30,30,30,30,16,16,16,16,16,16,16,16,16,16
Map_5467,545,231,90,90,90,60,34,34,34,34,34,34,34,34,34,34,34,34,34,34,34,34,34,34,34,34
Map_5468,7,24,6,6,6,13,6,6,6,6,6,6,6,6,6,6,6,6,6,6,6,6,6,6,6,6
Map_5469,604,358,30,30,30,28,17,17,17,17,17,17,17,17,17,17,17,17,17,17,17,17,17,17,17,17
Map_5470,35,248,24,24,24,26,24,24,24,24,24,24,24,24,24,24,23,24,23,24,23,24,23,24,23,24
Map_5471,604,276,16,16,16,29,16,16,18,18,18,18,16,16,16,16,18,16,18,16,18,16,18,16,18,16
Map_5472,8,15,7,7,7,10,7,7,7,7,7,7,7,7,7,7,7,7,7,7,7,7,7,7,7,7
Map_5473,18,229,20,20,16,24,17,13,17,13,17,13,18,18,18,18,11,13,11,13,11,13,11,13,11,13
Map_5474,13,80,15,15,15,19,15,15,15,15,15,15,15,15,15,15,15,15,15,15,15,15,15,15,15,15
Map_5475,466,118,32,28,33,37,24,24,24,24,24,24,24,24,24,24,24,24,24,24,24,24,24,24,24,24
Map_5476,593,168,91,79,91,62,80,97,80,97,80,97,79,97,79,97,76,52,54,52,54,52,67,67,67,67
Map_5477,6,193,6,6,6,12,6,6,6,6,6,6,6,6,6,6,6,6,6,6,6,6,6,6,6,6
Map_5478,45,497,27,26,27,29,26,26,26,26,26,26,25,26,25,26,28,26,28,18,28,18,26,26,26,26
Map_5479,486,258,17,17,17,19,17,16,17,16,17,16,16,16,16,16,17,16,17,16,17,16,17,16,17,16
Map_5480,24,297,8,8,8,8,8,8,8,8,8,8,8,8,8,8,8,8,8,8,8,8,8,8,8,8
Map_5481,82,103,21,21,21,21,21,21,21,21,21,21,21,21,21,21,21,18,18,22,28,22,21,18,21,18
Map_5482,68,148,29,29,29,29,29,29,29,29,29,29,29,29,29,29,29,29,29,29,29,29,29,29,29,29
Map_5483,11,138,11,11,11,16,11,11,11,11,11,11,11,11,11,11,12,11,12,11,12,11,12,11,12,11
Map_5484,30,142,12,12,12,12,12,12,12,12,12,12,12,12,12,12,12,12,12,12,12,12,12,12,12,12
Map_5485,631,407,25,25,25,25,24,24,24,24,24,24,24,24,24,24,22,19,22,19,22,19,19,19,19,19
Map_5486,535,246,27,27,27,39,27,74,27,74,27,74,27,74,27,74,27,27,27,27,27,27,27,27,27,27
Map_5487,89,260,59,59,245,94,44,67,44,67,44,67,44,67,44,67,44,50,44,50,44,50,44,50,44,50
Map_5488,4,9,4,4,4,7,4,4,4,4,4,4,4,4,4,4,4,4,4,4,4,4,4,4,4,4
Map_5489,547,410,282,264,281,253,136,136,136,136,136,136,136,143,144,143,119,85,119,85,119,85,126,85,124,85
Map_5490,546,78,39,40,65,39,40,40,40,40,40,40,40,40,40,40,40,40,40,40,40,40,40,40,40,40
Map_5491,366,369,64,64,64,90,53,53,53,53,53,53,53,53,53,53,53,28,32,28,32,28,53,53,53,53
Map_5492,384,206,24,24,24,24,24,23,24,23,24,23,23,23,23,23,24,23,24,23,24,23,24,23,24,23
Map_5493,29,122,15,15,15,15,15,15,15,15,15,15,15,15,15,15,15,15,15,15,15,15,15,15,15,15
Map_5494,606,247,26,26,26,41,26,26,26,26,26,26,26,26,26,26,39,26,51,26,51,26,26,26,26,26
Map_5495,11,53,11,11,11,11,11,11,11,11,11,11,11,11,11,11,11,11,11,11,11,11,11,11,11,11
Map_5496,590,215,23,23,23,54,43,37,43,37,43,37,37,37,37,37,43,23,43,23,43,23,43,23,43,23
Map_5497,69,167,33,33,33,53,33,28,33,28,33,28,33,28,33,28,28,28,47,28,45,28,28,28,33,28
Map_5498,8,26,8,8,8,8,8,8,8,8,8,8,8,8,8,8,8,8,8,8,8,8,8,8,8,8
Map_5499,230,151,26,26,23,22,18,18,18,18,18,18,18,18,18,18,21,18,21,18,21,18,21,18,18,18
Map_5500,73,92,15,15,24,15,15,17,15,17,15,17,15,17,15,17,15,15,15,15,15,15,15,15,15,15
Map_5501,11,348,11,11,11,17,11,11,11,11,11,11,11,11,11,11,12,11,12,11,12,11,12,11,12,11
Map_5502,50,130,18,18,18,18,18,18,18,18,18,18,18,18,18,18,15,18,15,18,15,18,15,18,15,18
Map_5503,6,263,6,6,6,9,6,6,6,6,6,6,6,6,6,6,6,6,6,6,6,6,6,6,6,6
Map_5504,419,339,99,115,99,116,100,100,100,100,100,100,100,100,100,100,107,100,107,100,107,100,100,100,100,100
Map_5505,223,290,45,45,49,48,45,45,45,45,45,45,45,45,45,45,45,41,45,41,45,41,45,41,45,41
Map_5506,533,279,37,38,37,73,37,62,37,62,37,62,43,64,43,64,33,33,35,33,35,33,33,33,33,33
Map_5507,63,186,49,65,49,49,28,34,28,34,28,34,28,34,28,34,28,28,28,28,28,28,28,28,28,28
Map_5508,637,646,15,15,15,15,15,22,15,22,15,22,15,22,15,22,15,22,15,22,15,22,15,22,15,22
Map_5509,57,261,19,19,19,36,19,19,19,19,19,19,19,19,19,19,19,21,19,21,19,21,19,21,19,21
Map_5510,11,280,11,11,11,11,11,11,11,11,11,11,11,11,11,11,11,11,11,11,11,11,11,11,11,11
Map_5511,37,224,17,17,17,17,17,17,17,17,17,17,17,17,17,17,17,17,17,17,17,17,17,17,17,17
Map_5512,532,234,31,31,31,62,62,31,62,31,62,31,61,31,63,31,65,31,66,31,66,31,62,31,62,31
Map_5513,495,127,19,19,19,14,13,13,13,13,13,13,13,13,13,13,14,13,14,13,14,13,13,13,13,13
Map_5514,570,195,44,44,44,63,43,120,43,120,43,120,43,126,43,126,63,46,57,46,57,46,43,54,43,110
Map_5515,252,179,126,82,132,158,85,85,85,85,85,85,85,85,85,85,72,44,62,44,62,44,72,44,72,44
Map_5516,29,48,22,22,22,30,22,22,22,22,22,22,22,22,22,22,22,22,22,22,22,22,22,22,22,22
Map_5517,12,198,14,14,14,14,14,14,14,14,14,14,14,14,14,14,14,12,22,12,22,12,14,12,14,12
Map_5518,449,140,18,18,18,18,18,18,18,18,18,18,18,18,18,18,18,18,18,18,18,18,18,18,18,18
Map_5519,528,104,47,89,47,262,41,41,41,41,41,41,41,41,41,41,33,31,33,31,33,31,33,41,33,41
Map_5520,172,256,25,25,25,86,25,20,25,20,25,20,25,20,25,20,25,20,25,20,25,20,25,20,25,20
Map_5521,607,381,281,176,281,155,142,48,142,48,142,48,200,48,200,48,48,84,48,48,48,48,78,84,75,84
Map_5522,461,152,54,54,54,57,47,41,47,41,47,41,47,41,47,41,47,37,51,37,51,37,47,37,47,37
Map_5523,12,283,12,12,12,14,10,10,10,10,10,10,10,10,10,10,10,10,10,10,10,10,10,10,10,10
Map_5524,293,202,56,44,56,73,38,38,38,38,38,38,38,38,38,38,35,40,27,40,27,40,35,44,35,44
Map_5525,7,17,7,7,7,12,7,7,7,7,7,7,7,7,7,7,7,7,7,7,7,7,7,7,7,7
Map_5526,29,70,18,18,22,29,18,18,18,18,18,18,18,18,18,18,18,18,20,18,20,18,18,18,18,18
Map_5527,49,192,16,16,16,16,16,16,16,16,16,16,16,16,16,16,16,16,16,16,16,16,16,16,16,16
Map_5528,552,446,100,104,100,100,82,86,82,86,82,86,81,86,81,86,83,70,78,70,78,70,78,70,78,70
Map_5529,37,306,19,19,19,45,19,19,19,19,19,19,19,19,19,19,19,16,19,16,19,16,19,16,19,16
Map_5530,50,278,200,296,371,293,77,109,77,109,77,109,193,109,193,109,78,84,78,84,78,84,77,84,77,84
Map_5531,629,622,42,42,42,99,42,42,42,42,42,42,42,42,42,42,42,42,42,42,42,42,42,42,42,42
Map_5532,23,222,35,35,34,51,29,29,29,29,29,29,29,29,29,29,25,23,25,23,25,23,25,23,25,23
Map_5533,542,168,68,68,68,67,68,68,68,68,68,68,68,68,68,68,69,33,75,33,75,33,66,58,66,68
Map_5534,612,224,29,29,44,35,29,28,29,28,29,28,29,28,29,28,29,28,29,28,29,28,29,28,29,28
Map_5535,454,161,27,27,27,27,27,27,27,27,27,27,27,27,27,27,27,27,27,27,27,27,27,27,27,27
Map_5536,341,335,62,62,62,88,62,94,62,94,62,94,62,108,62,108,87,62,87,62,87,62,62,62,64,62
Map_5537,577,322,50,50,50,155,171,157,172,157,172,157,83,83,83,83,130,110,151,112,110,112,138,110,138,110
Map_5538,326,143,17,17,28,62,17,16,17,16,17,16,16,16,16,16,16,11,16,11,16,11,16,11,16,11
Map_5539,523,99,18,18,18,18,34,18,34,18,34,18,27,18,27,18,34,18,31,18,31,18,34,18,34,18
Map_5540,604,395,92,38,116,114,20,20,20,20,20,20,20,20,20,20,20,20,20,20,20,20,20,20,20,20
Map_5541,162,301,22,22,22,22,22,22,22,22,22,22,23,23,23,23,22,21,22,21,22,21,21,21,21,21
Map_5542,441,234,17,16,19,21,17,16,17,16,17,16,17,16,17,16,18,16,18,16,18,16,17,16,17,16
Map_5543,445,488,488,462,467,40,38,38,38,38,38,38,38,38,38,38,34,26,34,26,34,26,38,26,38,26
Map_5544,619,394,288,317,584,48,258,184,258,184,258,184,194,205,205,205,47,40,47,40,47,40,47,40,47,215
Map_5545,608,307,47,47,47,47,47,47,47,47,47,47,51,51,51,51,47,47,47,47,47,47,47,47,47,47
Map_5546,534,82,105,105,105,38,31,27,31,27,31,27,29,27,29,27,24,25,24,25,24,25,24,25,28,25
Map_5547,161,143,72,72,72,63,69,84,69,84,69,84,69,84,68,84,44,52,44,52,44,52,44,52,44,52
Map_5548,92,282,31,31,31,33,27,27,27,27,27,27,27,27,27,27,27,27,27,27,27,25,27,27,27,27
Map_5549,638,631,34,34,34,61,25,25,25,25,25,25,25,25,25,25,25,25,23,25,23,25,25,25,25,25
Map_5550,91,253,16,16,16,16,16,16,16,16,16,16,16,16,16,16,16,16,16,16,16,16,16,16,16,16
Map_5551,20,74,16,16,16,16,16,16,16,16,16,16,16,16,16,16,16,16,16,16,16,16,16,16,16,16
Map_5552,28,139,14,14,14,34,14,14,14,14,14,14,14,14,14,14,14,14,14,14,14,14,14,14,14,14
Map_5553,24,61,12,12,12,18,12,12,12,12,12,12,12,12,12,12,13,12,16,12,16,12,13,12,13,12
Map_5554,72,506,35,23,40,35,33,23,33,23,33,23,31,31,31,31,33,23,33,23,33,23,33,23,33,23
Map_5555,482,232,14,14,14,18,14,14,14,14,14,14,14,14,14,14,14,14,14,14,14,14,14,14,14,14
Map_5556,538,175,33,33,53,33,33,33,33,33,33,33,33,33,33,33,33,21,35,21,35,21,33,21,33,21
Map_5557,17,145,14,14,14,14,14,14,14,14,14,14,14,14,14,14,14,14,14,14,14,14,14,14,14,14
Map_5558,447,439,35,35,35,46,35,35,35,35,35,35,35,35,35,35,73,35,73,35,47,35,73,35,73,35
Map_5559,213,129,43,43,32,47,32,56,32,56,32,56,32,56,32,56,32,26,32,26,32,26,32,26,32,26
Map_5560,158,192,17,15,17,44,15,15,15,15,15,15,15,15,15,15,15,11,15,11,15,11,15,15,15,15
Map_5561,10,19,11,11,13,12,10,10,10,10,10,10,10,10,10,10,10,10,10,10,10,10,10,10,10,10
Map_5562,26,241,25,24,24,20,16,16,16,16,16,16,16,16,16,16,16,16,16,16,16,16,16,16,16,16
Map_5563,596,86,12,12,12,13,12,12,12,12,12,12,12,12,12,12,12,12,12,12,12,12,12,12,12,12
Map_5564,305,207,102,137,137,138,101,136,101,136,101,136,136,136,203,188,48,52,48,52,48,52,54,52,54,52
Map_5565,601,327,568,581,590,418,383,65,383,65,383,65,458,65,555,65,201,255,245,106,245,106,201,346,201,382
Map_5566,7,29,7,7,7,7,7,7,7,7,7,7,7,7,7,7,7,7,7,7,7,7,7,7,7,7
Map_5567,514,255,10,10,10,12,10,10,10,10,10,10,10,10,10,10,10,10,10,10,10,10,10,10,10,10
Map_5568,258,81,26,25,26,26,23,23,23,23,23,23,23,24,24,24,23,20,23,20,23,20,23,20,23,20
Map_5569,608,233,65,86,65,79,43,36,43,36,43,36,43,36,43,36,40,36,40,36,40,36,43,36,43,36
Map_5570,97,146,78,78,134,119,59,59,59,59,59,59,73,72,72,72,59,63,63,63,63,63,59,59,59,59
Map_5571,470,54,24,22,27,24,22,22,22,22,22,22,22,22,22,22,18,18,18,18,18,18,18,18,18,18
Map_5572,347,287,79,500,393,486,61,85,61,85,61,85,101,101,101,101,112,66,105,66,105,66,112,66,112,101
Map_5573,28,544,24,23,24,24,23,23,23,23,23,23,23,23,23,23,20,19,20,19,20,19,20,19,20,19
Map_5574,300,386,17,16,16,23,16,16,16,16,16,16,16,16,16,16,16,16,16,16,16,16,16,16,16,16
Map_5575,158,383,197,198,198,332,82,82,82,82,82,82,82,82,82,108,55,41,55,41,55,41,55,69,55,83
Map_5576,536,330,437,410,448,231,95,94,95,94,95,94,94,94,94,94,95,153,87,115,87,115,95,92,95,92
Map_5577,35,209,30,30,30,58,30,26,30,26,30,26,30,30,30,30,14,14,14,14,14,14,14,14,14,14
Map_5578,24,32,26,25,26,26,19,18,19,18,19,18,18,18,18,18,19,18,19,18,19,18,19,18,19,18
Map_5579,158,180,136,184,136,84,56,56,56,56,56,56,56,56,56,56,62,56,62,67,62,67,56,56,56,56
Map_5580,22,317,20,20,20,19,19,21,19,21,19,21,19,21,19,21,18,19,18,19,18,19,18,19,18,19
Map_5581,573,216,101,72,71,117,13,13,13,13,13,13,13,13,13,13,13,13,13,13,13,13,13,13,13,13
Map_5582,434,241,364,372,70,33,31,31,31,31,31,31,31,31,31,31,31,31,31,31,31,31,31,31,31,31
Map_5583,532,522,53,53,53,61,53,53,53,53,53,53,53,53,53,53,31,39,31,39,31,39,31,39,31,39
Map_5584,10,81,11,11,10,14,11,10,11,10,11,10,11,10,11,10,11,10,11,10,11,10,11,10,11,10
Map_5585,72,51,13,13,13,13,13,13,13,13,13,13,13,13,13,13,13,13,21,13,21,13,13,13,13,13
Map_5586,564,86,66,54,66,68,56,53,56,53,56,53,56,53,56,53,64,47,39,47,39,47,61,47,56,47
Map_5587,81,147,41,68,96,45,37,60,37,60,37,60,47,76,47,76,37,41,37,37,37,37,37,47,37,47
Map_5588,520,477,89,89,89,130,151,101,151,101,151,101,97,101,97,101,104,76,104,76,104,76,95,76,127,76
Map_5589,417,171,34,34,209,45,34,34,34,34,34,34,34,34,34,34,28,29,28,29,28,29,28,29,28,29
Map_5590,13,222,13,13,13,14,14,13,14,13,14,13,13,13,13,13,14,13,14,13,14,13,14,13,13,13
Map_5591,603,305,165,21,369,99,22,21,22,21,22,21,21,21,21,21,22,21,22,21,22,21,22,21,22,21
Map_5592,432,144,70,70,70,68,50,29,50,29,50,29,50,29,50,29,46,29,46,29,46,29,43,29,43,29
Map_5593,625,303,194,185,198,228,109,63,109,63,109,63,109,63,162,63,61,60,61,60,61,60,64,60,64,65
Map_5594,561,388,404,560,381,89,254,253,254,253,254,253,259,259,259,259,57,111,60,111,60,111,54,303,54,357
Map_5595,19,297,19,19,19,28,19,19,19,19,19,19,19,19,19,19,21,19,22,19,22,19,21,19,21,19
Map_5596,596,406,75,75,75,58,75,37,75,37,75,37,105,37,105,37,42,37,42,37,42,37,42,37,42,37
Map_5597,571,290,21,21,21,25,21,24,21,24,21,24,21,24,21,24,24,22,24,22,24,22,21,21,21,21
Map_5598,10,469,10,10,10,10,10,10,10,10,10,10,10,10,10,10,10,10,10,10,10,10,10,10,10,10
Map_5599,199,201,16,16,16,16,16,16,16,16,16,16,16,16,16,16,20,16,20,17,20,17,17,16,17,16
Map_5600,19,246,14,11,11,15,11,11,11,11,11,11,11,11,11,11,11,11,13,11,13,11,11,11,11,11
Map_5601,39,210,28,27,28,28,26,26,26,26,26,26,26,31,31,31,26,26,26,24,26,24,24,26,24,26
Map_5602,588,413,260,227,257,85,85,70,85,70,85,70,97,70,97,70,64,86,38,32,38,32,57,86,57,86
Map_5603,8,142,6,6,6,6,6,6,6,6,6,6,6,6,6,6,6,6,6,6,6,6,6,6,6,6
Map_5604,65,125,14,14,14,24,14,14,14,14,14,14,14,14,14,14,14,14,14,14,14,14,14,14,14,14
Map_5605,549,86,21,21,21,21,19,21,19,21,19,21,19,21,19,21,22,21,25,21,25,21,19,21,19,21
Map_5606,14,152,14,14,14,14,14,14,14,14,14,14,14,14,14,14,14,14,14,14,14,14,14,14,14,14
Map_5607,595,199,20,20,20,56,33,20,33,20,33,20,33,20,33,20,47,20,47,20,47,20,33,20,33,20
Map_5608,443,233,112,109,450,138,83,107,83,107,83,107,107,107,107,107,84,49,85,49,85,49,83,49,83,49
Map_5609,269,270,85,85,75,85,85,64,85,64,85,64,86,64,86,64,61,46,61,46,61,46,64,46,64,46
Map_5610,33,276,24,24,24,28,24,24,24,24,24,24,24,24,24,24,24,23,27,23,27,23,24,24,24,24
Map_5611,110,397,71,62,71,53,64,64,64,64,64,64,62,64,62,64,42,42,43,42,43,42,61,64,61,64
Map_5612,513,103,79,114,371,85,66,68,66,68,66,68,181,80,212,80,30,102,30,102,30,23,30,111,53,68
Map_5613,534,625,115,115,542,178,130,124,130,124,130,124,123,124,123,124,88,86,88,86,132,86,88,86,88,86
Map_5614,563,307,236,115,392,225,140,166,140,166,140,166,140,177,140,177,143,145,154,129,154,129,140,145,140,165
Map_5615,180,241,31,31,31,34,31,31,31,31,31,31,31,31,31,31,44,31,44,31,44,31,44,31,44,31
Map_5616,152,249,63,80,69,55,45,45,45,45,45,45,45,45,45,45,46,42,46,42,46,42,46,42,45,42
Map_5617,14,256,16,16,16,16,16,16,16,16,16,16,16,16,16,16,16,16,16,16,16,16,16,16,16,16
Map_5618,13,20,13,13,13,14,13,13,13,13,13,13,13,13,13,13,13,13,16,13,16,13,13,13,13,13
Map_5619,407,576,14,14,14,15,14,14,14,14,14,14,14,14,14,14,14,14,14,14,14,14,14,14,14,14
Map_5620,31,204,24,24,24,30,24,23,24,23,24,23,24,23,24,23,24,23,33,23,33,23,24,23,24,23
Map_5621,468,277,91,91,439,103,233,237,228,237,228,237,233,237,233,237,43,51,43,51,43,51,43,51,43,51
Map_5622,538,47,14,14,14,14,14,14,14,14,14,14,14,14,14,14,18,14,18,14,18,14,18,14,14,14
Map_5623,16,123,17,17,17,19,17,17,17,17,17,17,17,17,17,17,17,13,17,13,17,13,17,13,17,13
Map_5624,14,44,16,16,17,17,12,12,12,12,12,12,14,14,14,14,12,12,12,12,12,12,12,12,12,12
Map_5625,24,127,29,29,29,33,20,17,20,17,20,17,20,17,20,17,17,17,17,17,17,17,17,17,17,17
Map_5626,36,224,35,48,35,101,55,55,55,55,55,55,55,55,55,55,55,35,55,35,63,35,55,35,55,35
Map_5627,341,294,26,26,26,26,20,20,20,20,20,20,20,20,20,20,20,19,20,19,20,19,19,19,19,19
Map_5628,368,127,23,21,23,27,21,21,21,21,21,21,21,21,21,21,21,21,21,21,21,21,21,21,21,21
Map_5629,294,263,26,27,141,26,26,27,26,27,26,27,27,27,27,27,26,26,26,26,26,26,26,26,26,26
Map_5630,293,470,300,260,234,317,180,219,180,219,180,219,194,219,194,219,77,232,77,75,77,75,77,236,75,261
Map_5631,532,90,49,38,48,48,47,38,47,38,47,38,38,38,38,38,41,21,50,21,50,21,38,21,38,21
Map_5632,380,142,67,67,67,98,49,49,49,49,49,49,49,49,49,49,48,48,48,48,48,48,48,48,48,48
Map_5633,75,268,32,43,32,42,29,43,29,43,29,43,43,43,43,43,21,27,21,21,21,21,21,27,21,43
Map_5634,17,33,18,18,18,21,17,17,17,17,17,17,17,21,17,21,17,17,17,17,17,17,17,17,17,17
Map_5635,628,419,481,336,424,529,310,561,284,561,284,561,304,597,265,597,178,110,178,110,178,110,178,216,151,216
Map_5636,123,161,16,16,16,16,16,16,16,16,16,16,16,16,16,16,16,16,16,16,16,16,16,16,16,16
Map_5637,9,357,9,9,9,9,9,9,9,9,9,9,9,9,9,9,9,9,9,9,9,9,9,9,9,9
Map_5638,493,146,71,70,71,95,44,44,44,44,44,44,44,44,44,44,51,44,51,44,51,44,51,44,51,44
Map_5639,152,271,24,24,24,24,24,64,24,64,24,64,24,66,24,66,29,29,29,29,29,29,29,29,29,37
Map_5640,489,410,13,13,13,16,11,13,11,13,11,13,11,13,11,13,11,11,11,11,11,11,11,13,11,13
Map_5641,7,144,7,7,7,7,7,7,7,7,7,7,7,7,7,7,7,7,7,7,7,7,7,7,7,7
Map_5642,13,102,11,11,13,11,11,11,11,11,11,11,11,11,11,11,11,11,11,11,11,11,11,11,11,11
Map_5643,595,117,20,20,20,20,20,20,20,20,20,20,20,20,20,20,20,20,22,20,22,20,20,20,20,20
Map_5644,35,304,23,20,20,20,20,20,20,20,20,20,20,20,20,20,18,19,18,19,18,19,20,19,20,19
Map_5645,72,226,41,40,41,46,23,23,23,23,23,23,23,23,23,23,18,17,18,17,18,17,18,17,18,17
Map_5646,125,286,38,38,38,94,66,60,66,60,66,60,59,80,58,80,69,38,71,37,71,37,69,38,59,38
Map_5647,583,369,38,37,38,38,38,42,38,42,38,42,37,42,37,42,38,37,38,37,38,37,38,37,38,37
Map_5648,10,37,9,9,9,9,9,9,9,9,9,9,9,9,9,9,10,9,13,9,13,9,9,9,9,9
Map_5649,570,174,38,38,38,53,44,35,44,35,44,35,44,35,44,35,45,24,45,24,45,24,44,24,44,24
Map_5650,94,272,92,85,442,406,66,44,62,44,62,44,71,44,71,44,40,40,40,40,40,40,40,40,40,40
Map_5651,11,17,5,5,5,5,5,5,5,5,5,5,5,5,5,5,5,5,5,5,5,5,5,5,5,5
Map_5652,35,113,42,42,42,44,34,34,34,34,34,34,34,60,60,60,34,34,34,34,34,34,34,34,34,34
Map_5653,19,488,14,14,17,20,14,14,14,14,14,14,14,14,14,14,14,14,14,14,14,14,14,14,14,14
Map_5654,564,187,42,42,47,56,42,42,42,42,42,42,42,42,42,42,49,33,49,33,49,33,45,33,45,33
Map_5655,524,215,293,293,293,461,114,194,114,194,114,194,215,215,215,215,104,119,110,105,110,80,107,119,107,119
Map_5656,571,212,27,21,21,53,21,21,21,21,21,21,21,21,21,21,21,21,21,21,21,21,21,21,21,21
Map_5657,32,417,26,26,26,26,26,26,26,26,26,26,26,26,26,26,26,26,26,26,26,26,26,26,26,26
Map_5658,614,222,126,39,39,453,39,53,39,53,39,53,39,53,39,53,50,39,82,39,82,39,50,39,50,39
Map_5659,18,184,18,18,18,30,18,18,18,18,18,18,18,18,18,18,18,18,18,18,18,18,18,18,18,18
Map_5660,116,126,40,32,32,41,32,29,32,29,32,29,32,29,32,29,31,31,31,31,31,31,31,29,31,29
Map_5661,333,252,231,215,218,163,101,124,101,124,101,124,100,150,105,150,89,51,89,51,89,51,87,51,87,75
Map_5662,67,41,11,11,11,13,11,11,11,11,11,11,11,11,11,11,17,11,17,11,17,11,17,11,17,11
Map_5663,229,340,58,58,62,61,58,58,58,58,58,58,59,59,59,59,53,58,49,58,50,47,57,58,57,58
Map_5664,32,134,10,10,13,11,10,10,10,10,10,10,10,10,10,10,10,10,10,10,10,10,10,10,10,10
Map_5665,35,64,14,14,14,16,17,14,17,14,17,14,17,14,17,14,17,14,24,14,24,14,17,14,17,14
Map_5666,419,282,38,53,30,36,32,30,32,30,32,30,33,49,33,49,32,30,32,30,32,30,32,30,32,30
Map_5667,40,185,9,9,9,9,9,9,9,9,9,9,9,9,9,9,9,9,9,9,9,9,9,9,9,9
Map_5668,567,411,49,65,103,78,49,65,49,65,49,65,65,65,65,65,38,34,38,34,38,34,49,34,49,34
Map_5669,608,119,65,65,93,67,49,49,49,49,49,49,70,70,70,70,53,29,49,29,49,29,49,29,49,29
Map_5670,17,222,19,19,19,19,19,20,19,20,19,20,19,20,19,20,19,20,19,20,19,20,19,20,19,20
Map_5671,171,346,128,141,85,81,82,108,82,108,82,108,82,137,82,137,54,53,99,53,101,53,54,53,54,53
Map_5672,15,266,11,11,11,12,11,11,11,11,11,11,11,11,11,11,11,11,11,11,11,11,11,11,11,11
Map_5673,508,96,103,118,120,97,31,31,31,31,31,31,39,38,39,38,31,31,31,31,31,31,31,31,31,31
Map_5674,219,192,40,38,38,40,38,38,38,38,38,38,38,38,38,38,38,38,38,38,38,38,38,38,38,38
Map_5675,155,91,69,69,69,91,69,66,69,66,69,66,69,66,69,66,30,30,30,30,30,30,30,30,30,30
Map_5676,337,88,14,14,15,14,14,14,14,14,14,14,14,14,14,14,14,14,14,14,14,14,14,14,14,14
Map_5677,349,261,26,26,26,80,26,57,26,57,26,57,26,57,26,57,26,26,32,26,32,26,26,26,26,26
Map_5678,550,279,46,46,46,46,42,27,42,27,42,27,42,27,42,27,23,23,23,23,23,23,42,23,42,23
Map_5679,19,37,14,14,14,14,14,14,14,14,14,14,14,14,14,14,14,13,14,13,14,13,14,13,14,13
Map_5680,68,108,30,30,30,36,30,24,30,24,30,24,30,24,30,24,30,23,29,23,29,23,30,23,30,23
Map_5681,501,112,42,17,64,48,51,16,51,16,51,16,16,16,16,16,31,16,32,16,32,16,44,16,44,16
Map_5682,16,418,16,16,16,31,16,22,16,22,16,22,16,22,16,22,18,16,18,16,18,16,16,16,16,16
Map_5683,11,83,10,10,10,11,10,10,10,10,10,10,10,10,10,10,11,10,11,10,11,10,11,10,11,10
Map_5684,298,203,134,213,134,81,51,49,51,49,51,49,49,49,49,49,51,42,51,42,51,42,51,42,51,47
Map_5685,634,262,27,27,91,27,27,27,27,27,27,27,27,27,27,27,27,27,27,27,27,27,27,27,27,27
Map_5686,10,218,9,9,9,10,9,9,9,9,9,9,9,9,9,9,15,9,17,9,17,9,13,9,9,9
Map_5687,32,57,33,28,26,42,28,28,28,28,28,28,28,28,28,28,28,26,28,26,28,26,28,26,28,28
Map_5688,8,109,9,9,9,9,8,8,8,8,8,8,8,8,8,8,8,8,8,8,8,8,8,8,8,8
Map_5689,503,166,50,50,50,65,50,49,50,49,50,49,50,49,50,49,57,46,57,46,57,46,57,46,57,46
Map_5690,299,341,140,140,140,297,59,71,59,59,59,59,70,70,70,70,45,45,45,45,45,45,45,45,45,45
Map_5691,589,309,36,28,31,36,172,40,172,40,172,40,40,40,40,40,28,24,24,24,24,24,28,24,28,26
Map_5692,18,78,17,17,17,20,19,17,19,17,19,17,19,17,19,17,16,16,16,16,16,16,16,17,18,17
Map_5693,252,209,21,21,21,22,18,18,18,18,18,18,18,18,18,18,18,17,18,17,18,17,18,17,18,17
Map_5694,352,322,20,20,20,20,20,20,20,20,20,20,20,20,20,20,16,16,16,16,16,16,20,20,20,20
Map_5695,9,65,9,9,9,10,9,9,9,9,9,9,9,9,9,9,9,9,11,9,11,9,9,9,9,9
Map_5696,13,344,6,6,6,6,6,6,6,6,6,6,6,6,6,6,6,6,6,6,6,6,6,6,6,6
Map_5697,12,291,10,10,10,10,10,10,10,10,10,10,10,10,10,10,10,10,10,10,10,10,10,10,10,10
Map_5698,6,24,7,7,7,9,7,6,7,6,7,6,6,6,6,6,6,6,6,6,6,6,6,6,6,6
Map_5699,567,216,23,23,23,35,23,23,23,23,23,23,24,24,24,24,23,24,32,23,32,23,23,24,23,24
Map_5700,84,568,61,53,62,85,51,50,51,50,51,50,53,51,53,51,53,51,53,51,53,51,51,50,54,50
Map_5701,305,200,25,25,25,43,25,25,25,25,25,25,25,25,25,25,27,25,27,24,27,24,27,25,27,25
Map_5702,6,271,6,6,6,6,6,6,6,6,6,6,6,6,6,6,8,6,8,6,8,6,6,6,6,6
Map_5703,526,219,27,27,21,34,21,17,21,17,21,17,21,17,21,17,25,21,25,15,25,15,21,21,21,21
Map_5704,602,156,24,24,24,28,24,24,24,24,24,24,24,24,24,24,22,22,22,22,22,22,26,24,26,24
Map_5705,16,279,13,13,13,13,13,15,13,15,13,15,13,15,13,15,13,13,13,13,13,13,13,15,13,15
Map_5706,26,350,12,12,10,14,10,10,10,10,10,10,10,10,10,10,10,10,10,10,10,10,10,10,10,10
Map_5707,585,398,59,59,59,455,57,415,57,415,57,415,57,416,57,416,103,57,103,84,124,84,103,57,57,57
Map_5708,591,200,108,87,109,35,24,24,24,24,24,24,24,24,24,24,24,24,24,24,24,24,24,24,24,24
Map_5709,588,586,24,24,24,23,18,18,18,18,18,18,18,18,18,18,18,18,22,18,22,18,18,18,18,18
Map_5710,93,104,72,74,131,55,47,40,47,40,47,40,47,40,47,40,47,40,51,40,51,40,40,40,40,40
Map_5711,513,424,23,23,33,33,28,28,28,28,28,28,27,28,27,28,28,23,28,23,28,23,28,23,28,23
Map_5712,422,563,22,22,22,31,22,22,22,22,22,22,22,22,22,22,22,22,22,22,22,22,22,22,22,22
Map_5713,8,158,8,8,8,8,8,8,8,8,8,8,8,8,8,8,8,8,8,8,8,8,8,8,8,8
Map_5714,172,353,15,14,14,40,14,16,14,16,14,16,14,16,14,16,14,14,14,14,14,14,14,14,14,14
Map_5715,382,456,44,44,231,41,44,42,44,38,44,38,44,42,44,42,29,44,29,47,29,47,35,38,35,38
Map_5716,221,118,9,8,9,9,9,8,9,8,9,8,8,8,8,8,17,8,21,8,21,8,9,8,9,8
Map_5717,614,160,36,39,34,69,36,47,36,47,36,47,39,115,39,115,31,31,31,31,31,31,31,31,36,34
Map_5718,14,216,9,9,9,26,9,9,9,9,9,9,9,9,9,9,16,9,16,9,16,9,16,9,9,9
Map_5719,397,276,93,94,94,42,30,30,30,30,30,30,30,30,30,30,29,29,29,29,29,29,29,30,30,30
Map_5720,411,262,34,34,34,110,34,34,34,34,34,34,34,34,34,34,34,41,34,35,34,35,34,41,34,41
Map_5721,473,393,77,77,77,37,37,37,37,37,37,37,37,37,37,37,31,31,31,31,31,31,31,31,31,31
Map_5722,14,241,11,11,11,32,33,11,33,11,33,11,33,11,33,11,11,11,11,11,11,11,11,11,11,11
Map_5723,600,342,97,73,91,99,73,73,73,73,73,73,73,73,73,73,68,66,68,67,68,67,68,93,262,93
Map_5724,10,232,10,10,10,10,10,10,10,10,10,10,10,10,10,10,10,9,10,9,10,9,10,9,10,9
Map_5725,548,125,13,13,13,172,30,27,30,27,30,27,29,27,29,27,31,22,31,22,31,22,30,22,30,22
Map_5726,185,201,77,77,81,126,87,77,87,77,87,77,77,77,77,77,92,77,92,77,92,77,119,77,119,77
Map_5727,531,232,69,69,186,75,69,69,69,69,69,69,62,62,62,62,56,48,56,21,56,21,50,48,49,48
Map_5728,481,210,70,70,458,71,69,69,69,69,69,69,69,69,69,69,69,142,69,145,69,146,69,194,69,194
Map_5729,561,342,26,26,26,33,26,26,26,26,26,26,26,26,26,26,32,26,32,26,32,26,32,26,32,26
Map_5730,7,194,7,7,7,26,7,7,7,7,7,7,7,7,7,7,7,7,7,7,7,7,7,7,7,7
Map_5731,91,108,32,32,32,28,29,32,29,32,29,32,32,32,32,32,30,26,30,26,30,26,29,32,29,32
Map_5732,84,51,56,47,56,56,23,41,23,41,23,41,23,41,23,41,22,22,22,22,22,22,22,22,22,22
Map_5733,135,490,26,25,26,25,25,23,25,23,25,23,25,23,25,23,25,22,25,22,25,22,25,23,25,23
Map_5734,8,23,8,8,8,8,8,8,8,8,8,8,8,8,8,8,8,8,9,8,9,8,8,8,8,8
Map_5735,10,29,12,12,12,14,10,10,10,10,10,10,10,10,10,10,11,10,11,10,11,10,10,10,10,10
Map_5736,14,39,14,14,14,16,14,14,14,14,14,14,14,14,14,14,14,14,14,14,14,14,14,14,14,14
Map_5737,557,361,78,78,37,213,74,37,74,37,74,37,74,37,63,37,74,47,74,47,74,47,74,36,74,36
Map_5738,10,20,10,10,10,10,10,10,10,10,10,10,10,10,10,10,10,10,10,10,10,10,10,10,10,10
Map_5739,76,293,10,10,10,10,10,10,10,10,10,10,10,10,10,10,9,9,9,9,9,9,9,9,9,9
Map_5740,47,59,8,8,8,18,8,8,8,8,8,8,8,8,8,8,8,8,8,8,8,8,8,8,8,8
Map_5741,612,247,101,96,93,165,95,95,95,95,95,95,95,95,95,95,55,30,32,30,32,30,55,32,55,32
Map_5742,607,330,92,119,68,70,14,14,14,14,14,14,14,14,14,14,14,14,14,14,14,14,14,14,14,14
Map_5743,18,190,10,10,10,10,10,10,10,10,10,10,10,10,10,10,10,10,10,10,10,10,10,10,10,10
Map_5744,313,191,44,43,49,44,35,32,35,32,35,32,32,32,32,32,32,32,33,32,33,32,32,32,32,32
Map_5745,6,283,6,6,6,7,6,6,6,6,6,6,6,6,6,6,6,6,6,6,6,6,6,6,6,6
Map_5746,532,294,355,307,111,401,41,81,41,81,41,81,41,81,41,81,41,31,41,31,41,31,41,31,41,31
Map_5747,596,249,135,135,134,158,95,111,95,111,95,111,135,117,135,117,137,65,136,65,136,65,137,68,148,68
Map_5748,489,363,423,521,221,450,216,370,216,370,216,370,471,392,504,392,212,131,149,261,149,228,223,266,240,266
Map_5749,629,400,88,88,88,175,87,87,87,87,87,87,87,87,87,87,76,86,82,85,82,85,74,86,88,86
Map_5750,539,298,26,24,26,27,24,15,24,15,24,15,24,15,24,15,17,15,17,15,17,15,17,15,17,15
Map_5751,81,216,39,29,38,76,42,46,42,46,42,46,29,29,29,29,66,29,66,29,66,29,66,29,66,29
Map_5752,93,39,21,21,21,22,21,21,21,21,21,21,21,21,21,21,20,18,20,18,20,18,18,18,18,18
Map_5753,138,256,33,33,33,33,33,31,33,31,33,31,33,31,33,31,33,31,33,31,33,31,33,31,33,31
Map_5754,97,73,17,17,17,26,17,17,17,17,17,17,17,17,17,17,19,17,19,17,19,17,17,17,17,17
Map_5755,12,121,15,14,15,15,14,12,14,12,14,12,12,12,12,12,18,12,18,12,18,12,18,12,18,12
Map_5756,166,169,21,21,21,25,21,21,21,21,21,21,21,21,21,21,20,20,20,20,20,20,20,20,20,20
Map_5757,126,306,52,50,50,71,60,74,60,74,60,74,60,74,60,74,60,60,60,60,60,60,60,60,60,60
Map_5758,10,73,11,11,11,17,11,11,11,11,11,11,11,11,11,11,10,10,10,10,10,10,10,10,10,10
Map_5759,182,236,87,75,58,41,33,33,33,33,33,33,33,33,33,33,30,30,30,30,30,30,32,32,32,32
Map_5760,87,249,30,19,86,50,19,19,19,19,19,19,19,19,19,19,28,19,28,19,28,19,19,19,19,19
Map_5761,19,307,9,9,9,9,9,9,9,9,9,9,9,9,9,9,9,9,9,9,9,9,9,9,9,9
Map_5762,54,217,33,33,389,35,58,33,58,33,58,33,34,33,34,33,44,33,52,33,52,33,44,33,44,33
Map_5763,9,133,9,9,9,9,9,9,9,9,9,9,9,9,9,9,9,9,10,9,10,9,9,9,9,9
Map_5764,11,243,11,11,11,11,11,11,11,11,11,11,11,11,11,11,13,11,13,11,13,11,11,11,11,11
Map_5765,18,418,13,13,13,13,13,13,13,13,13,13,13,13,13,13,13,13,13,13,13,13,13,13,13,13
Map_5766,25,307,30,30,30,30,30,30,30,30,30,30,30,30,35,35,24,22,24,22,24,22,24,30,24,30
Map_5767,11,61,11,11,11,14,17,11,17,11,17,11,17,11,17,11,21,11,21,11,21,11,20,11,20,11
Map_5768,12,255,12,12,12,14,12,12,12,12,12,12,12,12,12,12,12,12,12,12,12,12,12,12,12,12
Map_5769,592,171,75,75,70,75,119,72,119,72,119,72,122,72,122,72,49,66,49,66,49,66,49,66,49,66
Map_5770,37,490,12,12,12,12,12,12,12,12,12,12,12,12,12,12,12,12,12,12,12,12,12,12,12,12
Map_5771,19,98,23,23,23,27,23,23,23,23,23,23,23,23,23,23,23,23,23,20,23,20,23,23,23,23
Map_5772,20,31,12,11,11,66,11,11,11,11,11,11,11,11,11,11,12,11,12,11,12,11,11,11,11,11
Map_5773,9,97,9,9,9,12,9,9,9,9,9,9,9,9,9,9,9,9,9,9,9,9,9,9,9,9
Map_5774,19,412,13,13,13,14,13,11,13,11,13,11,13,11,13,11,13,11,13,11,13,11,13,11,13,11
Map_5775,195,197,93,93,93,350,54,54,54,54,54,54,54,54,54,54,54,54,54,54,54,54,54,54,54,54
Map_5776,9,33,11,11,11,20,10,9,10,9,10,9,10,9,10,9,9,9,9,9,9,9,10,9,10,9
Map_5777,521,262,66,66,66,74,41,43,41,43,41,43,43,43,43,43,38,40,38,38,38,38,38,47,38,47
Map_5778,22,322,18,18,18,18,19,19,19,19,19,19,19,19,19,19,21,19,21,19,21,19,19,19,19,19
Map_5779,70,170,16,16,16,16,16,14,16,14,16,14,16,14,16,14,16,14,16,14,16,14,16,14,16,14
Map_5780,171,377,18,18,18,87,17,17,17,17,17,17,17,17,17,17,17,16,23,16,23,16,17,16,17,16
Map_5781,3,11,3,3,3,3,3,3,3,3,3,3,3,3,3,3,3,3,3,3,3,3,3,3,3,3
Map_5782,12,31,12,12,12,31,12,12,12,12,12,12,12,12,12,12,12,12,12,12,12,12,12,12,12,12
Map_5783,140,152,23,23,23,26,23,22,23,22,23,22,23,22,23,22,22,22,22,22,22,22,22,22,22,22
Map_5784,237,267,47,46,136,24,24,42,24,42,24,42,24,42,24,42,24,24,24,24,24,24,24,43,24,43
Map_5785,402,355,79,79,79,298,185,185,185,185,185,185,185,185,185,185,86,41,86,41,86,41,154,41,185,41
Map_5786,466,139,39,39,39,72,39,39,39,39,39,39,39,39,39,39,87,39,87,39,87,39,86,39,70,39
Map_5787,262,187,38,40,38,39,36,43,36,43,36,43,41,43,41,43,36,36,36,36,36,36,36,43,36,43
Map_5788,39,105,18,18,18,23,18,18,18,18,18,18,18,18,18,18,29,18,29,18,29,18,23,18,23,18
Map_5789,317,507,520,179,226,362,174,165,174,165,174,165,174,189,174,234,125,125,146,125,164,125,125,136,125,136
Map_5790,34,273,36,36,21,36,36,36,36,36,36,36,36,36,36,36,37,21,44,21,44,21,37,21,36,21
Map_5791,56,78,21,21,21,19,19,21,19,21,19,21,19,23,19,23,19,17,19,17,19,17,19,17,19,17
Map_5792,486,199,27,27,27,27,54,54,54,54,54,54,54,54,54,54,61,42,61,42,61,42,61,42,61,42
Map_5793,338,192,18,18,18,22,18,18,18,18,18,18,18,18,18,18,23,18,23,18,23,18,18,18,18,18
Map_5794,183,142,35,33,35,134,35,30,35,30,35,30,35,30,34,30,32,30,32,32,32,32,35,30,35,30
Map_5795,13,157,13,13,13,13,13,16,13,16,13,16,19,16,19,16,13,13,15,12,15,12,11,16,11,16
Map_5796,53,116,39,38,39,63,36,36,36,36,36,36,36,36,36,36,31,30,31,30,31,30,31,30,31,30
Map_5797,156,297,20,20,20,20,20,20,20,20,20,20,20,20,20,20,16,20,16,20,16,20,16,20,16,20
Map_5798,32,345,41,36,41,55,21,21,21,21,21,21,21,21,21,21,21,21,21,21,21,21,21,21,21,21
Map_5799,534,101,33,33,33,36,33,33,33,33,33,33,33,33,33,33,23,32,23,32,23,32,23,32,23,32
Map_5800,120,485,73,87,85,87,82,85,83,85,83,85,85,85,89,89,81,86,81,86,74,86,79,86,79,88
Map_5801,8,39,8,8,8,8,8,8,8,8,8,8,8,8,8,8,8,8,8,8,8,8,8,8,8,8
Map_5802,544,435,135,135,249,94,82,54,82,54,82,54,123,54,123,54,83,55,50,55,50,61,82,55,82,55
Map_5803,13,91,13,13,13,13,13,13,13,13,13,13,13,13,13,13,13,13,13,13,13,13,13,13,13,13
Map_5804,579,373,42,42,44,42,33,33,33,33,33,33,33,33,33,33,28,33,31,28,31,28,28,33,28,33
Map_5805,263,174,13,12,13,13,13,12,13,12,13,12,12,12,12,12,13,12,13,12,13,12,13,12,13,12
Map_5806,21,23,19,19,19,19,19,19,19,19,19,19,19,19,19,19,20,19,21,20,21,20,20,19,20,19
Map_5807,577,96,20,20,20,20,20,20,20,20,20,20,20,20,20,20,20,20,20,20,20,20,20,20,20,20
Map_5808,603,439,11,11,11,17,11,11,11,11,11,11,11,11,11,11,13,11,13,11,13,11,11,11,11,11
Map_5809,12,212,9,9,9,9,9,9,9,9,9,9,9,9,9,9,9,9,13,9,13,9,9,9,9,9
Map_5810,585,270,59,58,59,59,57,57,57,57,57,57,57,60,60,60,37,26,37,26,37,26,37,26,37,26
Map_5811,422,142,30,30,30,30,30,40,30,40,30,40,30,40,33,40,30,34,30,34,30,30,30,34,30,40
Map_5812,572,189,38,33,33,226,29,33,29,33,29,33,29,33,29,33,20,15,20,15,20,15,20,15,20,33
Map_5813,143,73,65,65,92,141,46,34,46,34,46,34,46,34,46,34,47,34,47,33,47,33,47,34,47,34
Map_5814,7,342,7,7,7,7,7,7,7,7,7,7,7,7,7,7,7,7,7,7,7,7,7,7,7,7
Map_5815,19,139,22,22,22,22,15,15,15,15,15,15,15,15,15,15,15,15,15,15,15,15,15,15,15,15
Map_5816,25,481,14,14,14,14,14,14,14,14,14,14,14,14,14,14,14,14,14,14,14,14,14,14,14,14
Map_5817,19,165,17,17,17,19,17,17,17,17,17,17,17,17,17,17,17,17,17,17,17,17,17,16,17,16
Map_5818,614,244,20,20,20,16,16,16,16,16,16,16,16,16,16,16,16,16,16,16,16,16,16,16,16,16
Map_5819,448,273,21,21,22,47,21,21,21,21,21,21,21,21,21,21,21,21,43,20,43,20,21,21,21,21
Map_5820,47,90,42,42,57,44,27,27,27,27,27,27,27,27,27,27,27,29,27,29,27,29,27,29,27,29
Map_5821,74,247,87,87,87,85,53,53,53,53,53,53,53,53,53,53,34,44,34,34,34,34,34,44,47,43
Map_5822,579,270,30,30,30,34,30,30,30,30,30,30,30,30,30,30,31,30,31,30,31,30,30,30,30,30
Map_5823,206,178,11,11,11,11,11,11,11,11,11,11,11,11,11,11,16,11,16,11,16,11,16,11,16,11
Map_5824,128,129,43,32,26,40,30,30,27,27,27,27,30,30,30,30,27,25,27,25,27,25,25,25,25,25
Map_5825,78,217,62,68,67,82,47,47,47,47,47,47,47,47,47,47,43,43,43,43,43,43,43,47,47,47
Map_5826,553,411,41,45,53,18,18,38,18,38,18,38,18,38,18,38,18,34,18,22,18,22,18,34,18,34
Map_5827,73,407,22,22,22,50,22,22,22,22,22,22,22,22,22,22,35,22,35,22,35,22,22,22,22,22
Map_5828,13,134,12,12,12,26,12,12,12,12,12,12,12,12,12,12,12,12,12,12,23,12,12,12,12,12
Map_5829,529,232,17,17,20,21,17,17,17,17,17,17,17,17,17,17,18,17,18,17,18,17,18,17,18,17
Map_5830,9,398,9,9,9,9,9,9,9,9,9,9,9,9,9,9,9,9,9,9,9,9,9,9,9,9
Map_5831,618,259,32,32,32,34,26,24,26,24,26,24,26,24,26,24,27,21,21,21,21,21,27,21,26,21
Map_5832,182,124,39,39,28,44,17,17,17,17,17,17,17,17,17,17,17,14,17,14,17,14,17,14,17,14
Map_5833,137,99,151,151,111,70,144,144,144,144,144,144,144,144,144,144,63,63,63,63,63,63,131,140,131,140
Map_5834,544,189,27,27,31,52,19,19,19,19,19,19,19,19,19,19,19,19,19,19,19,19,19,19,19,19
Map_5835,15,176,20,19,19,20,19,17,19,17,19,17,19,34,19,34,20,15,20,15,20,15,19,15,19,15
Map_5836,387,80,38,28,38,44,38,28,38,28,38,28,28,28,28,28,25,19,25,19,25,19,25,20,25,20
Map_5837,26,429,19,19,19,20,18,18,18,18,18,18,18,18,18,18,21,18,21,18,21,18,20,18,20,18
Map_5838,556,187,120,107,120,169,89,88,89,28,89,28,89,88,89,88,69,28,69,28,73,28,94,28,94,28
Map_5839,8,29,8,8,8,9,8,8,8,8,8,8,8,8,8,8,8,8,8,8,8,8,8,8,8,8
Map_5840,203,249,153,129,243,144,85,56,85,56,85,56,119,56,119,56,61,49,61,54,61,54,54,49,54,49
Map_5841,609,199,37,35,37,43,38,27,38,27,38,27,38,27,38,27,38,27,38,27,38,27,38,27,38,27
Map_5842,193,612,96,96,96,198,38,39,38,39,38,39,38,39,38,39,33,31,33,31,33,31,33,31,33,31
Map_5843,199,95,38,38,59,38,37,37,37,37,37,37,37,37,37,37,61,37,63,37,63,37,74,37,74,37
Map_5844,310,179,44,44,44,33,27,27,27,27,27,27,27,27,27,27,28,27,28,27,28,27,27,27,27,27
Map_5845,39,275,31,31,72,41,31,26,31,26,31,26,31,26,31,26,31,26,31,26,31,26,31,26,31,26
Map_5846,7,17,7,7,7,7,7,7,7,7,7,7,7,7,7,7,7,7,7,7,7,7,7,7,7,7
Map_5847,21,113,20,20,20,26,20,20,20,20,20,20,20,21,21,21,20,21,20,21,20,21,24,21,20,21
Map_5848,17,25,37,37,37,21,21,21,21,21,21,21,21,21,21,21,21,15,21,15,21,15,21,15,21,15
Map_5849,623,353,32,48,48,71,32,50,32,50,32,50,48,56,48,56,23,42,23,37,23,37,23,42,23,42
Map_5850,479,129,107,107,108,100,46,44,46,44,46,44,46,44,46,44,50,33,55,33,55,33,50,33,50,33
Map_5851,309,168,13,13,13,16,13,13,13,13,13,13,13,13,13,13,30,13,30,13,30,13,28,13,32,13
Map_5852,27,386,19,19,19,72,14,14,14,14,14,14,14,14,14,14,14,14,14,14,14,14,14,14,14,14
Map_5853,90,64,10,10,10,10,10,16,10,16,10,16,10,16,10,16,10,10,10,10,10,10,10,10,10,10
Map_5854,641,471,51,51,51,178,39,39,39,39,39,39,39,39,39,39,38,38,38,38,38,38,38,38,38,38
Map_5855,14,283,11,11,11,11,12,11,12,11,12,11,12,11,12,11,12,11,12,11,12,11,12,11,12,11
Map_5856,239,240,58,58,58,57,121,36,121,36,121,36,36,36,36,36,31,32,31,32,31,32,43,36,43,36
Map_5857,495,506,40,40,40,242,40,27,40,27,40,27,40,27,41,27,39,27,39,27,39,27,39,27,43,27
Map_5858,134,318,54,51,54,95,48,34,48,34,48,34,50,34,50,34,35,34,35,34,35,34,35,34,35,34
Map_5859,291,404,55,41,77,58,41,38,42,38,42,38,41,38,41,38,48,49,48,49,48,49,41,49,41,49
Map_5860,45,152,35,35,35,40,25,34,25,34,25,34,25,34,25,34,25,25,25,25,25,25,25,25,25,25
Map_5861,620,136,167,51,210,471,63,62,63,62,63,62,51,51,51,51,126,103,92,127,92,127,63,62,63,62
Map_5862,626,266,399,490,382,252,477,468,477,468,477,468,469,422,433,422,88,96,88,50,88,50,166,96,166,96
Map_5863,626,411,126,131,165,107,94,97,94,97,94,97,110,109,110,109,101,85,101,81,112,81,101,84,94,97
Map_5864,15,242,12,12,12,12,12,12,12,12,12,12,12,12,12,12,19,12,21,12,21,12,19,12,19,12
Map_5865,9,73,10,10,9,21,11,11,11,11,11,11,11,11,11,11,9,9,9,9,9,9,9,9,9,9
Map_5866,47,205,19,19,19,45,21,21,21,21,21,21,21,21,21,21,22,18,22,18,22,18,21,18,21,18
Map_5867,459,476,16,16,16,60,16,16,16,16,16,16,16,16,16,16,16,16,16,16,16,16,16,16,16,16
Map_5868,353,226,52,52,52,56,52,52,52,52,52,52,52,52,52,52,52,52,52,52,52,52,52,52,52,52
Map_5869,16,172,23,23,23,16,16,16,16,16,16,16,16,16,16,16,17,14,17,14,17,14,17,14,17,14
Map_5870,617,302,300,330,300,427,20,20,20,20,20,20,20,20,20,20,17,17,17,17,17,17,17,17,17,17
Map_5871,592,217,280,109,327,89,66,74,66,74,66,74,66,74,66,74,66,77,66,60,66,60,66,45,66,45
Map_5872,364,203,67,85,200,135,56,67,56,67,56,67,67,69,69,69,22,22,22,22,22,22,22,22,22,22
Map_5873,57,60,8,8,8,8,8,8,8,8,8,8,8,8,8,8,8,8,8,8,8,8,8,8,8,8
Map_5874,602,556,326,299,289,120,257,266,257,266,257,266,271,271,271,271,105,148,94,126,94,126,105,148,112,148
Map_5875,382,328,19,19,19,19,19,19,19,19,19,19,19,19,19,19,19,19,19,19,19,19,19,19,19,19
Map_5876,7,14,7,7,7,9,7,7,7,7,7,7,7,7,7,7,7,7,7,7,7,7,7,7,7,7
Map_5877,577,522,55,55,158,56,54,54,54,54,54,54,54,54,54,54,62,46,65,46,65,46,62,46,54,46
Map_5878,75,35,13,13,13,13,13,13,13,13,13,13,13,36,36,36,13,13,19,13,19,13,13,13,13,13
Map_5879,7,31,6,6,6,6,5,5,5,5,5,5,5,5,5,5,5,5,5,5,5,5,5,5,5,5
Map_5880,11,246,12,11,11,12,11,11,11,11,11,11,11,11,11,11,11,11,11,11,11,11,11,11,11,11
Map_5881,104,162,35,35,32,40,32,32,32,32,32,32,34,34,34,34,34,32,34,32,34,32,32,32,32,32
Map_5882,375,186,19,19,19,19,19,19,19,19,19,19,19,19,19,19,19,19,19,19,19,19,19,19,19,19
Map_5883,58,209,55,34,55,55,36,34,36,34,36,34,34,34,34,34,33,33,33,33,33,33,36,32,36,32
Map_5884,22,237,20,20,20,23,20,20,20,20,20,20,20,20,20,20,25,20,25,20,25,20,20,20,20,20
Map_5885,18,32,10,10,10,10,10,10,10,10,10,10,10,10,10,10,10,10,10,10,10,10,10,10,10,10
Map_5886,113,144,35,35,32,41,35,35,35,35,35,35,40,40,40,40,39,24,39,24,39,24,28,24,28,24
Map_5887,5,9,5,5,5,5,5,5,5,5,5,5,5,5,5,5,5,5,5,5,5,5,5,5,5,5
Map_5888,491,100,42,41,23,134,17,40,17,40,17,40,17,40,17,40,17,17,17,17,17,17,17,17,17,17
Map_5889,406,212,43,43,123,49,39,38,39,38,39,38,39,38,39,38,39,30,40,30,40,30,39,30,39,30
Map_5890,556,298,46,46,46,49,44,44,44,44,44,44,44,44,44,44,36,36,36,36,36,36,36,36,36,36
Map_5891,28,245,44,26,44,15,26,12,12,12,12,12,26,26,26,26,12,12,12,12,12,12,12,12,12,12
Map_5892,224,205,67,48,67,65,48,48,48,48,48,48,48,48,48,48,48,50,48,50,48,50,48,48,48,48
Map_5893,300,126,36,36,36,61,36,57,36,57,36,57,60,57,60,57,38,36,38,36,38,36,38,36,38,57
Map_5894,7,540,10,10,10,10,10,7,10,7,10,7,10,7,10,7,7,7,7,7,7,7,7,7,7,7
Map_5895,452,240,42,38,38,52,41,26,41,26,41,26,41,26,41,26,41,26,49,26,49,26,41,26,41,26
Map_5896,23,34,16,16,16,16,16,16,16,16,16,16,16,16,16,16,16,16,16,16,16,16,16,16,16,16
Map_5897,600,382,43,43,43,97,39,39,39,39,39,39,39,39,39,39,52,38,52,38,52,38,43,38,43,38
Map_5898,411,338,193,193,193,86,37,33,37,33,37,33,37,33,38,33,40,49,60,49,63,49,33,49,33,49
Map_5899,440,179,40,40,65,42,40,34,40,34,40,34,40,34,40,34,34,34,41,34,41,34,42,34,42,34
Map_5900,17,124,15,15,15,15,15,14,15,14,15,14,14,14,14,14,15,14,15,14,15,14,15,14,15,14
Map_5901,21,548,7,7,7,7,7,7,7,7,7,7,7,7,7,7,7,7,7,7,7,7,7,7,7,7
Map_5902,620,229,163,154,163,43,61,154,61,154,61,154,127,161,161,161,20,40,20,40,20,40,20,63,20,63
Map_5903,136,287,19,19,19,32,43,19,43,19,43,19,43,19,43,19,28,19,28,19,28,19,35,19,35,19
Map_5904,119,310,76,342,41,80,209,38,209,38,209,38,260,62,260,62,104,33,105,33,105,33,104,38,101,38
Map_5905,58,215,28,28,56,16,16,15,16,15,16,15,16,15,16,15,17,15,17,15,17,15,16,15,16,15
Map_5906,276,255,26,26,26,54,26,26,26,26,26,26,26,26,26,26,26,26,26,26,26,26,26,26,26,26
Map_5907,613,114,590,541,580,173,69,59,69,59,69,59,85,59,85,59,44,54,51,54,51,54,44,54,54,54
Map_5908,18,182,18,18,18,50,45,18,45,18,45,18,64,18,64,18,47,18,47,18,47,18,46,18,46,18
Map_5909,14,40,14,14,14,16,15,15,15,15,15,15,15,15,15,15,15,14,18,14,18,14,15,14,15,14
Map_5910,498,385,33,32,33,43,33,32,33,32,33,32,32,32,32,32,45,32,45,39,45,39,45,32,45,32
Map_5911,32,169,25,25,25,32,25,25,25,25,25,25,25,25,25,25,25,17,25,17,25,17,25,17,25,17
Map_5912,112,264,80,80,102,69,31,36,31,36,31,36,31,36,31,36,31,24,31,24,31,24,31,24,31,24
Map_5913,16,185,14,14,14,14,14,14,14,14,14,14,14,14,14,14,14,14,14,14,14,14,14,14,14,14
Map_5914,6,35,6,6,6,13,6,6,6,6,6,6,6,6,6,6,6,6,6,6,6,6,6,6,6,6
Map_5915,11,102,10,10,11,10,11,10,11,10,11,10,11,11,11,11,10,10,10,10,10,10,11,10,11,10
Map_5916,624,316,368,350,511,515,350,350,347,347,347,347,350,350,359,355,55,53,55,53,55,53,54,53,54,53
Map_5917,195,68,33,33,33,54,30,22,30,22,30,22,30,22,30,22,30,17,30,17,30,17,30,17,30,17
Map_5918,581,147,58,49,49,38,38,41,38,41,38,41,41,41,41,41,38,41,38,35,38,35,38,41,38,41
Map_5919,8,346,8,8,8,10,8,8,8,8,8,8,8,8,8,8,8,8,8,8,8,8,8,8,8,8
Map_5920,13,203,16,14,16,16,14,14,14,14,14,14,14,14,14,14,13,14,13,13,13,13,13,14,13,14
Map_5921,227,243,157,157,192,237,120,127,120,127,120,127,389,403,389,403,180,88,180,80,180,80,180,88,125,88
Map_5922,39,195,20,20,20,25,20,20,20,20,20,20,20,20,20,20,22,20,22,20,22,20,20,20,20,20
Map_5923,24,31,24,24,24,27,26,23,26,23,26,23,24,23,24,23,24,23,24,23,24,23,26,23,26,23
Map_5924,33,96,14,14,14,14,12,12,12,12,12,12,12,12,12,12,12,12,12,12,12,12,12,12,12,12
Map_5925,456,163,18,18,18,14,14,14,14,14,14,14,14,14,14,14,15,14,15,15,15,15,15,14,15,14
Map_5926,17,139,10,10,10,17,10,10,10,10,10,10,10,10,10,10,10,10,10,10,10,10,10,10,10,10
Map_5927,17,408,15,15,15,16,14,14,14,14,14,14,14,14,14,14,14,14,14,14,14,14,14,14,14,14
Map_5928,295,220,100,103,136,152,125,77,125,77,125,77,125,86,125,86,97,77,97,77,97,77,97,77,98,77
Map_5929,639,171,63,160,43,105,94,17,93,17,93,17,122,17,83,17,41,17,41,17,41,17,41,17,41,17
Map_5930,19,334,14,14,14,14,14,14,14,14,14,14,14,14,14,14,14,14,14,14,14,14,14,14,14,14
Map_5931,13,115,11,11,11,11,11,11,11,11,11,11,11,11,11,11,11,11,11,11,11,11,11,11,11,11
Map_5932,51,294,74,53,72,87,32,32,32,32,32,32,32,32,32,32,46,32,46,32,46,32,37,32,32,32
Map_5933,375,251,193,277,90,63,58,72,58,72,58,72,58,72,58,72,58,55,62,55,62,80,58,72,58,72
Map_5934,520,409,39,39,55,39,38,40,38,40,38,40,40,40,40,40,38,28,28,28,33,28,38,28,38,28
Map_5935,196,504,101,419,582,98,79,114,79,114,79,114,79,114,79,114,184,95,79,92,146,92,92,67,61,105
Map_5936,353,321,85,85,85,85,85,84,85,84,85,84,84,84,84,84,84,75,84,75,84,75,85,84,85,84
Map_5937,569,214,54,87,64,59,70,57,70,57,70,57,79,79,79,118,50,41,56,41,56,41,50,41,57,41
Map_5938,578,415,293,91,231,82,68,70,68,70,68,70,70,70,70,70,50,50,50,86,50,86,50,50,50,50
Map_5939,19,56,16,16,18,16,16,16,16,16,16,16,16,16,16,16,17,16,17,16,17,16,17,16,17,16
Map_5940,583,357,247,187,135,30,29,12,29,12,29,12,29,12,29,12,12,12,12,12,12,12,12,12,12,12
Map_5941,541,105,47,47,47,84,40,41,40,41,40,41,40,41,40,41,39,62,39,62,39,62,39,62,39,41
Map_5942,606,348,287,268,136,260,135,135,135,135,135,135,174,138,174,167,57,133,57,57,57,57,57,135,57,135
Map_5943,9,101,9,9,9,9,9,9,9,9,9,9,9,9,9,9,14,9,16,9,16,9,9,9,9,9
Map_5944,32,252,35,35,35,114,29,26,29,26,29,26,29,26,29,26,29,25,29,25,23,25,29,25,29,25
Map_5945,585,59,49,47,49,49,47,47,47,47,47,47,47,47,47,47,47,47,47,47,47,47,47,47,47,47
Map_5946,366,371,204,108,350,204,62,169,62,169,62,169,62,331,62,459,46,46,46,78,46,78,46,46,46,75
Map_5947,14,34,15,14,15,19,15,13,15,13,15,13,14,13,14,13,13,14,13,14,13,14,13,13,13,13
Map_5948,621,219,82,81,111,68,55,60,55,60,55,60,55,60,55,60,44,35,44,35,44,35,44,35,44,35
Map_5949,13,96,13,13,13,13,13,13,13,13,13,13,13,13,13,13,13,13,15,13,15,13,13,13,13,13
Map_5950,25,127,10,10,10,10,10,10,10,10,10,10,10,10,10,10,10,10,10,10,11,10,10,10,10,10
Map_5951,642,215,130,122,122,137,83,83,83,83,83,83,83,83,83,83,45,46,32,46,32,46,45,46,45,46
Map_5952,434,295,57,55,259,74,29,55,29,55,29,55,29,55,29,55,25,25,25,25,25,25,25,25,25,25
Map_5953,28,63,12,12,12,12,12,12,12,12,12,12,12,12,12,12,12,12,12,12,12,12,12,12,12,12
Map_5954,580,85,16,16,16,16,16,16,16,16,16,16,16,16,16,16,16,16,16,16,16,16,16,16,16,16
Map_5955,548,263,65,60,69,67,67,60,67,60,67,60,91,60,91,60,49,56,49,55,49,55,49,56,49,56
Map_5956,22,42,12,12,12,14,18,12,18,12,18,12,17,12,17,12,18,12,18,12,18,12,18,12,18,12
Map_5957,233,96,43,43,41,47,43,43,43,43,43,43,43,43,43,43,43,35,43,35,43,35,40,35,43,42
Map_5958,401,279,103,102,103,107,88,88,88,88,88,88,88,88,88,88,83,84,83,84,83,84,83,88,83,88
Map_5959,526,278,317,312,318,506,383,382,383,382,383,382,355,332,385,388,57,36,57,36,57,36,57,36,57,36
Map_5960,462,150,43,35,36,48,47,35,47,35,47,35,35,35,35,35,31,35,31,35,31,35,31,35,31,35
Map_5961,645,406,60,60,90,373,60,60,60,60,60,60,60,60,60,60,54,54,54,54,54,54,54,54,54,164
Map_5962,568,213,170,186,341,19,15,15,15,15,15,15,15,15,15,15,19,15,19,15,19,15,15,15,15,15
Map_5963,33,176,13,13,13,13,13,13,13,13,13,13,13,13,13,13,14,13,14,13,14,13,14,13,13,13
Map_5964,58,148,17,17,17,52,15,17,15,17,15,17,17,17,17,17,16,15,23,15,23,15,15,17,15,17
Map_5965,561,85,37,37,37,72,37,37,37,37,37,37,37,37,37,37,20,20,20,20,20,20,20,20,20,20
Map_5966,566,344,16,16,16,16,16,16,16,16,16,16,16,16,16,16,16,16,16,16,16,16,16,16,16,16
Map_5967,50,78,29,29,29,38,29,28,29,28,29,28,29,28,28,28,33,28,33,28,33,29,24,28,24,28
Map_5968,25,161,18,18,18,18,18,18,18,18,18,18,18,18,18,18,18,18,18,18,18,18,18,18,18,18
Map_5969,233,24,17,16,17,19,12,16,12,16,12,16,12,16,12,16,12,12,12,12,17,12,12,16,12,16
Map_5970,185,169,24,23,24,24,23,23,23,23,23,23,23,23,23,23,23,23,23,23,23,23,23,23,23,23
Map_5971,6,64,6,6,6,8,6,6,6,6,6,6,6,6,6,6,6,6,6,6,6,6,6,6,6,6
Map_5972,255,149,13,13,13,13,13,13,13,13,13,13,13,13,13,13,13,13,13,13,20,13,13,13,13,13
Map_5973,592,146,174,440,174,274,56,56,56,56,56,56,56,56,56,56,83,54,83,45,83,45,56,89,56,92
Map_5974,592,322,18,18,18,18,18,30,18,27,18,27,18,30,18,30,18,18,18,18,18,18,18,18,18,18
Map_5975,83,195,28,39,25,28,43,43,43,43,43,43,43,43,43,43,27,27,27,15,27,15,27,27,27,27
Map_5976,625,453,106,106,106,611,66,67,66,67,66,67,65,67,65,67,68,64,68,64,68,64,66,64,66,64
Map_5977,10,362,9,9,9,11,9,9,9,9,9,9,9,9,9,9,10,9,10,9,10,9,9,9,9,9
Map_5978,583,208,111,55,69,112,65,55,65,55,65,55,65,55,65,55,43,39,43,39,43,39,65,39,65,39
Map_5979,22,139,15,15,13,16,16,10,16,10,16,10,10,10,10,10,16,10,16,10,16,10,16,10,16,10
Map_5980,545,97,27,27,27,27,27,27,27,27,27,27,27,27,27,27,27,27,46,27,46,27,27,27,27,27
Map_5981,29,266,24,24,24,24,24,23,24,23,24,23,24,23,23,23,24,23,24,23,24,23,24,23,24,23
Map_5982,394,331,15,15,15,15,15,15,15,15,15,15,15,15,15,15,14,14,14,14,14,14,14,14,14,14
Map_5983,76,121,17,17,17,17,17,17,17,17,17,17,17,17,17,17,17,17,19,17,19,17,17,17,17,17
Map_5984,520,145,16,16,22,16,16,17,16,17,16,17,16,17,16,17,16,16,16,16,16,16,16,17,16,17
Map_5985,367,406,148,181,60,185,96,164,99,164,99,164,164,164,164,164,87,56,87,56,87,51,87,58,87,58
Map_5986,632,233,561,618,80,154,106,31,106,31,106,31,106,31,106,31,74,31,74,31,74,31,74,31,74,31
Map_5987,13,90,9,9,9,9,9,9,9,9,9,9,9,9,9,9,9,9,9,9,9,9,9,9,9,9
Map_5988,36,135,29,25,112,32,25,25,25,25,25,25,25,25,25,25,29,25,30,29,30,29,25,25,25,25
Map_5989,469,157,126,113,116,67,69,48,69,48,69,48,69,72,69,72,32,41,32,41,32,41,45,41,45,41
Map_5990,398,371,116,116,116,83,116,120,116,120,116,120,116,120,116,120,81,79,81,81,81,81,80,102,80,102
Map_5991,54,108,42,42,42,42,30,40,30,40,30,40,30,40,30,40,30,38,30,38,30,38,30,40,30,40
Map_5992,25,28,21,21,23,21,22,22,22,22,22,22,22,22,22,22,21,18,21,18,21,18,21,18,21,18
Map_5993,467,123,51,51,51,42,40,40,40,40,40,40,43,51,43,51,57,38,57,38,57,38,57,38,57,38
Map_5994,596,321,27,27,27,75,27,27,27,27,27,27,29,29,29,29,27,27,27,27,27,27,27,27,27,27
Map_5995,223,99,50,50,37,60,50,37,50,37,50,37,50,37,50,37,38,36,38,36,38,36,38,36,38,36
Map_5996,589,553,236,272,236,434,172,229,174,229,174,229,249,249,236,236,231,172,231,172,231,226,172,172,172,172
Map_5997,559,395,45,45,44,55,30,23,30,23,30,23,30,23,30,23,30,23,32,23,32,23,30,23,30,23
Map_5998,546,164,16,16,16,16,19,16,19,16,19,16,16,16,16,16,17,16,17,16,17,16,17,16,17,16
Map_5999,117,243,32,32,79,32,32,32,32,32,32,32,32,32,32,32,32,53,61,42,61,42,32,32,32,32
Map_6000,509,379,27,22,205,145,67,67,67,67,67,67,67,67,67,67,34,22,34,22,34,22,34,22,34,22
Map_6001,183,428,392,353,404,374,78,87,78,87,78,87,69,87,69,87,65,68,65,68,65,68,65,68,80,91
Map_6002,37,47,22,21,22,24,21,21,21,21,21,21,21,21,21,21,21,22,21,21,21,21,21,21,21,21
Map_6003,94,238,66,66,66,62,74,65,74,65,74,65,73,65,73,65,81,75,81,75,84,58,88,88,106,101
Map_6004,239,131,22,22,22,23,22,22,22,22,22,22,22,22,22,22,22,22,22,22,22,22,22,22,22,22
Map_6005,6,58,6,6,6,6,6,6,6,6,6,6,6,6,6,6,6,6,6,6,6,6,6,6,6,6
Map_6006,14,48,14,13,14,14,13,13,13,13,13,13,13,13,13,13,13,13,13,13,13,13,13,13,13,13
Map_6007,181,129,112,112,159,107,93,92,93,92,93,92,94,103,106,106,79,87,79,86,79,86,105,87,93,78
Map_6008,492,312,53,42,60,29,26,43,26,39,26,39,26,43,26,43,26,26,42,26,42,26,26,39,26,39
Map_6009,384,122,59,59,58,144,46,50,46,50,46,50,46,50,46,50,46,46,46,46,48,46,46,46,46,46
Map_6010,130,168,27,27,27,29,27,27,27,27,27,27,27,27,27,27,33,27,33,27,33,27,33,27,47,27
Map_6011,13,59,13,13,13,13,13,13,13,13,13,13,13,13,13,13,13,13,13,13,13,13,13,13,13,13
Map_6012,524,344,157,240,236,171,122,175,122,175,122,175,116,236,116,236,45,45,45,45,45,45,45,45,45,45
Map_6013,11,313,12,11,12,12,12,11,12,11,12,11,11,11,11,11,11,10,11,10,11,10,11,10,11,10
Map_6014,147,413,19,19,19,47,19,19,19,19,19,19,19,19,19,19,17,17,17,17,17,17,17,17,17,17
Map_6015,37,303,33,33,38,30,33,30,33,30,33,30,33,45,33,45,32,38,32,31,32,31,29,38,39,38
Map_6016,535,261,34,34,25,38,25,25,25,25,25,25,25,25,25,25,25,25,25,25,25,25,25,25,25,25
Map_6017,316,163,15,15,15,15,15,15,15,15,15,15,15,15,15,15,15,15,15,15,15,15,15,15,15,15
Map_6018,79,107,20,20,20,20,20,20,20,20,20,20,20,20,20,20,20,20,20,20,20,20,20,20,20,20
Map_6019,7,127,7,7,7,9,9,7,9,7,9,7,7,7,7,7,9,7,9,7,9,7,9,7,9,7
Map_6020,413,416,63,53,73,83,184,53,184,53,184,53,142,53,142,53,84,53,92,53,92,53,84,53,84,53
Map_6021,87,44,15,15,15,16,15,17,15,17,15,17,15,17,15,17,15,15,15,15,15,15,15,15,15,15
Map_6022,530,503,56,74,74,70,30,34,30,34,30,34,34,34,34,34,29,21,34,21,34,21,29,21,29,21
Map_6023,23,318,11,11,17,13,11,11,11,11,11,11,11,11,11,11,11,11,11,11,11,11,11,11,11,11
Map_6024,15,65,15,15,15,19,15,15,15,15,15,15,15,15,15,15,19,15,19,15,19,15,19,15,19,15
Map_6025,433,227,96,68,97,158,58,68,58,68,58,68,68,68,68,68,48,41,48,41,48,41,48,41,48,43
Map_6026,141,131,34,26,34,34,20,20,20,20,20,20,20,20,20,20,29,20,29,20,29,20,20,20,20,20
Map_6027,26,238,22,22,25,18,17,17,17,17,17,17,17,17,17,17,17,17,17,17,17,17,17,17,17,17
Map_6028,19,110,18,18,18,26,18,18,18,18,18,18,18,18,18,18,17,17,17,17,17,17,17,17,17,17
Map_6029,71,400,42,42,42,53,48,103,48,103,48,103,48,103,48,103,32,30,32,30,32,30,48,30,48,30
Map_6030,551,221,173,173,173,215,391,68,391,68,391,68,389,61,422,61,167,62,165,62,165,62,167,61,167,61
Map_6031,4,25,6,4,4,6,4,4,4,4,4,4,4,4,4,4,5,4,5,4,5,4,4,4,4,4
Map_6032,584,295,35,31,52,35,30,29,30,29,30,29,29,29,29,29,30,29,30,29,30,29,30,29,30,29
Map_6033,521,102,35,24,35,32,24,24,24,24,24,24,24,24,24,24,25,24,25,24,25,24,25,24,25,24
Map_6034,603,317,50,49,50,66,48,44,49,49,49,49,48,44,48,44,50,37,36,37,36,37,50,37,50,37
Map_6035,18,221,17,17,17,17,17,17,17,17,17,17,21,21,21,21,17,17,17,17,17,17,17,17,17,17
Map_6036,15,191,15,15,15,16,15,15,15,15,15,15,15,15,15,15,13,15,13,13,14,13,13,15,13,15
Map_6037,14,210,15,15,14,46,27,14,27,14,27,14,27,14,27,14,15,14,15,14,15,14,15,14,15,14
Map_6038,26,53,15,14,15,16,16,13,16,13,16,13,16,13,16,13,16,13,16,13,16,13,16,13,16,13
Map_6039,18,39,21,20,20,21,13,13,13,13,13,13,13,13,13,13,13,13,13,13,13,13,13,13,13,13
Map_6040,7,32,7,7,7,9,7,7,7,7,7,7,7,7,7,7,7,7,7,7,7,7,7,7,7,7
Map_6041,21,365,7,7,7,7,7,7,7,7,7,7,7,7,7,7,7,7,7,7,7,7,7,7,7,7
Map_6042,16,209,25,25,25,33,16,16,16,16,16,16,16,16,16,16,21,16,21,16,21,16,16,16,16,16
Map_6043,12,14,9,9,9,10,8,8,8,8,8,8,8,8,8,8,8,8,8,8,8,8,8,8,8,8
Map_6044,288,494,61,61,61,80,62,41,62,41,62,41,41,41,105,104,56,41,68,41,68,41,41,41,41,41
Map_6045,23,127,27,27,281,37,27,23,27,23,27,23,27,23,27,23,27,39,27,39,27,39,27,39,27,39
Map_6046,12,36,11,11,11,13,11,11,11,11,11,11,11,11,11,11,11,10,11,10,11,10,11,10,11,10
Map_6047,132,162,15,15,15,15,17,16,17,16,17,16,16,16,16,16,17,15,19,15,19,15,17,16,17,16
Map_6048,17,176,14,14,14,14,14,14,14,14,14,14,14,14,14,14,14,14,14,14,14,14,14,14,14,14
Map_6049,101,234,22,22,22,36,38,22,38,22,38,22,38,22,38,22,37,22,37,22,37,22,48,22,48,22
Map_6050,551,121,31,31,31,26,26,24,26,24,26,24,24,24,24,24,30,17,30,17,30,17,26,17,26,17
Map_6051,551,353,129,129,483,517,124,124,244,124,244,124,124,124,216,220,135,106,233,120,219,120,135,73,135,73
Map_6052,271,441,12,14,12,21,12,13,12,13,12,13,13,13,13,13,12,12,12,12,12,12,12,12,12,13
Map_6053,544,89,22,22,25,23,21,21,21,21,21,21,21,21,21,21,23,21,23,21,23,21,21,21,21,21
Map_6054,565,132,13,13,13,23,13,19,13,19,13,19,13,19,13,19,13,13,13,13,13,13,13,13,13,13
Map_6055,346,265,89,49,89,29,19,19,19,19,19,19,19,19,19,19,20,19,20,19,20,19,19,19,19,19
Map_6056,10,246,13,13,13,27,13,14,13,14,13,14,13,14,13,14,13,10,13,10,13,10,13,10,13,10
Map_6057,345,314,29,29,29,29,119,175,119,175,119,175,119,425,119,425,123,29,123,29,128,29,170,29,159,29
Map_6058,596,304,76,79,368,63,59,51,59,51,59,51,59,53,59,53,46,48,43,48,43,48,46,75,46,75
Map_6059,582,299,355,354,388,367,122,341,122,341,122,341,198,269,196,269,105,116,106,82,112,82,105,116,105,287
Map_6060,28,352,40,39,41,38,16,16,16,16,16,16,16,16,16,16,16,16,16,16,16,16,16,16,16,16
Map_6061,36,172,29,28,29,22,20,20,20,20,20,20,20,20,20,20,20,20,20,20,20,20,20,20,20,20
Map_6062,513,591,179,179,494,145,192,105,192,105,192,105,168,105,168,105,155,82,155,82,155,82,155,146,157,258
Map_6063,11,234,11,11,11,11,11,11,11,11,11,11,11,11,11,11,12,11,12,11,12,11,12,11,12,11
Map_6064,570,165,36,27,38,36,27,29,27,29,27,29,27,29,27,29,29,19,29,19,29,19,31,29,27,29
Map_6065,597,402,16,16,16,17,16,16,16,16,16,16,16,16,16,16,16,16,16,16,16,16,16,16,16,16
Map_6066,598,287,499,356,435,430,144,146,144,146,144,146,159,159,159,159,45,109,45,45,45,45,45,109,45,109
Map_6067,577,269,207,206,205,74,52,52,162,52,162,52,52,52,52,52,147,49,126,49,126,49,124,49,124,49
Map_6068,50,109,20,20,20,517,20,20,20,20,20,20,20,20,20,20,27,20,27,27,27,27,27,20,27,20
Map_6069,14,316,14,14,14,14,14,14,14,14,14,14,14,14,14,14,14,14,14,14,14,14,14,14,14,14
Map_6070,398,481,75,75,75,149,45,45,45,45,45,45,45,45,45,45,47,45,47,45,47,45,45,45,45,45
Map_6071,628,282,83,83,83,102,83,76,83,76,83,76,76,76,76,76,76,76,137,74,137,74,76,76,76,76
Map_6072,394,91,29,25,25,350,28,25,28,25,28,25,25,25,25,25,38,31,38,31,38,31,38,31,38,31
Map_6073,227,34,11,11,11,11,11,11,11,11,11,11,11,11,11,11,11,11,13,11,13,11,11,11,11,11
Map_6074,12,245,11,11,11,11,11,11,11,11,11,11,11,11,11,11,11,11,11,11,11,11,11,11,11,11
Map_6075,33,414,31,36,31,31,31,36,31,36,31,36,36,36,36,36,28,28,25,28,25,28,35,33,35,33
Map_6076,64,101,40,40,52,40,31,30,31,30,31,30,30,30,30,30,30,30,37,30,38,30,30,30,30,30
Map_6077,9,304,9,9,9,9,9,9,9,9,9,9,9,9,9,9,12,9,12,9,12,9,9,9,9,9
Map_6078,17,394,17,17,17,26,23,23,23,23,23,23,23,23,23,23,17,18,17,18,17,18,17,18,17,18
Map_6079,622,233,17,17,17,17,17,17,17,17,17,17,17,17,17,17,17,17,17,17,17,17,17,17,17,17
Map_6080,46,513,25,25,25,26,23,31,23,31,23,31,23,31,23,31,23,23,23,23,23,24,23,23,23,23
Map_6081,41,125,25,30,25,25,22,22,22,22,22,22,22,22,22,22,23,22,23,22,23,22,22,22,22,22
Map_6082,19,249,17,17,17,24,16,16,16,16,16,16,16,16,16,16,16,16,16,16,16,16,16,16,16,16
Map_6083,167,393,134,35,71,14,14,14,14,14,14,14,14,14,14,14,14,14,14,14,14,14,14,14,14,14
Map_6084,22,49,21,21,21,22,20,20,20,20,20,20,20,20,20,20,21,20,21,20,21,20,21,20,21,20
Map_6085,612,365,322,282,239,144,81,25,81,25,81,25,95,25,95,25,25,25,25,39,25,31,25,25,25,25
Map_6086,531,269,169,169,196,114,190,112,190,127,190,127,190,112,190,112,123,34,126,34,126,34,42,34,42,34
Map_6087,153,554,74,44,45,74,48,44,48,44,48,44,48,44,48,44,48,44,48,44,48,44,48,44,48,44
Map_6088,41,85,30,27,19,37,19,24,19,24,19,24,27,27,27,27,19,24,19,24,19,24,19,24,19,24
Map_6089,526,235,20,20,20,29,20,20,20,20,20,20,20,20,20,20,20,20,21,20,21,20,20,20,20,20
Map_6090,64,400,33,33,33,34,33,33,33,33,33,33,33,33,33,33,33,24,33,24,33,24,33,24,33,24
Map_6091,16,247,9,9,9,9,9,9,9,9,9,9,9,9,9,9,9,9,9,9,9,9,9,9,9,9
Map_6092,608,496,378,390,531,466,57,57,57,57,57,57,57,57,57,57,58,57,91,58,91,58,58,57,58,57
Map_6093,599,357,266,270,227,443,125,81,125,81,125,81,81,81,81,81,95,72,97,72,97,72,187,72,174,72
Map_6094,478,377,42,42,42,59,42,48,42,48,42,48,48,48,48,48,43,42,43,42,43,42,42,48,42,48
Map_6095,10,125,10,10,10,44,15,10,15,10,15,10,15,10,15,10,19,10,19,10,19,10,17,10,17,10
Map_6096,14,26,11,11,11,12,11,11,11,11,11,11,11,11,11,11,11,11,11,11,11,11,11,11,11,11
Map_6097,25,322,139,580,139,72,409,436,409,436,409,436,436,436,436,459,25,216,25,25,25,25,340,310,347,317
Map_6098,75,90,20,20,20,45,20,20,20,20,20,20,20,20,20,20,20,20,20,20,20,20,20,20,20,20
Map_6099,637,329,227,230,283,233,129,134,129,134,129,134,151,151,151,151,235,255,247,251,247,251,262,262,277,262
Map_6100,8,23,8,8,8,8,8,8,8,8,8,8,8,8,8,8,8,8,8,8,8,8,8,8,8,8
Map_6101,617,317,99,99,99,578,99,74,99,74,99,74,99,74,99,74,127,121,132,121,132,121,97,195,97,195
Map_6102,529,117,10,10,10,19,10,10,10,10,10,10,10,10,10,10,10,10,10,10,10,10,10,10,10,10
Map_6103,22,164,32,32,32,32,32,32,32,32,32,32,32,32,32,32,29,32,29,25,29,25,31,32,31,32
Map_6104,127,122,8,8,8,21,12,8,12,8,12,8,12,8,12,8,12,8,12,8,12,8,12,8,12,8
Map_6105,4,34,4,4,4,4,4,4,4,4,4,4,4,4,4,4,4,4,4,4,4,4,4,4,4,4
Map_6106,23,71,15,15,15,15,15,15,15,15,15,15,15,15,15,15,15,13,15,13,15,13,15,13,15,13
Map_6107,11,78,10,10,10,10,10,10,10,10,10,10,10,10,10,10,10,10,10,10,10,10,10,10,10,10
Map_6108,17,39,14,14,14,14,14,11,14,11,14,11,14,11,14,11,14,11,14,11,14,11,14,11,14,11
Map_6109,166,258,72,72,72,96,61,45,61,45,61,45,61,45,61,45,57,45,57,45,57,45,61,45,61,45
Map_6110,571,218,24,24,24,58,24,24,24,24,24,24,24,24,24,24,24,26,24,26,24,26,24,26,24,26
Map_6111,5,43,5,5,5,7,5,5,5,5,5,5,5,5,5,5,5,5,5,5,5,5,5,5,5,5
Map_6112,578,365,21,21,21,21,21,21,21,21,21,21,21,21,21,21,26,21,26,21,26,21,21,21,21,21
Map_6113,533,475,273,73,414,411,40,36,40,36,40,36,34,34,34,34,59,28,48,28,48,28,65,28,53,28
Map_6114,613,406,50,52,50,42,41,41,41,41,41,41,41,41,41,41,48,41,44,41,44,41,41,41,41,41
Map_6115,38,67,19,12,19,19,12,12,12,12,12,12,12,12,12,12,12,12,12,12,12,12,12,12,12,12
Map_6116,94,105,30,30,30,32,51,53,51,53,51,53,53,83,87,87,35,34,35,34,35,34,35,35,35,35
Map_6117,610,203,25,25,25,25,25,25,25,25,25,25,25,25,25,25,25,25,25,25,25,25,25,25,25,25
Map_6118,614,421,59,59,59,59,59,59,59,59,59,59,59,59,59,59,75,75,77,75,77,75,75,75,75,75
Map_6119,12,36,9,9,9,9,9,9,9,9,9,9,9,9,9,9,9,9,9,9,9,9,9,9,9,9
Map_6120,616,646,31,31,421,124,79,31,79,31,79,31,81,31,81,31,74,31,109,31,109,31,74,31,74,31
Map_6121,27,74,47,37,23,24,22,22,22,22,22,22,22,22,22,22,22,18,22,18,22,18,22,18,22,18
Map_6122,391,221,27,27,27,43,34,27,34,27,34,27,34,27,34,27,34,34,34,34,34,34,34,27,34,27
Map_6123,16,28,15,15,14,17,15,14,15,14,15,14,15,14,14,14,15,14,15,14,15,14,15,14,15,14
Map_6124,5,274,5,5,5,5,5,5,5,5,5,5,5,5,5,5,5,5,5,5,5,5,5,5,5,5
Map_6125,371,235,54,52,42,55,28,31,28,31,28,31,28,31,28,31,28,28,28,24,28,24,28,28,28,28
Map_6126,295,270,32,32,32,32,31,29,31,29,31,29,31,29,31,29,28,23,23,23,23,23,28,23,28,23
Map_6127,200,125,50,45,50,37,47,24,47,24,47,24,45,24,45,24,27,24,28,24,28,24,26,24,26,24
Map_6128,574,378,226,352,202,340,176,119,176,119,176,119,225,98,234,98,66,66,66,66,66,66,66,66,66,84
Map_6129,500,79,13,13,13,27,13,13,13,13,13,13,13,13,13,13,13,13,13,13,13,13,13,13,13,13
Map_6130,541,72,22,22,22,96,26,54,26,54,26,54,26,54,26,54,26,19,26,19,26,19,26,19,26,19
Map_6131,104,465,54,53,54,46,51,48,51,48,51,48,48,48,48,48,48,38,48,32,48,32,48,38,48,38
Map_6132,364,189,15,15,15,19,14,13,14,13,14,13,14,13,14,13,14,13,14,13,14,13,14,13,14,13
Map_6133,63,91,48,48,48,67,28,28,28,28,28,28,28,28,28,28,21,21,21,21,21,21,21,21,21,46
Map_6134,37,224,16,16,16,19,14,13,14,13,14,13,14,13,14,13,14,13,14,13,14,13,14,13,14,13
Map_6135,619,365,32,32,32,32,32,31,32,31,32,31,32,31,31,31,32,31,32,31,32,31,32,31,32,31
Map_6136,51,94,18,18,18,18,18,18,18,18,18,18,18,18,18,18,28,18,35,18,35,18,28,18,28,18
Map_6137,580,74,10,10,10,12,10,10,10,10,10,10,10,10,10,10,10,10,10,10,10,10,10,10,10,10
Map_6138,51,464,8,8,8,8,8,8,8,8,8,8,8,8,8,8,8,8,8,8,8,8,8,8,8,8
Map_6139,142,264,95,95,42,170,51,39,51,39,51,39,57,39,57,39,51,37,57,47,57,47,51,37,51,37
Map_6140,48,492,33,33,33,33,33,33,34,33,34,33,31,33,33,33,27,27,27,27,27,27,27,27,27,27
Map_6141,477,289,140,138,244,40,27,27,27,27,27,27,27,27,27,27,27,24,27,24,27,24,27,24,27,24
Map_6142,35,110,11,11,11,23,11,11,11,11,11,11,11,11,11,11,11,11,11,11,11,11,11,11,11,11
Map_6143,626,645,16,16,16,26,16,16,16,16,16,16,16,23,27,23,16,16,16,16,16,16,16,16,16,16
Map_6144,19,235,23,10,17,15,14,10,14,10,14,10,14,10,14,10,13,10,13,10,13,10,13,10,13,10
Map_6145,29,113,11,11,11,11,11,11,11,11,11,11,11,11,11,11,11,11,11,11,11,11,11,11,11,11
Map_6146,571,205,77,77,77,197,77,105,77,105,77,105,77,124,77,124,136,99,102,99,102,99,132,99,113,99
Map_6147,353,397,40,39,38,306,64,39,64,39,64,39,88,39,88,39,64,37,64,37,96,37,188,37,186,37
Map_6148,381,256,35,32,32,35,30,27,30,27,30,27,30,27,30,27,29,26,29,26,29,26,29,26,30,26
Map_6149,96,199,47,41,50,48,27,27,27,27,27,27,27,27,27,27,27,27,35,27,35,27,27,27,27,27
Map_6150,307,334,33,26,28,30,26,26,26,26,26,26,26,26,26,26,28,26,28,26,28,26,26,26,26,26
Map_6151,23,71,18,18,16,18,18,18,18,18,18,18,18,18,18,18,16,16,16,16,16,16,16,16,16,16
Map_6152,21,315,35,36,25,28,34,24,34,24,34,24,34,24,34,24,30,21,29,21,29,21,30,21,30,21
Map_6153,580,396,558,557,599,256,274,255,274,261,274,261,251,255,247,255,84,187,84,177,76,177,84,222,84,263
Map_6154,570,323,36,35,36,304,291,287,291,287,291,287,291,287,291,287,34,35,34,35,34,35,34,35,34,35
Map_6155,335,162,51,51,96,51,51,51,51,51,51,51,51,51,51,51,51,51,51,51,109,51,51,51,51,51
Map_6156,37,51,16,16,16,16,16,16,16,16,16,16,16,16,16,16,15,15,15,15,15,15,15,15,15,15
Map_6157,537,165,62,62,445,104,62,47,62,47,62,47,62,47,62,47,63,47,63,47,63,47,63,47,62,47
Map_6158,541,187,30,28,28,30,36,36,36,36,36,36,36,36,36,36,32,32,32,32,32,32,32,32,32,32
Map_6159,507,363,25,25,25,25,25,25,25,25,25,25,25,25,25,25,24,23,24,23,24,23,24,23,24,23
Map_6160,405,182,27,27,27,27,27,27,27,27,27,27,27,27,27,27,27,27,27,27,27,27,27,27,27,27
Map_6161,67,291,39,39,39,39,39,142,39,142,39,142,39,144,39,144,40,46,40,44,46,46,40,47,40,49
Map_6162,337,117,28,28,28,46,28,28,28,28,28,28,28,28,28,28,20,28,20,20,20,20,20,28,20,28
Map_6163,38,43,51,51,35,171,33,26,33,26,33,26,33,26,33,26,26,24,26,24,26,24,26,24,26,24
Map_6164,525,109,55,70,55,46,55,55,55,55,55,55,62,62,62,62,33,30,33,30,33,30,35,55,35,55
Map_6165,12,39,11,11,11,11,10,10,10,10,10,10,10,10,10,10,10,10,10,10,10,10,10,10,10,10
Map_6166,16,169,15,15,15,19,15,15,15,15,15,15,15,15,15,15,16,15,16,16,16,16,16,15,16,15
Map_6167,594,461,490,371,468,436,136,98,136,98,136,98,176,98,176,98,264,96,284,95,284,95,180,98,180,98
Map_6168,21,122,17,12,17,17,13,12,13,12,13,12,12,12,12,12,16,12,16,12,16,12,13,12,13,12
Map_6169,460,254,480,21,109,251,21,21,21,21,21,21,21,21,21,21,43,21,43,21,43,21,21,21,21,21
Map_6170,21,118,15,14,15,15,14,14,14,14,14,14,14,14,14,14,15,14,15,15,15,15,14,14,14,14
Map_6171,21,100,21,21,21,46,42,21,42,21,42,21,45,21,45,21,42,21,42,21,42,21,42,21,42,21
Map_6172,631,453,322,374,521,557,468,23,468,23,468,23,520,23,494,23,51,23,51,23,51,23,131,23,131,23
Map_6173,31,179,19,19,19,66,19,19,19,19,19,19,26,26,26,26,19,19,19,17,19,17,19,19,19,19
Map_6174,637,246,82,73,78,127,52,52,52,52,52,52,52,52,52,52,110,52,68,50,76,50,103,52,137,52
Map_6175,221,434,106,44,75,120,47,44,47,44,47,44,47,44,47,44,47,44,48,44,48,44,47,44,47,44
Map_6176,311,154,63,63,111,73,68,63,68,63,68,63,68,63,68,63,62,61,62,61,62,61,62,63,62,63
Map_6177,600,195,204,204,205,445,76,76,75,104,75,104,76,76,76,76,64,65,64,70,64,70,65,65,65,65
Map_6178,62,261,16,16,16,554,16,16,16,16,16,16,16,16,16,16,19,16,19,16,19,16,16,16,16,16
Map_6179,26,28,18,18,18,18,18,18,18,18,18,18,18,18,18,18,18,18,18,18,18,18,18,18,18,18
Map_6180,522,160,68,68,68,76,71,59,71,59,71,59,54,59,54,59,46,22,48,22,48,22,46,22,46,22
Map_6181,398,242,23,23,23,23,18,18,18,18,18,18,21,21,21,21,18,18,18,18,18,18,18,18,18,18
Map_6182,39,312,45,39,45,61,39,39,39,39,39,39,39,39,39,39,41,39,43,39,43,39,41,39,41,39
Map_6183,602,350,83,83,83,459,227,96,227,96,227,96,96,96,96,96,31,28,31,28,31,28,31,28,31,28
Map_6184,25,100,16,16,16,16,16,17,16,17,16,17,16,17,16,17,16,17,16,17,16,17,16,17,16,17
Map_6185,11,85,14,14,14,26,14,14,14,14,14,14,14,14,14,14,14,14,14,14,14,14,14,14,14,14
Map_6186,10,70,6,6,6,6,6,6,6,6,6,6,6,6,6,6,6,6,6,6,6,6,6,6,6,6
Map_6187,23,271,21,21,21,36,17,21,17,21,17,21,16,21,16,23,17,16,17,16,17,16,17,16,17,16
Map_6188,448,411,100,185,102,128,32,102,32,102,32,102,40,132,40,132,32,32,32,32,32,32,32,102,32,102
Map_6189,9,90,9,7,7,25,7,7,7,7,7,7,7,7,7,7,9,7,9,7,9,7,7,7,7,7
Map_6190,132,578,205,419,205,514,188,184,188,184,188,184,188,184,188,184,99,31,98,31,98,31,185,31,185,31
Map_6191,617,207,105,105,138,178,47,47,47,54,47,54,47,47,47,47,47,47,46,47,46,47,47,47,47,47
Map_6192,518,438,46,46,37,167,46,37,46,37,46,37,46,37,45,37,46,103,43,100,43,100,46,103,46,103
Map_6193,368,92,72,72,66,123,67,94,67,69,67,69,95,94,95,147,37,30,37,30,37,30,30,30,30,30
Map_6194,595,299,615,613,614,76,32,36,32,36,32,36,32,36,32,36,31,31,32,31,32,31,31,31,31,31
Map_6195,326,239,263,85,400,275,44,44,44,44,44,44,44,44,44,44,24,24,26,24,26,24,44,24,44,44
Map_6196,97,149,40,19,40,40,19,19,19,19,19,19,19,19,19,19,21,19,21,20,21,20,20,19,20,19
Map_6197,15,108,15,15,15,18,15,15,15,15,15,15,15,15,15,15,18,15,18,15,18,15,15,15,15,15
Map_6198,64,548,32,30,30,39,27,27,27,27,27,27,27,27,27,27,38,27,38,31,38,31,35,27,37,27
Map_6199,94,147,51,48,46,51,57,48,57,48,57,48,57,48,57,48,57,36,64,36,64,36,57,36,57,36
Map_6200,100,126,65,65,58,72,46,49,46,49,46,49,46,49,46,49,39,39,39,39,39,39,40,39,40,39
Map_6201,31,265,16,16,16,24,16,16,16,16,16,16,16,16,16,16,17,15,17,15,17,15,17,15,17,15
Map_6202,504,567,142,141,164,173,126,127,126,127,126,127,126,142,126,142,212,104,126,108,126,108,113,104,109,104
Map_6203,14,326,15,15,15,20,17,15,17,15,17,15,15,15,15,15,14,15,14,14,14,14,14,15,15,15
Map_6204,67,330,17,17,30,17,17,17,17,17,17,17,17,17,17,17,17,17,17,17,17,17,17,17,17,17
Map_6205,554,307,317,91,98,338,93,114,93,114,93,114,70,216,70,216,61,54,61,54,61,54,59,227,59,114
Map_6206,82,316,22,22,22,24,22,22,22,22,22,22,22,22,22,22,21,21,21,21,21,21,21,21,21,21
Map_6207,397,142,23,20,20,23,20,20,20,20,20,20,20,20,20,20,20,20,20,20,20,20,20,20,20,20
Map_6208,283,195,70,70,85,43,23,56,23,56,23,56,56,56,56,56,23,23,23,23,23,23,23,23,23,56
Map_6209,14,50,17,17,17,17,17,16,17,16,17,16,16,16,16,16,14,14,14,14,14,14,14,14,14,14
Map_6210,176,483,80,109,80,113,117,117,117,117,117,117,117,117,117,117,22,22,22,22,22,22,22,22,22,22
Map_6211,158,244,36,36,66,40,36,34,36,34,36,34,36,34,36,34,36,27,36,27,36,27,36,27,36,27
Map_6212,457,382,62,63,63,297,60,63,60,63,60,63,63,63,63,63,27,27,27,27,27,27,26,27,26,27
Map_6213,58,258,38,38,38,38,33,29,33,29,33,29,33,29,33,29,33,40,33,40,33,40,33,40,33,40
Map_6214,56,234,37,37,37,37,41,40,41,40,41,40,40,40,40,40,50,40,50,40,50,40,42,40,42,40
Map_6215,542,234,20,20,20,27,20,20,20,20,20,20,20,20,20,20,18,18,18,18,18,18,18,18,18,18
Map_6216,136,196,28,28,31,51,32,30,32,30,32,30,30,30,30,30,24,24,24,22,24,22,24,24,24,24
Map_6217,585,162,44,44,41,44,43,43,43,36,43,36,43,43,43,43,46,56,46,56,46,56,43,56,43,36
Map_6218,575,482,14,14,14,23,14,14,14,14,14,14,14,14,14,14,20,14,20,14,20,14,14,14,14,14
Map_6219,360,188,322,118,305,55,54,60,54,60,54,60,54,60,54,60,55,44,71,44,71,44,55,44,55,44
Map_6220,101,430,13,13,17,13,13,13,13,13,13,13,13,13,13,13,13,13,13,13,13,13,13,13,13,13
Map_6221,316,213,91,84,53,89,100,84,100,84,100,84,100,84,100,84,96,49,96,49,96,49,96,49,96,49
Map_6222,281,192,146,117,158,183,54,146,54,146,54,146,121,121,121,121,54,61,54,54,54,54,54,146,54,146
Map_6223,534,392,57,57,57,58,57,57,57,57,57,57,57,57,61,61,57,57,57,57,57,57,57,57,57,57
Map_6224,16,161,16,16,16,16,16,16,16,16,16,16,16,16,16,16,16,16,16,16,16,16,16,16,16,16
Map_6225,11,184,11,11,11,11,11,10,11,10,11,10,10,10,10,10,10,9,10,9,10,9,10,9,10,9
Map_6226,51,319,27,27,27,59,27,25,27,25,27,25,27,25,27,25,24,24,24,24,24,24,27,24,27,24
Map_6227,18,56,19,19,19,55,22,22,22,22,22,22,22,22,22,22,22,22,22,20,22,20,22,22,22,22
Map_6228,131,263,46,46,45,58,46,46,46,46,46,46,46,46,46,46,48,46,48,46,48,46,48,46,48,46
Map_6229,584,255,77,76,225,94,297,123,297,123,297,123,250,123,250,123,92,123,92,123,92,123,159,123,191,123
Map_6230,523,356,225,445,213,113,117,150,117,150,117,150,279,241,344,241,106,106,83,106,83,106,111,106,111,106
Map_6231,56,232,72,71,71,48,58,46,58,46,58,46,46,46,46,46,21,21,21,21,21,21,21,21,21,21
Map_6232,224,479,45,29,43,101,29,29,29,29,29,29,29,29,29,29,29,29,29,29,29,29,29,29,29,29
Map_6233,78,103,30,27,30,42,28,27,28,27,28,27,28,27,28,27,28,27,28,27,28,27,28,27,28,27
Map_6234,152,387,27,26,27,27,25,25,25,25,25,25,25,25,25,25,25,25,25,25,25,25,25,25,25,25
Map_6235,26,34,19,19,22,26,20,20,20,20,20,20,20,20,20,20,15,15,15,15,15,15,15,15,15,15
Map_6236,10,22,9,9,9,10,9,9,9,9,9,9,9,9,9,9,9,9,9,9,9,9,9,9,9,9
Map_6237,593,185,65,65,78,132,64,64,64,64,64,64,64,64,64,64,64,36,64,36,64,36,64,36,64,36
Map_6238,609,290,462,465,159,509,87,329,87,329,87,329,95,277,95,277,230,261,327,243,336,243,223,300,313,264
Map_6239,367,329,36,36,36,58,36,36,36,36,36,36,36,36,36,36,36,36,36,36,36,47,36,36,36,36
Map_6240,18,335,8,8,8,8,8,8,8,8,8,8,8,8,8,8,8,8,8,8,8,8,8,8,8,8
Map_6241,33,197,45,62,45,62,40,40,40,40,40,40,40,40,40,40,40,20,40,20,32,20,40,20,40,20
Map_6242,257,93,12,12,12,12,12,12,12,12,12,12,12,12,12,12,12,12,12,12,12,12,12,12,12,12
Map_6243,111,274,28,28,28,28,28,49,28,49,28,49,28,49,28,49,33,28,33,28,33,28,33,28,33,28
Map_6244,49,419,48,47,48,71,26,26,26,26,26,26,26,26,26,26,26,25,28,25,28,25,26,25,26,25
Map_6245,22,99,14,14,14,18,14,14,14,14,14,14,14,14,14,14,14,14,14,14,14,14,14,14,14,14
Map_6246,379,585,20,20,21,80,19,19,19,19,19,19,19,19,19,19,18,18,18,18,18,18,18,18,18,18
Map_6247,114,212,40,39,40,27,25,25,25,25,25,25,25,25,25,25,25,20,25,21,25,21,25,20,25,20
Map_6248,328,311,19,19,19,19,19,19,19,19,19,19,19,19,19,19,40,19,42,19,42,19,19,19,19,19
Map_6249,625,407,518,370,614,480,112,468,112,468,112,468,118,491,118,491,120,109,148,109,148,109,133,109,133,109
Map_6250,9,318,9,9,9,424,9,9,9,9,9,9,9,9,9,9,9,9,12,9,12,9,9,9,9,9
Map_6251,17,88,19,16,19,19,16,16,16,16,16,16,16,16,16,16,14,14,18,14,18,14,14,14,14,14
Map_6252,10,43,10,10,10,10,10,10,10,10,10,10,10,10,10,10,10,10,10,10,10,10,10,10,10,10
Map_6253,8,117,8,8,8,8,8,8,8,8,8,8,8,8,8,8,8,8,8,8,8,8,8,8,8,8
Map_6254,15,164,15,15,15,15,11,11,11,11,11,11,11,11,11,11,11,11,14,11,14,11,11,11,11,11
Map_6255,424,147,56,56,60,56,64,66,64,66,64,66,64,66,64,66,32,42,32,32,32,32,32,53,32,53
Map_6256,135,294,42,42,40,37,27,40,27,40,27,40,27,40,27,40,37,24,37,24,37,24,33,24,33,24
Map_6257,26,280,14,14,14,14,14,13,14,13,14,13,13,13,13,13,14,13,14,13,14,13,14,13,14,13
Map_6258,533,113,74,70,84,89,47,223,48,223,48,223,47,125,47,125,48,48,48,48,48,48,48,54,48,100
Map_6259,596,158,35,37,35,57,35,28,35,28,35,28,28,28,28,28,49,14,14,14,14,14,35,14,35,14
Map_6260,447,214,12,12,12,12,12,12,12,12,12,12,12,12,12,12,13,12,13,12,13,12,12,12,12,12
Map_6261,606,395,43,43,55,44,43,43,43,43,43,43,43,43,43,43,31,31,31,31,31,31,31,31,31,31
Map_6262,165,130,23,23,23,23,48,37,48,37,48,37,37,37,37,37,23,37,23,23,23,23,23,37,23,37
Map_6263,517,305,94,94,139,165,83,92,83,92,83,92,91,92,91,92,76,28,82,28,82,28,28,28,28,28
Map_6264,201,76,134,97,134,77,46,46,46,46,46,46,46,46,46,46,42,45,42,45,42,45,46,46,46,46
Map_6265,157,172,164,139,162,164,31,31,31,31,31,31,31,31,31,31,37,31,37,31,37,31,37,31,37,31
Map_6266,565,307,131,98,131,30,25,25,25,25,25,25,25,25,25,25,26,26,26,26,26,26,25,25,25,25
Map_6267,35,539,22,22,22,28,22,37,22,37,22,37,22,37,22,37,33,26,33,26,33,26,33,26,22,26
Map_6268,85,373,18,18,18,42,18,18,18,18,18,18,18,18,18,18,8,8,8,8,8,8,8,8,8,8
Map_6269,7,436,7,7,7,7,7,7,7,7,7,7,7,7,7,7,7,7,7,7,7,7,7,7,7,7
Map_6270,547,178,250,269,307,474,183,120,183,120,183,120,187,162,187,162,101,66,125,66,125,66,99,66,135,66
Map_6271,18,37,10,10,10,12,10,10,10,10,10,10,10,10,10,10,10,10,10,10,10,10,10,10,10,10
Map_6272,13,134,37,37,40,29,24,13,24,13,24,13,24,13,24,13,16,13,16,13,16,13,16,13,16,13
Map_6273,589,195,232,232,232,110,129,85,135,85,135,85,56,85,56,85,89,50,89,50,89,50,97,50,107,50
Map_6274,370,131,48,48,48,77,24,24,24,24,24,24,24,24,24,24,25,24,25,24,25,24,24,24,24,24
Map_6275,301,83,10,10,10,10,10,10,10,10,10,10,10,10,10,10,10,10,10,10,10,10,10,10,10,10
Map_6276,571,257,79,57,79,57,61,72,61,50,61,50,54,86,59,86,41,38,41,38,41,38,41,38,41,38
Map_6277,604,374,328,366,576,130,114,56,114,56,114,56,114,56,114,56,28,28,28,28,28,28,28,28,46,46
Map_6278,582,274,143,143,534,163,76,76,76,76,76,76,76,76,76,76,77,76,77,76,77,76,76,76,76,76
Map_6279,25,196,16,16,16,20,16,16,16,16,16,16,16,16,16,16,16,16,16,16,16,16,16,16,16,16
Map_6280,630,487,16,16,16,47,16,16,16,16,16,16,16,16,16,16,16,16,16,16,16,16,16,16,16,16
Map_6281,15,240,11,11,11,28,11,11,11,11,11,11,11,11,11,11,28,11,28,11,28,11,11,11,11,11
Map_6282,633,302,52,52,52,249,52,55,52,55,52,55,52,55,52,55,54,20,52,20,52,20,52,20,52,20
Map_6283,133,79,28,27,39,33,28,28,28,28,28,28,28,28,28,28,25,28,25,24,25,24,25,28,28,28
Map_6284,12,68,10,10,10,10,10,10,10,10,10,10,10,10,10,10,10,10,10,10,10,10,10,10,10,10
Map_6285,17,151,17,17,17,37,17,17,17,17,17,17,17,17,17,17,17,17,17,17,17,17,17,17,17,17
Map_6286,6,15,6,6,6,6,6,6,6,6,6,6,6,6,6,6,7,6,7,6,7,6,6,6,6,6
Map_6287,18,354,16,12,12,17,16,16,16,16,16,16,16,16,16,16,16,12,16,12,16,12,16,12,16,12
Map_6288,41,271,18,18,18,18,22,18,22,18,22,18,22,18,22,18,22,18,22,18,22,18,22,18,22,18
Map_6289,567,384,205,206,205,116,112,113,112,113,112,113,358,99,452,99,61,112,61,106,61,106,61,99,61,99
Map_6290,10,195,8,8,8,8,8,8,8,8,8,8,8,8,8,8,8,8,8,8,8,8,8,8,8,8
Map_6291,609,305,443,282,546,292,214,412,214,412,214,412,284,407,284,407,182,228,192,77,192,77,208,409,208,435
Map_6292,14,313,7,7,7,15,7,7,7,7,7,7,7,7,7,7,7,7,7,7,7,7,7,7,7,7
Map_6293,12,102,14,14,14,14,14,14,14,14,14,14,14,14,14,14,14,14,14,12,14,12,14,14,14,14
Map_6294,72,193,21,18,21,21,18,18,18,18,18,18,18,18,18,18,18,18,18,18,18,18,18,18,18,18
Map_6295,439,99,40,44,63,67,35,49,35,49,35,49,34,49,34,49,26,16,26,16,26,16,24,16,24,16
Map_6296,622,205,111,103,111,111,111,103,111,103,111,103,111,107,111,107,53,32,53,32,53,32,53,32,53,32
Map_6297,12,107,12,12,12,14,12,12,12,12,12,12,12,12,12,12,11,11,11,11,11,11,11,11,11,11
Map_6298,216,207,21,21,21,40,21,21,21,21,21,21,21,21,21,21,21,21,21,21,21,21,21,21,21,21
Map_6299,61,187,26,27,28,46,26,25,26,25,26,25,26,25,26,25,21,21,30,21,30,21,21,20,26,20
Map_6300,277,187,43,43,42,43,46,42,49,42,49,42,44,42,44,42,48,39,48,39,48,39,47,42,48,42
Map_6301,33,55,19,19,19,19,19,19,19,19,19,19,19,19,19,19,19,19,19,19,19,19,19,19,19,19
Map_6302,44,88,30,28,28,30,28,28,28,28,28,28,28,29,29,29,21,21,21,21,21,21,21,21,21,21
Map_6303,52,480,20,20,20,17,15,17,15,17,15,17,15,17,15,17,15,15,15,15,15,15,15,15,15,15
Map_6304,192,130,42,42,42,95,44,42,44,42,44,42,42,42,42,42,21,21,21,21,21,21,21,21,21,21
Map_6305,17,127,19,19,19,22,13,13,13,13,13,13,13,13,13,13,13,13,13,13,13,13,13,13,13,13
Map_6306,568,280,49,49,69,64,46,46,46,46,46,46,46,46,46,46,49,46,50,46,50,46,49,46,49,46
Map_6307,7,36,11,8,8,11,8,7,8,7,8,7,8,7,8,7,8,7,8,7,8,7,8,7,8,7
Map_6308,13,150,15,15,15,15,15,13,15,13,15,13,13,13,13,13,22,13,22,13,22,13,22,13,19,13
Map_6309,10,84,10,10,10,10,10,10,10,10,10,10,10,10,10,10,10,10,10,10,10,10,10,10,10,10
Map_6310,11,141,11,11,11,13,11,11,11,11,11,11,11,11,11,11,11,11,11,11,11,11,11,11,11,11
Map_6311,9,39,9,9,9,9,9,9,9,9,9,9,9,9,9,9,9,9,9,9,9,9,9,9,9,9
Map_6312,599,507,71,66,68,522,65,48,65,48,65,48,65,66,65,66,45,64,44,52,44,52,45,64,45,64
Map_6313,320,190,132,139,151,157,154,319,154,319,154,319,269,327,327,327,127,168,127,150,127,150,143,152,143,152
Map_6314,249,293,98,98,48,73,73,72,73,72,73,72,72,72,72,72,77,66,61,66,61,66,80,66,73,66
Map_6315,302,257,29,29,294,29,29,29,29,29,29,29,29,29,29,29,32,29,34,29,34,29,29,29,29,29
Map_6316,125,50,14,14,14,17,14,12,14,12,14,12,14,12,14,12,15,12,15,12,15,12,14,12,14,12
Map_6317,298,398,177,243,78,251,33,52,33,52,33,52,33,87,33,87,57,41,57,41,57,48,30,52,30,52
Map_6318,43,175,19,19,19,19,19,19,19,19,19,19,19,19,19,19,19,19,19,19,19,19,19,19,19,19
Map_6319,447,416,30,30,25,41,28,25,28,25,28,25,28,25,28,25,24,20,24,20,24,20,28,20,28,20
Map_6320,9,363,9,9,9,300,10,9,10,9,10,9,10,9,10,9,10,9,10,9,10,9,10,9,10,9
Map_6321,9,27,12,12,12,12,11,11,11,11,11,11,11,11,11,11,8,8,8,8,8,8,8,8,8,8
Map_6322,514,140,79,79,74,83,58,474,58,474,58,474,58,491,58,491,62,67,66,67,66,67,58,121,58,121
Map_6323,8,265,7,7,7,7,7,7,7,7,7,7,7,7,7,7,7,7,9,7,9,7,7,7,7,7
Map_6324,10,55,9,9,9,9,9,9,9,9,9,9,9,9,9,9,9,9,9,9,9,9,9,9,9,9
Map_6325,574,350,372,387,297,185,194,71,194,71,194,71,183,56,320,222,38,38,38,38,38,38,38,38,38,38
Map_6326,485,154,31,39,44,18,15,15,15,15,15,15,15,15,15,15,15,15,15,15,15,15,15,15,15,15
Map_6327,587,358,177,169,123,111,80,84,126,126,126,126,179,167,179,167,76,51,71,51,71,51,55,84,80,84
Map_6328,439,210,45,50,45,65,34,35,34,35,34,35,43,40,43,40,41,34,41,34,51,34,41,34,41,34
Map_6329,14,150,7,7,7,7,7,7,7,7,7,7,7,7,7,7,7,7,7,7,7,7,7,7,7,7
Map_6330,13,78,15,15,15,15,13,13,13,13,13,13,13,13,13,13,13,13,13,13,13,13,13,13,13,13
Map_6331,37,277,37,37,37,87,37,37,37,37,37,37,37,37,37,37,15,15,15,15,15,15,15,15,15,15
Map_6332,33,76,34,32,36,34,32,27,32,27,32,27,32,27,32,27,31,24,31,24,31,24,32,25,32,25
Map_6333,549,385,27,27,27,89,67,27,67,27,67,27,67,54,67,54,64,27,66,27,66,27,64,27,64,27
Map_6334,446,172,15,15,15,15,15,15,15,15,15,15,15,15,15,15,15,15,15,15,15,15,15,15,15,15
Map_6335,116,391,29,29,29,35,29,29,29,29,29,29,29,29,29,29,29,29,29,29,29,29,29,29,29,29
Map_6336,146,151,19,19,18,20,19,20,19,20,19,20,19,20,19,20,19,15,19,15,19,15,19,15,19,15
Map_6337,7,372,7,7,7,7,7,7,7,7,7,7,7,7,7,7,7,7,7,7,7,7,7,7,7,7
Map_6338,29,269,60,27,51,57,28,27,28,27,28,27,27,27,27,27,28,27,28,27,28,27,28,27,28,27
Map_6339,411,163,425,31,322,477,31,31,31,31,31,31,31,31,31,31,31,26,117,26,117,26,31,27,31,27
Map_6340,185,229,40,40,252,91,308,40,308,40,308,40,458,40,478,40,101,36,68,36,68,36,134,36,134,36
Map_6341,18,296,18,18,18,30,18,18,18,18,18,18,18,18,18,18,13,12,13,12,13,12,13,12,13,12
Map_6342,29,151,15,15,15,20,15,15,15,15,15,15,15,15,15,15,16,15,16,15,16,15,15,15,15,15
Map_6343,207,252,323,369,384,274,159,63,159,63,159,63,218,63,218,63,61,40,61,40,61,40,61,40,61,40
Map_6344,4,8,4,4,4,4,4,4,4,4,4,4,4,4,4,4,4,4,4,4,4,4,4,4,4,4
Map_6345,560,409,555,521,536,527,73,63,73,63,73,63,73,63,73,63,61,63,61,63,61,63,61,63,72,63
Map_6346,35,434,18,18,18,18,18,18,18,18,18,18,18,18,18,18,18,18,18,18,18,18,18,18,18,18
Map_6347,358,442,11,11,11,11,11,11,11,11,11,11,11,11,11,11,11,11,11,11,11,11,11,11,11,11
Map_6348,455,291,319,313,313,150,268,265,268,265,268,265,343,347,343,347,93,97,113,113,113,113,93,223,199,223
Map_6349,110,232,16,16,16,16,16,16,16,16,16,16,16,16,16,16,16,16,16,16,16,16,16,16,16,16
Map_6350,555,500,48,43,47,48,30,30,30,30,30,30,30,30,30,30,24,24,24,24,24,24,24,24,24,24
Map_6351,572,494,86,86,130,74,69,48,69,48,69,48,69,48,69,48,44,40,44,43,44,43,69,40,69,40
Map_6352,33,133,22,22,23,22,22,17,22,17,22,17,17,17,17,17,22,17,23,17,23,17,22,17,22,17
Map_6353,166,197,68,67,67,81,67,67,67,67,67,67,67,67,67,67,64,62,51,43,51,43,62,62,62,70
Map_6354,616,281,57,57,57,62,57,56,57,56,57,56,56,56,56,56,78,24,95,24,71,24,89,24,168,24
Map_6355,573,313,482,522,500,101,57,57,57,57,57,57,57,81,81,81,33,33,33,33,33,33,33,33,33,33
Map_6356,200,69,117,108,154,69,54,47,54,47,54,47,53,47,53,47,45,45,55,45,55,45,45,45,45,47
Map_6357,483,221,499,376,521,350,101,167,101,167,101,167,101,247,101,247,86,95,73,64,73,64,101,101,101,101
Map_6358,30,445,19,19,19,24,19,13,19,13,19,13,13,13,13,13,19,13,19,13,19,13,19,13,19,13
Map_6359,173,385,47,47,49,49,47,47,47,47,47,47,47,47,47,47,58,29,63,47,63,49,58,29,58,47
Map_6360,187,236,111,110,45,108,85,37,85,37,85,37,85,37,119,40,62,37,62,37,62,37,73,37,73,37
Map_6361,635,267,28,28,28,33,31,31,31,31,31,31,31,31,31,31,27,31,36,31,36,31,25,31,25,31
Map_6362,18,122,12,11,13,18,11,11,11,11,11,11,11,11,11,11,12,11,12,11,12,11,11,11,11,11
Map_6363,9,138,8,8,8,17,9,8,9,8,9,8,9,8,9,8,9,8,9,8,9,8,9,8,9,8
Map_6364,615,239,37,40,37,19,18,18,18,18,18,18,18,18,18,18,18,18,18,18,18,18,18,18,18,18
Map_6365,76,300,92,90,24,69,36,70,36,70,36,70,36,70,36,70,36,36,36,36,36,36,36,36,36,36
Map_6366,604,283,25,25,25,25,25,25,25,25,25,25,25,25,25,25,25,34,25,34,25,34,25,34,25,34
Map_6367,93,184,16,16,16,27,16,15,16,15,16,15,16,15,16,15,16,16,16,16,16,16,16,16,16,16
Map_6368,601,189,59,59,36,168,50,14,50,14,50,14,50,14,50,14,14,14,14,14,14,14,14,14,14,14
Map_6369,52,495,7,7,7,7,7,7,7,7,7,7,7,7,7,7,7,7,7,7,7,7,7,7,7,7
Map_6370,38,234,10,10,10,10,10,10,10,10,10,10,10,10,11,11,10,10,12,10,12,10,12,10,10,10
Map_6371,70,242,27,27,19,35,13,13,13,13,13,13,13,13,13,13,15,13,15,13,15,13,15,13,13,13
Map_6372,523,40,16,16,16,14,14,14,14,14,14,14,14,14,14,14,14,14,14,14,14,14,14,14,14,14
Map_6373,25,398,27,25,25,24,25,25,25,25,25,25,25,25,25,25,50,34,50,34,50,34,50,34,50,34
Map_6374,588,239,67,67,67,115,37,25,37,25,37,25,37,25,37,25,37,25,37,25,37,25,37,25,37,25
Map_6375,52,82,22,22,22,22,16,16,16,16,16,16,16,16,16,16,16,16,16,16,16,16,16,16,16,16
Map_6376,60,83,8,8,8,10,8,8,8,8,8,8,8,8,8,8,8,8,8,8,8,8,8,8,8,8
Map_6377,384,417,21,21,21,21,19,19,19,19,19,19,19,19,19,19,19,19,19,19,19,19,19,19,19,19
Map_6378,14,35,15,15,15,15,15,14,15,14,15,14,15,14,15,14,15,14,16,14,16,14,15,14,15,14
Map_6379,162,134,44,44,44,49,39,38,39,38,39,38,39,38,38,38,39,38,53,38,53,38,41,38,32,38
Map_6380,36,146,24,24,24,21,22,22,22,22,22,22,22,22,22,22,16,16,16,16,16,16,16,20,16,20
Map_6381,509,360,35,35,35,48,35,35,35,35,35,35,35,35,35,35,35,35,36,35,36,35,35,35,35,35
Map_6382,149,405,12,12,12,12,12,11,12,11,12,11,11,11,11,11,12,11,12,11,12,11,12,11,12,11
Map_6383,632,390,47,47,43,43,43,43,43,43,43,43,43,43,43,43,43,43,43,43,43,43,43,43,43,43
Map_6384,33,163,14,14,14,31,14,14,14,14,14,14,14,14,14,14,14,14,14,14,14,14,14,14,14,14
Map_6385,76,100,68,68,64,69,68,68,68,68,68,68,68,68,68,68,60,21,60,21,60,21,60,21,60,21
Map_6386,65,407,65,65,146,49,24,138,24,138,24,138,24,138,24,138,34,24,28,24,28,24,34,24,24,24
Map_6387,360,152,77,77,76,76,71,71,71,71,71,71,71,71,71,71,115,80,115,80,115,80,80,80,80,80
Map_6388,144,154,84,84,81,134,18,114,18,114,18,114,18,114,18,114,18,18,18,18,18,18,18,18,18,18
Map_6389,443,354,29,29,462,457,29,29,29,29,29,29,29,29,29,29,70,29,70,49,70,49,29,29,29,29
Map_6390,13,90,9,9,9,11,9,9,9,9,9,9,9,9,9,9,9,9,9,9,9,9,9,9,9,9
Map_6391,334,503,199,363,199,273,206,143,206,143,206,143,206,143,206,143,150,60,150,60,150,60,173,60,173,60
Map_6392,34,347,24,19,24,24,19,19,19,19,19,19,19,19,19,19,21,19,21,19,21,19,19,19,19,19
Map_6393,34,95,14,14,14,17,14,14,14,14,14,14,14,14,14,14,14,14,14,14,14,14,14,14,14,14
Map_6394,101,495,12,12,26,17,12,12,12,12,12,12,12,12,12,12,13,12,13,12,13,12,13,12,13,12
Map_6395,470,375,22,22,22,22,22,22,22,22,22,22,22,22,22,22,24,18,24,18,24,18,18,18,18,18
Map_6396,511,49,18,18,18,18,17,18,17,18,17,18,15,18,15,18,18,15,18,15,18,15,18,15,18,18
Map_6397,176,224,29,29,29,34,29,29,29,29,29,29,29,29,29,29,33,29,33,30,33,30,33,29,30,29
Map_6398,62,76,36,36,42,36,36,36,36,36,36,36,36,36,36,36,38,35,38,35,38,35,36,35,36,35
Map_6399,572,283,116,116,116,125,226,113,226,113,226,113,101,113,101,113,114,101,103,132,103,132,115,101,115,101
Map_6400,469,420,28,28,28,47,28,28,28,28,28,28,28,28,28,28,23,27,23,23,23,23,23,28,23,28
Map_6401,79,221,35,41,35,135,28,32,28,32,28,32,28,32,28,32,30,28,30,28,30,28,30,28,30,28
Map_6402,460,302,528,407,528,447,394,193,394,193,394,193,401,193,401,193,155,58,155,58,155,58,351,58,355,58
Map_6403,546,177,29,29,27,29,33,22,33,22,33,22,33,22,33,22,35,22,35,22,35,22,32,22,33,22
Map_6404,602,377,246,38,254,330,39,38,39,38,39,38,38,38,38,38,38,38,38,38,38,38,38,38,38,38
Map_6405,185,179,10,10,10,10,10,10,10,10,10,10,10,10,10,10,10,10,10,10,10,10,10,10,10,10
Map_6406,616,313,164,163,302,378,106,127,106,127,106,127,106,134,148,134,26,50,26,50,26,50,104,127,104,127
Map_6407,20,86,13,13,13,15,13,13,13,13,13,13,13,13,13,13,12,12,12,12,12,12,12,12,12,12
Map_6408,66,85,24,22,24,157,25,22,25,22,25,22,24,22,24,22,22,22,22,22,22,22,25,22,25,22
Map_6409,560,276,16,16,16,16,16,16,16,16,16,16,16,16,16,16,16,15,24,15,24,15,16,15,16,15
Map_6410,272,136,37,37,37,39,37,37,37,37,37,37,37,37,37,37,35,35,35,35,35,35,35,35,35,35
Map_6411,83,318,39,39,39,103,27,26,27,26,27,26,26,26,26,26,57,26,33,26,33,26,27,26,27,26
Map_6412,9,17,8,8,8,9,8,8,8,8,8,8,8,8,8,8,8,8,8,8,8,8,8,8,8,8
Map_6413,13,228,14,13,14,58,13,13,13,13,13,13,13,13,13,13,32,13,32,13,32,13,13,13,13,13
Map_6414,92,80,15,15,15,26,15,15,15,15,15,15,15,15,15,15,15,15,15,15,15,15,15,15,15,15
Map_6415,196,259,50,50,50,53,39,38,39,38,39,38,38,38,38,38,39,38,39,38,39,38,39,38,39,38
Map_6416,225,214,23,23,59,23,23,23,23,23,23,23,23,24,24,24,24,23,24,23,24,23,23,23,23,23
Map_6417,586,132,72,72,105,72,92,94,92,94,92,94,92,94,92,94,53,84,53,82,53,82,53,61,53,61
Map_6418,8,45,8,8,8,8,8,8,8,8,8,8,8,8,8,8,8,8,8,8,8,8,8,8,8,8
Map_6419,28,304,27,27,27,71,20,27,20,27,20,27,20,27,20,27,20,21,22,35,22,35,20,21,20,21
Map_6420,25,152,26,26,26,30,26,25,26,25,26,25,26,25,25,25,18,20,18,20,18,20,18,20,18,20
Map_6421,63,150,51,57,65,51,50,57,50,57,50,57,57,57,57,57,28,28,28,28,28,28,28,28,28,28
Map_6422,132,271,27,27,28,36,27,27,27,27,27,27,27,27,27,27,27,27,27,27,27,27,27,27,27,27
Map_6423,6,64,6,6,6,6,6,6,6,6,6,6,6,6,6,6,6,6,6,6,6,6,6,6,6,6
Map_6424,392,204,118,118,117,79,49,56,49,56,49,56,49,56,49,56,54,49,54,49,54,49,50,49,49,49
Map_6425,582,368,419,417,462,544,175,212,175,212,175,212,216,212,216,212,357,135,373,135,398,135,162,133,163,133
Map_6426,364,307,86,42,182,106,130,182,130,182,130,182,125,183,125,199,55,92,55,43,55,43,55,92,55,92
Map_6427,21,39,25,25,25,25,13,13,13,13,13,13,13,13,13,13,13,13,13,13,13,13,13,13,13,13
Map_6428,52,220,34,34,34,445,82,27,82,27,82,27,82,27,82,27,34,18,58,18,58,18,34,18,34,18
Map_6429,13,271,9,9,9,9,9,9,9,9,9,9,9,9,9,9,9,9,9,9,9,9,9,9,9,9
Map_6430,12,125,12,12,12,14,12,12,12,12,12,12,12,12,12,12,12,12,12,12,12,12,12,12,12,12
Map_6431,32,30,20,16,20,19,15,15,15,15,15,15,15,15,15,15,14,13,14,13,14,13,14,13,14,13
Map_6432,583,313,79,79,466,45,32,32,32,32,32,32,32,32,32,32,32,32,32,32,32,32,32,32,32,32
Map_6433,562,268,79,75,75,69,140,139,140,139,140,139,97,97,102,102,124,74,124,74,124,74,97,74,97,74
Map_6434,188,244,267,381,389,160,38,140,38,140,38,140,38,140,38,140,24,24,74,24,74,24,24,24,24,24
Map_6435,20,78,15,15,15,20,15,15,15,15,15,15,15,15,15,15,14,13,14,13,14,13,14,13,14,13
Map_6436,299,289,63,63,84,170,43,34,43,34,43,34,43,35,43,35,23,21,23,21,23,21,21,32,21,32
Map_6437,12,99,12,12,12,14,12,12,12,12,12,12,12,12,12,12,15,12,15,12,15,12,14,12,12,12
Map_6438,13,385,10,10,10,10,10,10,10,10,10,10,10,10,10,10,10,10,10,10,10,10,10,10,10,10
Map_6439,570,114,53,53,53,53,53,87,53,87,53,87,53,75,53,75,76,61,76,61,76,61,61,53,61,53
Map_6440,593,236,101,101,51,105,101,93,101,93,101,93,97,97,97,97,51,29,51,29,51,29,51,29,51,29
Map_6441,20,124,32,32,36,32,20,20,20,20,20,20,20,20,20,20,20,20,20,20,20,20,20,20,20,20
Map_6442,31,70,18,18,18,18,18,18,18,18,18,18,18,18,18,18,18,18,18,18,18,18,18,18,18,18
Map_6443,7,498,7,7,7,8,8,8,8,8,8,8,8,8,8,8,8,7,8,7,8,7,8,7,8,7
Map_6444,35,244,15,15,20,15,15,15,15,15,15,15,15,15,15,15,15,15,15,15,15,15,15,15,15,15
Map_6445,473,267,24,24,42,24,24,24,24,24,24,24,24,24,24,24,24,24,24,24,24,24,24,24,24,24
Map_6446,612,197,34,34,98,60,34,49,34,49,34,49,34,49,34,49,37,34,37,34,37,34,37,46,37,46
Map_6447,34,53,20,20,20,21,20,20,20,20,20,20,20,20,20,20,20,20,20,20,20,20,20,20,20,20
Map_6448,100,152,26,26,26,26,23,23,23,23,23,23,23,23,23,23,20,16,20,16,20,18,20,16,20,16
Map_6449,144,383,28,28,28,28,29,29,29,29,29,29,29,29,29,29,29,28,50,28,50,28,29,28,29,28
Map_6450,467,138,42,42,42,53,38,37,38,37,38,37,37,37,37,37,33,37,36,39,36,39,33,37,33,37
Map_6451,281,411,17,17,17,18,18,17,18,17,18,17,18,17,18,17,18,17,18,17,18,17,18,17,18,17
Map_6452,347,223,38,37,27,38,27,29,27,29,27,29,27,29,27,29,27,28,27,28,27,28,27,28,27,28
Map_6453,122,269,21,21,21,26,21,21,21,21,21,21,21,21,21,21,44,21,44,21,44,21,45,21,45,21
Map_6454,216,399,40,40,380,40,40,52,40,52,40,52,40,52,40,52,25,25,25,25,29,25,25,25,25,25
Map_6455,460,98,18,18,18,18,18,18,18,18,18,18,18,18,18,18,19,14,19,14,19,14,19,14,14,14
Map_6456,16,449,16,16,16,20,16,16,16,16,16,16,16,16,16,16,16,16,16,16,18,18,16,16,16,16
Map_6457,5,9,6,6,6,6,5,5,5,5,5,5,5,5,5,5,6,5,6,5,6,5,5,5,5,5
Map_6458,257,500,33,33,33,29,29,29,29,29,29,29,29,29,29,29,29,29,29,29,29,29,29,29,29,29
Map_6459,9,53,6,6,6,11,6,6,6,6,6,6,6,6,6,6,6,6,6,6,6,6,6,6,6,6
Map_6460,9,19,9,9,9,12,9,9,9,9,9,9,9,9,9,9,9,9,9,9,9,9,9,9,9,9
Map_6461,434,195,48,41,26,43,34,41,34,41,34,41,41,41,41,41,26,23,26,21,26,21,25,34,25,41
Map_6462,380,545,17,17,17,20,17,17,17,17,17,17,17,17,17,17,17,16,16,16,16,16,17,16,17,16
Map_6463,628,242,23,23,23,36,23,39,23,39,23,39,23,39,23,39,25,23,25,23,25,23,23,23,23,23
Map_6464,567,380,36,36,39,40,34,35,34,35,34,35,34,35,34,35,34,35,34,35,34,35,34,35,34,35
Map_6465,590,579,361,361,164,311,125,69,125,69,125,69,125,69,134,69,141,71,98,71,98,71,130,74,130,74
Map_6466,620,422,92,92,92,37,30,37,30,37,30,37,30,37,30,37,30,30,30,30,30,30,30,30,30,30
Map_6467,10,66,10,10,14,10,10,10,10,10,10,10,10,10,10,10,10,10,10,10,10,10,10,10,10,10
Map_6468,103,179,27,27,27,41,30,28,30,28,30,28,28,28,28,28,31,28,32,28,32,28,30,28,30,28
Map_6469,600,291,45,56,42,52,47,30,47,30,47,30,56,30,65,30,34,23,34,23,34,23,32,23,32,23
Map_6470,598,342,262,262,335,366,121,118,122,118,122,118,121,205,204,205,95,54,77,54,77,54,103,48,103,48
Map_6471,6,166,6,6,6,7,6,6,6,6,6,6,6,6,6,6,7,6,11,6,11,6,6,6,6,6
Map_6472,370,49,43,38,290,47,42,38,42,38,42,38,38,38,38,38,32,24,24,24,24,24,32,30,29,37
Map_6473,577,461,370,451,388,164,40,146,40,146,40,146,40,146,40,146,40,53,40,53,40,53,40,53,40,143
Map_6474,14,308,19,15,14,37,14,14,14,14,14,14,14,14,14,14,18,14,18,14,18,14,18,14,14,14
Map_6475,19,215,15,15,15,15,15,15,15,15,15,15,15,15,15,15,13,12,13,12,13,12,13,12,13,12
Map_6476,340,403,32,32,32,243,26,26,26,26,26,26,26,26,26,26,27,26,30,26,30,26,26,26,26,26
Map_6477,9,71,9,9,9,10,9,9,9,9,9,9,9,9,9,9,9,9,9,9,9,9,9,9,9,9
Map_6478,597,417,33,33,33,43,35,33,35,33,35,33,33,33,33,33,29,20,29,20,29,20,33,20,33,20
Map_6479,512,102,40,35,35,40,39,39,39,39,39,39,39,39,39,39,31,33,31,33,31,33,31,33,31,33
Map_6480,21,38,12,11,12,12,12,11,12,11,12,11,12,11,11,11,12,11,12,11,12,11,12,11,12,11
Map_6481,243,193,27,27,27,45,37,67,37,67,37,67,37,67,37,67,31,25,31,25,31,25,31,25,37,25
Map_6482,9,65,9,9,9,13,9,9,9,9,9,9,9,9,9,9,10,9,10,9,10,9,10,9,10,9
Map_6483,455,340,30,30,33,30,30,30,30,30,30,30,30,30,30,30,30,27,30,27,30,27,30,27,30,27
Map_6484,63,307,13,13,13,13,13,13,13,13,13,13,13,13,13,13,13,13,13,13,13,13,13,13,13,13
Map_6485,401,287,45,45,47,25,45,45,45,45,45,45,45,45,45,45,48,45,36,33,36,33,48,45,48,45
Map_6486,608,349,58,58,179,62,57,158,57,158,57,158,51,158,50,158,47,69,48,66,48,66,47,69,57,69
Map_6487,616,621,18,17,18,22,18,17,18,17,18,17,17,17,17,17,18,17,18,17,18,17,18,17,18,17
Map_6488,25,52,15,15,15,15,15,15,15,15,15,15,15,15,15,15,15,15,18,15,18,15,15,15,15,15
Map_6489,156,97,49,31,49,15,13,13,13,13,13,13,13,13,13,13,13,13,13,13,13,13,13,13,13,13
Map_6490,35,584,33,32,33,14,14,14,14,14,14,14,14,14,14,14,14,14,14,14,14,14,14,14,14,14
Map_6491,488,313,79,79,79,248,44,29,44,29,44,29,29,29,29,29,35,43,35,30,35,30,30,29,30,29
Map_6492,14,41,13,13,13,13,13,13,13,13,13,13,13,13,13,13,13,13,13,13,13,13,13,13,13,13
Map_6493,417,194,65,67,96,60,79,60,79,60,79,60,79,60,79,60,28,28,32,28,32,28,28,28,28,28
Map_6494,30,214,12,12,12,43,15,12,15,12,15,12,12,12,12,12,15,12,15,12,15,12,15,12,15,12
Map_6495,6,13,6,6,6,7,6,6,6,6,6,6,6,6,6,6,6,6,6,6,6,6,6,6,6,6
Map_6496,526,363,31,31,31,211,31,31,31,31,31,31,31,31,31,31,26,26,26,26,26,26,26,26,26,26
Map_6497,379,97,316,183,74,234,39,35,39,35,39,35,39,35,39,35,28,26,28,26,28,26,28,26,28,26
Map_6498,627,260,502,502,529,598,117,281,117,281,117,281,141,521,141,521,62,139,62,139,155,139,221,151,247,235
Map_6499,23,174,15,15,15,15,15,16,15,16,15,16,15,16,15,16,15,15,15,15,15,15,15,15,15,15
Map_6500,598,167,49,49,333,50,48,49,48,49,48,49,48,49,48,49,48,37,48,37,48,37,48,37,48,37
Map_6501,549,294,93,365,181,70,198,127,198,127,198,127,251,127,251,127,72,64,72,64,69,64,97,127,97,127
Map_6502,182,272,126,126,145,101,81,60,81,60,81,60,81,60,81,60,79,32,79,32,79,32,78,32,78,32
Map_6503,42,309,33,33,37,34,28,28,28,28,28,28,28,28,28,28,29,28,29,28,29,28,29,28,28,28
Map_6504,13,60,14,13,13,20,13,13,13,13,13,13,13,13,13,13,14,13,14,13,14,13,13,13,13,13
Map_6505,297,277,48,48,48,172,28,48,28,48,28,48,28,48,28,48,28,28,28,28,28,28,28,28,28,28
Map_6506,285,286,547,222,532,454,133,167,133,167,133,167,113,167,113,167,77,28,92,28,92,28,83,28,76,28
Map_6507,62,432,29,29,29,35,29,29,29,29,29,29,29,29,29,29,24,29,24,28,24,28,24,29,24,29
Map_6508,33,222,14,14,14,20,14,14,14,14,14,14,14,14,14,14,16,14,16,14,16,14,16,14,16,14
Map_6509,80,293,24,21,24,28,19,19,19,19,19,19,19,19,19,19,20,19,20,19,20,19,20,19,20,19
Map_6510,39,98,27,23,27,28,23,23,23,23,23,23,23,23,23,23,25,19,25,19,25,19,24,19,24,19
Map_6511,519,306,60,64,65,63,71,71,71,71,71,71,71,71,71,71,54,43,68,43,68,43,43,43,43,43
Map_6512,622,242,48,48,136,42,42,42,42,42,42,42,42,42,42,42,44,42,44,42,44,42,41,42,41,42
Map_6513,8,12,8,8,8,9,8,8,8,8,8,8,8,8,8,8,8,8,8,8,8,8,8,8,8,8
Map_6514,43,50,25,25,25,35,17,17,17,17,17,17,17,17,17,17,25,17,25,17,25,17,25,17,25,17
Map_6515,9,55,9,9,9,9,9,9,9,9,9,9,9,9,9,9,9,7,9,7,9,7,9,7,9,7
Map_6516,40,331,23,22,23,25,22,22,22,22,22,22,22,39,39,39,23,25,23,23,23,23,22,25,22,25
Map_6517,8,20,8,8,8,12,8,8,8,8,8,8,8,8,8,8,8,8,8,8,8,8,8,8,8,8
Map_6518,101,127,17,17,17,38,15,15,15,15,15,15,15,14,15,14,15,14,15,14,15,14,15,14,15,14
Map_6519,45,348,25,25,25,25,25,25,25,25,25,25,25,25,25,25,25,25,25,25,25,25,25,25,25,25
Map_6520,572,310,46,46,46,329,46,45,46,45,46,45,45,45,45,45,41,41,41,41,41,41,41,41,41,41
Map_6521,18,231,17,17,17,65,17,17,17,17,17,17,17,17,17,17,17,17,17,17,17,17,17,17,17,17
Map_6522,67,82,23,23,23,37,23,23,23,23,23,23,23,23,23,23,23,23,33,23,33,23,23,23,23,23
Map_6523,408,285,59,59,57,57,79,57,79,57,79,57,59,57,59,57,59,57,54,57,54,57,75,57,79,57
Map_6524,187,309,264,252,264,119,240,193,240,193,240,193,252,193,252,193,81,39,81,39,81,39,81,39,263,39
Map_6525,114,225,298,297,298,173,32,32,32,32,32,32,32,32,32,32,41,32,41,32,41,32,41,32,32,32
Map_6526,6,117,21,7,6,14,10,6,10,6,10,6,10,6,10,6,10,6,10,6,10,6,10,6,10,6
Map_6527,555,424,51,51,51,36,29,33,29,33,29,33,29,33,29,33,29,29,29,29,29,29,29,29,29,29
Map_6528,486,337,21,21,21,21,21,19,21,19,21,19,17,19,17,19,27,17,27,17,27,17,21,17,21,17
Map_6529,123,228,51,86,51,108,51,51,51,51,51,51,51,73,73,73,51,51,51,40,51,40,51,51,51,51
Map_6530,456,419,22,22,23,24,21,19,21,19,21,19,19,19,19,19,21,19,15,19,15,19,21,19,21,19
Map_6531,14,270,14,14,14,165,37,37,37,37,37,37,37,37,37,37,43,14,43,14,43,14,38,14,38,14
Map_6532,27,52,23,21,23,34,19,21,19,21,19,21,19,21,19,21,19,16,19,16,19,16,19,16,19,16
Map_6533,15,134,12,12,12,24,11,11,11,11,11,11,11,11,11,11,11,11,11,11,11,11,11,11,11,11
Map_6534,37,225,21,21,21,27,21,21,21,21,21,21,21,21,21,21,22,25,37,25,74,25,21,25,21,25
Map_6535,18,29,13,12,13,13,12,12,12,12,12,12,12,12,12,12,12,12,12,12,12,12,12,12,12,12
Map_6536,201,196,16,16,16,16,16,16,16,16,16,16,16,16,16,16,23,16,23,16,23,16,31,16,31,16
Map_6537,12,23,12,12,12,12,12,13,12,13,12,13,12,13,12,13,12,12,12,12,12,12,12,12,12,12
Map_6538,580,179,18,18,18,18,23,23,23,23,23,23,23,23,23,23,17,14,17,14,17,14,17,14,17,14
Map_6539,605,209,32,32,32,32,30,26,30,26,30,26,30,26,30,26,30,26,30,26,30,26,30,26,30,26
Map_6540,10,25,10,10,10,23,10,10,10,10,10,10,10,10,10,10,9,9,9,9,9,9,9,9,9,9
Map_6541,402,544,106,101,34,76,34,48,34,48,34,48,48,48,48,48,55,34,56,34,56,34,34,40,34,46
Map_6542,419,192,96,96,117,122,68,68,68,68,68,68,68,68,68,68,53,53,53,53,53,53,53,53,53,53
Map_6543,24,88,20,20,20,117,20,20,20,20,20,20,20,20,20,20,22,14,22,14,22,14,14,14,14,14
Map_6544,509,165,135,97,56,184,102,111,102,111,102,111,97,111,97,111,40,60,40,60,40,60,40,60,40,60
Map_6545,58,119,28,27,27,28,27,27,27,27,27,27,27,29,29,29,39,27,39,27,39,27,32,27,32,27
Map_6546,21,25,15,15,15,15,15,14,15,14,15,14,15,14,14,14,15,12,15,12,15,12,15,12,15,12
Map_6547,457,107,50,46,50,97,46,46,46,46,46,46,46,46,46,46,53,44,53,44,53,44,53,44,53,44
Map_6548,158,164,90,90,90,86,88,88,88,88,88,88,88,88,88,88,124,125,124,120,124,120,122,141,135,141
Map_6549,10,191,21,10,10,37,10,10,10,10,10,10,10,10,10,10,10,10,10,10,10,10,10,10,10,10
Map_6550,60,163,8,8,8,8,8,8,8,8,8,8,8,8,8,8,8,8,8,8,8,8,8,8,8,8
Map_6551,227,293,27,27,27,32,27,27,27,27,27,27,27,26,26,26,27,26,27,26,27,26,27,26,27,26
Map_6552,132,326,11,10,9,14,10,9,10,9,10,9,10,9,10,9,10,9,10,9,10,9,10,9,10,9
Map_6553,25,282,18,19,18,20,18,18,18,18,18,18,19,19,19,19,17,16,17,16,17,16,16,16,16,16
Map_6554,619,171,25,25,25,25,25,25,25,25,25,25,25,25,25,25,36,25,36,25,36,25,36,25,25,25
Map_6555,22,29,18,18,18,19,18,18,18,18,18,18,18,18,18,18,18,18,18,18,18,18,18,18,18,18
Map_6556,370,123,76,108,75,76,93,108,93,59,93,59,106,157,105,157,91,59,91,59,91,59,91,59,91,59
Map_6557,9,13,9,9,9,11,9,9,9,9,9,9,9,9,9,9,11,9,11,9,11,9,9,9,9,9
Map_6558,407,452,51,51,51,73,51,51,51,51,51,51,51,51,51,51,67,54,77,54,77,54,86,54,86,54
Map_6559,558,289,29,29,29,51,29,29,29,29,29,29,29,29,29,29,29,29,29,29,29,29,29,29,29,29
Map_6560,604,212,102,102,102,140,44,42,44,42,44,42,42,42,42,42,23,23,23,23,23,23,27,23,27,23
Map_6561,103,173,25,25,25,25,25,25,25,25,25,25,25,25,25,25,30,25,30,25,30,25,25,25,25,25
Map_6562,299,200,18,18,18,15,15,15,15,15,15,15,15,15,15,15,15,15,15,15,15,15,15,15,15,15
Map_6563,18,80,12,12,12,12,12,12,12,12,12,12,12,12,12,12,12,12,12,12,16,13,12,12,12,12
Map_6564,614,442,202,150,245,210,155,168,155,168,155,168,140,168,140,168,166,137,166,125,166,125,231,140,271,140
Map_6565,535,439,116,60,65,137,145,34,145,34,145,34,56,56,56,56,42,34,42,34,42,34,61,34,61,34
Map_6566,36,210,36,41,67,101,36,36,36,36,36,36,41,41,41,41,20,19,20,19,20,19,20,19,20,19
Map_6567,468,573,42,42,40,49,33,33,33,33,33,33,33,33,33,33,30,29,30,29,30,29,29,29,29,29
Map_6568,406,166,59,59,62,59,55,50,55,50,55,50,55,50,55,50,92,44,92,60,92,60,83,44,83,44
Map_6569,18,238,18,18,18,18,18,18,18,18,18,18,18,18,18,18,25,18,25,18,25,18,18,18,18,18
Map_6570,237,277,16,16,24,22,17,16,17,16,17,16,16,18,18,18,17,16,17,16,17,16,17,16,17,16
Map_6571,87,319,99,99,189,107,43,99,43,99,43,99,43,99,43,167,55,43,55,43,55,43,43,43,43,43
Map_6572,5,227,5,5,5,5,5,5,5,5,5,5,5,5,5,5,5,5,5,5,5,5,5,5,5,5
Map_6573,411,276,32,32,32,36,32,32,32,32,32,32,32,32,32,32,32,32,32,32,32,32,32,32,32,32
Map_6574,644,408,23,23,23,26,23,23,23,23,23,23,23,26,26,26,23,23,23,23,23,23,23,23,23,23
Map_6575,316,197,38,42,38,147,38,38,38,38,38,38,38,38,38,38,94,36,97,36,97,36,67,36,104,38
Map_6576,477,277,65,64,65,131,65,223,65,223,65,223,64,318,64,346,65,177,65,151,91,69,65,167,65,167
Map_6577,9,269,9,9,9,15,9,9,9,9,9,9,9,9,9,9,9,9,9,9,9,9,9,9,9,9
Map_6578,39,60,48,48,48,43,28,26,28,26,28,26,26,26,26,26,27,26,27,26,27,26,27,26,27,26
Map_6579,23,146,21,23,21,21,21,24,21,24,21,24,21,22,22,22,17,17,21,17,21,17,17,23,17,23
Map_6580,70,340,29,27,29,57,27,27,27,27,27,27,27,27,27,27,24,27,24,27,24,27,24,27,24,27
Map_6581,587,531,219,100,187,93,125,31,125,31,125,31,47,31,47,31,218,31,136,31,136,31,46,31,46,31
Map_6582,575,304,234,221,234,390,49,49,49,49,49,49,49,49,49,49,49,49,49,49,49,49,49,49,49,49
Map_6583,611,221,510,73,311,65,62,27,62,27,62,27,62,27,62,27,32,27,32,27,32,27,32,27,32,27
Map_6584,28,167,18,18,18,30,18,19,18,19,18,19,18,28,18,28,16,16,16,16,16,16,16,16,16,16
Map_6585,372,573,52,52,51,130,52,51,52,51,52,51,52,51,52,51,23,23,23,23,23,23,23,23,23,23
Map_6586,18,31,16,16,16,24,16,16,16,16,16,16,16,16,16,16,16,16,16,16,16,16,16,16,16,16
Map_6587,40,542,33,33,33,34,32,32,32,32,32,32,32,32,32,32,32,32,32,32,32,32,32,32,32,32
Map_6588,15,111,10,10,10,10,10,8,10,8,10,8,10,8,10,8,10,8,10,8,10,8,10,8,10,8
Map_6589,139,376,58,58,45,58,58,58,58,58,58,58,55,55,55,55,52,28,44,28,44,28,52,42,52,75
Map_6590,5,15,5,5,5,6,5,5,5,5,5,5,5,5,5,5,5,5,5,5,5,5,5,5,5,5
Map_6591,43,46,25,25,25,25,25,28,25,28,25,28,25,28,25,28,26,25,26,25,26,25,25,25,25,25
Map_6592,115,447,39,39,39,41,33,33,33,33,33,33,33,33,33,33,29,29,30,29,30,30,29,29,29,29
Map_6593,541,198,17,17,26,17,17,17,17,17,17,17,17,17,17,17,17,17,18,17,18,17,17,17,17,17
Map_6594,258,124,39,39,39,78,39,41,39,41,39,41,39,41,39,41,49,40,49,40,49,40,49,41,49,41
Map_6595,70,112,11,11,11,18,11,22,11,22,11,22,11,22,11,22,11,11,11,11,11,11,11,11,11,11
Map_6596,22,92,20,20,20,20,17,17,17,17,17,17,17,17,17,17,17,17,17,16,17,16,17,17,17,17
Map_6597,12,135,9,9,9,9,9,9,9,9,9,9,9,9,9,9,9,9,9,9,9,9,9,9,9,9
Map_6598,7,19,6,6,6,8,6,6,6,6,6,6,6,6,6,6,6,6,6,6,6,6,6,6,6,6
Map_6599,18,153,10,10,10,19,10,10,10,10,10,10,10,10,10,10,10,10,10,10,10,10,10,10,10,10
Map_6600,140,185,11,11,11,14,11,11,11,11,11,11,11,11,11,11,11,11,11,11,11,11,11,11,11,11
Map_6601,209,59,32,32,32,32,74,32,74,32,74,32,48,32,48,32,49,51,44,32,44,32,49,59,48,59
Map_6602,575,418,49,57,47,95,49,49,47,49,47,49,49,57,59,57,43,44,58,41,58,41,43,44,43,44
Map_6603,34,291,18,18,18,40,18,14,18,14,18,14,18,14,18,14,15,14,15,14,15,14,18,14,18,14
Map_6604,76,38,13,13,13,13,13,13,13,13,13,13,13,13,13,13,13,13,13,13,13,13,13,13,13,13
Map_6605,9,166,17,9,10,17,9,9,9,9,9,9,9,9,9,9,9,9,9,9,9,9,9,9,9,9
Map_6606,16,106,16,16,16,23,16,16,16,16,16,16,16,16,16,16,16,16,16,16,16,16,16,16,16,16
Map_6607,329,356,18,18,18,18,18,77,18,77,18,77,18,77,18,77,18,18,18,18,18,18,18,18,18,18
Map_6608,8,63,8,8,8,36,8,8,8,8,8,8,8,8,8,8,8,8,8,8,8,8,8,8,8,8
Map_6609,12,76,22,12,22,21,14,14,14,14,14,14,14,14,14,14,14,12,14,12,14,12,14,12,14,12
Map_6610,145,402,11,11,11,11,11,11,11,11,11,11,11,11,11,11,11,11,11,11,11,11,11,11,11,11
Map_6611,503,47,42,42,86,74,35,34,35,34,35,34,34,34,34,34,39,30,39,30,39,30,34,30,34,30
Map_6612,15,35,15,15,15,15,15,15,15,15,15,15,15,15,15,15,19,15,24,15,24,15,16,15,16,15
Map_6613,287,373,41,40,40,98,40,40,40,40,40,40,40,40,40,40,103,35,103,47,103,47,59,35,40,35
Map_6614,656,240,32,27,95,32,27,27,27,27,27,27,27,27,27,27,31,27,31,27,31,27,27,27,27,27
Map_6615,502,390,150,146,148,77,53,54,53,54,53,54,53,54,53,54,40,40,40,40,43,40,40,40,40,40
Map_6616,22,40,22,22,22,38,25,22,25,22,25,22,22,22,22,22,14,14,14,14,14,14,14,14,14,14
Map_6617,618,195,24,24,18,16,16,16,16,16,16,16,16,16,16,16,16,16,16,16,16,16,16,16,16,16
Map_6618,451,357,124,149,58,21,21,21,21,21,21,21,21,21,21,21,57,21,57,21,57,21,57,21,57,21
Map_6619,164,405,31,31,31,31,24,21,24,21,24,21,21,21,21,21,22,21,22,21,22,21,22,21,22,21
Map_6620,367,227,108,108,108,91,209,91,209,67,209,67,92,92,92,92,84,71,73,85,73,85,116,67,127,67
Map_6621,35,167,26,26,26,25,25,22,25,22,25,22,25,25,25,25,22,21,22,21,24,21,22,21,26,21
Map_6622,608,229,213,199,500,235,168,225,172,232,172,232,161,224,161,224,26,26,26,26,26,26,26,26,26,26
Map_6623,23,378,14,14,14,14,23,17,23,17,23,17,23,17,23,17,14,14,14,14,14,14,15,14,14,14
Map_6624,355,215,40,28,28,49,28,28,28,28,28,28,28,28,28,28,41,28,41,28,41,28,28,28,28,28
Map_6625,316,163,25,25,25,81,32,25,32,25,32,25,32,25,32,25,37,25,37,25,37,25,36,25,36,25
Map_6626,110,243,41,33,41,42,26,26,26,26,26,26,26,26,26,26,26,26,26,26,26,26,26,26,26,26
Map_6627,35,141,92,93,90,99,38,37,38,37,38,37,37,37,37,37,38,37,38,37,38,37,38,37,38,37
Map_6628,16,113,16,16,16,16,15,15,15,15,15,15,15,15,15,15,15,15,15,15,15,15,15,15,15,15
Map_6629,349,126,30,55,215,23,23,53,23,53,23,53,23,53,23,53,23,22,23,22,23,22,23,53,23,53
Map_6630,68,125,25,25,25,29,25,25,25,25,25,25,25,25,25,25,25,25,25,25,25,25,25,25,25,25
Map_6631,581,411,34,34,34,34,149,34,149,34,149,34,446,34,446,34,220,33,271,33,271,33,146,33,296,33
Map_6632,17,58,15,15,15,21,15,15,15,15,15,15,15,15,15,15,15,15,15,15,15,15,15,15,15,15
Map_6633,445,173,146,146,101,79,43,152,43,152,43,152,43,152,43,152,36,35,36,35,36,35,36,35,36,35
Map_6634,14,172,14,14,14,14,14,14,14,14,14,14,14,14,14,14,14,14,13,13,13,13,14,14,14,14
Map_6635,308,205,128,124,138,106,77,76,77,76,77,76,76,76,117,117,54,46,54,46,54,46,52,52,52,52
Map_6636,45,166,46,48,42,48,18,18,18,18,18,18,18,18,18,18,18,18,18,18,18,18,18,18,18,18
Map_6637,74,341,20,18,20,42,17,17,17,17,17,17,17,17,17,17,22,15,22,15,22,15,22,15,17,15
Map_6638,642,271,15,15,15,42,15,15,15,15,15,15,15,15,15,15,15,15,15,15,15,15,15,15,15,15
Map_6639,571,287,252,394,134,350,79,190,79,190,79,190,79,297,78,297,101,50,101,50,101,50,99,144,99,144
Map_6640,30,265,15,15,15,28,16,15,16,15,16,15,15,15,15,15,16,12,20,12,20,12,16,12,16,12
Map_6641,318,339,123,141,123,149,102,90,102,90,102,90,90,90,90,90,33,46,33,46,33,52,37,46,37,67
Map_6642,69,93,73,53,60,282,28,28,28,28,28,28,28,28,28,28,28,28,28,28,28,28,28,28,28,28
Map_6643,563,208,241,78,247,252,82,70,82,70,82,70,82,72,82,72,54,53,54,53,54,53,54,53,54,53
Map_6644,28,36,15,15,25,15,15,15,15,15,15,15,15,15,15,15,15,15,15,14,15,14,15,15,15,15
Map_6645,11,40,11,11,11,14,14,11,14,11,14,11,14,11,14,11,14,11,14,11,14,11,14,11,14,11
Map_6646,40,81,14,14,14,16,14,14,14,14,14,14,14,14,14,14,14,14,14,14,14,14,14,14,14,14
Map_6647,613,178,56,56,56,56,56,106,56,106,56,106,56,111,56,111,62,57,62,57,62,57,62,57,62,57
Map_6648,383,243,50,50,50,47,34,34,34,34,34,34,34,34,34,34,34,34,34,34,34,34,34,34,34,34
Map_6649,587,179,270,193,376,84,38,38,38,38,38,38,38,38,38,38,42,38,44,38,44,38,38,38,38,38
Map_6650,6,28,6,6,6,6,6,6,6,6,6,6,6,6,6,6,6,6,6,6,6,6,6,6,6,6
Map_6651,475,295,76,405,76,76,48,48,48,48,48,48,222,222,222,229,56,48,56,48,56,48,48,48,48,48
Map_6652,179,584,20,19,29,20,20,19,20,19,20,19,19,19,19,19,20,19,20,15,20,15,20,19,20,19
Map_6653,51,416,23,23,25,34,20,23,20,23,20,23,20,23,20,23,20,18,21,18,21,18,20,18,20,18
Map_6654,462,328,36,36,36,36,34,76,34,76,34,76,34,76,34,76,34,34,67,34,67,34,34,34,34,34
Map_6655,35,58,25,28,25,25,27,28,27,28,27,28,26,27,26,27,29,24,24,24,26,24,29,24,29,24
Map_6656,14,122,12,12,12,18,12,12,12,12,12,12,12,12,12,12,14,12,14,12,14,12,14,12,14,12
Map_6657,28,83,22,22,22,23,18,18,18,18,18,18,18,18,18,18,19,18,19,18,19,18,18,18,18,18
Map_6658,169,73,47,50,51,29,27,27,27,27,27,27,27,27,27,27,27,27,27,27,27,27,27,27,27,27
Map_6659,470,321,89,89,89,197,81,81,81,81,81,81,81,77,77,77,69,56,69,56,69,56,73,56,73,56
Map_6660,29,246,13,13,13,18,13,13,13,13,13,13,13,13,13,13,14,13,14,13,14,13,14,13,14,13
Map_6661,116,129,112,112,155,109,135,137,135,137,135,137,135,144,144,144,64,61,64,61,64,61,63,55,74,55
Map_6662,93,174,42,42,42,81,42,27,42,27,42,27,39,27,42,27,39,27,39,27,39,27,39,27,39,27
Map_6663,590,525,33,32,24,56,29,29,29,29,29,29,29,29,29,29,29,21,29,21,29,21,29,21,29,21
Map_6664,115,141,34,34,40,34,34,24,34,24,34,24,34,24,34,24,24,24,24,24,24,24,24,24,24,24
Map_6665,25,428,14,14,14,14,14,14,14,14,14,14,14,14,14,14,14,14,14,14,14,14,14,14,14,14
Map_6666,421,387,125,96,135,182,62,96,62,96,62,96,62,96,62,96,45,51,59,51,59,51,45,51,45,51
Map_6667,603,202,110,108,126,68,72,72,72,72,72,72,72,72,72,72,51,72,51,51,51,51,79,72,79,72
Map_6668,366,104,58,66,58,58,43,43,43,43,43,43,43,43,43,43,45,43,38,43,38,43,45,43,45,43
Map_6669,369,244,165,175,173,267,163,49,163,49,163,49,161,49,161,49,130,49,112,49,112,49,163,49,163,49
Map_6670,18,40,14,14,14,16,14,14,14,14,14,14,14,14,14,14,14,14,14,14,14,14,14,14,14,14
Map_6671,536,146,476,81,73,454,60,22,60,22,60,22,102,22,102,22,22,22,23,22,23,22,22,22,22,22
Map_6672,340,108,69,69,69,12,12,12,12,12,12,12,12,12,12,12,12,12,12,12,12,12,12,12,12,12
Map_6673,62,110,36,36,36,39,33,33,33,33,33,33,33,33,33,33,33,33,33,33,33,33,33,33,33,33
Map_6674,424,324,44,44,81,44,43,44,43,44,43,44,43,44,43,44,39,30,39,30,39,30,39,30,39,30
Map_6675,29,51,10,10,10,10,10,10,10,10,10,10,10,10,10,10,10,10,10,10,10,10,10,10,10,10
Map_6676,559,286,137,94,319,74,97,132,97,132,97,132,132,132,132,132,165,58,95,46,95,46,160,57,166,96
Map_6677,7,287,7,7,7,26,7,7,7,7,7,7,7,7,7,7,7,7,7,7,7,7,7,7,7,7
Map_6678,298,645,24,24,24,241,24,24,24,24,24,24,23,24,23,24,32,23,32,23,32,23,32,23,32,23
Map_6679,6,202,10,6,6,10,6,6,6,6,6,6,6,6,6,6,6,6,6,6,6,6,6,6,6,6
Map_6680,630,652,187,169,180,151,168,197,168,197,168,197,199,199,199,199,181,115,178,112,178,112,177,115,181,115
Map_6681,538,93,62,62,62,47,44,62,44,62,44,62,62,62,62,62,44,43,44,43,44,43,44,43,44,62
Map_6682,37,91,15,14,15,15,13,14,13,14,13,14,14,14,14,14,13,13,13,12,13,12,13,14,13,14
Map_6683,28,83,25,24,25,25,25,24,25,24,25,24,24,24,25,25,24,24,30,24,30,24,24,24,24,24
Map_6684,10,372,10,10,10,17,12,10,12,10,12,10,12,10,12,10,12,10,13,10,13,10,12,10,12,10
Map_6685,25,143,10,10,10,12,10,10,10,10,10,10,10,10,10,10,10,10,10,10,10,10,10,10,10,10
Map_6686,555,176,173,173,209,439,173,173,173,173,173,173,173,173,173,173,113,140,116,118,120,118,145,147,223,230
Map_6687,40,306,17,17,17,17,15,17,15,17,15,17,15,17,15,17,15,15,15,15,15,15,15,15,15,15
Map_6688,521,101,20,17,22,17,17,17,17,17,17,17,17,17,17,17,17,17,17,17,17,17,17,17,17,17
Map_6689,28,433,83,83,48,58,83,48,83,45,83,45,83,48,83,48,28,45,28,28,28,28,51,45,51,45
Map_6690,617,285,63,63,63,63,136,136,136,136,136,136,136,76,76,76,43,34,40,34,40,34,43,34,43,34
Map_6691,262,140,83,45,232,134,115,45,101,45,101,45,50,46,46,46,21,21,21,21,21,21,21,21,21,21
Map_6692,13,358,10,10,10,10,10,10,10,10,10,10,10,10,10,10,10,10,10,10,10,10,10,10,10,10
Map_6693,517,310,11,11,11,11,11,11,11,11,11,11,11,11,11,11,11,11,11,11,11,11,11,11,11,11
Map_6694,574,410,211,42,246,70,21,20,21,20,21,20,21,20,20,20,43,20,43,20,43,20,43,20,43,20
Map_6695,599,253,15,15,72,15,15,15,15,15,15,15,15,15,15,15,15,15,15,15,15,15,15,15,15,15
Map_6696,32,166,14,14,14,21,14,14,14,14,14,14,14,14,14,14,17,12,17,12,17,12,14,12,14,12
Map_6697,50,109,25,25,25,25,18,18,18,18,18,18,18,18,18,18,18,18,18,18,18,18,18,18,18,18
Map_6698,24,231,29,29,27,29,22,19,22,19,22,19,29,19,29,19,19,19,26,19,26,19,22,22,22,22
Map_6699,551,296,162,140,88,55,55,162,55,162,55,162,52,53,52,53,30,30,17,30,17,30,30,30,30,30
Map_6700,61,83,40,39,40,59,38,38,38,38,38,38,38,38,38,38,33,39,33,39,33,39,33,38,33,38
Map_6701,24,188,33,33,35,35,34,37,34,37,34,37,34,37,34,37,22,21,21,21,21,21,34,24,34,24
Map_6702,565,215,65,78,65,66,65,72,65,72,65,72,72,72,72,72,26,26,26,26,26,26,26,26,26,60
Map_6703,76,136,25,25,25,25,48,25,48,25,48,25,48,25,48,25,25,25,25,25,25,25,25,25,25,25
Map_6704,345,122,15,15,15,15,11,11,11,11,11,11,11,11,11,11,11,11,11,11,11,11,11,11,11,11
Map_6705,569,302,21,21,21,71,21,21,21,21,21,21,21,21,21,21,21,21,21,21,21,21,21,21,21,21
Map_6706,10,124,10,10,10,13,10,10,10,10,10,10,10,10,10,10,12,10,12,10,12,10,10,10,10,10
Map_6707,83,289,13,13,13,13,13,13,13,13,13,13,13,13,13,13,13,13,13,13,13,13,13,13,13,13
Map_6708,589,284,42,42,43,42,42,39,42,39,42,39,39,39,39,39,38,36,38,36,38,36,38,36,38,36
Map_6709,608,460,95,116,95,121,144,110,203,110,203,110,121,120,121,120,104,94,104,94,68,94,110,94,108,94
Map_6710,104,400,11,11,11,11,11,11,11,11,11,11,11,11,11,11,11,11,11,11,11,11,11,11,11,11
Map_6711,87,264,44,44,21,31,31,19,31,19,31,19,31,19,31,19,31,19,34,19,36,19,31,19,31,19
Map_6712,71,201,28,28,29,23,28,28,28,28,28,28,28,28,28,28,23,26,23,26,23,26,30,26,30,26
Map_6713,396,183,215,207,215,105,72,30,72,30,72,30,72,30,72,30,66,30,66,30,66,30,66,30,66,30
Map_6714,602,423,24,24,46,20,20,20,20,20,20,20,20,20,20,20,20,20,20,20,20,20,20,20,20,20
Map_6715,347,282,34,31,34,34,31,31,31,31,31,31,31,31,31,31,43,31,34,31,34,31,31,31,31,31
Map_6716,153,178,15,15,15,16,15,15,15,15,15,15,15,15,15,15,16,15,16,15,16,15,15,15,15,15
Map_6717,23,161,18,16,17,18,18,16,18,16,18,16,16,16,22,22,14,12,14,12,14,12,14,16,12,16
Map_6718,45,258,37,37,44,40,30,30,30,30,30,30,30,30,30,30,22,20,18,20,18,20,22,20,22,20
Map_6719,566,432,67,67,395,54,65,46,65,46,65,46,65,46,65,46,41,46,41,46,41,46,63,46,64,46
Map_6720,75,323,24,24,24,26,54,24,54,24,54,24,59,24,59,24,21,24,21,24,21,24,21,24,21,24
Map_6721,39,109,10,10,10,10,9,9,9,9,9,9,9,9,9,9,9,9,9,9,9,9,9,9,9,9
Map_6722,27,137,23,23,23,30,19,22,19,22,19,22,19,22,19,22,19,16,19,16,19,16,19,16,19,16
Map_6723,17,642,17,17,17,40,17,17,17,17,17,17,17,17,17,17,17,18,64,18,64,18,17,18,17,18
Map_6724,346,533,18,19,18,48,18,19,18,19,18,19,19,19,19,19,18,18,25,15,25,15,18,19,18,19
Map_6725,586,316,19,19,52,19,19,19,19,19,19,19,19,19,19,19,19,19,19,19,19,19,19,19,19,19
Map_6726,590,192,179,176,179,105,107,92,107,92,107,92,106,92,106,92,45,56,45,39,45,39,45,56,45,92
Map_6727,578,312,385,430,399,373,70,35,70,35,70,35,74,35,74,35,35,35,65,35,65,35,35,35,35,35
Map_6728,15,234,13,13,13,25,13,13,13,13,13,13,13,13,13,13,13,13,13,13,13,13,13,13,13,13
Map_6729,52,86,20,19,20,22,19,25,19,25,19,25,19,25,19,25,19,25,19,25,19,25,19,25,19,25
Map_6730,12,151,16,16,16,21,10,10,10,10,10,10,10,10,10,10,13,10,13,10,13,10,10,10,10,10
Map_6731,9,28,10,10,10,24,9,9,9,9,9,9,9,9,9,9,9,9,9,9,9,9,9,9,9,9
Map_6732,81,439,89,58,176,82,45,60,45,60,45,60,42,42,42,42,54,22,21,21,21,21,55,22,55,22
Map_6733,457,176,41,78,41,41,41,41,91,41,91,41,76,74,76,74,41,41,41,41,41,41,41,41,64,41
Map_6734,21,241,15,15,13,15,15,15,15,15,15,15,15,15,15,15,15,15,15,15,15,15,15,15,15,15
Map_6735,147,486,142,106,124,98,40,39,40,39,40,39,39,39,39,39,40,54,40,54,40,54,40,54,40,54
Map_6736,611,497,254,253,254,204,179,54,179,54,179,54,179,54,179,54,86,54,86,50,86,50,81,54,81,54
Map_6737,86,116,37,37,37,25,25,25,25,25,25,25,25,25,25,25,25,25,25,25,25,25,25,25,25,25
Map_6738,16,147,16,16,16,16,14,14,14,14,14,14,14,14,14,14,14,13,14,13,14,13,14,13,14,13
Map_6739,274,446,25,25,25,53,25,25,25,25,25,25,25,44,44,44,25,25,25,25,25,25,25,25,25,25
Map_6740,65,247,16,16,13,20,13,16,13,16,13,16,13,16,13,16,13,13,13,13,13,13,13,13,13,13
Map_6741,10,52,13,10,10,19,10,10,10,10,10,10,10,10,10,10,10,10,10,10,10,10,10,10,10,10
Map_6742,21,145,15,15,15,15,22,21,22,21,22,21,22,21,22,21,22,15,22,15,22,15,22,15,22,15
Map_6743,62,513,23,23,23,29,16,16,16,16,16,16,16,16,16,16,16,16,16,16,16,16,16,16,16,16
Map_6744,431,223,99,55,99,78,47,46,47,46,47,46,46,46,46,46,40,46,40,46,40,46,47,46,47,46
Map_6745,563,335,131,81,81,101,134,68,134,68,134,68,114,114,78,78,46,57,41,50,41,50,46,68,46,68
Map_6746,32,153,37,38,37,35,13,13,13,13,13,13,13,13,13,13,13,13,13,13,13,13,13,13,13,13
Map_6747,15,257,16,15,16,14,13,15,13,15,13,15,13,15,13,15,13,15,13,15,13,16,13,15,13,15
Map_6748,23,399,47,47,42,47,21,20,21,20,21,20,21,20,21,20,21,20,21,20,21,20,21,20,21,20
Map_6749,455,165,15,15,15,15,15,12,15,12,15,12,12,12,12,12,15,12,15,12,15,12,15,12,15,12
Map_6750,28,65,28,28,28,33,105,105,106,105,106,105,105,108,108,108,34,34,34,34,34,34,34,34,34,34
Map_6751,517,200,33,33,33,26,26,26,26,26,26,26,26,26,26,26,27,26,64,26,64,26,26,26,26,26
Map_6752,332,256,261,300,300,255,254,124,254,124,254,124,175,124,175,124,155,124,155,116,155,116,153,124,153,124
Map_6753,38,137,26,30,31,28,26,30,26,30,26,30,30,30,30,30,26,26,27,26,27,26,26,30,26,30
Map_6754,507,407,142,146,344,144,66,66,78,66,78,66,66,66,66,66,66,88,66,88,66,88,66,103,66,112
Map_6755,599,439,12,12,12,14,12,12,12,12,12,12,12,12,12,12,12,12,12,12,12,12,12,12,12,12
Map_6756,30,146,13,13,13,37,13,10,13,10,13,10,13,10,13,10,10,10,10,10,10,10,10,10,10,10
Map_6757,9,236,7,7,7,7,7,7,7,7,7,7,7,7,7,7,7,7,7,7,7,7,7,7,7,7
Map_6758,46,109,19,19,21,20,16,16,16,16,16,16,16,16,16,16,16,16,16,16,16,16,16,16,16,16
Map_6759,201,199,29,24,24,45,32,31,32,31,32,31,32,31,31,31,44,31,35,24,35,24,44,31,32,31
Map_6760,36,241,20,20,24,22,22,20,22,20,22,20,20,20,20,20,22,20,22,20,22,20,22,20,22,20
Map_6761,25,374,25,25,25,25,25,25,25,25,25,25,25,25,25,25,32,25,32,25,32,25,29,25,29,25
Map_6762,58,374,14,14,14,15,14,14,14,14,14,14,14,14,14,14,14,14,14,14,14,14,14,14,14,14
Map_6763,22,62,17,16,17,17,20,16,20,16,20,16,20,16,20,16,16,16,16,16,16,16,16,16,16,16
Map_6764,355,271,394,355,510,358,230,219,230,219,230,219,330,330,330,330,116,259,215,127,217,127,188,273,180,273
Map_6765,7,394,7,7,7,7,7,7,7,7,7,7,7,7,7,7,7,7,7,7,7,7,7,7,7,7
Map_6766,559,512,79,78,102,66,94,94,94,94,94,94,94,94,94,94,50,47,50,47,50,47,50,82,82,82
Map_6767,20,327,17,17,17,17,18,16,18,16,18,16,18,16,18,16,15,16,15,16,15,16,15,16,15,16
Map_6768,566,467,505,398,466,496,125,190,125,190,125,190,167,165,167,165,124,103,151,93,158,93,116,124,116,167
Map_6769,226,67,10,10,10,10,10,10,10,10,10,10,10,10,10,10,10,10,10,10,10,10,10,10,10,10
Map_6770,33,368,13,13,13,13,13,13,13,13,13,13,13,13,13,13,13,13,13,13,13,13,13,13,13,13
Map_6771,83,191,29,29,25,58,25,22,25,22,25,22,25,22,25,22,24,23,24,23,24,23,24,22,24,22
Map_6772,435,120,20,20,24,20,20,20,20,20,20,20,20,20,20,20,20,20,20,20,20,20,20,20,20,20
Map_6773,101,196,41,41,41,49,29,29,29,29,29,29,29,29,29,29,27,29,27,29,33,29,29,29,29,29
Map_6774,182,193,18,18,18,87,24,10,24,10,24,10,19,10,19,10,17,10,17,10,17,10,24,10,24,10
Map_6775,5,20,4,4,4,4,4,4,4,4,4,4,4,4,4,4,4,4,4,4,4,4,4,4,4,4
Map_6776,413,275,191,191,191,160,87,160,87,160,87,160,87,334,87,334,66,51,66,51,66,51,66,51,66,51
Map_6777,8,63,7,7,7,9,7,7,7,7,7,7,7,7,7,7,8,7,8,7,8,7,7,7,7,7
Map_6778,567,531,55,55,57,62,46,55,46,55,46,55,55,55,55,55,53,39,66,39,66,37,53,39,53,39
Map_6779,129,156,18,17,22,18,17,18,17,18,17,18,17,18,17,18,26,20,26,20,28,20,17,21,17,21
Map_6780,45,62,21,20,20,22,20,19,20,19,20,19,19,19,19,19,22,19,22,19,22,19,20,19,20,19
Map_6781,626,69,18,18,18,20,15,17,15,17,15,17,15,17,15,17,15,15,15,15,15,15,15,15,15,15
Map_6782,223,98,109,100,53,70,48,48,48,48,48,48,48,48,48,48,35,40,37,35,37,35,40,40,40,40
Map_6783,8,172,8,8,8,8,8,8,8,8,8,8,8,8,8,8,8,8,8,8,8,8,8,8,8,8
Map_6784,8,14,9,8,9,10,8,8,8,8,8,8,8,8,8,8,10,8,10,8,10,8,10,8,10,8
Map_6785,178,292,17,17,19,17,17,17,17,17,17,17,17,17,17,17,17,17,17,17,17,17,17,17,17,17
Map_6786,23,442,39,33,38,30,25,17,25,17,25,17,17,17,17,17,15,15,15,15,15,15,15,15,15,15
Map_6787,18,592,24,18,24,24,18,18,18,18,18,18,18,18,18,18,18,18,18,18,18,18,18,18,18,18
Map_6788,96,300,26,25,25,429,25,24,26,24,26,24,25,24,25,24,26,24,26,25,26,25,26,24,25,24
Map_6789,8,17,9,9,9,9,8,8,8,8,8,8,8,8,8,8,8,8,9,8,9,8,8,8,8,8
Map_6790,150,62,15,15,15,15,15,15,15,15,15,15,15,15,15,15,15,15,15,15,15,15,15,15,15,15
Map_6791,306,331,69,69,69,83,34,34,34,34,34,34,34,34,34,34,34,36,47,36,47,36,34,36,34,36
Map_6792,25,309,22,22,22,21,28,25,26,25,26,25,25,25,25,25,18,18,18,18,18,18,18,18,18,18
Map_6793,187,111,16,16,16,16,16,16,16,16,16,16,16,16,16,16,16,16,16,16,16,16,16,16,16,16
Map_6794,10,23,10,10,10,16,16,16,16,16,16,16,16,16,16,16,16,10,20,10,20,10,16,10,16,10
Map_6795,20,75,20,19,19,36,23,19,23,19,23,19,23,19,23,19,21,19,21,19,21,19,21,19,21,19
Map_6796,28,44,13,13,13,16,16,16,16,16,16,16,16,16,16,16,16,13,16,13,16,13,16,13,16,13
Map_6797,66,116,18,18,18,36,18,29,18,29,18,29,18,29,18,29,29,18,29,18,29,18,18,18,18,18
Map_6798,578,496,106,69,81,72,69,69,69,69,69,69,69,69,69,69,113,69,113,110,113,110,128,69,260,69
Map_6799,543,438,131,131,141,251,132,132,132,132,132,132,134,134,134,134,45,42,45,42,40,42,45,42,45,55
Map_6800,340,175,21,21,21,21,37,38,37,38,37,38,37,38,37,38,36,22,36,22,36,22,36,22,36,22
Map_6801,139,204,22,22,23,30,22,22,22,22,22,22,22,22,22,22,22,21,22,21,22,21,22,21,22,21
Map_6802,75,120,34,34,34,39,27,28,27,28,27,28,27,28,27,28,28,27,28,20,28,20,28,28,27,28
Map_6803,126,207,19,19,19,21,19,19,19,19,19,19,19,19,19,19,19,19,19,19,19,19,19,19,19,19
Map_6804,32,207,23,23,23,22,38,22,38,22,38,22,38,22,38,22,38,22,38,22,38,22,36,22,36,22
Map_6805,453,217,49,49,49,38,27,27,27,27,27,27,27,27,27,27,28,21,28,21,28,21,28,21,28,21
Map_6806,7,20,6,6,6,6,6,6,6,6,6,6,6,6,6,6,6,6,6,6,6,6,6,6,6,6
Map_6807,45,195,15,15,15,26,12,12,12,12,12,12,12,12,12,12,12,12,12,12,12,12,12,12,12,12
Map_6808,289,370,43,43,65,42,38,38,38,38,38,38,38,38,38,38,53,38,53,38,53,38,38,38,38,38
Map_6809,645,479,550,488,599,580,375,418,375,418,375,418,319,319,319,319,215,475,172,411,172,416,278,345,251,345
Map_6810,6,18,6,6,6,13,6,6,6,6,6,6,6,6,6,6,6,6,6,6,6,6,6,6,6,6
Map_6811,432,354,43,52,43,43,52,55,52,55,52,55,52,55,52,55,31,31,31,31,31,31,31,31,31,31
Map_6812,205,142,44,44,64,54,38,31,38,31,38,31,38,31,38,31,24,24,24,24,24,24,24,24,24,24
Map_6813,259,351,13,13,13,35,11,13,11,13,11,13,11,13,11,13,11,11,11,11,11,11,11,11,11,11
Map_6814,41,203,25,25,25,25,22,25,22,25,22,25,22,25,22,25,22,22,22,22,22,22,22,25,22,25
Map_6815,603,351,228,184,234,125,122,121,122,121,122,121,121,121,121,121,111,75,205,75,205,75,111,93,111,93
Map_6816,647,156,30,30,33,40,24,20,24,20,24,20,24,20,24,20,24,18,24,18,24,18,24,20,24,20
Map_6817,70,127,53,45,63,57,45,30,45,30,45,30,41,52,39,52,45,30,45,30,45,30,41,30,41,30
Map_6818,22,426,19,19,19,18,19,19,19,19,19,19,19,19,19,19,17,19,17,18,17,18,19,19,19,19
Map_6819,5,14,5,5,5,6,5,5,5,5,5,5,5,5,5,5,5,5,5,5,5,5,5,5,5,5
Map_6820,316,149,62,47,177,73,47,47,47,47,47,47,47,47,47,47,48,47,51,47,51,47,47,47,47,47
Map_6821,171,404,101,80,100,101,31,30,31,30,31,30,30,30,30,30,67,25,67,25,67,25,60,25,60,25
Map_6822,350,223,54,59,269,54,54,54,54,54,54,54,58,58,58,58,69,54,69,54,69,54,70,54,70,54
Map_6823,337,209,53,53,40,59,35,35,35,35,35,35,35,35,35,35,38,35,38,38,38,38,36,35,36,35
Map_6824,198,572,50,56,62,50,50,36,50,36,50,36,36,36,36,36,25,36,25,36,25,36,25,36,25,36
Map_6825,575,148,15,15,15,21,15,15,15,15,15,15,15,15,15,15,21,15,21,15,21,15,15,15,15,15
Map_6826,599,220,27,27,27,34,93,26,93,26,93,26,105,26,105,26,60,26,60,26,60,26,57,26,89,26
Map_6827,566,250,459,511,436,356,390,277,390,277,390,277,364,453,364,453,200,93,200,77,200,77,213,93,213,93
Map_6828,7,380,10,7,7,10,7,7,7,7,7,7,7,7,7,7,10,7,10,7,10,7,7,7,7,7
Map_6829,527,124,31,31,31,31,31,31,31,31,31,31,31,31,31,31,31,31,31,31,31,31,31,31,31,31
Map_6830,14,35,17,17,17,17,17,16,17,16,17,16,17,16,17,16,15,15,15,14,15,14,15,15,15,15
Map_6831,18,147,10,10,10,10,10,10,10,10,10,10,10,10,10,10,10,10,10,10,10,10,10,10,10,10
Map_6832,495,422,509,516,510,502,86,534,86,534,86,534,86,440,86,484,47,43,47,43,47,43,47,43,43,43
Map_6833,8,404,8,8,8,8,8,8,8,8,8,8,8,8,8,8,8,8,9,8,9,8,8,8,8,8
Map_6834,429,197,42,39,42,60,42,42,42,42,42,42,39,39,39,39,80,39,80,39,80,39,79,39,80,39
Map_6835,73,103,26,25,25,38,26,25,26,25,26,25,26,25,26,25,26,25,26,25,26,25,26,25,26,25
Map_6836,8,33,8,8,8,18,8,8,8,8,8,8,8,8,8,8,8,8,8,8,8,8,8,8,8,8
Map_6837,431,170,17,16,17,17,16,16,16,16,16,16,16,16,16,16,16,16,27,16,27,16,16,16,16,16
Map_6838,583,328,27,27,27,56,27,27,27,27,27,27,27,27,27,27,28,27,29,27,29,27,27,27,27,27
Map_6839,41,236,34,34,34,34,34,34,34,34,34,34,34,96,96,96,34,35,34,35,34,35,34,34,34,34
Map_6840,31,103,23,23,23,21,21,21,21,21,21,21,21,21,21,21,19,19,19,19,19,19,19,19,19,19
Map_6841,602,135,111,72,71,184,31,53,31,53,31,53,28,53,28,53,31,28,31,28,31,28,28,28,28,28
Map_6842,555,220,304,154,301,309,96,132,96,132,96,132,96,200,97,200,39,39,39,39,39,39,39,39,39,39
Map_6843,288,98,35,35,35,35,35,35,35,35,35,35,35,35,35,35,35,35,35,35,35,35,35,35,35,35
Map_6844,43,452,173,173,62,78,35,35,35,35,35,35,35,35,35,35,35,35,35,35,35,35,35,35,35,35
Map_6845,526,176,11,11,11,14,11,26,11,26,11,26,11,26,11,26,11,11,11,11,11,11,11,11,11,11
Map_6846,140,79,27,27,27,19,13,13,13,13,13,13,13,13,13,13,13,13,13,13,13,13,13,13,13,13
Map_6847,389,315,44,52,44,48,43,52,43,52,43,52,52,52,52,52,43,43,43,43,43,43,43,43,43,43
Map_6848,176,188,98,98,464,141,119,95,119,95,119,95,113,97,113,97,131,113,131,113,131,113,113,116,113,116
Map_6849,36,72,15,15,15,15,15,15,15,15,15,15,15,15,15,15,15,15,15,15,15,15,15,15,15,15
Map_6850,48,227,27,27,30,27,27,27,27,27,27,27,27,27,27,27,23,20,23,20,23,20,23,20,22,20
Map_6851,53,121,22,22,22,24,22,22,22,22,22,22,22,22,22,22,31,22,33,24,33,24,31,22,31,22
Map_6852,564,168,60,60,54,60,57,58,57,58,57,58,57,55,57,55,59,53,59,53,59,53,59,53,57,53
Map_6853,623,544,427,400,451,166,326,197,326,197,326,197,348,108,348,108,72,107,90,107,90,107,75,107,75,107
Map_6854,500,436,53,53,53,38,36,36,36,36,36,36,36,36,36,36,36,36,36,36,36,36,36,36,36,36
Map_6855,138,170,30,29,29,30,33,22,33,22,33,22,33,22,33,22,33,22,49,22,49,22,33,22,33,22
Map_6856,50,234,53,42,53,45,32,32,32,32,32,32,32,32,32,32,32,32,32,26,32,26,32,32,32,32
Map_6857,584,214,319,49,288,87,42,27,42,27,42,27,42,27,42,27,18,18,18,18,18,18,18,18,18,18
Map_6858,575,444,90,90,90,90,93,114,93,114,93,114,93,114,93,114,58,61,65,61,65,61,61,91,61,91
Map_6859,47,156,28,28,28,32,28,28,28,28,28,28,28,28,28,28,28,28,28,28,33,28,28,28,28,28
Map_6860,638,607,40,40,40,40,40,37,40,37,40,37,40,37,40,37,195,37,146,37,146,37,130,37,130,37
Map_6861,28,377,11,11,11,11,11,11,11,11,11,11,11,11,11,11,11,11,11,11,11,11,11,11,11,11
Map_6862,302,117,43,49,45,64,43,51,45,52,45,52,49,49,49,49,26,26,26,26,26,26,27,26,22,26
Map_6863,83,110,16,16,16,16,18,16,18,16,18,16,16,16,16,16,19,16,19,16,19,16,18,16,18,16
Map_6864,266,295,26,26,26,30,26,26,26,26,26,26,26,26,26,26,27,26,36,26,36,26,26,26,26,26
Map_6865,524,306,31,33,31,35,33,33,33,33,33,33,33,33,33,33,32,52,32,52,32,52,58,55,58,55
Map_6866,5,309,5,5,5,5,5,5,5,5,5,5,5,5,5,5,5,5,5,5,5,5,5,5,5,5
Map_6867,37,273,23,23,55,23,27,9,27,9,27,9,27,9,27,9,9,9,9,9,9,9,9,9,9,9
Map_6868,17,318,19,17,19,19,15,15,15,15,15,15,15,15,15,15,17,15,17,15,17,15,17,15,15,15
Map_6869,27,243,22,22,22,22,22,22,22,22,22,22,22,22,22,22,30,25,27,25,27,25,25,25,25,25
Map_6870,39,46,22,22,22,22,18,22,18,22,18,22,18,22,18,22,18,18,18,18,18,18,18,18,18,18
Map_6871,21,255,14,14,14,14,14,14,14,14,14,14,14,14,14,14,14,14,14,14,14,14,14,14,14,14
Map_6872,13,593,13,13,13,15,13,13,13,13,13,13,13,13,13,13,13,13,13,13,13,13,13,13,13,13
Map_6873,11,327,9,9,9,9,9,9,9,9,9,9,9,9,9,9,9,9,9,9,9,9,9,9,9,9
Map_6874,262,194,38,38,97,38,38,38,38,38,38,38,38,38,38,38,38,36,38,36,38,36,38,36,38,36
Map_6875,595,312,61,51,63,50,53,51,53,51,53,51,34,51,34,51,49,43,49,43,49,43,48,43,53,43
Map_6876,597,120,20,20,20,20,20,20,20,20,20,20,20,20,20,20,20,20,110,20,110,20,20,20,20,20
Map_6877,18,164,35,35,39,40,30,37,30,37,30,37,30,37,30,37,35,18,27,18,27,18,30,18,30,18
Map_6878,10,147,10,10,10,10,10,10,10,10,10,10,10,10,10,10,13,10,13,10,13,10,10,10,10,10
Map_6879,371,270,19,18,18,20,10,10,10,10,10,10,10,10,10,10,10,10,10,10,10,10,10,10,10,10
Map_6880,11,51,9,9,9,9,9,10,9,10,9,10,9,10,9,10,9,9,9,9,9,9,9,9,9,9
Map_6881,520,97,97,103,97,69,46,43,46,43,46,43,43,43,43,43,32,32,32,32,32,32,32,38,45,38
Map_6882,466,274,95,95,96,73,73,71,73,71,73,71,73,71,73,71,39,33,39,33,39,33,39,33,39,33
Map_6883,17,32,13,12,12,13,12,12,12,12,12,12,12,12,12,12,14,12,14,12,14,12,12,12,12,12
Map_6884,315,412,51,52,51,53,43,41,43,41,43,41,43,41,43,41,37,36,37,36,37,36,37,36,37,36
Map_6885,585,270,161,161,161,170,103,103,103,103,103,103,103,103,103,103,108,74,106,78,106,78,173,74,173,74
Map_6886,27,40,27,27,14,27,27,26,27,26,27,26,26,26,26,26,27,12,27,12,27,12,27,12,27,12
Map_6887,134,564,27,27,24,27,24,24,24,24,24,24,24,24,24,24,27,24,27,24,27,24,27,24,27,24
Map_6888,577,431,92,92,92,93,78,97,78,97,78,97,78,148,78,148,60,26,26,26,26,26,60,26,60,26
Map_6889,47,67,41,41,41,41,32,32,32,32,32,32,32,32,32,32,32,32,32,32,32,32,32,32,32,32
Map_6890,331,270,34,34,34,38,34,18,34,18,34,18,33,18,33,18,24,18,24,18,24,18,24,18,24,18
Map_6891,79,140,52,41,43,53,53,50,53,50,53,50,52,50,52,50,52,41,52,41,52,41,41,41,41,41
Map_6892,6,287,10,6,6,10,6,6,6,6,6,6,6,6,6,6,6,6,7,6,7,6,6,6,6,6
Map_6893,18,173,12,12,12,19,12,12,12,12,12,12,12,12,12,12,12,12,12,12,12,12,12,12,12,12
Map_6894,15,77,12,12,12,12,12,11,12,11,12,11,12,11,12,11,12,11,12,11,12,11,12,11,12,11
Map_6895,65,38,13,13,13,16,11,11,11,11,11,11,11,11,11,11,11,11,11,11,11,11,11,11,11,11
Map_6896,359,149,52,52,52,52,47,52,47,52,47,52,47,52,47,52,28,26,36,26,36,26,28,26,28,26
Map_6897,53,90,30,30,30,31,30,30,30,30,30,30,30,33,33,33,30,30,30,30,30,30,30,30,30,30
Map_6898,45,188,36,36,36,42,36,36,36,36,36,36,36,36,36,36,210,36,51,36,51,36,362,36,364,36
Map_6899,506,433,46,46,46,43,38,38,38,38,38,38,38,38,38,38,45,40,45,40,45,40,42,40,40,40
Map_6900,97,58,12,12,12,12,12,12,12,12,12,12,12,12,12,12,12,12,12,12,13,12,12,12,12,12
Map_6901,57,309,48,47,62,44,45,41,45,41,45,41,41,41,41,41,35,41,35,35,40,35,35,41,35,41
Map_6902,27,64,13,13,13,19,13,15,13,15,13,15,13,15,13,15,13,13,13,13,13,13,13,13,13,13
Map_6903,344,172,91,91,64,110,42,36,42,36,42,36,42,36,42,36,42,29,42,29,42,29,42,29,42,29
Map_6904,506,230,11,11,11,11,11,11,11,11,11,11,11,11,11,11,11,11,11,11,11,11,11,11,11,11
Map_6905,413,163,31,31,36,31,31,30,38,30,38,30,31,30,30,30,31,30,31,30,31,30,31,30,31,30
Map_6906,12,294,11,11,11,12,11,11,11,11,11,11,11,11,11,11,11,11,11,11,11,11,11,11,11,11
Map_6907,13,68,11,11,11,11,11,11,11,11,11,11,11,11,11,11,11,11,11,11,11,11,11,11,11,11
Map_6908,558,588,133,132,469,267,132,129,132,129,132,129,132,133,132,133,148,89,148,89,223,89,146,89,146,89
Map_6909,386,272,27,27,27,27,27,27,27,27,27,27,27,45,45,45,48,27,48,27,48,27,48,27,48,27
Map_6910,593,329,154,433,275,51,50,51,50,51,50,51,46,46,46,46,68,46,68,46,68,46,46,46,46,46
Map_6911,204,436,44,44,44,45,55,40,55,40,55,40,55,40,55,40,42,38,42,38,42,38,42,38,42,38
Map_6912,9,145,9,9,9,9,9,9,9,9,9,9,9,9,9,9,11,9,11,9,11,9,11,9,11,9
Map_6913,630,293,570,570,569,429,149,149,149,149,149,149,149,188,173,188,251,149,210,106,210,106,191,149,191,149
Map_6914,34,170,26,26,26,26,26,25,26,25,26,25,25,25,25,25,26,25,27,25,27,25,25,25,25,25
Map_6915,7,125,7,7,7,8,7,7,7,7,7,7,7,7,7,7,7,7,7,7,7,7,7,7,7,7
Map_6916,29,146,15,15,15,15,15,15,15,15,15,15,15,15,15,15,15,15,15,15,15,15,15,15,15,15
Map_6917,54,197,22,22,25,22,22,22,22,22,22,22,22,22,22,22,22,22,22,22,22,22,22,22,22,22
Map_6918,463,418,56,56,56,79,61,61,61,61,61,61,61,61,74,75,59,62,59,62,59,62,59,62,59,62
Map_6919,556,239,26,26,26,26,26,26,26,26,26,26,26,26,26,26,26,26,26,26,26,26,26,26,26,26
Map_6920,538,263,87,67,87,132,59,59,59,59,59,59,59,66,66,66,41,41,41,41,41,41,41,41,41,41
Map_6921,243,315,77,99,58,103,90,41,89,41,89,41,97,41,97,41,89,55,89,55,89,55,89,41,89,41
Map_6922,8,44,8,8,8,8,10,8,10,8,10,8,10,8,10,8,10,8,10,8,10,8,10,8,10,8
Map_6923,200,85,13,13,13,13,11,11,11,11,11,11,11,11,11,11,11,11,11,11,11,11,11,11,11,11
Map_6924,585,297,58,56,66,149,56,56,56,56,56,56,129,124,132,124,35,52,35,52,35,52,35,56,35,56
Map_6925,613,170,317,174,177,117,93,43,93,43,93,43,93,43,93,43,48,43,48,43,48,43,48,43,48,43
Map_6926,32,88,12,10,12,10,10,10,10,10,10,10,10,10,10,10,10,10,10,10,10,10,10,10,10,10
Map_6927,107,457,12,12,12,12,12,11,12,11,12,11,12,11,11,11,12,11,12,11,12,11,12,11,12,11
Map_6928,5,112,5,5,5,8,5,5,5,5,5,5,5,5,5,5,5,5,5,5,5,5,5,5,5,5
Map_6929,37,31,11,11,11,11,11,11,11,11,11,11,11,11,11,11,11,11,11,11,11,11,11,11,11,11
Map_6930,9,305,9,9,9,9,9,9,9,9,9,9,9,9,9,9,9,9,9,9,9,9,9,9,9,9
Map_6931,131,234,34,34,108,51,23,23,23,23,23,23,23,23,23,23,23,21,23,21,23,21,23,21,23,21
Map_6932,645,375,75,73,149,75,73,73,73,73,73,73,73,73,73,73,45,199,48,199,48,149,45,73,45,73
Map_6933,8,95,8,8,8,8,8,8,8,8,8,8,8,8,8,8,8,8,8,8,8,8,8,8,8,8
Map_6934,26,238,14,14,14,14,16,13,16,13,16,13,16,13,16,13,14,13,14,13,14,13,13,13,13,13
Map_6935,523,298,84,92,84,198,165,111,165,111,165,111,118,118,118,118,47,46,47,45,47,45,45,46,45,78
Map_6936,46,84,53,53,55,33,40,40,40,40,40,40,40,40,40,40,19,19,19,19,19,19,19,19,19,19
Map_6937,225,177,15,15,15,17,15,15,15,15,15,15,15,15,15,15,15,15,15,15,15,15,15,15,15,15
Map_6938,27,232,27,27,33,30,34,24,34,24,34,24,33,24,33,24,34,24,34,24,34,24,34,24,34,24
Map_6939,201,324,43,60,41,43,24,41,24,41,24,41,24,65,24,65,24,24,24,24,24,24,24,24,24,24
Map_6940,302,219,15,15,15,28,15,15,15,15,15,15,15,15,15,15,15,15,15,15,15,15,15,15,15,15
Map_6941,600,155,14,14,14,24,14,14,14,14,14,14,14,14,14,14,14,14,14,14,14,14,14,14,14,14
Map_6942,314,543,71,113,71,84,101,53,101,53,101,53,101,87,84,87,41,23,41,23,41,23,41,23,43,23
Map_6943,547,171,16,16,16,16,16,15,16,15,16,15,16,15,16,15,16,15,16,15,16,15,16,15,16,15
Map_6944,20,62,19,19,19,23,13,13,13,13,13,13,13,13,13,16,13,13,13,13,13,13,13,13,13,13
Map_6945,419,433,16,16,16,28,16,16,16,16,16,16,16,16,16,16,36,16,36,16,36,16,36,16,36,16
Map_6946,11,250,8,8,8,8,8,8,8,8,8,8,8,8,8,8,8,8,8,8,8,8,8,8,8,8
Map_6947,94,213,31,34,29,31,29,29,29,29,29,29,34,34,34,34,87,18,87,18,87,18,31,18,29,18
Map_6948,657,253,462,488,563,617,77,558,77,558,77,558,331,522,331,521,48,46,48,46,48,46,47,46,47,49
Map_6949,619,437,256,211,337,581,292,291,307,317,307,317,260,260,260,260,86,31,86,31,86,31,94,31,165,31
Map_6950,26,328,22,22,22,22,22,22,22,22,22,22,22,22,22,22,26,22,26,22,31,22,25,22,25,22
Map_6951,27,72,24,24,24,27,24,24,24,24,24,24,24,24,24,24,18,18,18,18,18,18,18,18,18,18
Map_6952,117,151,19,19,19,21,19,19,19,19,19,19,19,19,19,19,19,19,19,19,19,19,19,19,19,19
Map_6953,25,42,13,13,13,13,13,13,13,13,13,13,13,13,13,13,13,13,13,13,13,13,13,13,13,13
Map_6954,45,111,38,38,29,41,29,29,29,29,29,29,29,29,29,29,28,29,28,29,28,29,29,29,29,29
Map_6955,14,108,11,11,11,11,11,11,11,11,11,11,11,11,11,11,11,11,11,11,11,11,11,11,11,11
Map_6956,52,140,24,23,23,28,23,23,23,23,23,23,23,23,23,23,25,22,25,22,25,22,22,22,22,22
Map_6957,68,56,17,17,17,24,15,17,15,17,15,17,15,17,15,17,15,15,15,15,15,15,15,15,15,15
Map_6958,23,96,15,13,13,16,15,13,15,13,15,13,13,13,13,13,15,13,15,13,15,13,15,13,15,13
Map_6959,514,542,329,491,548,264,230,198,186,198,186,198,212,222,212,222,123,110,125,110,125,110,169,169,169,169
Map_6960,13,407,13,13,13,13,13,13,13,13,13,13,13,13,13,13,13,12,13,13,13,13,13,12,13,12
Map_6961,17,148,17,17,17,18,17,17,17,17,17,17,17,17,17,17,18,17,18,17,18,17,18,17,18,17
Map_6962,27,218,14,14,29,14,14,14,14,14,14,14,14,14,14,14,14,14,14,14,14,14,14,14,14,14
Map_6963,582,100,30,30,30,36,27,27,27,27,27,27,27,27,27,27,34,32,59,32,59,32,27,27,27,27
Map_6964,518,59,30,30,30,30,29,30,29,30,29,30,29,30,30,30,27,25,27,25,27,25,27,25,27,25
Map_6965,366,517,125,170,120,131,120,174,120,174,120,174,170,170,170,170,87,54,97,54,97,54,111,54,137,68
Map_6966,635,380,137,154,432,142,88,215,88,215,88,215,77,301,85,301,63,85,64,85,64,85,61,85,61,85
Map_6967,30,492,18,18,18,24,18,18,18,18,18,18,18,18,18,18,18,27,26,27,26,27,18,27,18,27
Map_6968,24,88,9,9,9,15,9,9,9,9,9,9,9,9,9,9,9,9,9,9,9,9,9,9,9,9
Map_6969,8,343,8,8,8,8,8,8,8,8,8,8,8,8,8,8,9,8,9,8,9,8,8,8,8,8
Map_6970,12,53,11,11,11,11,11,11,11,11,11,11,11,11,11,11,11,11,11,11,11,11,11,11,11,11
Map_6971,407,272,30,26,42,30,43,16,43,16,43,16,43,16,43,16,20,16,20,16,20,16,20,16,20,16
Map_6972,254,163,17,17,16,17,17,16,17,16,17,16,17,16,17,16,17,16,32,16,32,16,17,16,17,16
Map_6973,453,251,179,190,179,211,237,243,231,243,231,243,190,192,192,192,36,36,36,36,36,36,36,36,36,36
Map_6974,45,241,9,9,9,9,9,9,9,9,9,9,9,9,9,9,9,9,9,9,9,9,9,9,9,9
Map_6975,585,344,57,51,58,58,50,37,50,37,50,37,98,98,98,98,30,35,30,35,30,35,30,35,28,35
Map_6976,23,121,12,12,12,19,12,12,12,12,12,12,12,12,12,12,12,12,12,12,12,12,12,12,12,12
Map_6977,81,329,20,20,20,54,47,39,47,39,47,39,44,42,44,42,42,38,42,29,42,29,42,38,41,38
Map_6978,559,187,39,39,43,108,28,28,28,28,28,28,28,28,28,28,42,28,61,28,61,28,42,29,42,29
Map_6979,13,24,11,10,7,11,9,7,9,7,9,7,9,7,9,7,7,7,7,7,7,7,7,7,7,7
Map_6980,209,226,18,18,18,18,18,18,18,18,18,18,18,18,18,18,13,13,13,13,13,13,13,13,13,13
Map_6981,22,251,23,21,23,23,18,21,18,21,18,21,18,21,18,21,20,18,20,18,20,18,18,18,18,18
Map_6982,7,98,7,7,7,12,7,7,7,7,7,7,7,7,7,7,7,7,7,7,7,7,7,7,7,7
Map_6983,5,26,5,5,5,5,5,5,5,5,5,5,5,5,5,5,5,5,5,5,5,5,5,5,5,5
Map_6984,565,254,68,67,68,86,60,57,60,57,60,57,55,57,55,57,56,36,60,36,60,36,56,36,56,36
Map_6985,45,70,17,17,17,19,17,16,17,16,17,16,17,16,16,16,17,16,17,16,17,16,17,16,17,16
Map_6986,585,383,506,474,521,522,161,512,161,482,161,482,500,465,498,490,140,148,141,161,141,161,140,148,288,267
Map_6987,470,270,73,85,73,76,17,62,17,62,17,62,17,62,17,62,17,48,17,48,17,27,17,50,17,50
Map_6988,31,102,29,28,29,45,28,28,28,28,28,28,28,28,28,28,28,28,28,24,28,24,28,28,28,28
Map_6989,10,33,10,10,10,11,10,10,10,10,10,10,10,10,10,10,11,10,11,10,11,10,11,10,10,10
Map_6990,29,186,16,16,16,16,16,16,16,16,16,16,16,16,16,16,16,16,16,16,16,16,16,16,16,16
Map_6991,31,65,24,24,24,25,22,22,22,22,22,22,23,23,23,23,23,22,23,22,23,22,23,22,23,22
Map_6992,10,26,8,8,8,8,8,8,8,8,8,8,8,8,8,8,8,8,10,8,10,8,8,8,8,8
Map_6993,13,197,13,13,13,13,13,10,13,10,13,10,10,10,10,10,13,10,13,10,13,10,13,10,13,10
Map_6994,40,328,26,26,26,26,26,15,26,15,26,15,26,15,26,26,13,13,13,13,13,13,13,13,13,13
Map_6995,29,39,16,16,16,16,16,16,16,16,16,16,16,16,16,16,16,16,16,16,16,16,16,16,16,16
Map_6996,350,552,18,18,18,74,18,18,18,18,18,18,18,18,18,18,18,18,18,18,18,18,18,18,18,18
Map_6997,46,38,22,22,22,22,21,22,21,22,21,22,21,22,21,22,19,22,19,22,19,22,19,22,19,22
Map_6998,644,366,151,205,219,77,126,191,126,191,126,191,214,112,214,112,48,48,48,48,48,48,48,48,58,125
Map_6999,154,182,16,16,16,16,16,16,16,16,16,16,16,16,16,16,13,13,13,13,13,13,13,13,13,13
Map_7000,467,202,59,59,100,96,57,96,57,96,57,96,57,186,57,186,110,74,110,74,110,74,111,95,111,95
Map_7001,515,156,78,69,31,76,58,47,58,47,58,47,76,47,76,47,45,47,45,47,45,47,45,47,45,47
Map_7002,475,232,86,86,133,119,74,52,74,52,74,52,78,52,78,52,31,32,31,32,31,32,31,32,31,32
Map_7003,436,245,22,22,22,22,22,22,22,22,22,22,22,22,22,22,22,22,22,22,22,22,22,22,22,22
Map_7004,17,189,17,17,17,23,13,13,13,13,13,13,13,13,13,13,13,13,13,13,13,13,13,13,13,13
Map_7005,592,300,20,20,20,20,20,19,20,19,20,19,19,19,19,19,20,19,20,19,20,19,20,19,20,19
Map_7006,580,239,46,46,46,42,44,47,44,47,44,47,47,47,47,47,41,43,41,43,41,43,44,47,44,47
Map_7007,34,153,16,16,16,16,16,16,16,16,16,16,16,16,16,16,16,16,16,16,16,16,16,16,16,16
Map_7008,5,221,5,5,5,5,5,5,5,5,5,5,5,5,5,5,5,5,5,5,5,5,5,5,5,5
Map_7009,303,281,59,59,59,199,59,59,59,59,59,59,59,61,61,61,91,59,71,59,71,59,60,59,60,59
Map_7010,294,175,66,66,56,67,60,53,60,53,60,53,60,53,60,53,48,47,48,50,53,50,48,47,60,47
Map_7011,20,231,8,8,8,8,8,8,8,8,8,8,8,8,8,8,8,8,8,8,8,8,8,8,8,8
Map_7012,593,259,167,167,101,54,37,37,37,37,37,37,37,37,37,37,39,37,39,37,39,37,39,37,39,37
Map_7013,551,443,43,43,43,44,34,34,34,34,34,34,34,34,37,37,43,38,43,38,43,38,43,70,43,70
Map_7014,665,406,32,32,354,32,32,32,32,32,32,32,32,32,32,32,32,32,36,32,36,32,32,32,32,32
Map_7015,143,173,52,35,51,103,52,35,52,35,52,35,35,35,35,35,25,21,25,21,25,21,25,35,51,35
Map_7016,234,249,49,49,66,41,21,21,21,21,21,21,21,21,21,21,28,21,28,21,28,21,21,21,21,21
Map_7017,583,85,70,70,72,60,86,60,86,60,86,60,86,60,86,60,24,24,24,24,24,24,24,24,24,24
Map_7018,15,148,15,15,15,26,24,15,24,15,24,15,24,15,24,15,24,15,24,15,24,15,24,15,24,15
Map_7019,45,189,28,28,28,27,27,27,27,27,27,27,27,27,27,27,28,27,28,27,28,27,28,27,28,27
Map_7020,117,88,62,91,91,64,62,62,62,62,62,62,62,62,62,62,50,63,50,63,50,63,50,77,50,77
Map_7021,11,244,13,13,13,13,13,23,13,23,13,23,13,23,13,23,13,11,13,11,13,11,13,11,13,11
Map_7022,584,249,468,455,468,397,46,46,46,46,46,46,46,46,46,46,47,46,47,36,47,36,47,46,46,46
Map_7023,448,293,78,97,78,47,25,25,25,25,25,25,25,25,25,25,26,25,26,25,26,25,25,25,25,25
Map_7024,444,155,83,67,132,104,85,76,85,76,85,76,85,68,85,68,102,76,106,73,106,73,107,75,107,75
Map_7025,603,91,32,32,32,37,34,48,34,48,34,48,32,43,32,43,36,34,33,34,33,34,36,34,36,34
Map_7026,210,355,13,13,13,27,13,13,13,13,13,13,13,13,13,13,13,13,13,13,13,13,13,13,13,13
Map_7027,208,388,92,103,104,391,39,39,39,39,39,39,39,39,39,39,29,29,32,30,32,30,29,29,29,29
Map_7028,21,67,20,21,20,37,20,21,20,21,20,21,21,21,21,21,20,15,20,15,20,15,20,15,20,15
Map_7029,32,190,29,28,29,30,28,28,28,28,28,28,28,28,28,28,30,28,30,23,30,23,30,28,28,28
Map_7030,98,53,43,53,47,43,53,53,53,53,53,53,53,53,53,53,38,24,38,24,38,19,41,34,53,34
Map_7031,336,349,20,20,20,24,20,20,20,20,20,20,20,20,20,20,20,20,20,20,20,20,20,20,20,20
Map_7032,20,225,18,17,17,18,17,17,17,17,17,17,17,17,17,17,17,17,17,17,17,17,17,17,17,17
Map_7033,406,443,31,31,31,31,49,31,49,31,49,31,52,31,52,31,51,49,56,49,56,50,49,31,49,31
Map_7034,14,230,14,14,14,27,14,14,14,14,14,14,14,14,14,14,14,14,14,14,14,14,14,14,14,14
Map_7035,352,306,34,32,32,295,32,32,32,32,32,32,32,32,32,32,34,30,34,30,34,30,34,30,32,30
Map_7036,155,398,163,184,151,177,147,129,147,129,147,129,305,129,304,243,188,172,188,183,191,183,190,172,207,192
Map_7037,26,186,21,21,22,25,21,21,21,21,21,21,21,21,21,21,21,21,21,21,21,21,21,21,21,21
Map_7038,635,307,70,67,96,70,63,53,63,53,63,53,63,53,63,53,50,165,50,58,50,58,50,165,53,165
Map_7039,7,32,8,7,7,8,7,7,7,7,7,7,7,7,7,7,7,7,7,7,7,7,7,7,7,7
Map_7040,19,418,19,19,19,19,19,19,19,19,19,19,19,19,19,19,26,19,26,19,26,19,24,19,24,19
Map_7041,607,314,93,110,93,23,23,91,23,91,23,91,23,91,23,91,23,48,23,46,23,46,23,91,23,91
Map_7042,414,309,82,78,84,131,110,74,110,74,110,74,111,74,111,74,62,54,62,54,62,54,65,54,65,54
Map_7043,148,166,52,68,59,83,59,59,59,59,59,59,59,59,69,69,52,42,54,42,54,42,59,42,59,42
Map_7044,520,274,18,18,18,24,18,18,18,18,18,18,18,18,18,18,34,18,34,18,34,18,34,18,18,18
Map_7045,130,335,22,22,22,39,22,22,22,22,22,22,22,22,22,22,22,22,22,22,22,22,22,22,22,22
Map_7046,8,222,8,8,8,29,8,8,8,8,8,8,8,8,8,8,8,8,8,8,8,8,8,8,8,8
Map_7047,565,254,236,235,520,324,236,235,236,235,236,235,328,268,268,268,228,111,119,111,119,111,196,270,158,191
Map_7048,36,35,25,12,12,27,12,12,12,12,12,12,12,12,12,12,12,12,12,12,12,12,12,12,12,12
Map_7049,32,176,22,22,22,22,22,21,22,21,22,21,22,21,22,21,22,21,22,21,22,21,22,21,22,21
Map_7050,572,195,40,40,40,44,40,44,40,44,40,44,40,44,40,45,40,40,40,39,40,39,39,40,38,40
Map_7051,251,446,60,60,60,321,135,77,135,77,135,77,60,60,60,60,232,42,176,42,176,42,128,133,201,321
Map_7052,42,220,36,35,36,36,36,35,36,35,36,35,35,35,35,35,28,17,27,17,27,17,28,17,28,17
Map_7053,40,149,18,18,18,30,19,19,19,19,19,19,19,19,19,19,19,19,23,19,23,19,19,19,19,19
Map_7054,44,134,31,31,31,36,31,37,31,37,31,37,31,37,31,37,28,44,28,44,28,31,31,44,31,44
Map_7055,23,147,20,20,20,35,20,20,20,20,20,20,20,20,20,20,20,20,18,20,18,20,20,20,20,20
Map_7056,532,233,29,29,29,258,43,54,43,54,43,54,43,54,43,54,44,49,44,49,44,49,44,57,44,57
Map_7057,17,71,20,20,20,20,20,20,20,20,20,20,20,20,20,20,20,16,24,16,24,16,20,16,20,20
Map_7058,17,319,17,17,17,19,19,19,19,19,19,19,19,19,19,19,20,17,20,17,20,17,20,17,20,17
Map_7059,22,384,7,7,7,7,7,7,7,7,7,7,7,7,7,7,7,7,7,7,7,7,7,7,7,7
Map_7060,485,300,29,30,29,40,29,29,29,29,29,29,29,30,30,30,29,20,29,20,29,20,29,20,29,20
Map_7061,13,20,10,10,10,10,10,10,10,10,10,10,10,10,10,10,11,10,11,10,11,10,10,10,10,10
Map_7062,39,56,25,22,25,27,18,22,18,22,18,22,18,22,18,22,22,18,24,18,24,18,18,18,18,18
Map_7063,565,302,438,133,460,143,91,255,91,280,91,280,86,255,86,255,48,128,48,128,48,128,48,148,48,269
Map_7064,561,398,100,56,27,220,30,26,30,26,30,26,26,26,26,26,30,26,30,26,30,26,30,26,30,26
Map_7065,15,30,12,12,12,12,12,12,12,12,12,12,12,12,12,12,12,12,12,12,12,12,12,12,12,12
Map_7066,442,128,34,34,42,57,49,49,49,49,49,49,49,49,49,49,31,49,31,49,31,49,31,49,49,49
Map_7067,563,644,93,93,93,450,291,88,291,88,291,88,88,88,88,88,82,88,80,88,80,93,82,88,82,88
Map_7068,91,164,38,46,38,40,35,35,35,35,35,35,35,35,35,35,35,35,35,35,35,35,35,35,35,35
Map_7069,208,313,30,30,30,36,30,30,30,30,30,30,30,30,30,30,30,30,30,27,30,27,30,29,30,29
Map_7070,50,214,29,24,24,21,21,24,21,24,21,24,21,24,21,24,21,21,21,21,21,21,21,21,21,24
Map_7071,227,216,10,10,10,10,10,10,10,10,10,10,10,10,10,10,10,10,10,10,10,10,10,10,10,10
Map_7072,44,245,33,28,28,26,26,26,26,26,26,26,26,26,26,26,26,26,26,26,26,26,26,26,26,26
Map_7073,13,307,13,13,13,13,13,13,13,13,13,13,13,13,13,13,13,13,13,13,13,13,13,13,13,13
Map_7074,43,49,24,24,27,23,20,20,20,20,20,20,20,20,20,20,21,20,21,21,21,21,20,20,20,20
Map_7075,6,11,9,6,6,9,6,6,6,6,6,6,6,6,6,6,9,6,9,6,9,6,6,6,6,6
Map_7076,491,351,267,297,354,212,76,161,76,161,76,161,76,161,76,161,47,47,47,47,47,47,71,47,71,47
Map_7077,16,215,52,75,52,61,48,53,48,53,48,53,48,53,48,53,38,16,38,16,38,16,33,16,33,16
Map_7078,30,457,18,18,18,21,17,17,18,17,18,17,17,17,17,17,18,16,18,16,18,16,18,16,18,16
Map_7079,463,428,69,38,85,110,38,38,38,38,38,38,38,38,38,38,38,33,38,33,38,33,38,33,38,33
Map_7080,30,267,26,25,26,26,26,25,26,25,26,25,24,25,24,25,24,24,26,24,26,24,24,25,24,25
Map_7081,18,56,21,21,18,21,21,14,21,14,21,14,21,14,21,14,14,14,14,14,14,14,14,14,14,14
Map_7082,550,351,299,236,324,86,84,172,84,172,84,172,116,334,116,338,81,81,81,81,81,81,81,84,81,84
Map_7083,78,126,36,36,53,35,36,32,36,32,36,32,36,32,36,32,36,25,40,25,40,25,36,25,36,25
Map_7084,25,150,24,24,24,24,24,24,24,24,24,24,24,24,24,24,37,25,68,25,75,25,37,25,37,25
Map_7085,497,245,27,27,27,88,40,27,40,27,40,27,67,27,269,27,81,37,81,37,81,37,54,27,54,27
Map_7086,546,321,30,30,30,36,30,50,30,50,30,50,30,50,30,50,30,29,30,29,30,29,30,29,30,29
Map_7087,331,130,19,18,19,24,23,18,23,18,23,18,23,18,23,18,23,18,23,18,23,18,23,18,23,18
Map_7088,13,97,13,13,13,28,13,13,13,13,13,13,13,13,13,13,27,13,27,13,27,13,13,13,13,13
Map_7089,301,312,33,33,33,28,33,28,33,28,33,28,33,28,33,28,38,28,46,28,46,28,33,28,33,28
Map_7090,36,248,51,40,40,84,77,31,77,31,77,31,100,31,100,31,33,23,33,23,33,23,25,25,25,25
Map_7091,10,21,8,8,8,8,8,8,8,8,8,8,8,8,8,8,8,8,8,8,8,8,8,8,8,8
Map_7092,19,159,13,13,13,15,13,13,13,13,13,13,13,13,13,13,13,13,13,13,13,13,13,13,13,13
Map_7093,321,164,11,11,11,14,10,10,10,10,10,10,10,10,10,10,10,10,10,10,10,10,10,10,10,10
Map_7094,468,250,33,19,36,34,19,19,33,19,33,19,19,19,19,19,54,19,61,19,61,19,19,19,19,19
Map_7095,65,141,26,20,25,26,20,19,20,19,20,19,19,19,19,19,24,19,24,19,24,19,24,19,24,19
Map_7096,21,171,20,20,20,20,20,20,20,20,20,20,20,20,20,20,20,15,20,15,20,15,20,15,20,15
Map_7097,596,132,153,105,139,204,32,31,32,31,32,31,32,31,32,31,32,31,32,31,32,31,32,31,32,31
Map_7098,570,306,224,191,220,119,168,191,168,191,168,191,190,190,190,190,114,102,114,102,102,102,102,102,91,133
Map_7099,22,102,24,24,23,24,24,22,24,22,24,22,24,22,24,22,24,22,24,20,24,20,24,22,24,22
Map_7100,10,294,10,10,10,10,10,10,10,10,10,10,10,10,10,10,16,10,26,10,26,10,10,10,10,10
Map_7101,27,205,19,18,19,34,19,18,19,18,19,18,18,18,18,18,19,18,19,18,19,18,19,18,19,18
Map_7102,574,120,8,8,8,8,8,8,8,8,8,8,8,8,8,8,9,8,9,8,9,8,8,8,8,8
Map_7103,328,123,95,95,95,76,75,75,75,75,75,75,75,75,75,75,126,75,126,75,126,75,158,75,158,75
Map_7104,232,350,12,12,12,12,12,12,12,12,12,12,12,12,12,12,12,12,12,12,16,12,12,12,12,12
Map_7105,54,114,63,63,72,93,35,35,35,35,35,35,35,35,35,35,38,35,38,35,38,35,38,35,35,35
Map_7106,126,256,49,49,93,58,12,12,12,12,12,12,12,12,12,12,16,12,16,12,16,12,12,12,12,12
Map_7107,13,67,15,15,20,15,15,15,15,15,15,15,15,15,15,15,15,10,15,10,15,10,15,10,15,10
Map_7108,350,137,28,28,28,21,21,28,21,28,21,28,21,28,21,28,20,20,20,20,20,20,20,28,20,28
Map_7109,501,143,28,28,30,29,26,28,26,28,26,28,28,28,28,28,27,26,27,26,27,26,27,28,26,28
Map_7110,12,29,11,11,15,15,11,11,11,11,11,11,11,11,11,11,11,11,11,11,11,11,11,11,11,11
Map_7111,369,69,20,14,15,20,15,14,15,14,15,14,14,14,14,14,15,14,15,14,21,14,15,14,15,14
Map_7112,180,305,27,27,27,28,27,27,27,27,27,27,27,27,27,27,27,27,27,27,27,27,27,27,27,27
Map_7113,22,179,13,13,13,19,13,13,13,13,13,13,13,13,13,13,13,13,13,13,13,13,13,13,13,13
Map_7114,77,126,50,50,50,50,50,54,50,54,50,54,50,54,50,54,67,50,67,50,67,50,67,50,67,50
Map_7115,40,265,30,30,28,33,21,21,21,21,21,21,21,21,21,21,21,20,21,20,21,20,21,20,21,20
Map_7116,599,312,586,586,629,403,324,324,324,324,324,324,449,449,449,449,343,368,283,402,283,402,365,324,322,324
Map_7117,623,355,24,23,24,24,23,23,23,23,23,23,23,23,23,23,28,23,28,23,28,23,28,23,23,23
Map_7118,370,239,23,23,393,23,20,20,20,20,20,20,20,20,20,20,20,16,20,16,20,16,20,20,20,20
Map_7119,9,183,9,9,9,9,9,9,9,9,9,9,9,9,9,9,10,9,10,9,10,9,10,9,10,9
Map_7120,607,300,66,66,66,196,90,60,90,60,90,60,89,64,89,64,71,38,64,38,50,38,69,38,69,38
Map_7121,64,222,36,20,35,36,34,20,34,20,34,20,20,20,20,20,34,20,34,20,34,20,34,20,34,20
Map_7122,38,304,16,16,16,30,16,16,16,16,16,16,16,16,16,16,20,16,24,16,24,16,16,16,16,16
Map_7123,169,396,31,24,31,55,24,26,24,26,24,26,24,26,24,26,24,24,24,24,24,24,24,26,24,26
Map_7124,593,502,474,469,544,543,63,51,63,51,63,51,63,51,63,51,63,51,73,51,73,51,63,51,63,51
Map_7125,298,132,49,49,148,121,31,31,31,31,31,31,31,31,31,31,31,31,31,31,31,31,31,31,31,31
Map_7126,15,135,15,15,15,15,15,15,15,15,15,15,15,15,15,15,15,15,15,15,15,15,15,14,14,14
Map_7127,8,185,9,8,9,9,8,8,8,8,8,8,8,8,8,8,8,8,8,8,8,8,8,8,8,8
Map_7128,66,208,51,51,51,73,50,61,50,61,50,61,50,143,50,293,28,30,28,30,28,30,28,42,28,42
Map_7129,37,202,16,16,16,12,12,12,12,12,12,12,12,12,12,12,12,12,12,12,12,12,12,12,12,12
Map_7130,30,265,7,7,7,7,7,7,7,7,7,7,7,7,7,7,7,7,7,7,7,7,7,7,7,7
Map_7131,499,204,157,520,174,558,103,103,103,103,103,103,103,103,103,103,165,44,165,44,165,44,171,44,103,44
Map_7132,530,320,38,38,38,319,36,36,36,36,36,36,36,36,36,36,105,36,108,36,108,38,38,36,38,36
Map_7133,54,162,26,26,26,53,45,26,45,26,45,26,45,26,45,26,31,26,34,26,34,26,31,26,31,26
Map_7134,46,537,29,29,29,40,31,31,31,31,31,31,31,31,31,31,24,31,24,31,24,31,24,31,24,31
Map_7135,73,69,11,11,11,11,11,11,11,11,11,11,11,11,11,11,11,11,11,11,11,11,11,11,11,11
Map_7136,354,261,84,84,84,39,39,84,39,84,39,84,39,84,39,84,34,41,34,41,34,41,34,86,34,86
Map_7137,601,123,110,63,110,82,63,63,63,63,63,63,63,63,63,63,81,62,83,62,83,62,63,62,63,62
Map_7138,537,312,23,22,23,23,22,22,22,22,22,22,22,22,22,22,22,22,22,22,22,22,22,22,22,22
Map_7139,503,77,25,25,25,25,25,25,25,25,25,25,25,25,25,25,25,25,25,25,25,25,25,25,25,25
Map_7140,462,480,25,38,23,25,25,37,25,37,25,37,37,37,37,37,25,23,25,23,25,23,25,32,25,32
Map_7141,185,359,76,75,73,79,36,36,36,36,36,36,36,36,36,36,36,36,42,31,42,31,36,36,36,36
Map_7142,614,467,109,109,109,219,116,302,116,302,116,302,116,441,116,448,105,98,105,98,105,98,168,96,114,96
Map_7143,55,196,50,50,50,50,50,32,50,32,50,32,50,42,50,42,50,32,32,32,32,32,50,32,50,32
Map_7144,508,419,71,71,133,76,71,68,71,68,71,68,71,68,71,68,68,68,68,68,68,68,68,68,68,68
Map_7145,497,112,38,37,28,55,28,28,28,28,28,28,28,28,28,28,28,28,28,22,28,22,28,28,28,28
Map_7146,23,65,14,14,14,14,14,14,14,14,14,14,14,14,14,14,14,14,15,14,15,14,14,14,14,14
Map_7147,461,282,92,92,89,269,60,57,60,57,60,57,57,57,57,57,42,38,39,38,39,38,42,67,42,67
Map_7148,72,351,23,20,20,22,20,20,20,20,20,20,20,20,20,20,23,20,23,20,23,20,20,20,20,20
Map_7149,26,91,14,14,14,14,14,14,14,14,14,14,14,14,14,14,14,14,14,14,14,14,14,14,14,14
Map_7150,10,245,10,10,10,17,10,10,10,10,10,10,10,10,10,10,10,10,10,10,10,10,10,10,10,10
Map_7151,9,260,9,9,9,25,9,9,9,9,9,9,9,9,9,9,13,9,13,9,13,9,9,9,9,9
Map_7152,80,104,16,16,16,34,26,16,26,16,26,16,26,16,26,16,20,16,20,16,20,16,20,16,20,16
Map_7153,32,240,113,29,189,62,48,73,49,73,49,73,73,73,73,73,52,27,52,27,52,27,50,27,48,73
Map_7154,473,341,120,125,120,166,105,105,110,105,110,105,108,108,108,108,134,66,134,66,134,66,124,66,124,66
Map_7155,143,503,55,55,326,78,54,167,54,136,54,136,54,167,65,167,121,79,143,58,129,58,122,136,190,167
Map_7156,88,218,10,10,11,10,11,11,11,11,11,11,11,11,11,11,10,11,10,10,10,10,10,11,10,11
Map_7157,483,250,15,15,20,47,15,15,15,15,15,15,15,15,15,15,15,15,15,15,15,15,15,15,15,15
Map_7158,590,351,21,20,20,24,20,20,20,20,20,20,20,20,20,20,21,20,23,20,23,20,20,20,20,20
Map_7159,244,319,117,116,279,246,42,42,42,42,42,42,42,42,42,42,48,58,50,58,50,60,48,58,48,58
Map_7160,21,103,18,15,15,21,15,15,15,15,15,15,15,15,15,15,16,15,16,15,16,15,15,15,15,15
Map_7161,436,151,196,386,247,250,31,31,31,31,31,31,31,31,31,31,31,31,33,31,33,31,31,31,31,31
Map_7162,56,135,30,30,27,31,30,14,30,14,30,14,30,14,30,14,27,14,24,14,24,14,30,14,30,14
Map_7163,443,65,34,34,31,34,34,42,34,42,34,42,42,42,42,42,34,20,34,20,34,20,34,20,34,20
Map_7164,411,293,135,135,418,139,85,85,85,85,85,85,84,85,84,85,82,75,118,75,118,75,82,75,82,75
Map_7165,12,85,12,12,12,21,12,12,12,12,12,12,12,12,12,12,12,12,12,12,12,12,12,12,12,12
Map_7166,627,448,261,266,448,353,240,239,361,239,361,239,239,239,239,239,138,138,125,138,125,138,133,138,133,138
Map_7167,18,24,14,14,14,18,14,14,14,14,14,14,14,14,14,14,15,14,15,14,15,14,14,14,14,14
Map_7168,70,295,95,23,62,76,24,23,24,23,24,23,23,23,23,23,42,16,42,16,42,16,24,16,24,16
Map_7169,9,49,9,9,9,9,9,9,9,9,9,9,9,9,9,9,12,9,12,9,12,9,9,9,9,9
Map_7170,649,542,124,124,124,98,59,118,59,118,59,118,64,118,64,118,74,107,72,81,72,81,74,107,74,118
Map_7171,588,216,17,17,17,20,17,17,17,17,17,17,17,17,17,17,17,17,17,17,17,17,17,17,17,17
Map_7172,27,110,21,21,21,22,18,18,18,18,18,18,18,18,18,18,18,18,18,18,18,18,18,18,18,18
Map_7173,6,110,6,6,6,6,6,6,6,6,6,6,6,6,6,6,6,6,6,6,6,6,6,6,6,6
Map_7174,8,22,8,8,8,16,8,8,8,8,8,8,8,8,8,8,8,8,8,8,8,8,8,8,8,8
Map_7175,620,114,323,395,323,252,43,43,43,43,43,43,42,42,42,42,47,43,47,43,47,43,43,43,43,43
Map_7176,581,97,70,61,67,58,49,36,49,36,49,36,57,36,57,36,40,34,41,34,41,34,36,34,36,34
Map_7177,572,316,36,36,36,34,39,36,39,36,39,36,36,36,36,36,39,32,39,32,43,32,39,36,39,36
Map_7178,83,189,46,39,39,43,39,39,39,39,39,39,39,39,39,39,44,25,44,25,44,25,41,39,41,39
Map_7179,268,124,23,23,23,24,19,19,19,19,19,19,19,19,19,19,19,17,21,17,21,17,19,17,19,17
Map_7180,174,422,202,56,202,145,57,56,57,56,57,56,55,56,56,56,57,55,57,55,57,55,57,56,57,56
Map_7181,118,183,35,35,35,41,41,35,41,35,41,35,35,35,35,35,35,35,35,35,35,35,37,35,37,35
Map_7182,494,430,41,41,41,38,20,20,20,20,20,20,20,20,20,20,30,20,32,20,32,20,30,20,30,20
Map_7183,52,123,16,16,16,23,27,16,27,16,27,16,27,16,27,16,27,16,22,16,22,16,27,16,27,16
Map_7184,607,308,48,48,48,102,39,39,39,39,39,39,39,39,39,39,45,38,45,38,45,38,38,38,38,38
Map_7185,91,182,38,35,38,68,35,35,35,35,35,35,35,35,35,35,30,28,34,28,34,28,30,28,30,28
Map_7186,548,358,135,84,128,454,41,41,41,41,41,41,41,41,41,41,35,35,35,35,35,35,35,35,35,35
Map_7187,69,332,286,308,286,58,508,477,508,477,508,477,397,525,447,525,43,25,38,25,38,25,49,25,49,25
Map_7188,552,167,28,27,28,29,27,27,27,27,27,27,27,27,27,27,27,27,33,27,33,27,27,27,27,27
Map_7189,589,223,12,12,12,12,12,12,12,12,12,12,12,12,12,12,12,12,12,12,12,12,12,12,12,12
Map_7190,285,251,20,20,20,20,20,20,20,20,20,20,20,20,20,20,33,20,36,20,36,20,32,20,32,20
Map_7191,600,247,100,100,100,136,86,53,86,53,86,53,86,53,86,53,66,53,66,53,66,53,70,53,70,53
Map_7192,7,16,7,7,7,7,7,7,7,7,7,7,7,7,7,7,7,7,7,7,7,7,7,7,7,7
Map_7193,608,79,15,15,28,17,15,15,15,15,15,15,15,15,15,15,15,15,15,15,15,15,15,15,15,15
Map_7194,7,43,7,7,7,7,7,7,7,7,7,7,7,7,7,7,7,7,7,7,7,7,7,7,7,7
Map_7195,64,91,28,29,28,28,25,28,25,28,25,28,25,29,25,29,25,25,29,25,29,25,25,25,25,25
Map_7196,508,217,44,44,326,45,42,42,42,42,42,42,42,42,42,42,45,42,45,43,45,43,42,42,42,42
Map_7197,24,384,11,11,11,12,11,11,11,11,11,11,11,11,11,11,11,11,11,11,11,11,11,11,11,11
Map_7198,439,296,239,246,239,230,202,82,202,82,202,82,286,82,286,82,92,41,87,41,87,41,91,41,118,82
Map_7199,54,77,38,32,38,38,33,30,33,30,33,30,32,30,32,30,34,25,34,25,34,25,34,30,34,30
Map_7200,5,31,5,5,5,5,5,5,5,5,5,5,5,5,5,5,5,5,5,5,5,5,5,5,5,5
Map_7201,66,171,52,49,49,42,35,49,35,49,35,49,35,49,35,49,35,49,56,45,56,45,35,49,35,49
Map_7202,600,324,139,139,137,438,39,51,39,51,39,51,39,51,39,51,39,39,39,39,39,39,39,39,39,39
Map_7203,25,441,29,28,42,29,25,25,25,25,25,25,25,25,25,25,19,19,19,19,19,19,25,25,25,25
Map_7204,17,336,12,12,12,12,12,12,12,12,12,12,12,12,12,12,12,12,12,12,12,12,12,12,12,12
Map_7205,543,166,46,46,66,45,46,46,46,46,46,46,46,46,46,46,45,46,45,45,45,45,45,46,46,46
Map_7206,117,303,161,165,161,103,84,116,84,116,84,116,84,113,84,113,47,47,47,47,47,47,47,47,47,47
Map_7207,532,98,50,50,70,63,56,54,56,54,56,54,56,54,56,54,56,56,51,56,51,56,56,56,56,56
Map_7208,643,437,21,17,17,110,17,17,17,17,17,17,17,17,17,17,17,17,21,17,21,17,17,17,17,17
Map_7209,18,98,16,16,16,45,16,16,16,16,16,16,16,16,16,16,21,16,21,16,21,16,21,16,21,16
Map_7210,422,206,178,166,362,382,244,168,244,168,244,168,179,179,179,179,163,196,167,137,167,137,167,159,161,159
Map_7211,12,298,16,16,16,27,16,16,16,16,16,16,16,16,16,16,16,16,16,16,16,16,16,16,16,16
Map_7212,348,213,39,39,39,26,22,22,22,22,22,22,22,22,22,22,27,22,27,22,27,22,25,22,25,22
Map_7213,70,520,23,23,22,23,23,23,23,23,23,23,23,23,23,23,22,17,22,17,23,17,23,17,23,17
Map_7214,595,279,54,58,54,69,47,54,47,54,47,54,58,58,58,58,47,47,47,47,47,47,47,47,47,47
Map_7215,10,19,11,11,11,17,10,10,10,10,10,10,10,10,10,10,10,10,13,10,13,10,10,10,10,10
Map_7216,534,224,24,24,24,24,23,23,23,23,23,23,23,23,23,23,23,23,23,26,23,26,23,23,23,23
Map_7217,616,368,54,54,54,54,55,56,57,56,57,56,56,56,56,56,55,55,55,55,55,55,55,55,55,56
Map_7218,366,291,51,51,62,62,51,65,51,65,51,65,51,65,51,65,43,56,43,56,43,56,43,56,51,56
Map_7219,30,138,25,25,24,28,25,25,25,25,25,25,25,25,25,25,25,21,25,21,25,21,25,21,25,21
Map_7220,463,215,376,372,387,333,72,72,72,72,72,72,85,85,85,85,72,56,73,56,73,56,72,56,72,56
Map_7221,8,30,8,8,7,27,8,8,8,8,8,8,8,8,8,8,13,7,12,7,12,7,13,7,13,7
Map_7222,23,26,10,10,10,10,10,10,10,10,10,10,10,10,10,10,10,10,10,10,10,10,10,10,10,10
Map_7223,131,167,47,39,47,60,47,45,47,45,47,45,47,45,47,45,32,32,32,32,32,32,32,32,32,32
Map_7224,36,293,14,13,13,14,13,13,13,13,13,13,13,13,13,13,13,13,13,13,13,13,13,13,13,13
Map_7225,25,302,20,20,20,27,19,20,19,20,19,20,19,20,19,20,19,19,19,19,19,19,19,20,19,20
Map_7226,4,107,4,4,4,4,4,4,4,4,4,4,4,4,4,4,7,4,7,4,7,4,4,4,4,4
Map_7227,22,27,19,19,19,19,15,15,15,15,15,15,15,15,15,15,15,15,15,15,15,15,15,15,15,15
Map_7228,110,126,90,90,91,102,80,38,80,38,80,38,57,57,57,57,40,54,40,54,40,54,40,54,40,38
Map_7229,243,323,30,30,30,110,30,30,30,30,30,30,30,30,30,30,30,30,29,30,29,30,30,30,30,30
Map_7230,148,229,30,30,32,26,26,22,26,22,26,22,26,22,26,22,26,22,26,22,26,22,26,22,26,22
Map_7231,561,641,188,188,199,260,69,68,69,68,69,68,67,62,73,62,38,68,38,68,38,68,68,68,68,68
Map_7232,604,312,48,48,124,84,46,46,46,46,46,46,46,46,46,46,50,44,50,44,50,44,50,44,113,44
Map_7233,629,472,310,547,310,372,80,87,80,87,80,87,80,87,80,87,81,96,81,93,81,93,81,96,81,96
Map_7234,280,391,36,36,36,34,31,31,31,31,31,31,31,31,31,31,32,31,32,31,32,31,32,31,32,31
Map_7235,14,272,14,14,14,18,14,14,14,14,14,14,14,14,14,14,15,14,15,14,15,14,14,14,14,14
Map_7236,6,64,6,6,6,8,6,6,6,6,6,6,6,6,6,6,6,6,8,6,8,6,6,6,6,6
Map_7237,10,186,10,10,10,10,10,10,10,10,10,10,10,10,10,10,10,9,10,9,12,9,10,9,10,9
Map_7238,13,93,12,12,12,12,12,12,12,12,12,12,12,13,13,13,12,12,12,12,12,12,12,12,12,12
Map_7239,450,404,21,21,21,48,16,16,16,16,16,16,16,16,16,16,16,16,16,16,16,16,16,16,16,16
Map_7240,484,194,74,56,32,57,30,30,30,30,30,30,30,36,30,36,31,27,31,27,31,27,30,30,30,30
Map_7241,19,48,23,23,23,25,23,23,23,23,23,23,23,23,23,23,17,17,17,17,17,17,17,17,17,17
Map_7242,38,409,55,35,224,69,21,21,21,21,21,21,21,21,35,35,21,21,25,21,25,21,21,21,21,21
Map_7243,21,231,19,19,19,19,19,17,19,17,19,17,19,17,17,17,19,17,19,17,19,17,19,17,19,17
Map_7244,15,120,14,14,14,34,17,14,17,14,17,14,16,14,16,14,17,14,17,14,17,14,17,14,17,14
Map_7245,554,467,61,61,311,64,63,67,63,67,63,67,63,67,63,67,61,59,64,59,64,59,61,59,61,59
Map_7246,591,182,103,103,103,356,81,81,81,81,81,81,81,81,81,81,67,62,68,66,68,66,67,62,67,62
Map_7247,412,213,45,45,39,79,45,44,45,44,45,44,44,44,44,44,51,43,39,43,39,43,51,43,43,43
Map_7248,601,316,40,40,40,111,40,32,40,32,40,32,40,32,92,32,32,32,34,32,34,32,40,32,40,32
Map_7249,14,336,14,14,14,14,14,14,14,14,14,14,14,14,14,14,14,14,14,14,14,14,14,14,14,14
Map_7250,646,351,45,31,31,47,31,31,31,31,31,31,31,31,31,31,31,31,31,31,31,31,31,31,31,31
Map_7251,12,202,13,12,13,13,12,12,13,12,13,12,12,12,12,12,12,12,12,12,12,12,12,12,12,12
Map_7252,305,145,38,35,38,31,25,25,25,25,25,25,25,25,25,25,22,25,22,22,22,22,22,25,22,25
Map_7253,32,58,13,13,13,28,16,16,16,16,16,16,16,16,16,16,16,13,16,13,16,13,16,13,13,13
Map_7254,469,502,313,482,475,230,38,37,38,37,38,37,38,38,38,38,31,31,31,31,31,31,31,31,31,31
Map_7255,52,245,24,23,28,35,24,30,24,30,24,30,23,23,23,23,24,28,24,28,24,28,24,30,24,30
Map_7256,12,378,13,13,13,13,13,12,13,12,13,12,13,12,13,12,13,12,13,12,13,12,13,12,13,12
Map_7257,7,91,7,7,7,7,7,7,7,7,7,7,7,7,7,7,7,7,7,7,7,7,7,7,7,7
Map_7258,224,175,35,35,35,35,35,27,35,27,35,27,35,27,35,27,33,24,40,24,40,24,32,26,32,26
Map_7259,578,542,47,47,56,91,39,47,39,47,39,47,35,47,35,47,37,35,37,35,37,35,36,33,36,33
Map_7260,28,52,19,19,19,23,19,19,19,19,19,19,19,19,19,19,21,19,21,19,21,19,19,19,19,19
Map_7261,62,238,18,13,18,18,13,13,13,13,13,13,13,13,13,13,13,13,13,13,13,13,13,13,13,13
Map_7262,409,177,93,213,298,313,89,93,89,93,89,93,217,177,217,177,71,71,71,71,71,71,71,71,71,77
Map_7263,629,416,45,45,45,120,41,41,41,41,41,41,41,41,41,41,41,41,41,41,41,41,41,41,41,41
Map_7264,8,75,8,8,8,10,9,8,9,8,9,8,8,8,8,8,9,8,9,8,9,8,9,8,9,8
Map_7265,26,76,21,21,21,21,20,21,20,21,20,21,19,21,19,21,22,19,22,19,22,19,21,19,21,21
Map_7266,49,338,23,23,23,20,24,19,24,19,24,19,21,19,21,19,17,17,17,17,17,17,17,17,17,17
Map_7267,17,96,17,17,17,21,17,17,17,17,17,17,17,17,17,17,21,15,21,15,21,15,17,15,17,15
Map_7268,11,158,11,11,11,17,11,11,11,11,11,11,11,11,11,11,17,11,25,11,25,11,11,11,11,11
Map_7269,5,8,6,5,6,6,5,5,5,5,5,5,5,5,5,5,5,5,5,5,5,5,5,5,5,5
Map_7270,64,338,33,33,33,59,33,34,33,34,33,34,33,34,33,34,33,33,33,24,33,24,33,33,33,33
Map_7271,9,274,33,33,16,33,9,9,9,9,9,9,9,9,9,9,9,9,9,9,9,9,9,9,9,9
Map_7272,39,190,23,18,18,174,18,20,18,20,18,20,18,20,18,20,18,18,18,18,18,18,18,19,18,19
Map_7273,8,83,8,8,8,8,8,8,8,8,8,8,8,8,8,8,8,8,8,8,8,8,8,8,8,8
Map_7274,299,101,25,25,25,44,30,22,30,22,30,22,29,22,29,22,18,18,18,18,20,18,18,18,18,18
Map_7275,613,162,37,37,66,127,61,61,61,61,61,61,61,61,91,92,44,39,45,39,45,39,39,39,39,39
Map_7276,17,31,16,16,18,16,16,16,16,16,16,16,16,16,16,16,16,16,16,16,16,16,16,16,16,16
Map_7277,610,206,278,278,278,301,193,259,193,259,193,259,260,259,260,259,36,36,36,36,36,36,36,48,36,48
Map_7278,480,135,95,100,82,179,73,73,73,73,73,73,73,73,73,73,61,55,61,55,61,55,73,73,73,73
Map_7279,15,162,38,41,38,14,12,12,12,12,12,12,12,12,12,12,14,12,14,12,14,12,12,12,12,12
Map_7280,47,451,45,45,45,44,43,44,43,44,43,44,45,45,45,45,43,14,43,14,43,14,43,14,43,14
Map_7281,8,33,8,8,8,8,8,8,8,8,8,8,8,8,8,8,8,8,13,8,13,8,8,8,8,8
Map_7282,37,290,77,63,102,48,36,39,36,54,36,54,36,39,36,39,37,36,37,36,37,36,37,54,37,54
Map_7283,392,155,49,48,49,63,44,60,44,60,44,60,122,122,137,139,43,44,41,44,41,44,43,44,43,60
Map_7284,295,472,208,216,206,134,55,55,55,55,55,55,55,55,55,55,125,55,125,55,125,55,55,55,55,55
Map_7285,25,408,45,52,45,66,128,89,128,89,128,89,101,101,101,101,90,23,56,23,56,23,90,23,90,23
Map_7286,419,356,24,22,22,32,31,22,31,22,31,22,31,22,31,22,31,22,39,22,39,22,31,22,31,22
Map_7287,38,444,33,33,33,33,26,26,26,26,26,26,26,26,26,26,26,26,26,26,26,26,26,26,26,26
Map_7288,539,218,42,39,61,32,35,20,35,20,35,20,35,20,35,20,25,20,25,20,25,20,25,20,24,20
Map_7289,555,164,28,22,22,28,22,22,22,22,22,22,22,22,22,22,18,18,18,18,18,18,18,18,18,18
Map_7290,7,408,6,6,6,6,6,6,6,6,6,6,6,6,6,6,6,6,6,6,6,6,6,6,6,6
Map_7291,574,322,32,32,32,105,32,31,32,31,32,31,31,31,31,31,31,31,31,31,31,32,31,31,31,31
Map_7292,13,26,13,13,11,13,11,12,11,12,11,12,11,12,11,12,11,10,11,10,11,10,11,10,11,10
Map_7293,593,590,24,24,24,26,24,24,24,24,24,24,24,24,24,24,24,24,24,24,24,24,24,24,24,24
Map_7294,513,457,391,387,409,447,33,33,33,33,33,33,33,33,33,33,36,33,36,33,36,33,33,33,33,33
Map_7295,400,471,24,30,24,20,26,26,26,26,26,26,26,26,26,26,20,15,20,15,20,15,20,15,25,15
Map_7296,23,85,14,14,14,32,11,11,11,11,11,11,11,11,11,11,11,11,11,11,11,11,11,11,11,11
Map_7297,208,106,21,21,21,21,21,20,21,20,21,20,20,20,20,20,20,17,25,17,25,17,20,20,20,20
Map_7298,37,289,19,19,19,23,19,18,19,18,19,18,18,18,18,18,19,18,19,19,19,19,19,18,19,18
Map_7299,93,112,53,53,53,59,53,50,53,50,53,50,50,50,50,50,47,46,47,46,47,46,46,46,46,46
Map_7300,100,389,41,41,109,43,34,34,34,34,34,34,34,34,34,34,32,32,32,32,32,32,32,32,32,32
Map_7301,583,220,63,78,91,89,78,58,78,58,78,58,78,58,78,58,34,34,34,34,34,34,34,34,34,34
Map_7302,172,324,251,241,393,87,168,249,168,249,168,249,32,32,32,32,33,150,33,65,33,65,106,167,106,167
Map_7303,527,123,72,72,72,229,60,70,60,70,60,70,60,70,60,70,46,55,46,44,46,44,44,55,44,55
Map_7304,32,86,17,17,18,28,17,10,17,10,17,10,17,10,17,10,17,10,18,10,18,10,17,10,17,10
Map_7305,9,138,9,9,9,81,9,9,9,9,9,9,9,9,9,9,9,9,9,9,9,9,9,9,9,9
Map_7306,24,105,12,12,12,15,12,12,12,12,12,12,12,12,12,12,16,12,16,12,16,12,12,12,12,12
Map_7307,563,452,22,22,22,22,22,22,22,22,22,22,22,22,22,22,22,22,22,22,22,22,22,22,22,22
Map_7308,12,130,12,12,12,108,12,12,12,12,12,12,12,12,12,12,17,12,21,12,21,12,12,12,12,12
Map_7309,63,175,17,17,17,21,17,17,17,17,17,17,17,17,17,17,17,17,17,17,17,17,17,17,17,17
Map_7310,218,303,35,19,33,26,19,19,19,19,19,19,19,19,19,19,19,19,19,19,19,19,19,19,19,19
Map_7311,193,236,85,85,157,133,85,89,85,89,85,89,85,89,85,89,18,29,23,39,23,39,29,29,29,29
Map_7312,22,403,18,18,18,18,13,13,13,13,13,13,13,13,13,13,13,13,13,13,13,13,13,13,13,13
Map_7313,588,487,149,148,152,153,389,148,389,148,389,148,389,148,416,148,199,171,199,170,201,170,199,108,199,108
Map_7314,11,159,10,10,10,10,10,10,10,10,10,10,10,10,10,10,11,10,11,10,11,10,10,10,10,10
Map_7315,602,259,102,81,90,81,63,60,63,60,63,60,66,66,66,66,62,60,62,60,62,60,62,60,63,60
Map_7316,339,265,111,93,238,173,128,97,128,97,128,97,97,97,97,113,81,46,54,46,54,46,81,46,128,46
Map_7317,542,426,38,32,32,162,42,43,42,43,42,43,42,43,42,43,37,16,37,16,37,16,37,16,37,16
Map_7318,11,267,5,5,5,5,5,5,5,5,5,5,5,5,5,5,5,5,5,5,5,5,5,5,5,5
Map_7319,627,322,326,116,563,213,77,51,77,51,77,51,51,51,51,51,60,51,60,51,60,51,60,51,60,51
Map_7320,266,178,97,97,97,105,102,90,102,90,102,90,90,90,90,90,86,73,88,50,88,50,73,73,73,73
Map_7321,10,77,10,10,10,27,10,10,10,10,10,10,10,10,10,10,13,10,13,10,13,10,10,10,10,10
Map_7322,665,363,38,38,38,38,38,37,38,37,38,37,38,37,38,37,38,37,38,37,38,37,38,37,38,37
Map_7323,498,155,97,97,97,123,97,84,97,84,97,84,101,84,101,84,115,98,115,98,115,98,120,98,118,98
Map_7324,37,160,12,12,12,12,12,12,12,12,12,12,12,12,12,12,12,12,12,12,12,12,12,12,12,12
Map_7325,96,80,45,45,46,72,45,55,45,42,45,42,45,55,45,55,45,39,45,39,45,39,45,39,45,39
Map_7326,234,326,108,115,108,348,45,45,45,45,45,45,45,45,45,45,45,35,45,35,45,35,45,35,45,35
Map_7327,24,88,22,22,23,23,23,22,23,22,23,22,22,22,22,24,24,22,24,22,24,22,23,22,23,22
Map_7328,574,154,59,21,21,55,21,21,21,21,21,21,21,21,21,21,21,21,25,21,25,21,21,21,21,21
Map_7329,576,242,421,429,335,458,403,70,389,70,389,70,332,70,339,70,126,66,126,66,126,66,183,66,165,66
Map_7330,12,28,10,10,10,12,10,10,10,10,10,10,10,10,10,10,10,10,10,10,10,10,10,10,10,10
Map_7331,32,164,22,22,106,22,22,22,22,22,22,22,22,22,22,22,25,22,25,22,25,22,22,22,22,22
Map_7332,32,294,35,38,35,28,29,15,29,15,29,15,25,15,25,15,15,15,15,15,15,15,15,15,15,15
Map_7333,88,108,18,18,18,18,18,13,18,13,18,13,18,13,18,13,18,13,18,13,18,13,18,13,18,13
Map_7334,24,65,10,10,10,16,14,10,14,10,14,10,14,10,14,10,14,10,14,10,14,10,14,10,14,10
Map_7335,394,154,18,18,18,18,18,18,18,18,18,18,18,18,18,18,18,18,18,18,18,18,18,18,18,18
Map_7336,593,414,168,168,568,353,70,66,70,66,70,66,70,66,70,66,70,66,70,66,87,66,70,66,70,66
Map_7337,550,118,13,13,13,13,13,13,13,13,13,13,13,13,13,13,13,13,13,13,13,13,13,13,13,13
Map_7338,422,586,54,54,54,33,45,45,45,45,45,45,54,38,54,38,38,27,38,27,38,27,27,27,27,27
Map_7339,27,33,13,13,13,13,13,13,13,13,13,13,13,13,13,13,13,13,13,13,13,13,13,13,13,13
Map_7340,298,246,46,48,46,32,32,53,32,53,32,53,32,53,32,53,29,29,29,29,29,29,29,43,29,48
Map_7341,310,297,68,68,66,143,55,96,55,96,55,96,88,88,88,88,37,78,42,78,42,84,79,78,96,95
Map_7342,134,56,28,28,22,28,23,22,23,22,23,22,23,22,23,22,22,18,22,18,22,18,19,18,19,18
Map_7343,286,253,102,124,102,264,48,108,48,108,48,108,48,108,48,123,43,42,43,42,43,42,43,41,43,41
Map_7344,287,190,45,45,45,268,14,14,14,14,14,14,14,14,14,14,14,14,14,14,14,14,14,14,14,14
Map_7345,30,241,23,23,23,524,102,54,102,54,102,54,164,54,164,54,23,23,33,23,33,23,23,23,23,23
Map_7346,19,185,8,8,8,20,8,8,8,8,8,8,8,8,8,8,8,8,8,8,8,8,8,8,8,8
Map_7347,270,550,169,147,169,156,265,264,265,264,265,264,264,264,264,264,138,264,98,256,98,256,147,264,263,264
Map_7348,578,253,14,14,14,146,14,14,14,14,14,14,14,14,14,14,14,9,14,9,14,9,14,9,14,9
Map_7349,479,195,63,73,79,59,26,26,26,26,26,26,26,26,26,26,28,26,28,26,28,26,26,26,26,26
Map_7350,609,386,494,147,296,221,110,92,110,92,110,92,97,97,97,97,98,84,112,84,112,84,93,90,93,129
Map_7351,626,394,604,604,557,487,220,517,377,517,377,517,246,517,290,514,215,211,203,197,203,197,213,433,189,484
Map_7352,22,159,13,12,13,13,12,12,12,12,12,12,12,12,12,12,12,12,12,13,12,13,12,12,12,12
Map_7353,308,143,83,66,123,85,51,72,51,72,51,72,51,82,51,82,37,37,37,37,37,37,37,37,37,37
Map_7354,120,184,28,28,28,30,28,28,28,28,28,28,28,28,28,28,29,28,29,28,29,28,29,28,29,28
Map_7355,502,550,106,106,51,272,108,108,103,103,103,103,108,108,108,108,88,37,45,37,45,37,103,37,103,37
Map_7356,27,96,23,22,23,16,10,10,10,10,10,10,10,10,10,10,10,10,10,10,10,10,10,10,10,10
Map_7357,651,454,46,46,55,367,50,51,50,51,50,51,85,85,85,85,55,55,55,55,55,55,55,55,55,55
Map_7358,15,266,17,16,17,17,15,17,15,17,15,17,15,14,15,14,14,14,14,14,14,14,15,14,15,14
Map_7359,9,19,8,8,8,8,8,8,8,8,8,8,8,8,8,8,8,8,8,8,8,8,8,8,8,8
Map_7360,10,52,10,10,10,12,10,10,10,10,10,10,10,10,10,10,10,10,10,10,10,10,10,10,10,10
Map_7361,620,504,24,24,24,24,24,24,19,19,19,19,24,24,24,24,13,13,13,13,13,13,13,13,13,24
Map_7362,612,455,332,65,81,64,46,64,46,64,46,64,63,64,63,64,45,45,45,45,45,45,53,63,53,63
Map_7363,11,192,11,11,11,11,11,11,11,11,11,11,11,11,11,11,11,11,11,11,11,11,11,11,11,11
Map_7364,651,340,48,48,85,27,47,46,47,46,47,46,46,46,46,46,21,21,21,21,21,21,21,21,21,21
Map_7365,590,314,267,235,289,135,110,195,110,195,110,195,168,152,168,152,31,42,31,37,31,37,31,88,31,88
Map_7366,18,263,18,18,32,20,18,18,18,18,18,18,18,18,18,18,18,18,18,19,18,19,18,18,18,18
Map_7367,628,109,104,124,104,161,93,116,93,116,93,116,111,116,111,116,78,90,78,110,78,110,78,90,88,90
Map_7368,620,328,26,27,170,26,27,27,26,23,26,23,27,27,27,27,34,23,34,23,34,23,29,23,29,23
Map_7369,600,327,185,207,283,69,67,91,67,91,67,91,91,91,91,91,53,52,53,52,53,52,53,52,53,52
Map_7370,113,232,94,49,52,87,57,49,57,49,57,49,51,51,51,51,44,48,44,48,44,48,44,49,44,49
Map_7371,176,308,23,23,23,22,16,16,16,16,16,16,16,16,16,16,16,16,16,16,16,16,16,16,16,16
Map_7372,30,72,18,17,18,18,18,17,18,17,18,17,17,17,17,17,18,17,18,17,18,17,18,17,18,17
Map_7373,224,391,41,41,41,308,79,62,79,62,79,62,79,62,79,62,75,49,178,49,178,49,135,46,117,46
Map_7374,624,430,15,15,15,15,15,15,15,15,15,15,15,15,15,15,15,15,15,15,15,15,15,15,15,15
Map_7375,518,386,89,149,250,146,22,22,22,22,22,22,22,22,22,22,22,22,22,22,22,22,22,22,22,22
Map_7376,39,229,24,24,24,29,24,24,24,24,24,24,24,24,24,24,24,24,24,24,24,24,24,24,24,24
Map_7377,337,300,31,31,31,31,31,31,31,31,31,31,31,31,31,31,42,31,42,31,42,31,42,31,42,31
Map_7378,69,263,18,18,18,18,22,14,22,14,22,14,22,14,22,14,14,14,14,14,14,14,17,14,17,14
Map_7379,186,241,239,114,395,106,54,54,54,54,54,54,54,54,54,54,50,50,50,50,50,50,50,54,54,54
Map_7380,344,62,17,17,17,20,17,7,17,7,17,7,17,7,17,7,7,7,7,7,7,7,7,7,7,7
Map_7381,76,111,14,11,11,17,11,11,11,11,11,11,11,11,11,11,11,11,11,11,11,11,11,11,11,11
Map_7382,20,201,12,12,12,37,12,12,12,12,12,12,12,12,12,12,12,12,13,13,13,13,12,12,12,12
Map_7383,13,335,13,9,12,15,12,9,12,9,12,9,9,9,9,9,12,9,12,9,12,9,12,9,12,9
Map_7384,480,326,379,22,52,414,21,21,21,21,21,21,21,21,21,21,21,21,21,21,21,21,21,21,21,21
Map_7385,11,78,9,9,9,9,9,9,9,9,9,9,9,9,9,9,11,8,11,8,11,8,9,8,9,8
Map_7386,534,413,442,454,232,547,400,400,346,358,346,358,402,402,402,402,211,286,216,286,216,320,289,261,321,261
Map_7387,358,373,14,14,14,15,15,14,15,14,15,14,14,14,14,14,15,14,15,14,15,14,15,14,15,14
Map_7388,31,310,11,11,11,13,11,11,11,11,11,11,11,11,11,11,11,11,11,11,11,11,11,11,11,11
Map_7389,33,193,30,30,30,30,25,25,25,25,25,25,25,25,25,25,25,27,25,27,25,27,25,27,25,27
Map_7390,272,423,10,10,10,27,10,10,10,10,10,10,10,10,10,10,10,10,10,10,10,10,10,10,10,10
Map_7391,500,150,38,38,38,20,20,18,20,18,20,18,20,18,20,18,20,18,20,18,20,18,20,18,20,18
Map_7392,72,217,20,20,20,24,30,20,30,20,30,20,30,20,30,20,30,20,30,20,30,20,30,20,30,20
Map_7393,577,348,82,82,82,106,42,28,42,28,42,28,40,28,40,28,41,28,43,28,43,28,41,28,41,28
Map_7394,7,26,7,7,7,13,7,7,7,7,7,7,7,7,7,7,7,7,12,7,12,7,7,7,7,7
Map_7395,468,50,17,17,17,18,17,17,17,17,17,17,17,18,17,18,17,17,18,17,18,17,17,17,17,17
Map_7396,609,330,19,19,19,21,15,15,15,15,15,15,15,15,15,15,15,15,15,15,15,15,15,15,15,15
Map_7397,244,73,22,22,23,22,22,22,22,22,22,22,22,22,22,22,23,22,23,22,23,22,23,22,23,22
Map_7398,304,326,108,107,108,19,19,18,19,18,19,18,19,18,19,18,19,18,19,18,19,18,19,18,19,18
Map_7399,26,304,23,22,23,23,23,22,23,22,23,22,22,22,22,22,18,22,18,22,18,22,18,22,18,22
Map_7400,589,366,163,159,118,120,124,126,124,126,124,126,124,126,124,126,62,58,62,58,62,58,77,109,77,109
Map_7401,102,324,50,49,49,52,41,41,41,41,41,41,41,41,41,41,33,41,33,40,33,40,38,41,38,41
Map_7402,107,334,93,83,93,181,24,24,24,24,24,24,24,24,24,24,24,23,104,23,104,23,24,23,24,23
Map_7403,609,115,29,28,36,35,23,26,23,26,23,26,23,25,23,25,24,23,24,23,24,23,24,23,24,25
Map_7404,547,135,31,31,31,30,31,95,31,95,31,95,155,155,155,155,30,31,30,30,30,30,30,31,31,91
Map_7405,613,274,23,23,23,23,19,19,19,19,19,19,19,19,19,19,19,20,19,20,19,20,19,20,19,20
Map_7406,647,247,93,88,93,128,82,26,82,26,82,26,82,26,82,26,42,26,42,26,42,26,42,26,82,26
Map_7407,343,351,10,10,10,71,10,10,10,10,10,10,10,10,10,10,10,10,12,10,12,10,10,10,10,10
Map_7408,596,152,22,22,22,22,22,22,22,22,22,22,22,22,22,22,26,22,26,22,26,22,26,22,26,22
Map_7409,37,115,39,39,34,48,20,20,20,20,20,20,20,20,20,20,19,19,19,19,19,19,19,20,19,20
Map_7410,581,237,171,171,170,569,64,61,64,61,64,61,64,64,64,64,65,60,65,60,65,60,71,65,64,65
Map_7411,191,248,20,20,21,21,20,20,20,20,20,20,20,20,20,20,20,20,36,20,36,20,20,20,20,20
Map_7412,98,336,16,16,16,13,13,13,13,13,13,13,13,13,13,13,13,13,13,13,13,13,13,13,13,13
Map_7413,584,269,17,17,17,49,17,17,17,17,17,17,17,17,17,17,17,17,17,17,17,17,17,17,17,17
Map_7414,577,278,61,86,61,31,41,131,41,131,41,131,41,124,41,124,41,36,35,36,35,36,41,36,41,36
Map_7415,12,482,9,9,9,10,8,8,8,8,8,8,8,8,8,8,10,8,10,8,10,8,10,8,10,8
Map_7416,438,70,42,42,42,30,26,26,26,26,26,26,26,26,26,26,26,21,23,21,23,21,26,21,26,21
Map_7417,532,262,43,42,43,366,43,42,43,42,43,42,42,42,42,42,107,42,107,42,107,42,107,42,43,42
Map_7418,353,134,32,32,32,46,32,32,32,32,32,32,32,32,32,32,27,32,27,32,27,32,27,32,27,32
Map_7419,579,473,34,34,34,37,30,32,30,32,30,32,30,32,30,32,30,30,30,30,30,30,30,30,30,30
Map_7420,612,452,36,36,41,36,36,36,36,36,36,36,36,36,36,36,98,36,133,42,133,42,135,36,135,36
Map_7421,455,188,40,40,44,42,40,40,40,40,40,40,40,40,40,40,36,33,36,33,36,33,36,40,36,40
Map_7422,35,37,22,21,23,22,21,21,27,21,27,21,21,21,21,21,48,21,48,21,48,21,48,21,48,21
Map_7423,515,137,33,28,33,33,21,28,21,28,21,28,21,28,21,28,21,21,21,21,21,21,21,21,21,21
Map_7424,71,162,20,20,20,29,20,20,20,20,20,20,20,20,20,20,20,20,20,20,20,20,20,20,20,20
Map_7425,64,54,32,27,105,32,27,27,27,27,27,27,27,27,27,27,28,18,28,18,28,18,28,18,28,18
Map_7426,11,214,11,11,11,104,11,11,11,11,11,11,11,11,11,11,11,11,11,11,11,11,11,11,11,11
Map_7427,5,23,7,5,5,7,5,5,5,5,5,5,5,5,5,5,7,5,12,5,12,5,5,5,5,5
Map_7428,152,244,13,13,13,13,13,13,13,13,13,13,13,13,13,13,13,13,13,13,13,13,13,13,13,13
Map_7429,23,418,24,24,24,26,23,23,23,23,23,23,23,23,23,23,27,25,28,25,28,25,27,23,25,23
Map_7430,553,192,62,62,62,66,60,60,60,60,60,60,60,60,60,60,91,37,71,37,71,37,60,57,60,57
Map_7431,48,213,15,15,15,32,15,15,15,15,15,15,15,15,15,15,15,15,15,15,15,15,15,15,15,15
Map_7432,334,182,21,15,21,21,15,15,15,15,15,15,15,15,15,15,15,15,15,15,15,15,15,15,15,15
Map_7433,595,353,26,26,22,31,26,18,26,18,26,18,25,18,25,18,31,19,31,19,31,19,25,18,25,18
Map_7434,12,27,10,10,10,23,10,12,10,12,10,12,10,12,10,12,13,10,13,10,13,10,10,10,10,10
Map_7435,7,53,7,7,7,12,7,7,7,7,7,7,7,7,7,7,7,7,7,7,7,7,7,7,7,7
Map_7436,613,275,17,17,21,27,17,17,17,17,17,17,17,17,17,17,16,16,16,16,16,16,16,16,16,16
Map_7437,16,155,12,12,12,12,12,12,12,12,12,12,12,12,12,12,12,12,12,12,12,12,12,12,12,12
Map_7438,154,187,85,84,85,87,43,28,43,28,43,28,43,28,45,28,48,28,48,28,48,28,48,28,46,28
Map_7439,166,179,16,16,16,16,15,15,15,15,15,15,15,15,15,15,16,15,18,15,18,15,16,15,15,15
Map_7440,84,302,92,238,338,63,74,94,74,94,74,94,100,100,100,100,50,61,50,61,50,61,67,113,67,113
Map_7441,33,587,28,28,32,33,28,26,28,26,28,26,26,26,26,26,27,26,27,26,27,26,27,26,27,26
Map_7442,533,155,15,15,15,16,15,35,15,35,15,35,15,35,15,35,15,15,15,15,15,15,15,15,15,15
Map_7443,588,328,466,258,388,199,77,258,77,258,77,258,259,258,259,231,37,37,37,37,37,37,37,67,37,67
Map_7444,425,258,34,34,70,36,31,27,31,27,31,27,31,27,31,27,32,27,32,27,32,27,32,27,32,27
Map_7445,18,93,17,17,17,17,17,17,17,17,17,17,17,17,17,17,17,17,17,17,17,17,17,17,17,17
Map_7446,508,165,75,75,75,133,87,79,87,79,87,79,105,79,105,79,58,78,58,78,58,78,58,78,58,78
Map_7447,286,146,69,99,181,115,178,102,178,102,178,102,178,68,180,68,68,53,68,53,68,53,101,53,101,53
Map_7448,19,369,12,12,12,12,12,12,12,12,12,12,12,12,12,12,12,12,12,12,12,12,12,12,12,12
Map_7449,543,123,34,33,34,35,33,33,33,33,33,33,33,33,33,33,36,27,36,27,36,27,34,27,34,27
Map_7450,535,364,20,20,20,20,20,20,20,20,20,20,20,21,20,21,20,20,20,20,20,20,20,20,20,20
Map_7451,92,412,15,15,15,421,15,15,15,15,15,15,15,15,15,15,15,15,15,15,15,15,15,15,15,15
Map_7452,7,454,7,7,7,13,7,7,7,7,7,7,7,7,7,7,7,7,7,7,7,7,7,7,7,7
Map_7453,92,361,48,47,48,55,47,53,47,53,47,53,47,53,47,53,53,64,47,50,47,50,47,64,47,57
Map_7454,561,148,63,63,63,63,93,35,93,35,93,35,103,103,103,103,48,35,48,35,48,35,48,35,78,35
Map_7455,76,226,318,86,111,99,27,90,27,90,27,90,27,90,27,90,27,27,27,27,27,27,27,60,27,60
Map_7456,13,82,14,14,11,14,14,14,14,14,14,14,14,14,14,14,14,14,14,14,14,14,14,14,14,14
Map_7457,325,36,33,33,32,95,23,29,23,27,23,27,23,29,23,29,22,32,22,32,22,32,22,32,22,32
Map_7458,614,492,72,72,141,98,95,70,95,70,95,70,58,65,58,81,96,50,72,50,72,50,96,50,96,55
Map_7459,263,294,26,25,26,28,25,25,25,25,25,25,25,25,25,25,24,24,24,24,24,24,25,25,25,25
Map_7460,17,354,17,17,18,18,18,17,18,17,18,17,17,17,17,17,18,17,18,17,18,17,18,17,18,17
Map_7461,376,347,234,149,264,158,101,379,101,392,101,392,101,379,101,216,96,66,31,66,31,66,101,82,101,274
Map_7462,40,560,30,30,30,32,30,26,30,26,30,26,30,26,33,26,26,26,26,26,26,26,37,26,30,26
Map_7463,13,318,17,17,17,24,17,17,17,17,17,17,17,17,17,17,21,13,14,13,14,13,17,13,17,13
Map_7464,518,279,141,127,136,297,285,124,285,124,285,124,127,126,127,126,204,200,208,200,215,200,277,124,290,124
Map_7465,27,246,31,31,31,30,20,20,20,20,20,20,20,20,20,20,23,20,23,20,23,20,20,20,20,20
Map_7466,6,152,6,6,6,6,6,6,6,6,6,6,6,6,6,6,6,6,8,6,8,6,6,6,6,6
Map_7467,41,72,21,18,21,21,18,18,18,18,18,18,18,18,18,18,18,18,20,18,20,18,18,18,18,18
Map_7468,399,254,28,28,28,29,28,28,28,28,28,28,28,28,28,28,37,28,37,28,37,28,28,28,28,28
Map_7469,604,407,79,90,79,259,60,59,60,59,60,59,60,134,134,134,100,63,100,63,100,63,125,62,60,62
Map_7470,599,263,62,62,63,203,166,53,166,53,166,53,158,53,196,53,47,47,47,47,47,47,47,53,47,53
Map_7471,9,429,9,9,9,9,9,9,9,9,9,9,9,9,9,9,9,9,9,9,21,9,9,9,9,9
Map_7472,354,87,29,29,29,30,35,35,35,35,35,35,35,35,35,35,26,26,26,26,26,26,26,26,26,26
Map_7473,100,295,20,18,20,20,18,18,18,18,18,18,18,18,18,18,16,17,16,16,16,16,17,18,17,18
Map_7474,6,42,6,6,6,6,6,6,6,6,6,6,6,6,6,6,6,6,6,6,6,6,6,6,6,6
Map_7475,538,478,70,60,77,105,70,60,70,60,70,60,60,60,60,60,55,55,64,55,64,55,55,60,70,60
Map_7476,318,86,82,78,111,34,28,28,28,28,28,28,28,28,28,28,28,28,28,28,28,28,28,28,28,28
Map_7477,16,118,17,17,16,22,21,21,21,21,21,21,21,21,21,21,22,16,22,16,22,16,16,16,16,16
Map_7478,7,37,8,7,8,8,7,7,7,7,7,7,7,7,7,7,7,7,7,7,7,7,7,7,7,7
Map_7479,8,84,9,8,8,9,8,8,8,8,8,8,8,8,8,8,8,8,8,8,8,8,8,8,8,8
Map_7480,8,18,8,8,8,8,8,8,8,8,8,8,8,8,8,8,8,8,8,8,8,8,8,8,8,8
Map_7481,27,148,23,18,17,25,18,18,18,18,18,18,18,18,18,18,17,13,17,13,17,13,17,13,17,13
Map_7482,481,276,40,39,39,51,39,39,39,39,39,39,39,39,39,39,30,28,30,28,30,29,30,28,30,28
Map_7483,626,329,177,155,322,192,62,62,62,62,62,62,62,62,62,62,15,15,15,15,15,15,15,15,15,15
Map_7484,529,520,19,19,19,19,22,22,22,22,22,22,22,22,22,22,19,19,19,19,19,19,19,19,19,19
Map_7485,32,40,11,11,11,11,11,11,11,11,11,11,11,11,11,11,11,11,11,11,11,11,11,11,11,11
Map_7486,67,56,19,19,19,39,20,20,20,20,20,20,20,20,20,20,20,19,20,19,20,19,20,19,20,19
Map_7487,296,146,35,35,35,35,33,35,33,35,33,35,33,35,33,35,37,34,37,34,37,34,37,33,37,33
Map_7488,568,113,21,21,117,23,21,68,21,68,21,68,21,68,21,68,21,27,21,27,21,27,21,27,21,27
Map_7489,48,198,17,17,17,22,17,17,17,17,17,17,17,17,17,17,17,17,17,17,17,17,17,17,17,17
Map_7490,28,283,23,23,23,96,32,23,32,23,32,23,30,23,30,23,30,23,30,23,30,23,30,23,30,23
Map_7491,57,135,38,38,38,41,38,38,38,38,38,38,38,38,38,38,26,26,26,26,26,26,26,26,26,26
Map_7492,29,314,18,18,18,18,18,18,18,18,18,18,18,18,18,18,18,18,18,18,18,18,18,18,18,18
Map_7493,224,678,148,166,178,203,29,29,29,29,29,29,29,29,29,29,29,29,29,29,29,29,29,29,29,29
Map_7494,25,239,32,32,32,38,31,27,31,27,31,27,27,27,27,27,24,21,24,21,24,21,24,23,24,23
Map_7495,220,383,141,106,25,138,108,37,108,37,108,37,113,37,113,37,96,25,84,25,95,25,84,26,82,26
Map_7496,560,76,20,20,20,299,12,12,12,12,12,12,12,12,12,12,13,12,13,12,13,12,13,12,12,12
Map_7497,20,284,24,19,38,42,24,19,24,19,24,19,19,19,19,19,16,16,16,16,16,16,16,16,16,16
Map_7498,15,34,8,8,8,15,8,8,8,8,8,8,8,8,8,8,8,8,8,8,8,8,8,8,8,8
Map_7499,162,91,32,32,32,36,26,75,26,75,26,75,23,75,23,75,23,23,23,23,23,23,23,23,23,75
Map_7500,211,130,36,38,36,38,35,35,35,35,35,35,38,38,38,38,46,35,46,35,46,35,46,35,46,35
Map_7501,73,145,40,40,102,46,40,42,40,42,40,42,40,42,40,42,40,31,40,31,40,31,40,31,40,31
Map_7502,6,197,6,6,6,6,6,6,6,6,6,6,6,6,6,6,6,6,6,6,6,6,6,6,6,6
Map_7503,616,270,31,31,31,31,42,31,42,31,42,31,42,32,42,32,33,37,42,37,42,37,33,39,33,39
Map_7504,179,151,41,41,41,42,38,40,38,40,38,40,38,40,40,40,20,20,20,20,20,20,20,38,20,38
Map_7505,474,287,30,30,32,35,23,29,23,29,23,29,23,29,23,29,23,23,23,23,23,23,23,23,23,23
Map_7506,16,51,13,13,13,13,13,10,13,10,13,10,10,10,10,10,10,10,10,10,10,10,10,10,10,10
Map_7507,17,487,19,19,19,31,19,17,19,17,19,17,19,17,19,17,19,17,19,17,19,17,19,17,19,17
Map_7508,71,133,14,14,14,14,14,14,14,14,14,14,14,14,14,14,14,14,14,14,14,14,14,14,14,14
Map_7509,80,223,16,16,16,16,17,16,17,16,17,16,17,16,17,16,15,15,15,15,15,15,15,15,15,15
Map_7510,614,306,145,42,63,65,76,76,76,76,76,76,42,42,42,42,39,45,39,45,39,45,39,57,39,57
Map_7511,514,490,59,59,64,45,17,55,17,55,17,55,17,55,17,55,17,17,17,17,17,17,17,50,17,50
Map_7512,460,317,87,87,107,87,85,85,85,85,85,85,85,85,85,85,116,85,102,85,110,85,85,85,85,85
Map_7513,340,362,59,59,58,59,59,54,59,54,59,54,59,64,59,64,42,46,42,46,42,46,42,46,42,46
Map_7514,602,447,51,50,64,52,36,36,36,36,36,36,36,36,36,36,43,36,43,36,43,36,36,36,36,36
Map_7515,571,177,172,124,95,94,88,87,88,87,88,87,88,87,87,87,57,57,210,57,210,57,57,57,57,57
Map_7516,48,453,65,64,46,75,35,61,35,61,35,61,35,65,35,65,35,25,35,25,35,25,35,25,35,25
Map_7517,16,40,17,11,17,17,15,11,15,11,15,11,11,11,11,11,15,11,15,11,15,11,15,11,15,11
Map_7518,487,199,161,147,243,162,124,89,124,89,124,89,124,114,124,114,80,42,94,42,94,42,76,42,76,42
Map_7519,101,138,17,17,17,17,17,17,17,17,17,17,17,17,17,17,17,17,20,17,20,17,17,17,17,17
Map_7520,17,189,10,10,10,12,10,10,10,10,10,10,10,10,10,10,10,10,10,10,10,10,10,10,10,10
Map_7521,434,239,207,235,120,19,20,20,20,20,20,20,20,20,20,20,19,19,19,19,19,19,19,20,19,20
Map_7522,279,231,102,57,121,146,52,52,52,52,52,52,59,59,59,59,53,33,64,33,64,33,53,33,52,33
Map_7523,83,101,48,48,48,65,32,30,32,30,32,30,32,30,32,30,32,30,32,30,32,30,32,30,32,30
Map_7524,27,98,15,15,15,15,15,15,15,15,15,15,15,15,15,15,15,15,15,15,15,15,15,15,15,15
Map_7525,596,348,348,270,334,350,292,74,292,74,292,74,169,74,169,74,62,73,62,73,62,73,59,73,66,86
Map_7526,8,52,11,8,8,34,8,8,8,8,8,8,8,8,8,8,8,8,8,8,8,8,8,8,8,8
Map_7527,581,605,138,137,155,178,212,59,212,59,212,59,65,59,65,59,62,88,62,77,62,77,77,59,66,59
Map_7528,18,100,16,16,16,20,15,15,15,15,15,15,15,14,15,14,15,14,15,14,15,14,15,14,15,14
Map_7529,377,273,38,32,36,38,42,32,42,32,42,32,42,32,42,32,45,39,45,39,45,39,45,32,39,32
Map_7530,52,278,36,36,45,39,36,41,36,41,36,41,36,41,41,41,32,31,32,31,32,31,31,32,31,32
Map_7531,612,161,26,26,26,32,28,37,28,37,28,37,28,39,28,39,29,39,29,39,29,39,29,39,29,39
Map_7532,40,241,17,17,17,17,17,13,17,13,17,13,13,13,13,13,17,13,21,13,21,13,17,13,17,13
Map_7533,16,243,11,11,11,11,16,11,16,11,16,11,16,11,16,11,11,11,11,11,11,11,11,11,11,11
Map_7534,309,213,33,33,33,39,33,33,33,33,33,33,33,33,33,33,35,33,35,33,35,33,35,33,35,33
Map_7535,152,368,42,70,42,22,21,21,21,21,21,21,21,21,21,21,21,21,21,21,21,21,21,21,21,21
Map_7536,556,195,68,68,139,59,52,52,52,52,52,52,52,52,52,52,52,52,52,52,52,52,52,52,52,52
Map_7537,133,155,40,40,40,53,38,38,38,38,38,38,38,38,38,38,35,38,35,38,35,38,34,38,38,38
Map_7538,47,291,14,14,14,15,14,13,14,13,14,13,14,13,13,13,14,13,14,13,14,13,14,13,14,13
Map_7539,587,335,166,110,110,148,224,225,224,225,224,225,232,228,456,175,114,117,114,117,111,110,138,138,138,138
Map_7540,408,392,23,23,23,70,17,17,17,17,17,17,17,17,17,17,17,17,17,17,17,17,17,17,17,17
Map_7541,401,146,339,366,186,216,296,107,296,107,296,107,235,75,235,75,46,43,48,43,52,43,46,49,46,49
Map_7542,644,647,12,12,12,60,12,12,12,12,12,12,12,12,12,12,15,12,15,12,15,12,15,12,15,12
Map_7543,27,83,13,13,13,14,14,13,14,13,14,13,13,13,13,13,14,13,14,13,18,13,14,13,14,13
Map_7544,543,298,15,15,15,15,15,15,15,15,15,15,15,15,15,15,15,15,29,15,29,15,15,15,15,15
Map_7545,470,281,29,29,29,41,24,29,24,29,24,29,24,29,24,29,24,23,24,23,24,23,24,23,24,23
Map_7546,30,518,14,14,26,16,14,19,14,19,14,19,14,24,14,24,14,14,14,14,14,14,14,14,14,14
Map_7547,24,244,25,25,25,180,22,22,22,22,22,22,22,22,22,22,25,22,25,21,25,21,24,22,24,22
Map_7548,508,193,148,183,209,117,167,181,167,200,167,200,81,81,81,81,44,44,96,44,96,44,44,70,44,70
Map_7549,429,73,27,25,22,29,25,25,25,25,25,25,25,25,25,25,26,23,26,22,26,23,25,23,25,23
Map_7550,7,105,7,7,7,7,7,7,7,7,7,7,7,7,7,7,9,7,9,7,9,7,7,7,7,7
Map_7551,435,124,109,246,160,93,66,67,66,65,66,65,66,67,66,67,81,79,87,77,87,77,77,63,67,63
Map_7552,546,477,139,144,101,117,117,76,117,76,117,76,117,107,117,107,114,111,126,111,126,111,118,76,118,76
Map_7553,356,339,19,19,19,23,19,22,19,22,19,22,19,22,19,22,16,14,16,14,16,14,16,14,16,14
Map_7554,205,438,17,17,17,45,17,17,17,17,17,17,17,17,17,17,25,17,25,17,25,17,23,17,22,17
Map_7555,31,62,10,10,10,10,10,10,10,10,10,10,10,10,10,10,10,10,10,10,10,10,10,10,10,10
Map_7556,358,310,21,21,21,93,21,21,21,21,21,21,21,21,21,21,21,18,21,18,21,18,21,18,21,18
Map_7557,59,34,26,26,26,26,18,18,18,18,18,18,18,18,18,18,18,17,18,17,18,17,18,17,18,17
Map_7558,234,292,44,44,44,296,32,32,32,32,32,32,32,44,44,44,17,16,17,16,17,16,17,16,17,16
Map_7559,391,129,13,13,13,13,13,13,13,13,13,13,13,13,13,13,16,13,16,13,16,13,16,13,16,13
Map_7560,524,418,141,332,465,306,51,51,51,51,51,51,51,51,51,51,334,51,281,51,261,51,334,51,345,51
Map_7561,41,136,32,32,32,34,32,19,32,19,32,19,32,19,32,19,34,19,21,19,21,19,34,19,34,19
Map_7562,6,13,6,6,6,6,6,6,6,6,6,6,6,6,6,6,6,6,6,6,6,6,6,6,6,6
Map_7563,478,438,136,136,136,126,136,114,136,114,136,114,124,126,147,157,25,25,25,25,25,25,25,25,25,25
Map_7564,594,152,101,106,239,560,53,155,53,140,53,140,53,172,53,128,54,53,95,53,95,53,54,53,54,53
Map_7565,457,198,43,43,475,69,43,43,43,43,43,43,43,43,43,43,34,43,56,42,56,42,42,43,58,43
Map_7566,14,57,15,13,13,15,13,13,13,13,13,13,13,13,13,13,13,13,13,13,13,13,13,13,13,13
Map_7567,11,256,12,12,12,44,12,11,12,11,12,11,11,11,11,11,12,11,12,11,12,11,12,11,12,11
Map_7568,292,236,151,322,151,230,205,205,205,205,205,205,207,207,207,207,67,45,67,45,67,45,67,45,67,45
Map_7569,51,164,14,14,14,17,15,15,15,15,15,15,15,15,15,15,15,15,15,15,15,15,15,15,15,15
Map_7570,7,55,7,7,7,7,7,7,7,7,7,7,7,7,7,7,7,7,7,7,7,7,7,7,7,7
Map_7571,131,230,24,23,24,24,16,16,16,16,16,16,16,16,16,16,16,16,16,16,16,16,16,16,16,16
Map_7572,148,86,43,43,43,43,30,30,30,30,30,30,30,30,30,30,32,36,32,32,32,32,32,36,32,36
Map_7573,59,455,44,129,128,95,44,125,44,125,44,125,127,125,127,125,121,44,121,44,114,44,122,44,122,44
Map_7574,552,194,436,56,82,162,56,56,56,56,56,56,56,84,84,84,52,56,45,56,45,56,56,56,56,56
Map_7575,23,87,12,12,12,12,12,12,12,12,12,12,12,12,12,12,12,12,12,12,12,12,12,12,12,12
Map_7576,25,51,22,22,22,26,40,26,40,26,40,26,40,26,40,26,40,22,40,22,40,22,40,22,40,22
Map_7577,11,205,8,8,8,9,8,8,8,8,8,8,8,8,8,8,8,8,8,8,8,8,8,8,8,8
Map_7578,25,45,13,13,13,19,13,13,13,13,13,13,13,13,13,13,13,13,13,13,13,13,13,13,13,13
Map_7579,578,467,64,55,73,81,55,44,55,44,55,44,55,44,55,44,58,45,58,45,58,45,56,45,55,45
Map_7580,601,148,42,42,44,45,64,42,64,42,64,42,64,42,64,42,46,55,46,55,46,55,46,92,46,41
Map_7581,13,154,11,11,11,12,10,10,10,10,10,10,10,10,10,10,10,10,10,10,10,10,10,10,10,10
Map_7582,358,283,141,139,155,165,93,77,93,77,93,77,93,81,93,81,26,56,26,26,26,26,26,56,26,56
Map_7583,16,46,11,11,11,11,11,11,11,11,11,11,11,11,11,11,11,11,11,11,11,11,11,11,11,11
Map_7584,95,417,165,200,301,275,98,121,98,121,98,121,117,117,117,117,104,89,120,89,120,89,104,136,101,136
Map_7585,10,212,7,7,7,7,7,7,7,7,7,7,7,7,7,7,7,7,7,7,7,7,7,7,7,7
Map_7586,15,328,15,15,15,15,15,15,15,15,15,15,15,15,15,15,16,15,16,15,16,15,16,15,16,15
Map_7587,138,186,176,87,137,203,56,95,56,95,56,95,56,104,56,104,58,56,58,56,58,56,58,61,56,61
Map_7588,526,233,80,80,80,78,57,47,57,47,57,47,57,47,57,47,57,47,57,47,57,47,57,47,57,47
Map_7589,6,9,6,6,6,6,6,6,6,6,6,6,6,6,6,6,6,6,6,6,6,6,6,6,6,6
Map_7590,9,56,5,5,5,6,5,5,5,5,5,5,5,5,5,5,5,5,5,5,5,5,5,5,5,5
Map_7591,181,42,20,20,18,20,20,20,20,20,20,20,20,20,20,20,20,20,20,20,20,20,20,20,20,20
Map_7592,46,287,33,32,32,51,29,32,29,32,29,32,32,32,32,32,28,29,28,29,28,29,29,32,29,32
Map_7593,7,39,8,7,7,8,7,7,7,7,7,7,7,7,7,7,7,7,7,7,7,7,7,7,7,7
Map_7594,27,463,19,19,19,20,19,19,19,19,19,19,19,19,19,19,19,19,19,19,21,19,19,19,19,19
Map_7595,13,546,10,10,10,10,10,10,10,10,10,10,10,10,10,10,10,10,10,10,10,10,10,10,10,10
Map_7596,37,326,73,91,298,61,64,26,64,26,64,26,91,26,91,26,22,20,22,20,22,20,50,20,69,20
Map_7597,29,68,52,50,16,32,32,16,32,16,32,16,26,16,26,16,29,16,27,16,27,16,26,16,26,16
Map_7598,318,231,12,12,30,15,12,12,12,12,12,12,12,12,12,12,12,12,12,12,12,12,12,12,12,12
Map_7599,57,202,38,35,38,38,26,37,26,37,26,37,35,37,35,37,26,26,26,26,26,26,26,27,26,35
Map_7600,9,44,8,8,8,11,8,8,8,8,8,8,8,8,8,8,8,8,8,8,8,8,8,8,8,8
Map_7601,10,22,9,9,9,9,9,9,9,9,9,9,9,9,9,9,9,9,9,9,9,9,9,9,9,9
Map_7602,56,134,12,12,12,17,12,12,12,12,12,12,12,12,12,12,12,10,12,10,12,10,12,10,12,10
Map_7603,530,423,552,165,243,132,73,135,73,135,73,135,73,84,73,84,65,77,70,64,70,64,65,77,67,77
Map_7604,31,104,27,27,27,382,26,27,26,27,26,27,26,27,26,48,81,21,81,21,81,21,23,21,23,21
Map_7605,114,115,71,71,71,71,71,71,71,71,71,71,71,71,71,71,66,58,67,58,67,58,66,89,66,89
Map_7606,277,145,29,29,30,37,29,29,29,29,29,29,29,29,29,29,17,17,22,17,22,17,17,17,17,17
Map_7607,20,33,13,13,13,15,13,13,13,13,13,13,13,13,13,13,14,13,18,13,18,13,13,13,13,13
Map_7608,80,170,33,33,33,46,33,33,33,33,33,33,33,33,33,33,33,33,33,33,33,33,33,33,33,33
Map_7609,237,181,30,28,26,30,24,28,24,28,24,28,24,28,24,28,24,22,24,22,24,22,24,22,24,22
Map_7610,26,254,23,23,23,23,23,23,23,23,23,23,23,23,23,23,23,23,23,23,23,23,23,23,23,23
Map_7611,134,362,208,208,208,95,165,56,165,56,165,56,139,324,131,327,107,90,107,78,107,78,76,90,76,90
Map_7612,543,330,55,55,161,219,62,39,62,39,62,39,60,39,60,39,54,39,38,44,38,44,61,39,47,39
Map_7613,256,29,29,29,29,61,27,24,27,24,27,24,27,24,27,24,25,24,18,24,18,24,27,24,27,24
Map_7614,30,177,25,31,25,31,25,25,25,25,25,25,31,31,31,31,19,25,19,25,25,25,19,25,19,25
Map_7615,554,149,19,19,19,19,19,18,19,18,19,18,18,18,18,18,18,18,18,18,18,18,18,18,18,18
Map_7616,63,166,29,28,29,32,28,30,28,30,28,30,28,30,28,30,28,28,28,28,28,28,28,28,28,28
Map_7617,617,351,21,21,21,21,21,21,21,21,21,21,21,21,21,21,21,21,21,21,21,21,21,21,21,21
Map_7618,628,264,45,45,119,53,45,45,45,45,45,45,45,45,45,45,47,45,47,44,47,44,43,45,43,45
Map_7619,248,307,503,594,568,448,293,446,293,386,293,386,359,177,359,177,75,42,75,42,75,42,75,42,232,42
Map_7620,7,22,4,4,4,4,4,4,4,4,4,4,4,4,4,4,4,4,4,4,4,4,4,4,4,4
Map_7621,8,72,12,8,8,12,8,8,8,8,8,8,8,8,8,8,11,8,11,8,11,8,8,8,8,8
Map_7622,592,279,41,41,64,62,41,41,41,41,41,41,41,41,41,41,52,42,52,42,53,42,43,41,41,41
Map_7623,435,355,154,64,67,143,67,78,67,78,67,78,67,78,67,78,62,62,62,41,64,41,62,62,62,62
Map_7624,17,416,17,18,17,22,18,17,18,17,18,17,18,18,18,18,14,17,14,17,14,17,14,17,14,17
Map_7625,66,298,19,18,28,64,19,18,19,18,19,18,19,18,19,18,19,18,30,18,30,18,19,18,19,18
Map_7626,80,159,41,41,41,51,41,18,41,18,41,18,41,18,41,18,18,18,18,18,18,18,18,18,18,18
Map_7627,624,205,59,59,94,52,48,48,48,48,48,48,48,48,48,48,45,48,45,46,45,46,45,48,45,48
Map_7628,128,346,85,85,85,156,84,83,84,88,84,88,98,98,98,98,76,79,76,85,76,85,73,79,84,79
Map_7629,54,31,15,15,15,18,15,15,15,15,15,15,15,15,15,15,15,15,15,15,15,15,15,15,15,15
Map_7630,444,355,7,7,7,7,7,7,7,7,7,7,7,7,7,7,7,7,7,7,7,7,7,7,7,7
Map_7631,619,335,11,11,11,11,11,11,11,11,11,11,11,11,11,11,11,11,11,12,11,12,11,11,11,11
Map_7632,11,188,13,13,10,18,13,10,13,10,13,10,13,10,13,10,13,10,13,10,13,10,13,10,13,10
Map_7633,256,175,41,41,41,51,41,41,41,41,41,41,41,41,41,41,41,32,41,32,41,32,41,32,41,32
Map_7634,421,371,269,247,247,345,221,157,221,157,221,157,234,157,234,157,191,182,188,359,188,359,205,182,205,182
Map_7635,25,51,23,23,20,30,20,23,20,23,20,23,20,23,20,23,20,20,20,20,20,20,20,20,20,20
Map_7636,10,137,10,10,10,8,8,8,8,8,8,8,8,8,8,8,8,8,8,8,8,8,8,8,8,8
Map_7637,385,210,23,23,61,36,17,23,17,23,17,23,17,23,17,23,17,17,17,17,17,17,17,17,17,17
Map_7638,153,134,95,95,95,25,25,25,25,25,25,25,25,25,25,25,25,25,25,25,25,25,25,25,25,25
Map_7639,342,102,21,21,21,21,18,18,18,18,18,18,18,18,18,18,18,17,20,17,20,17,18,17,18,17
Map_7640,511,92,20,20,29,30,20,20,20,20,20,20,20,20,20,20,20,20,20,20,20,20,20,20,20,20
Map_7641,637,217,45,49,45,502,58,49,58,49,58,49,49,49,49,49,59,57,59,57,59,57,59,57,59,57
Map_7642,622,222,103,79,79,104,52,76,52,76,52,76,52,76,52,76,53,83,53,57,53,57,53,122,53,122
Map_7643,69,53,19,19,20,19,19,19,19,19,19,19,19,19,19,19,19,19,19,19,19,19,19,19,19,19
Map_7644,513,115,36,36,36,44,36,52,36,52,36,52,36,52,36,52,36,41,36,41,36,41,36,51,36,51
Map_7645,23,33,14,14,14,15,14,14,14,14,14,14,14,14,14,14,14,12,15,12,15,12,14,12,14,12
Map_7646,547,98,51,51,51,55,51,51,51,51,51,51,51,51,51,51,46,50,46,45,46,45,46,50,46,50
Map_7647,140,210,29,29,29,29,29,27,29,27,29,27,27,27,27,27,29,27,29,27,29,27,29,27,29,27
Map_7648,4,80,4,4,4,14,4,4,4,4,4,4,4,4,4,4,4,4,4,4,4,4,4,4,4,4
Map_7649,470,243,27,28,27,28,27,28,27,28,27,28,28,28,28,28,27,27,23,27,23,27,27,28,27,28
Map_7650,585,158,113,56,114,177,54,54,54,54,54,54,54,54,54,54,52,51,52,51,52,51,51,54,54,54
Map_7651,536,363,10,10,10,10,10,10,10,10,10,10,10,10,10,10,10,10,10,10,10,10,10,10,10,10
Map_7652,64,93,18,22,18,24,17,18,17,18,17,18,17,21,17,21,17,17,19,17,19,17,17,17,17,18
Map_7653,22,197,17,14,17,17,46,14,46,14,46,14,60,14,60,14,58,14,62,14,62,14,63,14,85,14
Map_7654,6,541,6,6,6,7,6,6,6,6,6,6,6,6,6,6,6,6,6,6,6,6,6,6,6,6
Map_7655,599,300,63,63,74,79,21,21,21,21,21,21,21,21,21,21,21,20,21,21,21,21,21,20,23,20
Map_7656,31,177,22,22,20,24,18,18,18,18,18,18,18,18,18,18,18,18,18,18,18,18,18,18,18,18
Map_7657,54,200,28,28,28,28,28,28,28,28,28,28,28,28,28,28,27,27,27,27,27,27,27,27,27,27
Map_7658,226,398,68,33,72,243,25,37,25,37,25,37,25,37,25,37,25,25,25,25,25,25,25,25,25,37
Map_7659,40,46,32,32,32,39,32,32,32,32,32,32,32,32,32,32,23,19,23,19,23,19,23,19,23,19
Map_7660,13,33,10,10,10,10,10,10,10,10,10,10,10,10,10,10,10,10,10,10,10,10,10,10,10,10
Map_7661,601,393,87,108,160,488,61,61,56,56,56,56,61,61,61,61,77,77,77,77,77,77,77,77,77,77
Map_7662,9,587,9,9,9,9,9,9,9,9,9,9,9,9,9,9,9,9,9,9,9,9,9,9,9,9
Map_7663,20,321,19,19,19,29,19,19,19,19,19,19,19,19,19,19,21,19,21,19,21,19,21,19,21,19
Map_7664,16,326,16,16,16,16,16,14,16,14,16,14,16,14,16,14,16,14,16,14,16,14,16,14,16,14
Map_7665,6,10,5,5,5,5,5,5,5,5,5,5,5,5,5,5,5,5,6,5,6,5,5,5,5,5
Map_7666,137,147,62,62,26,46,82,26,82,26,82,26,82,26,82,26,67,26,86,26,86,26,67,26,67,26
Map_7667,453,254,18,18,18,18,18,18,18,18,18,18,18,18,18,18,18,18,18,18,18,18,18,18,18,18
Map_7668,528,284,45,45,45,45,45,44,45,44,45,44,45,44,44,44,27,41,27,41,27,41,27,41,27,41
Map_7669,585,227,163,492,455,305,120,308,114,308,114,308,100,309,100,309,122,122,121,138,121,138,90,196,90,196
Map_7670,390,173,207,109,276,229,155,125,155,125,155,125,155,129,155,129,93,93,105,93,105,93,93,93,93,93
Map_7671,38,151,26,26,22,35,26,22,26,22,26,22,26,22,26,22,28,17,28,17,28,17,28,17,17,17
Map_7672,19,174,13,13,14,13,13,13,14,13,14,13,13,13,13,13,13,13,13,13,13,13,13,13,13,13
Map_7673,526,514,251,247,251,394,228,211,228,211,228,211,211,211,211,211,113,115,142,115,142,115,113,115,115,120
Map_7674,631,294,161,157,161,284,139,139,139,139,139,139,139,139,139,139,90,96,89,163,89,163,93,101,93,101
Map_7675,584,143,101,101,433,110,69,76,69,76,69,76,69,76,69,76,32,32,38,32,38,32,48,32,48,35
Map_7676,10,32,9,9,10,9,9,9,9,9,9,9,9,9,9,9,9,9,11,9,11,9,9,9,9,9
Map_7677,470,124,13,13,13,27,16,13,16,13,16,13,13,13,13,13,37,13,37,13,37,13,27,13,16,13
Map_7678,513,200,49,49,45,109,32,32,32,32,32,32,32,32,32,32,23,23,23,23,23,23,23,23,23,23
Map_7679,604,252,21,21,21,16,15,15,15,15,15,15,15,15,15,15,15,15,15,15,15,15,15,15,15,15
Map_7680,561,224,31,31,31,24,20,20,20,20,20,20,20,20,20,20,18,17,18,16,18,16,16,17,16,17
Map_7681,70,95,13,13,13,13,11,11,11,11,11,11,11,11,11,11,14,11,14,11,14,11,11,11,11,11
Map_7682,6,275,6,6,6,6,6,6,6,6,6,6,6,6,6,6,6,6,6,6,6,6,6,6,6,6
Map_7683,331,241,40,29,40,41,28,34,28,34,28,34,28,34,28,34,39,34,39,30,39,30,38,34,38,34
Map_7684,6,40,5,5,5,5,5,5,5,5,5,5,5,5,5,5,5,5,5,5,5,5,5,5,5,5
Map_7685,8,62,8,8,8,8,8,8,8,8,8,8,8,8,8,8,8,8,8,8,8,8,8,8,8,8
Map_7686,76,553,47,40,39,55,40,40,40,40,40,40,40,40,40,40,27,38,31,38,31,34,27,38,27,38
Map_7687,113,272,50,36,50,55,31,36,31,36,31,36,31,36,31,36,28,36,28,36,28,36,28,36,28,36
Map_7688,608,236,497,465,583,386,236,324,236,324,236,324,275,321,275,285,135,52,152,52,142,52,135,52,135,52
Map_7689,18,174,14,13,14,17,13,13,13,13,13,13,13,13,13,13,13,13,13,13,13,13,13,13,13,13
Map_7690,483,460,291,274,217,89,45,45,45,45,45,45,45,45,45,45,31,31,79,31,79,31,31,31,31,31
Map_7691,572,53,50,50,50,24,24,24,24,24,24,24,24,24,24,24,18,18,18,18,18,18,18,18,18,18
Map_7692,8,247,8,8,8,14,9,8,9,8,9,8,9,8,9,8,9,8,9,8,9,8,9,8,9,8
Map_7693,66,408,126,52,53,121,53,73,53,73,53,73,52,61,52,61,45,54,45,54,45,54,45,73,45,73
Map_7694,8,250,8,8,8,8,8,8,8,8,8,8,8,8,8,8,8,8,8,8,8,8,8,8,8,8
Map_7695,460,627,22,22,22,24,22,22,22,22,22,22,22,22,22,22,22,22,22,22,22,22,22,22,22,22
Map_7696,13,281,12,10,10,12,10,10,10,10,10,10,10,10,10,10,12,10,14,10,14,10,10,10,10,10
Map_7697,402,330,13,13,13,13,13,13,13,13,13,13,13,13,13,13,13,13,13,13,14,13,13,13,13,13
Map_7698,382,171,21,26,21,49,46,48,46,48,46,48,48,48,48,48,40,25,40,21,40,21,40,25,40,25
Map_7699,592,432,511,434,488,513,382,416,382,444,382,444,428,428,428,428,134,100,166,100,161,100,325,100,352,100
Map_7700,10,89,10,10,10,10,10,10,10,10,10,10,10,10,10,10,10,10,10,10,10,10,10,10,10,10
Map_7701,12,25,12,12,12,12,12,12,12,12,12,12,12,12,12,12,12,12,12,12,12,12,12,12,12,12
Map_7702,22,91,79,77,78,20,20,20,20,20,20,20,20,20,20,20,21,20,21,20,21,20,21,20,21,20
Map_7703,255,379,20,20,30,20,20,19,20,19,20,19,19,19,19,19,30,19,20,19,20,19,19,19,19,19
Map_7704,6,325,6,6,6,6,6,6,6,6,6,6,6,6,6,6,6,6,6,6,6,6,6,6,6,6
Map_7705,108,124,27,27,27,53,27,27,27,27,27,27,27,27,27,27,27,27,49,47,49,47,27,27,27,27
Map_7706,611,340,51,51,59,84,47,47,47,47,47,47,47,47,47,47,84,44,82,44,82,44,51,44,47,44
Map_7707,14,69,14,14,14,12,12,11,12,11,12,11,11,11,11,11,12,11,16,11,16,11,12,11,12,11
Map_7708,130,122,34,34,34,34,32,32,32,32,32,32,32,32,32,32,17,17,17,17,17,17,17,17,17,17
Map_7709,73,420,29,29,29,29,29,29,29,29,29,29,29,29,29,29,29,52,42,92,42,92,29,55,29,55
Map_7710,17,131,15,15,15,15,15,15,15,15,15,15,15,15,15,15,15,14,14,14,14,14,15,14,15,14
Map_7711,12,31,11,11,11,11,11,11,11,11,11,11,11,11,11,11,11,11,11,11,11,11,11,11,11,11
Map_7712,36,393,22,22,22,30,20,25,20,25,20,25,20,25,20,25,20,18,25,18,25,18,20,18,20,18
Map_7713,560,490,44,44,44,45,44,44,44,44,44,44,44,44,44,44,66,44,59,44,59,44,44,44,44,44
Map_7714,61,62,25,25,28,25,25,25,25,25,25,25,25,25,25,25,25,25,25,25,25,25,25,25,25,25
Map_7715,18,576,11,11,11,11,11,11,11,11,11,11,11,11,11,11,11,11,11,11,11,11,11,11,11,11
Map_7716,491,212,101,132,130,143,61,112,61,112,61,112,53,134,57,134,44,112,42,112,42,112,44,112,44,112
Map_7717,172,211,21,21,21,21,21,25,21,25,21,25,21,25,23,25,21,18,21,18,21,18,21,18,21,18
Map_7718,380,155,54,54,55,55,55,54,55,54,55,54,55,54,55,54,48,54,50,54,50,54,48,54,48,54
Map_7719,125,299,27,34,27,27,27,34,27,34,27,34,34,34,34,34,27,34,27,34,27,34,27,34,29,34
Map_7720,105,404,41,41,58,44,37,37,37,37,37,37,37,37,37,37,39,38,39,38,39,38,39,35,39,35
Map_7721,610,406,23,23,23,142,30,32,30,32,30,32,30,32,30,32,23,32,23,32,23,32,23,32,23,32
Map_7722,393,425,124,116,109,124,83,82,83,82,83,82,82,82,82,82,63,42,63,42,63,42,66,42,66,42
Map_7723,14,43,10,10,10,13,10,10,10,10,10,10,10,10,10,10,10,10,16,10,16,10,10,10,10,10
Map_7724,8,28,6,6,6,8,6,6,6,6,6,6,6,6,6,6,6,6,6,6,6,6,6,6,6,6
Map_7725,12,191,11,11,11,11,11,11,11,11,11,11,11,11,11,11,11,11,11,11,11,11,11,11,11,11
Map_7726,139,103,15,15,15,15,15,15,15,15,15,15,15,15,15,15,15,15,15,15,15,15,15,15,15,15
Map_7727,499,364,21,25,21,37,21,25,21,25,21,25,25,25,25,25,11,11,11,11,11,11,11,11,11,25
Map_7728,548,324,31,31,104,29,26,26,26,26,26,26,26,26,26,26,89,26,89,26,89,26,84,26,84,26
Map_7729,131,212,22,22,21,27,21,19,21,19,21,19,21,19,21,19,21,19,21,19,21,19,21,19,21,19
Map_7730,591,240,15,15,15,21,15,15,15,15,15,15,15,15,15,15,15,15,15,15,15,15,15,15,15,15
Map_7731,151,549,56,56,56,55,31,31,31,31,31,31,31,31,31,31,20,20,20,20,20,20,20,20,20,20
Map_7732,591,190,37,16,26,43,17,16,17,14,17,14,17,16,17,16,17,14,17,14,17,14,17,14,17,14
Map_7733,566,207,28,28,28,40,28,28,28,28,28,28,28,28,28,28,36,28,36,28,36,28,36,28,36,28
Map_7734,593,378,15,15,15,15,15,15,15,15,15,15,15,15,15,15,15,15,15,15,15,15,15,15,15,15
Map_7735,415,288,12,12,12,12,12,12,12,12,12,12,12,12,12,12,12,12,12,12,12,12,12,12,12,12
Map_7736,9,21,8,8,8,8,8,8,8,8,8,8,8,8,8,8,8,8,8,8,8,8,8,8,8,8
Map_7737,102,398,35,35,55,118,40,55,40,55,40,55,40,144,40,144,46,35,49,35,49,35,46,35,46,55
Map_7738,16,170,13,15,13,32,15,15,15,15,15,15,15,15,15,15,15,13,15,13,15,13,15,14,15,14
Map_7739,26,310,27,32,27,30,21,21,21,21,21,21,21,21,21,21,21,21,21,21,21,21,21,21,21,21
Map_7740,7,67,7,7,7,8,7,7,7,7,7,7,7,7,7,7,7,7,7,7,7,7,7,7,7,7
Map_7741,569,526,75,92,99,60,56,37,56,37,56,37,56,37,56,37,35,37,47,37,47,37,52,37,52,37
Map_7742,575,143,45,45,78,84,34,53,34,53,34,53,34,53,34,53,38,48,34,59,34,59,38,48,36,48
Map_7743,192,475,15,14,15,16,15,12,15,12,15,12,12,12,12,12,12,12,12,12,12,12,12,12,12,12
Map_7744,227,146,32,29,32,32,22,22,22,22,22,22,22,22,22,22,25,22,25,22,25,22,25,22,25,22
Map_7745,587,293,59,59,490,89,59,45,59,45,59,45,59,45,59,45,39,45,39,45,39,45,40,45,40,45
Map_7746,77,106,37,35,35,37,31,33,31,33,31,33,31,33,31,33,31,31,31,31,31,31,31,31,31,31
Map_7747,495,358,43,43,43,45,93,89,93,89,93,89,88,48,88,48,68,78,68,78,68,78,74,77,72,81
Map_7748,17,306,46,17,17,45,13,17,13,17,13,17,13,17,13,17,17,13,17,13,17,13,13,13,13,13
Map_7749,457,245,19,19,19,19,19,19,19,19,19,19,19,19,19,19,19,19,19,19,19,19,19,19,19,19
Map_7750,35,58,13,13,13,13,13,13,13,13,13,13,13,13,13,13,13,13,13,13,13,13,13,13,13,13
Map_7751,595,347,31,27,27,31,27,29,27,29,27,29,27,29,27,29,27,27,27,27,27,27,27,27,27,27
Map_7752,17,23,15,15,15,15,15,17,15,17,15,17,15,17,15,17,14,14,14,14,14,14,14,14,15,14
Map_7753,590,332,117,117,321,86,117,117,117,117,117,117,118,118,118,118,64,46,64,46,61,46,46,74,57,111
Map_7754,9,170,9,9,9,38,9,9,9,9,9,9,9,9,9,9,9,9,9,9,9,9,9,9,9,9
Map_7755,610,230,101,107,136,39,29,42,29,41,29,41,29,42,29,42,29,29,29,29,29,29,29,29,29,29
Map_7756,519,175,60,60,86,56,50,50,52,50,52,50,50,50,50,50,23,23,23,23,23,23,50,23,50,44
Map_7757,126,271,22,21,22,24,22,21,22,21,22,21,21,21,21,21,23,21,23,21,23,21,23,21,22,21
Map_7758,96,87,66,48,66,65,72,48,72,48,72,48,77,48,89,48,53,48,53,48,53,48,54,48,54,48
Map_7759,8,210,8,8,8,25,8,8,8,8,8,8,8,8,8,8,8,8,8,8,8,8,8,8,8,8
Map_7760,476,427,25,25,25,76,25,25,25,25,25,25,25,25,25,25,52,25,70,25,70,25,26,25,25,25
Map_7761,426,191,49,49,47,56,37,47,37,47,37,47,37,47,37,47,37,47,37,39,37,39,37,47,37,47
Map_7762,29,258,16,16,16,16,16,19,16,19,16,19,16,19,16,19,16,16,16,16,16,16,16,16,16,16
Map_7763,648,544,230,193,206,541,187,248,187,248,187,248,199,376,199,376,236,164,132,164,132,164,235,164,235,164
Map_7764,168,127,62,62,96,32,50,52,50,52,50,52,66,66,66,66,31,25,31,25,31,25,31,25,31,25
Map_7765,363,617,37,37,37,42,35,113,35,113,35,113,113,113,133,133,35,35,35,35,35,35,35,35,35,90
Map_7766,339,250,58,58,107,78,69,48,69,48,69,48,55,48,55,48,127,48,127,48,127,48,119,48,69,48
Map_7767,96,230,38,38,38,38,38,39,38,39,38,39,38,39,38,39,37,50,37,45,37,45,37,50,37,50
Map_7768,285,244,30,28,33,30,28,28,29,28,29,28,28,28,28,28,30,28,30,30,30,30,30,28,30,28
Map_7769,599,131,16,16,16,20,16,16,16,16,16,16,16,16,16,16,38,16,38,16,38,16,16,16,16,16
Map_7770,136,118,25,25,25,29,25,25,25,25,25,25,25,25,41,32,29,35,27,35,27,35,25,35,25,35
Map_7771,551,90,12,12,12,12,12,12,12,12,12,12,12,12,12,12,12,12,12,12,12,12,12,12,12,12
Map_7772,24,122,24,24,24,42,24,24,24,24,24,24,24,24,24,24,22,19,22,19,22,19,22,19,22,19
Map_7773,21,444,18,18,18,19,18,18,18,18,18,18,18,18,18,18,18,18,23,18,23,18,18,18,18,18
Map_7774,14,129,16,16,16,29,16,13,16,13,16,13,13,13,13,13,13,13,13,13,13,13,13,13,13,13
Map_7775,21,429,28,28,70,28,27,26,27,26,27,26,27,26,26,26,25,20,25,20,25,20,25,20,25,20
Map_7776,72,163,82,82,141,55,49,36,49,36,49,36,48,37,48,37,55,28,55,28,55,28,48,28,48,28
Map_7777,567,230,35,35,72,43,30,30,30,30,30,30,30,30,30,30,30,30,38,30,38,30,30,30,30,30
Map_7778,502,229,19,19,19,47,19,32,19,32,19,32,19,32,19,32,19,27,19,27,19,27,19,27,19,27
Map_7779,63,108,78,78,77,79,35,38,35,38,35,38,35,38,35,38,35,15,37,15,37,15,28,15,28,15
Map_7780,41,69,16,16,16,16,16,16,16,16,16,16,16,16,16,16,16,16,16,16,16,16,16,16,16,16
Map_7781,615,362,51,51,39,74,44,41,44,41,44,41,44,41,44,41,90,41,94,42,94,42,44,41,44,41
Map_7782,19,353,19,19,208,33,18,18,18,18,18,18,18,18,18,18,18,18,18,18,18,18,18,18,18,18
Map_7783,20,25,14,14,14,14,14,14,14,14,14,14,14,14,14,14,14,12,18,12,18,12,14,12,14,12
Map_7784,543,237,49,49,49,49,23,38,23,38,23,38,94,83,94,83,24,23,24,24,24,24,24,23,24,83
Map_7785,24,287,8,8,8,28,8,8,8,8,8,8,8,8,8,8,8,8,8,8,8,8,8,8,8,8
Map_7786,75,47,26,26,24,26,26,24,26,24,26,24,26,24,26,24,16,16,16,16,16,16,16,16,16,16
Map_7787,33,202,49,45,49,57,45,30,45,30,45,30,45,30,51,30,30,30,30,30,30,30,30,30,30,30
Map_7788,605,376,365,381,376,385,97,58,97,58,97,58,96,58,96,58,103,55,232,55,232,55,103,55,113,55
Map_7789,31,83,19,19,22,21,15,15,15,15,15,15,15,15,15,15,18,15,18,15,18,15,15,15,15,15
Map_7790,539,352,479,462,524,294,377,191,377,191,377,191,483,483,449,449,92,299,98,354,98,354,91,319,91,319
Map_7791,59,273,47,47,86,58,72,47,72,47,72,47,72,47,72,61,56,47,56,47,56,47,56,47,72,47
Map_7792,531,414,57,57,57,57,47,42,47,42,47,42,47,42,47,42,50,41,50,41,50,41,47,38,47,38
Map_7793,20,71,26,26,23,27,23,18,23,18,23,18,23,18,23,18,19,18,19,18,19,18,23,18,23,18
Map_7794,203,192,69,69,69,240,76,71,76,71,76,71,76,71,76,71,69,71,69,71,69,71,69,71,69,71
Map_7795,15,343,31,31,15,36,31,31,31,31,31,31,31,31,31,31,31,15,31,15,31,15,31,31,31,31
Map_7796,315,304,26,26,26,33,23,23,23,23,23,23,23,23,23,23,23,23,23,23,23,23,23,23,23,23
Map_7797,11,384,11,11,11,205,11,13,11,13,11,13,11,13,11,13,11,11,11,11,11,11,11,11,11,11
Map_7798,5,38,5,5,5,13,5,5,5,5,5,5,5,5,5,5,5,5,5,5,5,5,5,5,5,5
Map_7799,90,426,31,31,29,31,31,24,31,24,31,24,31,24,31,24,31,24,34,24,34,24,31,24,31,24
Map_7800,29,223,26,21,26,29,26,17,26,17,26,17,26,17,21,17,26,17,26,17,26,17,26,17,26,17
Map_7801,23,48,16,16,16,16,16,9,16,9,16,9,16,9,16,9,13,9,13,9,13,9,13,9,13,9
Map_7802,18,168,15,15,15,23,15,14,15,14,15,14,14,14,14,14,13,14,13,13,13,13,16,14,15,14
Map_7803,554,146,409,229,111,135,106,78,106,78,106,78,95,78,95,78,36,36,36,36,36,36,36,36,36,36
Map_7804,578,137,43,43,38,53,35,47,35,47,35,47,35,47,35,47,50,32,50,32,50,32,35,32,35,32
Map_7805,11,21,11,11,15,11,11,11,11,11,11,11,11,11,11,11,11,11,11,11,11,11,11,11,11,11
Map_7806,87,253,20,20,20,24,20,20,20,20,20,20,20,20,20,20,20,20,20,20,20,20,20,20,20,20
Map_7807,269,221,23,23,23,27,23,28,23,28,23,28,23,28,23,28,23,23,23,23,23,23,23,23,23,23
Map_7808,407,414,73,73,73,555,60,60,60,60,60,60,61,61,61,61,62,60,62,60,68,43,58,60,58,60
Map_7809,8,228,8,8,8,8,8,8,8,8,8,8,8,8,8,8,8,8,8,8,8,8,8,8,8,8
Map_7810,503,141,129,137,129,111,78,146,78,146,78,146,137,155,137,155,82,81,100,81,100,81,78,81,78,154
Map_7811,287,342,8,8,8,8,8,8,8,8,8,8,8,8,8,8,8,8,8,8,8,8,8,8,8,8
Map_7812,58,482,57,57,57,57,41,44,41,44,41,44,44,44,44,44,41,41,55,41,55,41,41,41,41,44
Map_7813,54,110,14,14,14,88,15,14,15,14,15,14,15,14,15,14,15,13,15,13,15,13,15,13,15,13
Map_7814,575,539,89,112,89,144,156,181,156,181,156,181,173,176,176,176,103,88,114,71,125,71,108,88,108,88
Map_7815,43,94,25,25,25,36,27,25,27,25,27,25,27,25,27,25,28,20,28,20,28,20,26,20,26,20
Map_7816,58,166,24,23,24,24,33,23,33,23,33,23,23,23,23,23,33,23,33,23,33,23,33,23,33,23
Map_7817,264,180,181,238,207,183,38,98,38,98,38,98,38,75,38,75,66,49,66,49,66,49,99,81,108,81
Map_7818,369,483,134,93,167,387,86,86,86,86,86,86,86,86,86,86,105,81,109,81,109,81,86,81,86,81
Map_7819,254,148,52,52,121,52,42,43,42,43,42,43,42,40,42,40,44,43,39,43,39,43,44,43,44,43
Map_7820,566,146,41,18,18,46,18,18,18,18,18,18,18,18,18,18,17,18,17,17,17,17,19,18,19,18
Map_7821,375,162,30,30,30,18,16,16,16,16,16,16,16,16,16,16,16,16,16,16,16,16,16,16,16,16
Map_7822,583,326,258,274,342,265,52,52,52,52,52,52,52,52,52,52,52,52,52,52,52,52,52,52,52,52
Map_7823,59,364,21,21,21,25,21,21,21,21,21,21,21,21,21,21,21,21,31,21,31,21,21,21,21,21
Map_7824,15,284,16,14,16,24,16,14,16,14,16,14,14,14,14,14,22,14,22,14,22,14,16,14,16,14
Map_7825,39,286,28,28,28,341,27,25,27,25,27,25,25,25,25,25,30,25,30,27,30,27,30,25,27,25
Map_7826,21,98,12,12,14,15,12,12,12,12,12,12,12,12,12,12,12,12,12,12,12,12,12,12,12,12
Map_7827,629,146,25,25,25,25,23,23,23,23,23,23,23,23,23,23,23,23,23,23,23,23,23,23,23,23
Map_7828,23,118,13,13,13,26,13,13,13,13,13,13,13,13,13,13,16,13,16,13,16,13,16,13,13,13
Map_7829,484,328,16,16,16,49,26,21,26,21,26,21,26,21,26,21,12,11,12,11,12,11,12,11,12,11
Map_7830,136,364,146,95,475,165,99,55,47,61,47,61,98,79,98,79,32,46,34,39,34,39,32,49,32,49
Map_7831,590,354,14,14,14,17,14,14,14,14,14,14,14,14,14,14,14,14,14,14,14,14,14,14,14,14
Map_7832,18,139,10,10,10,10,10,10,10,10,10,10,10,10,10,10,10,10,10,10,10,10,10,10,10,10
Map_7833,19,293,19,18,19,23,14,18,14,18,14,18,14,18,14,18,14,14,14,14,14,14,14,14,14,14
Map_7834,610,303,159,143,55,126,93,62,93,62,93,62,154,62,154,62,95,43,111,36,111,36,241,43,247,43
Map_7835,39,484,16,15,16,16,15,22,15,22,15,22,15,22,15,22,16,16,19,16,19,16,16,15,15,15
Map_7836,124,190,18,18,18,18,18,18,18,18,18,18,18,18,18,18,19,18,19,18,19,18,19,18,19,18
Map_7837,38,109,23,18,23,35,16,18,16,18,16,18,15,18,15,18,15,15,15,15,15,15,15,15,15,15
Map_7838,376,169,93,57,127,72,56,56,56,56,56,56,60,60,60,60,61,56,61,56,61,56,61,81,61,93
Map_7839,194,123,37,37,37,81,37,37,37,37,37,37,37,37,37,37,45,28,45,25,48,25,29,28,29,28
Map_7840,37,116,27,25,27,27,25,10,25,10,25,10,25,10,25,10,27,10,27,10,27,10,27,10,27,10
Map_7841,29,171,13,13,13,11,11,11,11,11,11,11,11,11,11,11,11,11,11,11,11,11,11,11,11,11
Map_7842,18,463,24,24,24,41,24,30,24,30,24,30,24,30,24,30,22,18,22,18,22,18,24,18,24,18
Map_7843,579,151,22,22,22,22,22,22,22,22,22,22,22,22,22,22,22,27,22,27,22,27,22,27,22,27
Map_7844,216,350,9,9,9,12,9,9,9,9,9,9,9,9,9,9,10,9,10,9,10,9,9,9,9,9
Map_7845,348,143,65,65,65,244,71,71,71,71,71,71,71,71,71,71,46,33,46,33,46,33,46,33,46,33
Map_7846,438,167,22,22,22,88,21,23,21,23,21,23,21,22,21,22,21,21,21,21,21,21,21,21,21,21
Map_7847,20,100,21,20,21,21,20,20,20,20,20,20,20,20,20,20,20,20,20,20,20,20,20,20,20,20
Map_7848,380,207,14,14,14,45,14,14,14,14,14,14,14,14,14,14,14,14,14,14,14,14,14,14,14,14
Map_7849,27,527,35,35,34,37,23,23,23,23,23,23,23,23,23,23,23,23,23,23,23,23,23,23,23,23
Map_7850,592,422,18,18,18,18,18,18,18,18,18,18,18,18,18,18,18,18,18,18,18,18,18,18,18,18
Map_7851,413,523,26,26,26,41,23,23,23,23,23,23,23,23,23,23,30,23,30,23,30,23,30,23,23,23
Map_7852,185,137,25,25,25,21,21,21,21,21,21,21,21,21,21,21,21,21,21,21,21,21,21,21,21,21
Map_7853,196,375,76,75,98,84,54,54,54,54,54,54,54,54,54,54,175,58,126,58,126,58,152,54,152,54
Map_7854,7,67,7,7,7,8,7,7,7,7,7,7,7,7,7,7,7,7,7,7,7,7,7,7,7,7
Map_7855,105,141,41,41,41,54,41,34,41,34,41,34,34,34,34,34,40,34,36,34,36,34,40,34,38,34
Map_7856,428,323,49,49,48,74,46,45,46,45,46,45,45,45,45,45,48,45,48,45,48,45,48,45,48,45
Map_7857,9,138,9,9,9,9,9,9,9,9,9,9,9,9,9,9,9,9,9,9,9,9,9,9,9,9
Map_7858,167,94,18,18,18,18,18,34,18,34,18,34,18,47,18,47,18,18,18,18,18,18,18,18,18,18
Map_7859,633,361,108,100,55,507,91,89,91,89,91,89,103,86,106,86,38,47,38,47,38,47,38,47,38,47
Map_7860,375,217,32,32,32,35,32,32,32,32,32,32,32,32,32,32,32,32,32,32,32,32,32,32,32,32
Map_7861,575,123,28,28,28,28,25,26,25,26,25,26,26,26,26,26,29,54,29,63,29,36,40,54,56,54
Map_7862,104,254,36,36,37,38,35,35,35,35,35,35,35,35,35,35,35,35,35,35,35,35,35,35,35,35
Map_7863,314,479,23,21,21,39,23,20,23,20,23,20,21,20,21,20,23,20,23,20,23,20,23,20,23,20
Map_7864,465,305,23,23,23,23,23,23,23,23,23,23,23,23,23,23,37,22,46,22,46,22,24,22,24,22
Map_7865,603,245,30,30,30,44,42,42,42,42,42,42,42,42,42,42,39,39,39,39,39,39,39,39,50,42
Map_7866,536,208,163,163,362,344,162,115,163,115,163,115,158,115,158,115,65,52,65,52,65,52,69,83,62,115
Map_7867,8,36,8,8,8,8,8,8,8,8,8,8,8,8,8,8,8,8,8,8,8,8,8,8,8,8
Map_7868,549,622,12,11,12,12,11,11,11,11,11,11,11,11,11,11,11,11,11,11,11,11,11,11,11,11
Map_7869,497,121,69,69,69,56,69,69,69,69,69,69,69,69,69,69,63,67,63,60,63,60,69,69,69,69
Map_7870,38,139,19,19,18,19,15,19,15,19,15,19,15,19,15,19,15,15,15,15,15,15,15,15,15,15
Map_7871,96,208,69,75,69,366,33,33,33,33,33,33,33,33,33,33,35,25,36,25,36,25,33,25,33,25
Map_7872,552,160,240,74,248,214,84,53,84,53,84,53,83,74,83,74,46,52,46,52,46,52,47,52,47,52
Map_7873,141,263,18,18,18,23,18,18,18,18,18,18,18,18,18,18,18,18,18,18,18,18,18,18,18,18
Map_7874,369,323,214,186,286,434,67,174,67,174,67,174,67,175,67,175,56,56,56,56,56,56,56,56,56,56
Map_7875,12,520,14,14,14,14,14,14,14,14,14,14,22,22,22,22,12,12,12,12,12,12,12,12,12,12
Map_7876,276,290,17,17,17,273,17,17,17,17,17,17,17,17,17,17,17,17,17,17,17,17,17,17,17,17
Map_7877,544,319,205,204,278,368,57,53,57,53,57,53,57,31,85,31,33,33,33,33,33,33,33,33,49,33
Map_7878,19,101,18,18,18,17,17,17,17,17,17,17,17,17,17,17,17,17,19,17,19,17,17,17,17,17
Map_7879,16,184,8,8,8,8,8,8,8,8,8,8,8,8,8,8,8,8,8,8,8,8,8,8,8,8
Map_7880,29,240,30,30,30,46,30,30,30,30,30,30,30,30,30,30,41,30,41,30,41,30,30,30,30,30
Map_7881,109,272,23,23,23,26,24,24,24,24,24,24,24,24,24,24,24,24,24,24,24,24,24,24,24,24
Map_7882,9,179,7,7,7,9,9,7,9,7,9,7,9,7,9,7,9,7,9,7,9,7,9,7,9,7
Map_7883,242,226,20,20,20,70,20,20,20,20,20,20,20,20,20,20,23,20,23,20,23,20,23,20,23,20
Map_7884,486,201,37,37,37,37,37,37,37,37,37,37,37,37,37,37,27,31,27,31,27,31,27,31,91,31
Map_7885,41,365,133,49,133,35,37,61,37,61,37,61,37,37,37,37,37,60,37,60,37,60,37,60,37,60
Map_7886,365,64,18,18,18,18,13,13,13,13,13,13,13,13,13,13,13,13,13,13,13,13,13,13,13,13
Map_7887,294,154,80,80,80,67,61,65,61,65,61,65,65,65,65,65,66,43,66,42,66,42,61,43,61,43
Map_7888,58,237,16,15,16,23,15,15,15,15,15,15,15,15,15,15,16,15,16,15,16,15,16,15,15,15
Map_7889,548,114,52,51,52,55,34,34,34,34,34,34,34,34,34,34,34,34,35,34,35,34,34,34,34,34
Map_7890,99,144,119,127,46,104,47,47,47,47,47,47,47,47,47,47,47,36,47,36,47,36,47,36,47,36
Map_7891,392,184,327,186,357,330,445,156,445,156,445,156,210,210,210,210,356,74,128,74,128,74,296,83,116,116
Map_7892,463,234,44,27,58,85,30,30,30,30,30,30,29,30,29,30,26,22,26,22,26,22,26,22,26,22
Map_7893,8,14,8,8,8,8,8,8,8,8,8,8,8,8,8,8,10,8,10,8,10,8,8,8,8,8
Map_7894,444,214,15,15,30,15,15,15,15,15,15,15,15,15,15,15,15,15,15,15,15,15,15,15,15,15
Map_7895,11,199,11,11,11,20,11,11,11,11,11,11,11,11,11,11,11,11,11,11,11,11,11,11,11,11
Map_7896,569,270,55,55,55,65,55,55,55,55,55,55,55,55,55,55,47,46,47,46,47,46,47,46,47,46
Map_7897,188,508,15,12,15,15,15,12,15,12,15,12,12,12,12,12,17,12,17,12,17,12,17,12,17,12
Map_7898,636,320,46,46,46,46,46,46,46,46,46,46,46,46,46,46,24,24,24,24,24,24,24,24,24,24
Map_7899,268,56,13,13,13,49,13,13,13,13,13,13,13,13,13,13,13,13,13,13,13,13,13,13,13,13
Map_7900,69,213,67,122,66,89,30,30,30,30,30,30,30,30,30,30,31,30,31,30,31,30,30,30,30,30
Map_7901,632,145,22,22,53,22,22,32,22,32,22,32,22,32,22,32,18,28,18,28,18,28,18,28,18,28
Map_7902,55,463,23,19,23,21,25,19,25,19,25,19,25,19,25,19,25,19,25,19,25,19,25,19,25,19
Map_7903,8,198,8,8,8,8,8,8,8,8,8,8,8,8,8,8,8,8,8,8,8,8,8,8,8,8
Map_7904,612,366,501,313,452,590,541,315,541,315,541,315,541,266,395,388,64,55,64,55,64,55,57,55,57,55
Map_7905,47,56,14,14,14,17,14,14,14,14,14,14,14,14,14,14,14,14,14,14,14,14,14,14,14,14
Map_7906,607,291,35,35,46,45,35,33,35,33,35,33,35,33,35,33,35,27,35,27,35,27,35,27,35,27
Map_7907,567,393,70,58,70,118,120,173,120,173,120,173,120,281,120,281,161,55,112,55,102,55,160,55,160,55
Map_7908,15,128,16,16,16,16,14,11,14,11,14,11,14,11,14,11,13,11,14,11,14,11,13,11,13,11
Map_7909,6,123,6,6,6,6,6,6,6,6,6,6,6,6,6,6,6,6,6,6,6,6,6,6,6,6
Map_7910,634,220,11,11,11,11,11,11,11,11,11,11,11,11,11,11,11,11,11,11,11,11,11,11,11,11
Map_7911,632,341,374,110,464,401,64,68,64,68,64,68,64,68,64,68,61,43,70,43,70,43,61,43,61,43
Map_7912,161,118,66,66,72,68,59,59,59,59,59,59,59,59,59,59,44,39,44,39,44,39,39,39,39,39
Map_7913,7,25,7,7,7,7,7,7,7,7,7,7,7,7,7,7,7,7,7,7,7,7,7,7,7,7
Map_7914,597,525,19,18,23,26,18,18,18,18,18,18,18,18,18,18,20,18,20,18,20,18,19,18,18,18
Map_7915,9,107,8,8,7,8,7,7,7,7,7,7,7,7,7,7,7,7,7,7,7,7,7,7,7,7
Map_7916,555,285,75,73,71,82,73,73,73,73,73,73,73,73,73,73,81,74,79,74,79,74,73,73,73,73
Map_7917,127,310,74,74,154,291,71,71,99,71,99,71,73,72,108,72,145,40,145,40,152,40,69,42,69,67
Map_7918,347,150,31,43,46,57,33,33,33,33,33,33,33,43,43,43,45,33,45,34,48,34,45,33,45,33
Map_7919,591,391,32,32,32,32,32,32,32,32,32,32,32,32,32,32,43,32,43,32,43,32,32,32,32,32
Map_7920,24,135,20,20,72,20,20,20,20,20,20,20,20,20,20,20,20,20,20,20,20,20,20,20,20,20
Map_7921,25,33,21,21,21,20,17,17,17,17,17,17,17,17,17,17,17,17,17,17,17,17,17,17,17,18
Map_7922,532,203,91,91,331,125,68,91,68,91,68,91,91,91,91,91,122,68,110,68,110,68,102,88,121,88
Map_7923,28,269,28,28,28,40,28,28,28,28,28,28,28,28,28,28,30,24,36,24,36,24,28,24,28,24
Map_7924,202,118,27,27,30,48,24,22,24,22,24,22,24,22,24,22,24,22,24,22,24,22,24,22,24,22
Map_7925,522,159,30,29,30,40,30,29,30,29,30,29,29,29,29,29,31,29,39,29,39,29,30,29,30,29
Map_7926,209,235,222,233,366,296,206,39,206,39,206,39,206,39,206,39,50,39,50,39,50,39,50,39,50,39
Map_7927,272,97,16,16,21,33,15,15,15,15,15,15,15,15,15,15,22,15,20,15,20,15,15,15,15,15
Map_7928,590,499,54,50,54,73,32,32,32,32,32,32,32,32,32,32,106,32,55,32,55,32,106,32,106,32
Map_7929,441,376,94,94,104,191,94,99,94,99,94,99,93,99,93,99,109,33,167,33,167,33,94,33,94,33
Map_7930,10,60,10,10,10,10,10,10,10,10,10,10,10,10,10,10,10,10,10,10,10,10,10,10,10,10
Map_7931,611,301,296,357,123,40,45,41,45,41,45,41,25,46,25,46,62,25,62,25,78,25,62,25,62,32
Map_7932,513,229,103,103,299,389,215,96,220,96,220,96,323,96,323,96,101,45,103,45,103,45,101,47,101,47
Map_7933,359,398,161,161,161,87,148,67,148,67,148,67,160,67,160,86,67,86,67,86,67,86,67,86,67,86
Map_7934,284,358,27,27,27,65,27,27,27,27,27,27,27,27,27,27,38,27,38,27,38,27,38,27,38,27
Map_7935,37,159,30,30,30,25,22,52,22,52,22,52,22,52,22,52,22,22,26,22,26,22,22,22,22,22
Map_7936,514,113,120,72,51,118,75,71,75,71,75,71,72,72,72,72,93,46,77,46,77,46,112,46,113,46
Map_7937,504,110,39,39,41,53,107,51,107,51,107,51,107,51,107,51,52,39,41,39,41,39,107,39,107,39
Map_7938,164,157,25,25,25,25,38,36,38,36,38,36,36,36,36,36,21,21,21,21,21,21,21,21,21,21
Map_7939,10,53,10,8,8,10,8,8,8,8,8,8,8,8,8,8,10,8,10,8,10,8,10,8,10,8
Map_7940,15,46,12,12,12,16,12,12,12,12,12,12,12,12,12,12,12,12,14,12,14,12,12,12,12,12
Map_7941,265,145,17,17,19,17,17,17,17,17,17,17,17,17,17,17,17,17,17,17,17,17,17,17,17,17
Map_7942,14,180,10,10,10,17,10,10,10,10,10,10,10,10,10,10,11,10,11,10,11,10,10,10,10,10
Map_7943,588,62,33,33,41,33,27,27,27,27,27,27,27,27,27,27,35,27,40,27,40,27,35,27,35,27
Map_7944,543,238,42,42,42,74,42,73,32,73,32,73,73,73,49,49,37,81,37,63,37,63,53,81,42,81
Map_7945,42,184,17,17,16,25,17,16,17,16,17,16,17,16,17,16,17,16,17,16,17,16,17,16,17,16
Map_7946,161,98,72,45,72,49,52,53,52,52,52,52,52,53,53,53,40,40,40,40,43,40,40,44,40,44
Map_7947,198,283,220,48,45,219,47,47,47,47,47,47,41,41,41,41,46,41,46,41,46,41,41,41,41,41
Map_7948,555,156,47,47,48,52,41,41,41,41,41,41,41,41,41,41,29,29,29,29,29,29,29,29,29,29
Map_7949,23,506,13,13,13,37,13,13,13,13,13,13,13,13,13,13,13,13,13,13,13,13,13,13,13,13
Map_7950,15,29,13,12,13,18,12,12,12,12,12,12,12,12,12,12,12,12,12,12,12,12,12,12,12,12
Map_7951,573,220,48,48,296,51,46,48,46,48,46,48,46,48,46,48,44,28,44,27,44,27,44,28,46,28
Map_7952,166,87,83,83,61,84,34,98,34,92,34,92,34,98,34,98,23,23,23,23,23,23,23,23,23,23
Map_7953,16,208,16,16,16,18,16,16,16,16,16,16,16,16,16,16,16,16,16,21,16,21,16,16,16,16
Map_7954,8,91,8,8,8,8,8,8,8,8,8,8,8,8,8,8,8,8,8,8,8,8,8,8,8,8
Map_7955,21,64,21,21,20,21,21,21,21,21,21,21,21,21,21,21,33,21,33,21,33,21,44,21,44,21
Map_7956,663,353,62,62,107,62,48,48,48,48,48,48,48,48,48,48,50,47,50,47,50,47,48,47,48,47
Map_7957,11,23,14,11,14,15,9,11,9,11,9,11,9,11,9,11,9,9,9,9,9,9,9,9,9,9
Map_7958,529,345,18,18,18,18,18,17,18,17,18,17,17,37,35,37,18,17,18,17,18,17,18,17,18,17
Map_7959,564,379,20,20,20,47,20,20,20,20,20,20,20,20,20,20,20,20,20,20,20,20,20,20,20,20
Map_7960,21,30,18,18,18,18,18,18,18,18,18,18,18,18,18,18,17,17,17,17,17,17,17,17,17,17
Map_7961,17,26,15,15,15,16,13,13,13,13,13,13,13,13,13,13,13,13,13,13,13,13,13,13,13,13
Map_7962,387,190,42,42,42,37,26,26,26,26,26,26,26,26,26,26,26,26,26,26,26,26,26,26,26,26
Map_7963,13,87,13,13,13,24,13,13,13,13,13,13,13,13,13,13,13,13,13,13,13,13,13,13,13,13
Map_7964,6,106,6,6,6,6,6,6,6,6,6,6,6,6,6,6,6,6,6,6,6,6,6,6,6,6
Map_7965,10,33,6,6,6,10,6,6,6,6,6,6,6,6,6,6,6,6,6,6,6,6,6,6,6,6
Map_7966,589,364,26,502,26,507,18,18,18,18,18,18,18,18,18,18,19,18,19,18,19,18,19,18,19,18
Map_7967,16,291,24,14,42,24,16,14,16,14,16,14,16,14,16,14,13,14,13,14,13,14,13,14,13,14
Map_7968,17,250,17,17,17,17,21,17,21,17,21,17,21,17,21,17,21,17,21,17,21,17,21,17,21,17
Map_7969,73,490,11,11,11,33,11,11,11,11,11,11,11,11,11,11,11,11,11,11,11,11,11,11,11,11
Map_7970,41,149,61,60,61,89,69,57,69,57,69,57,57,57,57,57,34,34,34,34,36,34,34,34,34,34
Map_7971,43,267,28,28,28,35,21,21,21,21,21,21,21,21,21,21,21,21,21,21,21,21,21,21,21,21
Map_7972,366,413,192,194,174,295,133,136,133,136,133,136,121,136,134,136,94,54,94,54,94,54,93,54,93,54
Map_7973,50,109,21,21,21,24,27,25,27,25,27,25,25,25,25,25,21,21,21,21,21,21,21,21,21,21
Map_7974,7,406,7,7,7,7,7,7,7,7,7,7,7,7,7,7,7,7,7,7,7,7,7,7,7,7
Map_7975,434,399,42,37,37,42,42,37,42,37,42,37,37,37,37,37,48,37,56,37,56,37,42,37,42,37
Map_7976,47,369,42,42,42,53,42,70,42,70,42,70,42,70,42,70,26,26,26,26,26,26,26,26,26,26
Map_7977,43,110,32,32,32,33,31,31,31,31,31,31,31,31,31,31,31,27,31,27,31,27,30,27,30,27
Map_7978,227,121,28,28,28,28,28,28,28,28,28,28,28,28,28,28,28,28,28,28,28,28,28,28,28,28
Map_7979,86,120,33,33,33,38,33,33,33,33,33,33,33,33,33,33,33,31,27,31,27,31,30,33,30,33
Map_7980,20,19,11,11,11,13,11,11,11,11,11,11,11,11,11,11,13,11,13,11,14,11,13,11,13,11
Map_7981,6,22,6,6,6,9,6,6,6,6,6,6,6,6,6,6,6,6,6,6,6,6,6,6,6,6
Map_7982,562,368,106,106,115,198,42,46,42,46,42,46,42,46,42,46,28,62,29,62,29,62,28,62,28,62
Map_7983,187,148,71,71,71,86,51,51,51,51,51,51,59,53,59,53,59,50,59,50,59,50,59,50,59,50
Map_7984,587,150,172,172,226,469,539,164,540,164,540,164,422,422,422,422,31,35,31,35,31,35,31,35,32,35
Map_7985,373,360,192,56,109,228,68,56,68,56,68,56,56,56,56,56,52,45,52,47,52,47,56,45,56,56
Map_7986,25,153,12,12,12,14,12,12,12,12,12,12,12,12,12,12,12,12,12,12,12,12,12,12,12,12
Map_7987,21,94,16,16,18,17,17,16,17,16,17,16,16,16,16,16,20,16,20,16,20,16,19,16,17,16
Map_7988,17,372,12,12,12,12,17,17,17,17,17,17,17,17,17,17,20,17,20,17,20,17,20,17,17,17
Map_7989,42,272,30,30,25,21,17,17,17,17,17,17,17,17,17,17,17,17,17,17,17,17,17,17,17,17
Map_7990,533,106,22,22,22,22,22,22,22,22,22,22,22,22,22,22,22,22,22,22,22,22,22,22,22,22
Map_7991,73,151,38,31,31,122,31,31,31,31,31,31,31,31,31,31,31,31,31,31,31,31,31,31,31,31
Map_7992,121,158,20,20,20,20,20,20,20,20,20,20,20,20,20,20,20,20,20,20,20,20,20,20,20,20
Map_7993,279,282,45,45,141,45,50,50,50,50,50,50,40,46,40,46,40,28,29,28,29,28,40,28,40,28
Map_7994,20,100,12,12,12,12,12,12,12,12,12,12,12,12,12,12,12,12,12,12,12,12,12,12,12,12
Map_7995,506,500,51,51,55,297,46,27,46,27,46,27,27,27,27,27,27,27,39,27,39,27,27,27,27,27
Map_7996,397,483,39,39,31,45,31,44,31,31,31,31,39,44,39,44,31,28,31,28,31,28,31,28,31,28
Map_7997,21,337,16,16,16,45,18,16,18,16,18,16,18,16,18,16,18,16,18,16,18,16,18,16,18,16
Map_7998,632,393,24,24,24,26,24,24,24,24,24,24,24,24,24,24,24,24,24,24,24,24,24,24,24,24
Map_7999,542,118,78,78,145,140,42,48,42,48,42,48,42,48,42,48,38,38,38,38,38,38,38,38,38,38
Map_8000,11,87,11,11,11,11,11,11,11,11,11,11,11,11,11,11,11,11,11,11,11,11,11,11,11,11
Map_8001,150,164,18,18,18,18,18,18,18,18,18,18,18,18,18,18,18,18,18,18,18,18,18,18,18,18
Map_8002,109,416,137,136,76,81,117,117,117,117,117,117,117,117,117,117,65,53,65,53,65,53,60,53,60,53
Map_8003,496,353,218,249,340,301,106,166,106,166,106,166,105,147,105,147,100,115,100,94,100,94,178,115,279,115
Map_8004,615,244,182,185,200,164,48,47,48,47,48,47,47,47,47,47,47,34,47,34,47,34,47,34,47,34
Map_8005,408,588,60,55,59,60,55,55,55,55,55,55,55,55,55,55,52,47,54,47,54,47,51,47,51,47
Map_8006,10,364,10,10,10,10,10,10,10,10,10,10,10,10,10,10,21,10,21,10,21,10,10,10,10,10
Map_8007,92,272,65,65,65,65,65,67,65,67,65,67,65,67,65,67,32,65,35,42,35,42,32,67,32,67
Map_8008,21,54,49,30,48,53,13,13,13,13,13,13,13,13,13,13,13,13,13,13,13,13,13,13,13,13
Map_8009,310,105,34,34,34,49,76,76,76,76,76,76,114,114,114,114,30,28,30,28,30,28,30,28,30,28
Map_8010,244,127,44,44,44,46,44,43,44,43,44,43,43,43,43,43,46,43,46,43,46,43,47,43,44,43
Map_8011,13,240,13,13,13,13,13,13,13,13,13,13,13,13,13,13,13,13,13,13,13,13,13,13,13,13
Map_8012,434,152,21,21,21,25,18,18,18,18,18,18,18,18,18,18,18,18,18,18,18,18,18,18,18,18
Map_8013,506,228,51,61,61,132,51,61,51,61,51,61,50,61,61,61,51,46,46,46,46,46,51,61,51,61
Map_8014,600,245,248,241,241,121,80,97,80,97,80,97,80,97,80,97,80,80,80,80,80,80,80,80,80,80
Map_8015,33,166,12,12,12,14,12,12,12,12,12,12,12,12,12,12,11,12,11,11,11,11,11,12,11,12
Map_8016,11,330,11,11,11,11,11,11,11,11,11,11,11,11,11,11,11,11,11,11,11,11,11,11,11,11
Map_8017,161,301,70,70,70,122,70,162,70,162,70,162,70,162,70,162,77,67,77,67,79,67,77,138,70,138
Map_8018,8,42,9,9,9,9,9,8,9,8,9,8,8,8,8,8,9,8,9,8,9,8,9,8,9,8
Map_8019,123,249,30,30,30,30,25,25,25,25,25,25,25,25,25,25,25,25,25,25,25,25,25,25,25,25
Map_8020,151,81,17,16,16,17,16,16,16,16,16,16,16,16,16,16,16,16,16,16,16,16,16,16,16,16
Map_8021,41,115,26,26,26,26,26,25,26,25,26,25,25,25,25,25,26,25,26,25,26,25,26,25,26,25
Map_8022,8,48,8,8,8,11,8,8,8,8,8,8,8,8,8,8,8,8,8,8,8,8,8,8,8,8
Map_8023,364,106,342,342,280,275,56,14,56,14,56,14,56,14,56,14,46,14,46,14,46,14,46,14,46,14
Map_8024,33,56,8,8,8,15,8,8,8,8,8,8,8,8,8,8,15,8,20,8,20,8,8,8,8,8
Map_8025,582,191,495,61,308,408,64,54,64,54,64,54,64,54,82,54,41,39,41,39,41,39,44,39,44,39
Map_8026,597,459,40,38,40,113,36,36,36,36,36,36,38,38,38,38,38,36,38,36,38,36,38,36,38,36
Map_8027,494,290,87,87,87,238,87,87,87,87,87,87,92,92,92,92,68,66,64,62,64,62,68,92,68,92
Map_8028,462,167,33,33,33,33,33,33,33,33,33,33,33,33,33,33,61,33,61,33,61,33,61,33,61,33
Map_8029,568,351,189,161,211,183,162,81,162,81,162,81,118,109,118,109,54,117,54,123,54,123,54,126,54,126
Map_8030,12,66,12,12,12,30,12,12,12,12,12,12,12,12,12,12,12,12,12,12,12,12,12,12,12,12
Map_8031,26,382,8,8,8,8,8,8,8,8,8,8,8,8,8,8,8,8,8,8,8,8,8,8,8,8
Map_8032,74,93,41,38,41,66,38,37,38,37,38,37,68,64,68,64,32,30,32,30,32,30,32,37,32,37
Map_8033,391,184,24,24,21,24,24,21,24,21,24,21,24,21,24,21,24,17,24,17,24,17,24,16,24,16
Map_8034,28,412,10,10,10,10,10,10,10,10,10,10,10,10,10,10,10,10,10,10,10,10,10,10,10,10
Map_8035,69,191,64,64,62,72,53,48,53,48,53,48,53,48,53,48,32,32,32,32,32,32,32,32,32,32
Map_8036,332,124,30,30,30,31,28,28,28,28,28,28,28,28,28,28,28,28,28,28,28,28,28,28,28,28
Map_8037,15,22,15,15,15,16,12,12,12,12,12,12,12,12,12,12,12,12,12,12,12,12,12,12,12,12
Map_8038,8,83,8,8,8,23,8,8,8,8,8,8,8,8,8,8,8,8,8,8,8,8,8,8,8,8
Map_8039,174,142,50,50,50,49,48,48,48,48,48,48,48,50,50,50,82,48,82,45,82,45,88,48,189,48
Map_8040,17,68,14,14,14,14,14,14,14,14,14,14,14,14,14,14,14,14,14,14,14,14,14,14,14,14
Map_8041,563,367,21,21,21,21,21,21,21,21,21,21,21,21,21,21,21,21,21,21,21,21,21,21,21,21
Map_8042,560,518,142,118,398,138,95,38,95,38,95,38,94,38,94,38,61,37,54,37,52,37,61,37,69,37
Map_8043,618,412,111,246,460,118,104,111,104,111,104,111,121,121,121,121,79,79,101,79,101,79,79,78,78,78
Map_8044,266,351,69,57,69,61,57,54,57,54,57,54,57,54,57,54,56,46,56,46,56,46,56,46,47,46
Map_8045,612,365,51,70,114,81,51,70,51,70,51,70,111,79,111,355,51,51,51,51,51,51,51,70,51,70
Map_8046,49,369,173,173,184,87,87,87,87,87,87,87,55,55,55,55,88,45,45,45,45,45,88,88,88,88
Map_8047,15,208,11,11,11,11,11,11,11,11,11,11,11,11,11,11,11,11,11,11,11,11,11,11,11,11
Map_8048,12,484,13,12,13,48,19,12,19,12,19,12,19,12,19,12,29,12,23,12,23,12,22,12,22,12
Map_8049,127,295,31,31,31,101,31,31,31,31,31,31,31,31,31,31,33,23,33,23,33,23,31,23,31,23
Map_8050,4,8,4,4,4,4,4,4,4,4,4,4,4,4,4,4,4,4,4,4,4,4,4,4,4,4
Map_8051,33,180,23,15,23,23,15,20,15,20,15,20,15,20,15,20,15,17,21,17,21,17,15,17,15,17
Map_8052,403,51,59,59,51,55,27,35,27,35,27,35,27,35,27,35,28,31,28,31,28,31,27,30,27,30
Map_8053,230,429,58,58,61,145,58,32,58,32,58,32,58,32,58,32,32,32,32,32,32,32,32,32,32,32
Map_8054,267,96,29,29,29,29,29,29,29,29,29,29,29,29,29,29,29,29,29,29,29,29,29,29,29,29
Map_8055,64,226,259,54,57,215,22,22,22,22,22,22,22,22,22,22,22,22,22,22,22,22,22,22,22,22
Map_8056,324,135,94,94,155,140,100,93,100,93,100,93,94,96,97,96,66,36,66,36,66,36,36,36,36,36
Map_8057,18,128,22,18,22,41,18,18,18,18,18,18,18,18,18,18,18,18,18,18,18,18,18,18,18,18
Map_8058,551,73,56,45,45,56,48,45,48,45,48,45,48,45,48,45,32,48,32,47,32,47,32,45,32,45
Map_8059,541,337,33,33,33,68,35,32,35,32,35,32,32,32,32,32,32,32,32,32,32,32,32,32,32,32
Map_8060,607,238,197,197,394,253,223,185,223,185,223,185,330,498,511,482,88,126,123,126,123,118,189,114,185,114
Map_8061,73,162,29,29,29,31,28,28,28,28,28,28,28,28,28,28,31,28,31,28,31,28,28,28,28,28
Map_8062,393,428,136,136,126,239,210,210,210,210,210,210,210,210,210,210,103,131,103,128,103,128,103,166,168,166
Map_8063,51,469,75,75,75,73,30,33,30,33,30,33,30,33,30,33,30,30,30,30,30,30,30,30,30,30
Map_8064,396,127,313,194,377,411,111,16,111,16,111,16,111,16,111,16,26,16,26,16,26,16,26,16,26,16
Map_8065,593,476,42,42,42,54,36,36,36,36,36,36,36,36,36,36,39,28,39,28,39,28,39,28,36,28
Map_8066,582,314,61,61,121,71,58,111,58,111,58,111,58,111,58,111,66,46,66,46,66,46,47,53,50,53
Map_8067,25,254,16,16,16,16,16,16,16,16,16,16,16,16,16,16,18,16,23,16,23,16,16,16,16,16
Map_8068,82,220,16,16,16,25,16,16,16,16,16,16,16,16,16,16,16,16,16,16,16,16,16,16,16,16
Map_8069,615,171,305,576,313,295,77,79,102,79,102,79,77,79,79,79,36,36,36,36,36,36,36,36,36,36
Map_8070,103,361,29,29,29,141,28,28,28,28,28,28,28,28,28,28,28,28,28,28,28,28,28,28,28,28
Map_8071,10,277,16,10,16,16,10,10,10,10,10,10,10,10,10,10,9,7,9,7,9,7,9,7,9,7
Map_8072,606,209,351,187,590,178,200,157,200,157,200,157,176,176,176,176,41,69,41,69,41,69,41,122,41,122
Map_8073,127,174,42,70,42,27,27,27,27,27,27,27,27,27,27,27,27,27,27,27,27,27,27,27,27,27
Map_8074,24,73,18,18,18,18,18,18,18,18,18,18,18,17,17,17,18,17,18,17,18,17,18,17,18,17
Map_8075,14,350,9,8,9,9,8,8,8,8,8,8,8,8,8,8,10,8,10,8,10,8,8,8,8,8
Map_8076,35,35,16,16,15,18,16,15,16,15,16,15,16,15,16,15,16,12,16,12,16,12,16,12,16,12
Map_8077,570,387,197,275,214,210,78,43,78,43,78,43,78,43,78,43,78,43,78,43,78,43,78,43,78,43
Map_8078,250,431,23,23,23,31,31,23,31,23,31,23,31,23,31,23,27,19,27,19,27,19,27,19,27,19
Map_8079,18,88,18,17,22,18,17,17,17,21,17,21,17,17,17,17,17,17,17,17,17,17,17,17,17,17
Map_8080,305,286,25,25,25,46,25,25,25,25,25,25,25,25,25,25,25,25,25,25,25,25,25,25,25,25
Map_8081,654,264,33,32,33,505,34,31,34,31,34,31,33,31,33,31,31,31,33,31,33,31,34,31,34,31
Map_8082,49,131,32,32,31,32,34,21,34,21,34,21,34,21,34,21,34,21,34,21,34,21,34,21,34,21
Map_8083,8,18,8,8,8,8,8,8,8,8,8,8,8,8,8,8,8,8,8,8,8,8,8,8,8,8
Map_8084,41,101,24,24,24,24,24,16,24,16,24,16,24,16,24,16,24,16,24,16,24,16,24,16,24,16
Map_8085,38,44,20,14,14,19,14,14,14,14,14,14,14,14,14,14,27,14,27,14,27,14,14,14,14,14
Map_8086,577,284,15,15,15,30,15,15,15,15,15,15,15,15,15,15,15,15,15,15,15,15,15,15,15,15
Map_8087,379,141,39,34,39,47,28,28,28,28,28,28,28,28,28,28,28,28,28,28,28,28,28,28,28,28
Map_8088,105,512,56,50,56,56,17,17,17,17,17,17,17,17,17,17,17,17,17,17,17,17,17,17,17,17
Map_8089,543,477,120,120,229,53,49,120,49,120,49,120,49,120,49,176,44,65,44,56,44,56,41,65,41,65
Map_8090,103,537,36,36,49,58,36,36,36,36,36,36,36,36,36,36,29,27,29,27,29,27,27,27,27,27
Map_8091,408,227,214,309,340,172,110,111,110,111,110,111,111,111,111,111,109,110,108,107,108,107,107,111,107,111
Map_8092,51,291,25,25,25,25,25,23,25,23,25,23,24,23,24,23,24,23,24,23,24,23,25,23,25,23
Map_8093,595,468,44,141,44,533,298,28,44,28,44,28,109,28,331,28,56,28,56,28,56,28,63,28,63,28
Map_8094,582,106,41,39,59,38,32,39,32,39,32,39,32,39,32,39,32,25,32,25,32,25,32,25,32,25
Map_8095,167,382,56,56,27,62,29,25,29,25,29,25,29,25,29,25,18,18,18,18,18,18,18,18,18,18
Map_8096,128,210,69,84,68,69,28,72,28,72,28,72,28,63,28,63,28,28,28,28,28,28,28,28,28,28
Map_8097,39,98,19,19,19,21,19,18,19,18,19,18,18,18,18,18,19,18,19,18,19,18,19,18,19,18
Map_8098,9,214,11,9,11,11,9,9,11,9,11,9,9,9,9,9,9,9,9,9,9,9,9,9,9,9
Map_8099,571,407,11,11,11,11,11,11,11,11,11,11,11,11,11,11,11,11,11,11,11,11,11,11,11,11
Map_8100,12,158,6,6,6,6,6,6,6,6,6,6,6,6,6,6,6,6,6,6,6,6,6,6,6,6
Map_8101,19,56,16,15,19,34,16,15,16,15,16,15,15,15,15,15,16,15,16,17,16,17,16,15,16,15
Map_8102,149,211,25,25,25,34,32,32,32,32,32,32,33,33,33,33,32,25,32,25,32,25,32,25,32,25
Map_8103,6,16,6,6,6,9,6,6,6,6,6,6,6,6,6,6,9,6,9,6,9,6,6,6,6,6
Map_8104,307,210,69,69,69,33,33,37,33,37,33,37,38,37,38,37,33,33,32,27,32,27,33,34,33,34
Map_8105,492,153,29,29,29,37,28,32,28,32,28,32,28,42,28,42,28,32,28,32,28,32,28,32,28,32
Map_8106,143,121,13,13,13,13,13,13,13,13,13,13,13,13,13,13,13,13,13,13,13,13,13,13,13,13
Map_8107,33,309,22,22,22,26,22,22,22,22,22,22,22,22,22,22,24,22,27,22,27,22,24,22,24,22
Map_8108,10,21,11,10,10,11,10,10,10,10,10,10,10,10,10,10,12,10,12,10,12,10,10,10,10,10
Map_8109,92,65,42,40,34,32,17,17,17,17,17,17,17,17,17,17,17,17,17,17,17,17,17,17,17,17
Map_8110,13,73,11,11,11,11,11,11,11,11,11,11,11,11,11,11,15,11,15,11,15,11,11,11,11,11
Map_8111,109,300,33,33,33,33,29,30,29,30,29,30,29,30,29,30,29,30,29,31,29,31,29,30,29,30
Map_8112,418,192,63,63,63,67,90,90,90,90,90,90,90,90,90,90,98,20,103,20,103,20,98,20,20,20
Map_8113,603,365,32,32,32,32,32,31,32,31,32,31,31,31,31,31,35,31,37,31,37,31,35,31,35,31
Map_8114,33,378,21,20,21,22,22,22,22,22,22,22,22,22,22,22,16,16,16,16,16,16,16,16,16,16
Map_8115,632,427,90,90,93,100,93,76,93,76,93,76,506,506,506,506,64,55,64,55,64,55,63,55,63,55
Map_8116,428,100,81,81,103,84,84,41,84,41,84,41,81,41,81,41,43,41,43,43,43,43,41,41,41,41
Map_8117,521,119,28,28,35,29,24,28,24,28,24,28,24,28,24,28,28,24,28,24,28,24,28,24,25,24
Map_8118,16,50,9,9,9,17,12,9,12,9,12,9,12,9,12,9,12,9,12,9,12,9,12,9,12,9
Map_8119,590,212,266,35,349,56,27,32,27,32,27,32,27,32,27,32,27,19,28,19,28,19,27,19,27,19
Map_8120,84,246,15,15,15,22,14,14,14,14,14,14,14,14,14,14,18,14,18,14,18,14,14,14,14,14
Map_8121,558,234,22,22,22,22,33,22,33,22,33,22,33,22,33,22,33,22,33,22,33,22,33,22,33,22
Map_8122,551,102,15,15,15,15,15,15,15,15,15,15,15,15,15,15,15,15,15,15,15,15,15,15,15,15
Map_8123,49,43,23,22,23,23,23,22,23,22,23,22,22,23,22,23,25,22,25,22,25,22,24,22,22,22
Map_8124,31,289,28,29,24,56,30,29,30,18,30,18,30,29,30,29,29,18,29,18,29,18,29,18,29,18
Map_8125,10,156,10,10,10,10,10,10,10,10,10,10,10,10,10,10,17,10,17,10,17,10,10,10,10,10
Map_8126,32,452,37,36,25,35,26,26,26,26,26,26,26,26,26,26,26,21,26,21,26,21,26,21,26,21
Map_8127,15,207,15,15,15,21,15,15,15,15,15,15,15,15,15,15,17,15,17,15,17,15,17,15,15,15
Map_8128,112,267,50,39,44,22,24,24,24,24,24,24,24,24,24,24,13,13,13,13,13,13,13,14,13,14
Map_8129,387,255,44,44,51,50,44,44,44,44,44,44,44,44,44,44,43,26,43,26,43,26,43,26,45,26
Map_8130,634,322,567,587,541,355,137,129,138,129,138,129,128,129,128,129,140,57,164,57,164,57,219,57,219,57
Map_8131,25,114,16,16,16,16,24,16,24,16,24,16,24,16,24,16,24,16,24,16,24,16,24,16,24,16
Map_8132,366,236,46,46,46,45,38,41,38,41,38,41,45,45,45,45,38,38,38,38,45,38,38,41,38,41
Map_8133,638,322,11,11,11,11,11,11,11,11,11,11,11,11,11,11,11,11,11,11,11,11,11,11,11,11
Map_8134,643,289,34,31,34,37,35,35,35,34,35,34,29,33,29,33,29,33,29,33,29,33,29,33,29,33
Map_8135,605,291,86,90,531,184,86,53,86,53,86,53,88,53,88,53,86,61,86,61,97,61,86,61,86,61
Map_8136,538,142,16,16,16,16,16,16,16,16,16,16,16,16,16,16,16,16,16,16,16,16,16,16,16,16
Map_8137,31,151,35,30,35,35,28,28,28,28,28,28,28,28,28,28,19,19,19,19,19,19,19,19,19,19
Map_8138,43,80,12,12,12,13,12,12,12,12,12,12,12,12,12,12,13,12,13,12,13,12,12,12,12,12
Map_8139,643,363,94,94,94,95,93,324,93,294,93,294,102,350,102,350,84,92,84,89,84,89,91,88,99,88
Map_8140,12,75,13,13,13,15,13,12,13,12,13,12,13,12,12,12,12,12,12,12,12,12,12,12,12,12
Map_8141,6,31,6,6,6,6,6,6,6,6,6,6,6,6,6,6,6,6,7,6,7,6,6,6,6,6
Map_8142,584,198,28,28,29,28,30,30,30,30,30,30,30,30,30,30,30,26,32,26,32,26,30,30,30,30
Map_8143,539,130,29,29,29,36,50,29,50,29,50,29,49,29,49,29,50,48,50,48,50,48,50,52,50,29
Map_8144,39,53,23,23,27,66,23,23,23,23,23,23,23,23,23,23,23,23,26,23,26,23,23,23,23,23
Map_8145,512,428,28,28,28,28,28,28,28,28,28,28,28,28,28,28,46,28,49,28,49,28,28,28,28,28
Map_8146,521,422,163,161,163,440,66,95,66,95,66,95,85,97,97,97,64,59,64,59,64,59,64,59,64,59
Map_8147,580,191,62,50,50,62,52,50,52,50,52,50,50,50,50,50,55,50,55,50,55,50,55,50,55,50
Map_8148,17,117,10,10,10,10,10,10,10,10,10,10,10,10,10,10,10,10,10,10,10,10,10,10,10,10
Map_8149,33,243,8,8,8,8,8,8,8,8,8,8,8,8,8,8,8,8,8,8,8,8,8,8,8,8
Map_8150,623,219,19,19,19,19,19,19,19,19,19,19,19,19,19,19,19,19,19,19,19,19,19,19,19,19
Map_8151,20,367,19,19,19,30,74,19,74,19,74,19,19,19,19,19,30,19,30,19,30,19,30,19,36,19
Map_8152,13,64,19,17,14,19,17,13,17,13,17,13,17,13,17,13,19,13,19,13,19,13,19,13,17,13
Map_8153,50,103,29,29,38,29,29,29,29,29,29,29,29,29,29,29,27,24,27,24,27,24,27,24,24,24
Map_8154,99,128,69,26,55,19,17,17,17,17,17,17,17,17,17,17,17,17,20,17,20,17,17,17,17,17
Map_8155,604,403,17,17,17,17,17,17,17,17,17,17,17,17,17,17,17,17,17,17,17,17,17,17,17,17
Map_8156,25,258,14,14,14,14,14,14,14,14,14,14,14,14,14,14,14,14,14,14,14,14,14,14,14,14
Map_8157,430,173,69,68,292,61,69,67,69,72,69,72,69,67,69,67,150,72,150,46,150,46,76,72,76,72
Map_8158,210,353,14,14,14,14,14,14,14,14,14,14,14,14,14,14,14,14,26,14,26,14,14,14,14,14
Map_8159,12,24,12,12,12,12,12,12,12,12,12,12,12,12,12,12,12,12,14,12,14,12,12,12,12,12
Map_8160,120,75,27,27,27,29,27,22,27,22,27,22,27,22,27,22,20,22,20,22,20,22,20,22,29,22
Map_8161,56,196,42,42,65,43,42,42,42,42,42,42,42,42,42,42,39,32,39,26,39,26,35,34,35,34
Map_8162,41,204,81,70,70,278,75,35,54,35,54,35,75,35,75,35,34,34,34,34,34,34,34,34,34,61
Map_8163,36,108,20,20,20,20,20,20,20,20,20,20,20,20,20,20,20,20,20,20,20,20,20,20,20,20
Map_8164,115,368,195,199,194,258,110,133,110,133,110,133,110,133,110,133,68,65,75,65,75,65,68,65,68,65
Map_8165,55,354,19,19,19,29,19,19,19,19,19,19,19,19,19,19,23,19,23,19,23,19,23,19,23,19
Map_8166,5,16,5,5,5,9,5,5,5,5,5,5,5,5,5,5,5,5,5,5,5,5,5,5,5,5
Map_8167,15,21,7,7,7,9,7,7,7,7,7,7,7,7,7,7,7,7,7,7,7,7,7,7,7,7
Map_8168,16,77,16,16,16,24,16,15,16,15,16,15,16,15,16,15,17,15,27,15,27,15,16,15,16,15
Map_8169,614,108,41,41,38,32,29,29,29,29,29,29,29,29,29,29,32,29,32,29,32,29,32,29,29,29
Map_8170,160,330,72,57,72,84,55,57,55,54,55,54,60,60,60,60,39,54,39,36,39,36,51,57,51,57
Map_8171,57,121,26,25,22,16,16,16,16,16,16,16,25,25,25,25,16,16,16,16,16,16,16,16,16,16
Map_8172,176,126,13,13,13,13,13,13,13,13,13,13,13,13,13,13,16,16,16,16,16,16,16,15,16,15
Map_8173,321,339,57,138,55,55,52,50,52,50,52,50,50,50,50,50,39,50,39,37,39,37,39,50,39,50
Map_8174,117,234,13,13,13,20,13,13,13,13,13,13,13,13,13,13,13,13,13,13,13,13,13,13,13,13
Map_8175,448,101,33,37,37,33,33,23,33,23,33,23,37,23,37,23,33,23,33,23,33,23,33,23,33,23
Map_8176,399,198,21,20,21,71,13,13,13,13,13,13,13,13,13,13,13,13,13,13,13,13,13,13,13,13
Map_8177,605,261,92,92,92,78,93,91,93,91,93,91,92,91,92,91,91,91,104,77,104,77,95,91,93,91
Map_8178,555,629,274,152,288,412,469,415,469,415,469,415,469,429,469,429,86,279,86,279,86,265,86,279,86,279
Map_8179,609,475,455,493,485,577,149,235,149,235,149,235,149,235,149,242,60,59,60,59,60,59,59,59,59,59
Map_8180,21,164,12,12,12,12,12,12,12,12,12,12,12,12,12,12,12,12,12,12,12,12,12,12,12,12
Map_8181,451,339,21,21,21,18,18,18,18,18,18,18,18,18,18,18,18,18,18,18,18,18,18,18,18,18
Map_8182,174,179,28,28,28,28,16,16,16,16,16,16,16,16,16,16,16,16,16,16,16,16,16,16,16,16
Map_8183,21,171,24,21,24,46,24,17,24,17,24,17,21,17,21,17,24,16,24,16,24,16,24,16,24,16
Map_8184,8,16,7,7,7,8,7,7,7,7,7,7,7,7,7,7,7,7,7,7,7,7,7,7,7,7
Map_8185,17,253,13,13,17,22,13,13,13,13,13,13,13,13,13,13,13,13,13,13,13,13,13,13,13,13
Map_8186,592,147,62,62,575,63,62,248,62,248,62,248,61,278,61,278,49,181,49,44,49,44,49,197,49,197
Map_8187,19,185,20,13,13,34,13,13,13,13,13,13,13,13,13,13,13,13,13,13,13,13,13,13,13,13
Map_8188,22,131,10,10,10,17,10,10,10,10,10,10,10,10,10,10,10,10,10,10,10,10,10,10,10,10
Map_8189,611,236,34,38,483,34,43,14,43,14,43,14,43,14,43,14,34,14,34,14,34,14,36,14,34,14
Map_8190,66,267,31,31,31,30,29,29,29,29,29,29,29,29,29,29,29,29,29,29,29,29,29,29,29,29
Map_8191,46,247,17,17,17,18,17,17,17,17,17,17,17,17,17,17,17,17,17,17,17,17,17,17,17,17
Map_8192,616,228,52,52,52,51,44,44,44,44,44,44,44,44,44,44,44,30,44,30,44,30,44,44,44,44
Map_8193,8,391,8,8,8,8,8,8,8,8,8,8,8,8,8,8,8,8,8,8,8,8,8,8,8,8
Map_8194,522,130,113,111,113,119,62,81,62,81,62,81,62,81,62,81,64,60,64,60,64,60,62,60,62,60
Map_8195,310,179,62,62,62,146,62,62,62,62,62,62,62,62,62,62,42,73,42,73,42,73,42,73,42,73
Map_8196,85,163,22,22,24,22,20,22,20,22,20,22,20,22,20,22,20,21,20,21,20,21,20,20,20,20
Map_8197,584,243,319,254,597,372,231,272,231,272,231,272,231,278,231,315,143,303,221,238,221,298,231,323,231,308
Map_8198,365,266,185,141,516,172,99,88,99,88,99,88,99,88,99,88,134,88,85,74,85,74,100,88,98,88
Map_8199,11,103,11,11,11,11,11,11,11,11,11,11,11,11,11,11,11,11,12,11,12,11,11,11,11,11
Map_8200,450,411,101,89,131,113,91,81,91,81,91,81,103,103,103,103,81,57,81,57,81,57,81,101,81,101
Map_8201,12,141,8,8,10,12,8,8,8,8,8,8,8,8,8,8,8,8,8,8,8,8,8,8,8,8
Map_8202,8,283,8,8,8,54,8,8,8,8,8,8,8,8,8,8,9,8,9,8,9,8,9,8,9,8
Map_8203,605,221,31,31,30,33,30,43,30,43,30,43,30,38,30,38,39,30,39,30,39,30,30,30,30,30
Map_8204,217,197,56,56,63,109,101,44,101,44,101,44,101,55,101,55,56,44,56,44,56,44,56,44,56,44
Map_8205,506,132,45,45,45,57,47,45,52,45,52,45,45,45,45,45,47,45,47,45,47,45,47,45,47,45
Map_8206,135,87,21,21,21,54,21,21,21,21,21,21,21,21,21,21,29,21,29,21,29,21,37,21,37,21
Map_8207,22,212,21,21,21,51,21,19,21,19,21,19,21,24,21,24,20,19,20,19,20,19,39,19,39,19
Map_8208,14,37,14,14,14,14,20,14,20,14,20,14,20,14,20,14,20,14,20,14,20,14,20,14,20,14
Map_8209,41,178,9,9,9,27,9,9,9,9,9,9,9,9,9,9,9,9,12,9,12,9,9,9,9,9
Map_8210,577,229,87,87,143,153,56,56,56,56,56,56,56,56,56,56,59,56,59,36,59,36,61,56,70,56
Map_8211,460,363,396,241,421,65,69,69,69,69,69,69,69,69,69,69,69,75,72,75,72,76,69,68,69,68
Map_8212,22,136,18,18,14,18,17,17,17,17,17,17,17,17,17,17,19,14,19,14,19,14,19,14,19,14
Map_8213,9,163,9,8,9,9,8,8,8,8,8,8,8,8,8,8,8,8,8,8,8,8,8,8,8,8
Map_8214,13,271,45,45,45,113,29,30,29,30,29,30,29,30,29,30,29,13,29,13,29,13,29,13,29,13
Map_8215,115,146,140,73,188,65,53,63,53,63,53,63,88,86,88,86,34,33,35,33,39,33,36,52,34,52
Map_8216,640,618,556,526,496,184,371,273,371,273,371,273,367,570,588,591,112,244,100,236,100,236,112,244,112,244
Map_8217,258,154,22,22,22,23,21,21,21,21,21,21,21,21,21,21,25,21,25,21,25,21,21,21,21,21
Map_8218,577,421,24,24,262,127,23,20,23,20,23,20,23,20,23,20,23,20,23,20,23,20,23,20,23,20
Map_8219,9,457,9,9,9,69,9,9,9,9,9,9,9,9,9,9,10,9,10,9,10,9,10,9,10,9
Map_8220,44,153,59,40,59,60,29,29,29,29,29,29,29,29,29,29,29,29,29,29,29,29,29,29,29,29
Map_8221,311,588,131,127,131,40,40,40,40,40,40,40,40,40,40,40,40,40,46,40,46,40,40,40,40,40
Map_8222,40,273,40,41,40,40,36,34,36,34,36,34,34,34,34,34,36,34,36,35,36,35,36,34,36,34
Map_8223,203,388,112,112,152,361,73,49,73,49,73,49,73,99,73,99,66,43,68,43,68,43,66,43,66,43
Map_8224,19,106,59,59,68,47,40,38,40,38,40,38,40,38,40,38,19,17,19,17,19,17,40,17,40,17
Map_8225,274,139,16,16,16,16,16,16,16,16,16,16,16,16,16,16,18,16,18,16,18,16,18,16,18,16
Map_8226,636,626,80,98,80,91,80,98,80,98,80,98,98,98,98,98,35,29,35,29,35,29,35,29,35,29
Map_8227,460,288,34,34,81,75,26,19,26,19,26,19,19,19,19,19,24,19,24,19,24,19,24,19,24,19
Map_8228,601,295,102,102,45,29,31,31,29,29,29,29,31,31,31,31,31,29,31,29,31,29,31,29,31,29
Map_8229,21,409,9,9,9,9,9,9,9,9,9,9,9,9,9,9,9,9,9,9,9,9,9,9,9,9
Map_8230,383,145,34,34,34,37,34,34,34,34,34,34,34,34,34,34,30,34,30,30,30,30,34,34,34,34
Map_8231,9,43,9,9,9,36,9,9,9,9,9,9,9,9,9,9,9,9,9,9,9,9,9,9,9,9
Map_8232,51,454,21,21,21,22,21,21,21,21,21,21,21,21,21,21,21,25,21,24,21,24,21,25,21,25
Map_8233,15,79,13,13,13,18,13,13,13,13,13,13,13,13,13,13,16,13,16,13,16,13,13,13,13,13
Map_8234,491,201,61,61,110,68,61,107,61,107,61,107,61,107,61,107,62,33,62,33,62,33,61,84,61,84
Map_8235,17,328,12,11,12,15,12,11,12,11,12,11,11,11,11,11,12,11,12,11,12,11,12,11,12,11
Map_8236,36,102,12,12,12,16,12,12,12,12,12,12,12,12,12,12,12,12,12,12,12,12,12,12,12,12
Map_8237,507,461,30,30,39,33,30,30,30,30,30,30,30,30,30,30,27,27,27,27,27,27,27,27,27,27
Map_8238,17,32,11,11,11,11,11,11,11,11,11,11,11,11,11,11,11,11,11,11,11,11,11,11,11,11
Map_8239,293,254,156,54,161,122,45,45,45,45,45,45,45,45,45,45,46,45,46,45,46,51,46,45,46,45
Map_8240,49,438,22,22,22,22,22,22,22,22,22,22,22,22,22,22,31,19,22,21,22,21,19,19,19,19
Map_8241,16,436,17,16,17,17,16,16,16,16,16,16,16,16,16,16,19,15,19,15,19,15,16,15,16,15
Map_8242,67,518,22,22,22,23,23,22,23,22,23,22,23,22,23,22,26,22,26,22,26,22,26,22,23,22
Map_8243,23,194,16,16,21,16,16,16,16,16,16,16,16,16,16,16,17,15,17,15,17,15,16,15,16,15
Map_8244,313,165,20,20,51,32,19,19,19,19,19,19,19,19,19,19,21,19,21,21,21,21,19,19,19,19
Map_8245,608,462,30,30,32,32,28,27,28,27,28,27,27,27,27,27,28,27,33,36,33,36,28,27,28,27
Map_8246,109,242,73,73,73,87,70,47,100,47,100,47,70,47,70,47,63,56,78,56,78,61,63,162,63,100
Map_8247,553,331,13,13,13,13,13,13,13,13,13,13,13,13,13,13,21,13,21,13,21,13,21,13,13,13
Map_8248,558,274,54,53,54,57,79,79,79,79,79,79,79,79,79,79,79,81,79,81,79,81,82,79,82,79
Map_8249,491,519,45,45,45,317,51,45,51,45,51,45,51,45,51,45,66,40,66,34,66,34,51,40,51,40
Map_8250,493,354,19,14,19,19,14,14,14,14,14,14,14,14,14,14,14,14,14,14,14,14,14,14,14,14
Map_8251,10,22,10,10,10,10,10,10,10,10,10,10,10,10,10,10,10,10,10,10,10,10,10,10,10,10
Map_8252,200,347,23,23,23,29,84,23,84,23,84,23,84,31,84,31,31,23,23,23,23,23,31,23,31,23
Map_8253,14,481,11,11,11,17,11,11,11,11,11,11,11,11,11,11,11,11,11,11,11,11,11,11,11,11
Map_8254,530,438,21,21,21,22,21,21,21,21,21,21,21,21,21,21,22,21,22,21,22,21,21,21,21,21
Map_8255,23,145,28,27,28,38,19,27,19,27,19,27,19,27,19,27,20,27,20,27,20,27,20,27,20,27
Map_8256,15,86,15,15,15,15,15,15,15,15,15,15,15,15,15,15,22,15,22,15,22,15,22,15,22,15
Map_8257,586,129,52,52,117,54,52,52,52,52,52,52,52,52,52,52,76,51,76,52,76,52,74,51,74,51
Map_8258,88,288,57,57,57,139,51,62,51,62,51,62,45,62,45,98,51,39,51,39,51,39,45,39,45,39
Map_8259,24,120,18,18,18,18,18,18,18,18,18,18,18,18,18,18,18,18,18,18,18,18,18,18,18,18
Map_8260,135,191,29,29,29,37,29,29,29,29,29,29,29,29,29,29,29,28,29,28,29,28,29,28,29,28
Map_8261,630,327,571,433,560,86,52,50,52,50,52,50,49,50,49,50,53,42,43,42,43,42,50,76,50,50
Map_8262,221,165,48,48,44,55,45,44,45,44,45,44,45,44,45,44,29,29,29,29,29,29,29,29,29,29
Map_8263,14,21,13,13,13,15,12,12,12,12,12,12,12,12,12,12,12,12,12,12,12,12,12,12,12,12
Map_8264,49,301,34,34,37,61,34,43,34,43,34,43,34,43,34,43,33,34,33,34,33,34,37,34,37,34
Map_8265,6,30,6,6,6,6,6,6,6,6,6,6,6,6,6,6,6,6,6,6,6,6,6,6,6,6
Map_8266,514,121,68,67,151,252,101,68,101,66,101,66,101,68,101,68,101,42,86,42,86,42,101,42,101,56
Map_8267,162,216,16,16,16,18,16,16,16,16,16,16,16,16,16,16,16,16,16,16,16,16,16,16,16,16
Map_8268,143,439,36,36,58,19,16,16,16,16,16,16,16,16,16,16,18,16,18,16,18,16,16,16,16,16
Map_8269,197,161,51,51,57,55,52,51,52,51,52,51,51,51,51,51,53,31,53,31,53,31,52,31,52,31
Map_8270,602,336,50,50,50,53,50,50,50,50,50,50,50,50,50,50,67,50,67,52,67,52,51,50,51,50
Map_8271,482,305,117,146,199,397,167,105,167,115,167,115,180,105,345,105,96,116,96,116,96,66,65,116,65,116
Map_8272,92,225,10,10,10,10,10,8,10,8,10,8,10,8,10,8,10,8,10,8,10,8,10,8,10,8
Map_8273,138,374,33,33,42,33,33,33,33,33,33,33,33,33,33,33,33,33,33,33,33,33,33,33,33,33
Map_8274,258,224,79,78,84,99,55,68,55,68,55,68,55,68,55,68,89,40,89,33,89,33,55,67,55,67
Map_8275,598,254,114,122,500,124,121,74,121,74,121,74,122,74,116,78,74,69,74,69,74,69,96,74,96,74
Map_8276,390,323,34,34,34,31,28,28,28,28,28,28,28,28,28,28,39,28,39,28,39,28,28,28,28,28
Map_8277,366,277,235,218,236,192,175,198,175,198,175,198,175,120,111,120,136,145,98,117,98,117,169,163,169,163
Map_8278,22,454,23,18,23,23,18,17,18,17,18,17,17,17,17,17,18,17,17,17,17,17,18,17,18,17
Map_8279,501,70,26,26,55,31,26,26,26,26,26,26,26,26,26,26,28,25,28,25,28,25,26,25,26,25
Map_8280,497,381,21,21,21,43,21,21,21,21,21,21,21,21,21,21,21,21,21,21,21,21,21,21,21,21
Map_8281,25,112,24,23,19,20,23,19,23,19,23,19,23,19,23,19,20,20,20,20,20,20,23,19,23,19
Map_8282,349,126,28,28,49,28,28,28,28,28,28,28,28,28,28,28,27,26,27,26,27,26,27,26,27,26
Map_8283,7,20,7,7,7,7,7,7,7,7,7,7,7,7,7,7,7,7,7,7,7,7,7,7,7,7
Map_8284,13,40,9,9,9,9,9,9,9,9,9,9,9,9,9,9,9,9,9,9,9,9,9,9,9,9
Map_8285,34,308,35,36,35,74,25,24,25,24,25,24,25,24,25,24,20,20,20,20,20,20,20,20,20,20
Map_8286,607,474,43,57,81,43,57,57,57,57,57,57,57,57,57,57,177,73,133,73,133,73,203,73,240,73
Map_8287,544,131,69,69,124,124,57,83,57,83,57,83,57,62,57,62,46,51,44,42,44,42,46,46,46,46
Map_8288,146,105,17,17,19,17,15,15,15,15,15,15,15,15,15,15,15,15,15,15,15,15,15,15,15,15
Map_8289,284,289,21,21,21,21,21,17,21,17,21,17,21,17,21,17,18,11,20,11,20,11,13,11,13,11
Map_8290,442,312,312,102,312,285,85,34,85,34,85,34,84,34,94,34,56,32,36,32,36,32,56,32,56,32
Map_8291,81,488,20,20,20,62,20,20,20,20,20,20,20,20,20,20,31,20,31,20,31,20,31,20,20,20
Map_8292,34,122,28,27,31,28,28,30,28,30,28,30,27,30,27,30,28,27,28,22,28,22,28,27,28,27
Map_8293,31,279,30,52,30,30,34,34,34,34,34,34,51,45,51,49,18,19,18,19,18,19,18,19,18,19
Map_8294,406,311,20,20,20,22,20,18,20,18,20,18,20,18,20,18,34,18,34,18,34,18,34,18,34,18
Map_8295,390,250,23,23,23,23,36,23,36,23,36,23,36,23,36,23,23,23,23,23,23,23,23,23,23,23
Map_8296,34,337,58,58,58,97,48,48,48,48,48,48,48,48,48,48,35,33,35,33,35,33,35,40,60,40
Map_8297,45,178,32,32,32,32,32,32,32,32,32,32,33,33,33,33,41,32,41,32,48,32,41,32,42,32
Map_8298,25,202,30,30,47,30,30,11,30,11,30,11,30,11,30,11,30,11,34,11,34,11,30,11,30,11
Map_8299,563,250,25,25,25,45,24,24,24,24,24,24,24,24,24,24,22,22,22,22,22,22,22,22,22,22
Map_8300,17,211,17,17,17,17,17,17,17,17,17,17,17,17,17,17,17,17,17,17,17,17,17,17,17,17
Map_8301,334,165,68,66,66,68,42,61,42,61,42,61,42,61,42,61,43,42,44,44,46,44,42,42,42,42
Map_8302,6,30,6,6,6,8,6,6,6,6,6,6,6,6,6,6,6,6,6,6,6,6,6,6,6,6
Map_8303,212,127,28,27,84,28,28,25,28,25,28,25,25,25,25,25,30,25,28,25,28,25,28,25,28,25
Map_8304,308,436,179,50,353,183,40,38,40,38,40,38,40,38,40,38,32,38,32,37,32,37,32,38,40,38
Map_8305,326,352,24,24,24,60,24,24,24,24,24,24,24,24,24,24,22,24,22,22,22,22,22,24,22,24
Map_8306,227,230,17,17,17,17,17,17,17,17,17,17,17,17,17,17,17,17,17,17,17,17,17,17,17,17
Map_8307,11,31,9,9,9,9,9,9,9,9,9,9,9,9,9,9,9,9,9,9,9,9,9,9,9,9
Map_8308,564,443,88,88,102,124,72,69,72,69,72,69,69,69,69,69,66,69,66,69,66,69,62,69,62,69
Map_8309,320,235,80,66,191,70,16,16,16,16,16,16,16,16,16,16,16,16,16,16,16,16,16,16,16,16
Map_8310,630,275,27,27,140,41,27,27,27,27,27,27,27,27,27,27,27,27,27,27,27,27,27,27,27,27
Map_8311,19,62,22,22,22,24,22,22,22,22,22,22,22,22,22,22,22,17,22,17,22,17,22,17,22,17
Map_8312,399,405,31,31,25,47,25,58,25,58,25,58,25,58,25,58,20,19,23,19,23,19,20,26,20,58
Map_8313,581,410,203,202,439,339,104,177,104,177,104,177,300,149,300,149,185,111,112,111,112,111,185,111,184,91
Map_8314,12,21,11,11,11,12,11,11,11,11,11,11,11,11,11,11,12,11,12,11,12,11,12,11,12,11
Map_8315,47,369,27,24,25,27,24,24,24,24,24,24,24,24,24,24,24,24,24,24,24,24,24,24,24,24
Map_8316,50,94,48,48,49,51,48,33,48,33,48,33,48,39,48,39,41,39,41,39,41,39,47,39,47,39
Map_8317,337,170,18,18,18,33,18,18,18,18,18,18,18,18,18,18,18,18,18,18,18,18,18,18,18,18
Map_8318,33,113,25,25,25,29,25,25,25,25,25,25,25,25,25,25,40,25,40,25,40,25,25,25,25,25
Map_8319,81,273,146,146,146,68,112,112,112,112,112,112,123,123,123,123,121,120,138,120,138,120,120,120,120,120
Map_8320,351,222,31,31,37,35,31,31,31,31,31,31,31,31,31,31,36,31,36,31,36,31,31,31,31,31
Map_8321,582,394,144,163,238,516,59,59,59,59,59,59,59,59,59,59,63,53,107,53,107,53,62,59,62,59
Map_8322,393,416,37,35,37,79,35,35,35,35,35,35,35,35,35,35,35,45,35,45,35,45,35,45,35,45
Map_8323,15,619,15,15,15,15,15,14,15,14,15,14,15,14,15,14,15,14,15,14,15,14,15,14,15,14
Map_8324,597,264,56,55,56,123,34,33,34,33,34,33,34,33,34,33,34,33,34,33,39,33,34,33,34,33
Map_8325,222,108,27,27,27,29,27,24,27,24,27,24,27,24,27,24,22,22,22,22,22,22,25,22,25,22
Map_8326,392,528,9,9,9,9,9,9,9,9,9,9,9,9,9,9,9,9,9,9,9,9,9,9,9,9
Map_8327,625,418,73,399,96,402,85,75,51,75,51,75,395,176,395,176,77,52,78,52,78,52,50,75,50,75
Map_8328,388,67,36,36,130,36,30,36,31,36,31,36,30,39,30,39,23,23,23,23,23,23,23,23,23,23
Map_8329,60,43,19,19,19,19,20,20,20,20,20,20,20,20,20,20,30,13,30,13,30,13,32,13,29,13
Map_8330,547,267,411,398,428,409,379,258,379,258,379,258,379,224,379,224,86,124,86,80,86,80,85,172,75,218
Map_8331,115,130,30,30,30,37,30,30,30,30,30,30,30,30,30,30,23,23,23,23,23,23,23,23,23,23
Map_8332,49,353,10,10,10,10,10,10,10,10,10,10,10,10,10,10,10,10,10,10,10,10,10,10,10,10
Map_8333,15,98,15,15,15,15,15,15,15,15,15,15,18,18,18,18,15,15,15,15,18,15,15,15,15,15
Map_8334,78,284,13,13,13,13,13,13,13,13,13,13,13,13,13,13,18,13,18,13,18,13,13,13,13,13
Map_8335,578,264,39,39,32,94,26,39,26,39,26,39,26,39,26,39,26,26,26,21,26,21,26,36,26,36
Map_8336,119,281,21,20,20,21,20,20,20,20,20,20,20,20,20,20,20,20,20,20,20,20,20,20,20,20
Map_8337,10,105,10,10,10,10,10,10,10,10,10,10,10,10,10,10,10,10,10,10,10,10,10,10,10,10
Map_8338,530,145,94,66,95,105,94,50,94,50,94,50,81,50,81,50,50,50,42,56,42,56,50,50,50,50
Map_8339,16,73,10,10,10,10,10,10,10,10,10,10,10,10,10,10,10,10,13,10,13,10,10,10,10,10
Map_8340,586,290,19,19,19,19,19,19,19,19,19,19,19,19,19,19,19,19,19,19,19,19,19,19,19,19
Map_8341,635,517,168,168,275,395,58,48,58,48,58,48,58,48,58,48,51,24,51,24,51,24,51,24,51,24
Map_8342,272,161,336,330,312,410,409,401,382,401,382,401,413,400,460,457,79,113,52,113,52,113,84,319,84,319
Map_8343,165,522,72,74,55,92,28,28,28,28,28,28,28,28,28,28,23,23,23,23,23,23,23,23,23,23
Map_8344,56,181,58,52,42,73,40,33,40,33,40,33,39,33,39,33,35,33,35,33,35,33,34,33,34,33
Map_8345,19,158,12,12,12,12,12,13,12,13,12,13,12,13,12,13,12,12,12,12,12,12,12,12,12,12
Map_8346,11,501,11,11,11,11,11,11,11,11,11,11,11,11,11,11,11,11,11,11,11,11,11,11,11,11
Map_8347,38,55,22,21,22,25,15,15,15,15,15,15,15,15,15,15,32,15,32,15,37,15,15,15,15,15
Map_8348,7,11,7,7,7,7,7,7,7,7,7,7,7,7,7,7,9,7,9,7,9,7,7,7,7,7
Map_8349,115,325,23,23,23,21,23,23,23,23,23,23,23,23,23,23,19,19,19,19,19,19,19,19,19,22
Map_8350,45,196,28,27,27,29,27,26,27,26,27,26,26,26,26,26,27,26,27,26,27,26,27,26,27,26
Map_8351,49,88,32,32,80,43,32,32,32,32,32,32,32,32,32,32,29,29,29,29,29,29,29,29,29,29
Map_8352,6,100,6,6,6,19,6,6,6,6,6,6,6,6,6,6,8,6,8,6,8,6,6,6,6,6
Map_8353,635,303,54,38,38,55,35,35,35,35,35,35,35,35,35,35,23,23,23,23,23,23,23,32,23,32
Map_8354,515,228,29,29,53,35,41,29,41,29,41,29,41,29,44,29,29,29,29,29,29,29,29,29,29,29
Map_8355,391,129,57,34,100,112,34,42,34,42,34,42,42,43,43,43,17,33,17,33,17,19,17,42,17,42
Map_8356,10,303,12,12,12,19,12,17,12,17,12,17,12,17,12,17,10,10,10,10,10,10,10,10,10,10
Map_8357,461,224,34,34,34,68,20,20,20,20,20,20,20,20,20,20,20,20,20,20,20,20,20,20,20,20
Map_8358,543,298,107,175,107,168,47,47,47,47,47,47,47,47,47,47,47,47,47,47,47,47,47,47,47,47
Map_8359,5,11,5,5,5,5,5,5,5,5,5,5,5,5,5,5,5,5,5,5,5,5,5,5,5,5
Map_8360,18,47,13,13,13,13,13,16,13,16,13,16,13,16,13,16,11,11,11,11,11,11,11,11,11,11
Map_8361,106,114,37,37,37,40,37,36,37,36,37,36,37,36,36,36,37,29,37,29,37,29,37,29,37,29
Map_8362,51,70,14,14,16,11,11,11,11,11,11,11,11,11,11,11,17,11,17,11,17,11,11,11,11,11
Map_8363,18,193,13,13,13,13,13,13,13,13,13,13,13,13,13,13,13,13,15,13,15,13,13,13,13,13
Map_8364,91,412,21,21,21,21,21,21,21,21,21,21,21,21,21,21,24,21,31,21,31,21,21,21,21,21
Map_8365,41,343,42,42,42,172,47,227,47,227,47,227,47,227,47,227,43,131,43,59,43,59,43,98,43,98
Map_8366,156,348,73,71,73,148,71,71,71,71,71,71,71,71,71,71,54,55,54,55,54,55,67,56,49,66
Map_8367,219,281,55,62,55,65,26,68,26,68,26,68,26,68,26,68,22,27,22,27,22,27,22,30,22,30
Map_8368,65,335,34,34,34,56,29,25,29,25,29,25,25,25,25,25,45,37,45,37,45,37,45,37,45,37
Map_8369,22,134,14,14,14,14,14,11,14,11,14,11,11,11,11,11,17,11,19,11,19,11,11,11,11,11
Map_8370,53,123,21,21,21,18,18,18,18,18,18,18,18,18,18,18,18,21,18,21,18,21,18,21,18,21
Map_8371,105,230,114,114,114,71,50,64,50,64,50,64,55,81,55,81,55,49,39,50,39,50,55,64,55,64
Map_8372,258,251,24,24,24,24,112,113,112,113,112,113,146,146,146,146,24,24,24,24,24,24,24,24,24,24
Map_8373,633,487,29,29,195,30,29,29,29,29,29,29,29,29,29,29,27,27,27,27,27,27,27,27,27,27
Map_8374,493,249,85,85,97,97,40,40,40,40,40,40,40,40,40,40,47,40,47,40,47,40,40,40,40,40
Map_8375,527,154,311,219,436,104,107,107,107,114,107,114,103,107,107,107,134,96,134,96,134,96,107,96,107,107
Map_8376,9,305,10,10,10,14,10,9,10,9,10,9,10,9,9,9,10,9,10,9,10,9,10,9,10,9
Map_8377,16,32,11,11,11,16,11,11,11,11,11,11,11,11,11,11,13,11,13,11,13,11,12,11,12,11
Map_8378,608,248,67,159,81,92,309,260,309,260,309,260,221,197,221,197,64,94,75,86,75,86,64,197,63,197
Map_8379,577,378,438,261,176,248,95,132,95,132,95,132,128,184,128,184,119,87,102,87,102,87,95,87,95,87
Map_8380,10,57,10,10,10,19,10,10,10,10,10,10,10,10,10,10,14,10,14,10,14,10,14,10,14,10
Map_8381,4,9,4,4,4,5,4,4,4,4,4,4,4,4,4,4,4,4,4,4,4,4,4,4,4,4
Map_8382,124,470,29,29,29,29,29,30,29,30,29,30,29,30,29,30,29,29,32,29,32,29,29,29,29,29
Map_8383,22,226,12,12,12,11,11,11,11,11,11,11,11,11,11,11,11,11,11,11,11,11,11,11,11,11
Map_8384,66,116,38,38,38,39,39,39,39,39,39,39,39,39,39,39,33,27,33,27,33,27,33,27,33,27
Map_8385,7,21,7,7,7,7,7,7,7,7,7,7,7,7,7,7,7,7,7,7,7,7,7,7,7,7
Map_8386,19,29,19,19,19,19,15,15,15,15,15,15,15,15,15,15,15,15,15,15,15,15,15,15,15,15
Map_8387,51,439,26,26,26,26,26,27,26,27,26,27,26,27,26,27,28,26,30,26,30,26,28,26,28,26
Map_8388,66,134,54,51,39,64,26,24,26,24,26,24,26,24,26,24,26,24,26,24,26,24,26,24,26,24
Map_8389,18,285,18,18,18,18,18,18,18,18,18,18,18,18,18,18,18,18,18,18,18,18,18,18,18,18
Map_8390,577,268,404,102,118,519,172,141,172,141,172,141,200,406,203,406,72,37,73,26,73,26,71,37,221,37
Map_8391,411,242,75,69,37,66,57,57,57,57,57,57,57,57,57,57,39,39,39,39,39,39,39,39,39,39
Map_8392,15,64,9,8,8,9,8,8,8,8,8,8,8,8,8,8,10,8,10,8,10,8,8,8,8,8
Map_8393,40,240,43,30,50,34,31,30,31,30,31,30,30,30,30,30,11,11,11,11,11,11,11,11,11,11
Map_8394,36,111,22,22,22,31,22,22,22,22,22,22,22,22,22,22,32,26,32,26,32,26,24,22,22,22
Map_8395,9,264,10,9,10,10,9,9,9,9,9,9,9,9,9,9,12,9,12,9,12,9,12,9,12,9
Map_8396,425,230,28,28,27,28,28,36,28,36,28,36,28,36,28,36,23,23,35,23,35,23,23,23,23,23
Map_8397,619,357,111,125,351,443,502,45,502,45,502,45,58,45,58,45,330,51,173,51,173,51,383,63,425,63
Map_8398,21,302,13,13,55,20,13,13,13,13,13,13,13,13,13,13,13,13,13,13,13,13,13,13,13,13
Map_8399,104,179,35,35,35,37,35,35,35,35,35,35,35,35,35,35,39,35,39,35,39,35,39,35,39,35
Map_8400,50,161,25,25,47,38,25,25,25,25,25,25,25,25,25,25,25,25,25,25,25,25,25,25,25,25
Map_8401,9,115,9,9,9,12,12,11,12,11,12,11,12,11,11,11,12,9,12,9,12,9,12,9,12,9
Map_8402,19,208,10,10,10,10,10,10,10,10,10,10,10,10,10,10,10,10,10,10,10,10,10,10,10,10
Map_8403,14,89,10,10,10,13,10,10,10,10,10,10,10,10,10,10,10,10,13,10,13,10,10,10,10,10
Map_8404,13,174,11,11,11,11,11,10,11,10,11,10,11,10,10,10,11,10,11,10,11,10,11,10,11,10
Map_8405,14,467,14,14,14,14,14,14,14,14,14,14,14,14,14,14,14,14,14,14,14,14,14,14,14,14
Map_8406,618,460,20,20,21,20,20,19,20,19,20,19,20,19,20,19,19,19,28,19,28,19,21,19,21,19
Map_8407,145,96,43,43,43,43,106,36,106,36,106,36,100,36,100,36,36,36,36,36,36,36,36,36,36,36
Map_8408,144,205,24,24,24,24,26,32,26,32,26,32,26,32,26,32,32,24,32,24,32,24,26,24,26,24
Map_8409,12,258,12,12,12,12,12,12,12,12,12,12,12,12,12,12,12,12,12,12,12,12,12,12,12,12
Map_8410,18,249,18,18,18,18,27,18,27,18,27,18,27,18,27,18,30,18,41,18,41,18,30,18,27,18
Map_8411,514,202,56,56,45,80,56,60,56,60,56,60,56,65,56,65,45,44,45,44,45,44,45,44,45,44
Map_8412,369,64,28,28,28,28,28,17,28,17,28,17,28,17,28,17,28,17,28,17,28,17,28,17,28,17
Map_8413,624,225,43,43,43,129,46,45,46,45,46,45,46,45,45,45,31,27,32,27,32,27,30,27,30,27
Map_8414,36,190,20,20,20,30,29,28,29,28,29,28,28,28,28,28,32,14,15,14,15,14,32,29,32,29
Map_8415,566,441,60,60,60,54,42,42,42,42,42,42,42,42,42,42,30,28,30,28,30,28,30,28,30,28
Map_8416,547,263,55,52,61,221,44,44,44,44,44,44,44,55,56,55,44,33,46,33,46,33,44,33,44,33
Map_8417,16,57,12,12,12,12,12,12,12,12,12,12,12,12,12,12,12,12,12,12,12,12,12,12,12,12
Map_8418,610,365,55,55,63,55,71,71,71,71,71,71,71,71,71,71,38,38,38,36,38,36,38,38,36,38
Map_8419,16,303,10,10,10,10,10,10,10,10,10,10,10,10,10,10,13,10,13,10,13,10,10,10,10,10
Map_8420,15,113,14,15,14,15,14,14,14,14,14,14,14,14,14,14,14,11,14,11,14,11,14,11,14,11
Map_8421,558,187,53,46,53,320,32,32,32,32,32,32,32,32,32,32,44,32,44,32,44,32,32,32,32,32
Map_8422,221,550,379,68,301,145,40,30,40,30,40,30,40,30,40,30,51,30,51,30,51,30,66,30,66,30
Map_8423,142,506,78,78,119,105,77,76,77,76,77,76,77,76,76,76,63,79,49,75,49,75,76,79,76,79
Map_8424,315,93,37,37,36,37,37,36,37,36,37,36,37,36,37,36,16,16,16,16,16,16,16,16,16,16
Map_8425,10,347,10,10,10,10,10,10,10,10,10,10,10,10,10,10,10,10,10,10,10,10,10,10,10,10
Map_8426,258,355,42,42,42,62,42,152,42,152,42,152,42,152,42,152,62,41,62,41,62,41,62,41,41,41
Map_8427,524,480,40,40,40,102,30,29,30,29,30,29,29,29,29,29,30,29,30,29,30,29,30,29,30,29
Map_8428,19,318,18,18,18,13,13,13,13,13,13,13,13,13,13,13,13,13,13,13,13,13,13,13,13,13
Map_8429,36,143,30,30,30,42,25,36,25,36,25,36,25,36,25,36,25,36,25,36,25,36,25,36,25,36
Map_8430,228,52,32,32,32,33,31,24,31,24,31,24,30,30,30,30,24,24,24,24,24,25,24,24,24,24
Map_8431,22,112,13,13,13,14,13,13,13,13,13,13,13,13,13,13,13,13,13,13,13,13,13,13,13,13
Map_8432,249,619,81,80,486,63,72,39,72,39,72,39,72,39,72,39,61,35,49,35,49,35,72,39,72,39
Map_8433,511,482,49,27,27,52,15,15,15,15,15,15,15,15,15,15,15,15,15,15,15,15,15,15,15,15
Map_8434,555,396,404,305,465,398,86,106,86,106,86,106,86,106,86,106,60,51,60,51,60,51,60,59,58,59
Map_8435,218,165,36,36,36,25,21,21,21,21,21,21,21,21,21,21,21,21,21,21,21,21,21,21,21,21
Map_8436,584,258,22,22,22,204,24,22,24,22,24,22,23,22,23,22,24,19,24,19,24,19,24,20,24,20
Map_8437,586,365,74,74,69,74,35,31,35,31,35,31,35,70,35,90,35,35,35,35,35,35,35,41,35,41
Map_8438,19,174,13,16,13,13,13,13,13,13,13,13,15,15,15,15,15,11,15,11,15,11,13,11,13,13
Map_8439,25,165,30,20,30,30,23,20,23,20,23,20,20,20,20,20,19,20,22,19,22,19,19,20,23,20
Map_8440,14,325,15,15,15,15,15,14,15,14,15,14,14,14,14,14,15,14,15,14,15,14,15,14,15,14
Map_8441,158,157,75,75,75,249,69,69,69,69,69,69,69,120,129,120,76,76,108,76,108,76,76,69,76,69
Map_8442,70,178,230,133,244,114,94,47,94,47,94,47,106,144,106,144,58,48,59,48,59,48,58,36,48,36
Map_8443,590,267,34,34,300,55,34,27,34,27,34,27,34,27,34,27,29,27,72,27,72,27,29,27,29,27
Map_8444,23,106,13,13,13,19,13,13,13,13,13,13,13,13,13,13,12,12,12,12,12,12,12,12,12,12
Map_8445,378,232,18,18,18,18,18,18,18,18,18,18,18,18,18,18,18,18,18,18,18,18,18,18,18,18
Map_8446,565,195,32,32,32,32,27,101,27,101,27,101,27,101,27,101,27,27,27,27,27,27,27,27,27,27
Map_8447,635,498,89,89,87,87,58,58,58,58,58,58,58,58,58,58,72,58,76,48,76,48,72,58,72,58
Map_8448,224,262,37,37,37,49,37,37,37,37,37,37,37,37,37,37,16,16,16,16,16,16,16,16,16,16
Map_8449,469,78,33,33,37,33,33,33,33,33,33,33,33,33,33,33,32,33,32,29,32,29,29,33,33,33
Map_8450,68,203,74,74,244,144,122,122,122,122,122,122,122,122,132,132,62,61,83,61,83,61,61,61,61,61
Map_8451,508,299,55,55,56,46,39,39,39,39,39,39,53,39,53,52,53,39,53,39,53,39,53,43,53,43
Map_8452,5,26,5,5,5,5,5,5,5,5,5,5,5,5,5,5,5,5,5,5,5,5,5,5,5,5
Map_8453,462,198,14,14,14,15,14,14,14,14,14,14,14,14,14,14,15,14,15,14,15,14,14,14,14,14
Map_8454,596,297,25,25,25,25,22,23,22,23,22,23,22,23,22,23,21,20,21,20,21,20,21,20,21,20
Map_8455,59,102,13,13,13,13,13,12,13,12,13,12,12,12,12,12,13,12,13,12,13,12,13,12,13,12
Map_8456,12,75,9,9,9,12,9,9,9,9,9,9,9,9,9,9,9,9,9,9,9,9,9,9,9,9
Map_8457,89,354,60,60,65,113,42,40,42,40,42,40,42,40,42,40,42,40,42,40,42,40,42,40,42,40
Map_8458,613,431,29,28,29,237,28,28,28,28,28,28,28,28,28,28,46,28,46,28,46,28,29,28,28,28
Map_8459,16,172,14,13,14,14,14,13,14,13,14,13,14,13,14,13,14,13,14,13,14,13,14,13,14,13
Map_8460,431,243,60,53,232,86,53,64,53,64,53,64,64,120,105,120,20,14,20,14,20,14,42,14,40,14
Map_8461,576,430,40,40,40,120,40,43,40,43,40,43,40,43,40,43,214,40,180,40,180,40,214,40,236,40
Map_8462,608,205,69,60,85,69,60,60,60,60,60,60,60,60,60,60,60,60,65,60,68,60,60,60,60,60
Map_8463,367,285,110,110,110,143,66,124,66,124,66,124,88,125,88,125,80,79,81,79,84,79,82,82,65,82
Map_8464,316,166,28,32,28,26,26,26,26,26,26,26,26,26,26,26,26,26,26,26,26,26,26,26,26,26
Map_8465,446,186,50,50,61,46,50,50,50,68,50,68,50,50,50,50,42,21,42,21,42,21,42,21,42,21
Map_8466,5,9,4,4,4,4,4,4,4,4,4,4,4,4,4,4,4,4,4,4,4,4,4,4,4,4
Map_8467,21,132,27,27,27,18,16,16,16,16,16,16,16,16,16,16,15,16,15,16,15,16,15,16,15,16
Map_8468,563,614,225,244,113,413,110,96,110,96,110,96,243,244,243,285,70,82,79,70,79,70,70,86,70,86
Map_8469,55,466,53,55,53,164,38,38,38,38,38,38,38,38,38,38,35,35,35,35,35,35,35,35,35,35
Map_8470,619,204,159,119,177,196,56,53,56,53,56,53,56,53,56,53,74,73,74,73,74,73,74,73,74,73
Map_8471,594,242,98,82,82,99,39,140,39,118,39,118,34,132,34,132,34,48,34,48,34,48,34,48,34,48
Map_8472,326,249,25,25,25,66,27,27,27,27,27,27,27,27,27,27,46,27,46,27,46,27,46,27,46,27
Map_8473,476,123,44,44,44,23,23,23,23,23,23,23,23,23,23,23,23,23,23,23,23,23,23,23,23,23
Map_8474,471,139,23,19,13,32,20,13,20,13,20,13,33,13,38,13,20,13,20,13,20,13,20,13,20,13
Map_8475,560,141,67,65,70,67,62,65,62,65,62,65,65,65,65,65,64,65,66,65,66,65,62,65,62,65
Map_8476,593,119,90,90,78,86,78,78,78,78,78,78,78,78,78,78,75,43,67,43,67,43,69,43,69,43
Map_8477,9,23,9,9,9,13,9,8,9,8,9,8,9,8,9,8,9,8,9,8,9,8,9,8,9,8
Map_8478,582,243,24,24,24,484,75,24,75,24,75,24,79,24,79,24,42,24,42,24,42,24,50,24,50,24
Map_8479,12,77,12,12,12,12,12,12,12,12,12,12,12,12,12,12,11,11,11,11,11,11,11,11,11,11
Map_8480,47,595,42,45,42,44,29,29,29,29,29,29,29,29,29,29,29,29,29,29,29,29,29,29,29,29
Map_8481,416,251,18,18,18,18,18,18,18,18,18,18,18,18,18,18,18,18,18,18,18,18,18,18,18,18
Map_8482,548,259,18,18,47,18,18,18,18,18,18,18,18,18,18,18,18,18,18,18,18,18,18,18,18,18
Map_8483,607,108,265,264,387,107,28,28,28,28,28,28,28,28,28,28,28,28,28,28,28,28,28,28,28,28
Map_8484,247,163,42,42,42,87,42,42,42,42,42,42,42,42,42,42,29,42,29,43,29,43,29,42,29,42
Map_8485,217,236,13,13,13,13,13,13,13,13,13,13,13,13,13,13,13,13,13,13,13,13,13,13,13,13
Map_8486,55,108,47,46,47,47,46,46,46,46,46,46,46,46,46,46,52,45,45,45,45,45,45,45,45,45
Map_8487,332,249,36,34,36,32,35,35,35,35,35,35,35,34,35,34,32,35,34,32,34,32,32,35,35,35
Map_8488,134,247,35,33,29,36,33,33,33,33,33,33,33,33,33,33,25,24,43,24,43,24,35,24,33,24
Map_8489,101,535,20,20,20,52,20,17,20,17,20,17,20,17,20,17,17,14,19,14,23,14,17,14,17,14
Map_8490,14,22,11,11,11,11,11,11,11,11,11,11,11,11,11,11,11,11,11,11,11,11,11,11,11,11
Map_8491,500,351,18,18,18,29,18,18,18,18,18,18,18,18,18,18,18,24,18,24,18,24,18,24,18,24
Map_8492,309,313,52,52,52,66,18,18,18,18,18,18,18,18,18,18,18,18,18,18,21,18,18,18,18,18
Map_8493,458,492,399,507,491,467,149,333,149,333,149,333,90,90,90,90,75,283,88,201,88,201,75,180,82,180
Map_8494,258,328,42,42,42,388,44,271,44,271,44,271,44,271,44,271,49,42,49,42,49,42,44,42,44,42
Map_8495,7,63,7,7,7,7,7,7,7,7,7,7,7,7,7,7,7,7,7,7,7,7,7,7,7,7
Map_8496,518,95,35,35,35,22,22,37,22,37,22,37,22,37,22,37,22,35,22,35,22,35,22,35,22,35
Map_8497,447,412,27,27,27,62,27,26,27,26,27,26,26,26,26,26,27,26,27,26,27,26,27,26,27,26
Map_8498,9,166,9,9,9,11,8,8,8,8,8,8,8,8,8,8,9,8,9,8,9,8,8,8,8,8
Map_8499,345,503,70,73,253,79,224,104,224,104,224,104,142,195,142,203,43,71,43,60,43,60,43,95,43,95
Map_8500,203,348,13,13,13,28,13,13,13,13,13,13,13,13,13,13,13,13,13,13,13,13,13,13,13,13
Map_8501,563,227,56,56,78,56,56,56,56,56,56,56,56,56,56,56,37,46,37,37,37,37,37,46,37,46
Map_8502,593,265,20,20,20,20,20,24,20,24,20,24,20,24,20,24,20,20,20,20,20,20,20,20,20,20
Map_8503,589,392,503,377,582,386,43,42,43,42,43,42,43,42,42,42,44,42,44,42,44,42,44,42,44,42
Map_8504,26,288,34,34,34,29,16,16,16,16,16,16,16,16,16,16,17,16,17,16,17,16,17,16,17,16
Map_8505,270,208,66,63,201,21,21,35,21,35,21,35,21,35,21,35,21,29,21,29,21,29,21,29,21,29
Map_8506,170,170,80,79,80,57,57,47,57,47,57,47,69,47,69,47,52,44,52,44,52,44,67,48,57,48
Map_8507,7,178,7,7,7,7,7,7,7,7,7,7,7,7,7,7,7,7,7,7,7,7,7,7,7,7
Map_8508,620,340,10,10,10,10,10,10,10,10,10,10,10,10,10,10,10,10,10,10,10,10,10,10,10,10
Map_8509,66,299,22,22,22,29,30,17,30,17,30,17,17,17,17,17,17,17,17,17,25,17,17,17,17,17
Map_8510,17,125,16,16,16,16,16,16,16,16,16,16,16,16,16,16,15,15,18,15,18,15,15,15,15,15
Map_8511,587,322,35,35,35,57,35,35,35,35,35,35,35,35,35,35,34,35,34,35,34,35,34,35,34,35
Map_8512,33,94,16,16,16,16,16,16,16,16,16,16,16,16,16,16,16,16,16,16,16,16,16,16,16,16
Map_8513,59,289,37,37,77,117,51,22,51,22,51,22,51,22,51,22,53,22,53,22,53,22,53,22,53,22
Map_8514,11,19,12,11,12,12,12,12,12,12,12,12,11,11,11,11,12,11,12,11,12,11,12,11,12,11
Map_8515,629,212,130,130,318,144,375,52,375,52,375,52,449,52,468,52,100,52,100,52,100,52,100,52,100,52
Map_8516,612,262,41,38,43,46,41,39,41,39,41,39,38,39,38,39,36,30,37,30,37,30,41,30,41,30
Map_8517,167,460,44,43,44,43,35,35,35,35,35,35,35,35,35,35,35,25,35,25,35,25,35,25,35,25
Map_8518,13,244,10,9,10,10,9,9,9,9,9,9,9,9,9,9,9,9,9,9,9,9,9,9,9,9
Map_8519,416,442,41,39,41,99,29,29,29,29,29,29,29,29,29,29,29,29,31,29,31,29,29,29,29,29
Map_8520,13,65,10,10,10,10,10,10,10,10,10,10,10,10,10,10,10,10,10,10,10,10,10,10,10,10
Map_8521,59,201,22,22,22,22,18,18,18,18,18,18,18,18,18,18,18,18,18,18,18,18,18,18,18,18
Map_8522,210,332,45,45,194,43,47,47,47,47,47,47,47,47,47,47,24,24,24,24,24,24,24,24,24,24
Map_8523,606,136,134,103,134,180,103,76,103,76,103,76,76,76,76,76,92,31,44,31,44,31,90,31,90,31
Map_8524,608,527,531,530,610,488,118,249,118,249,118,249,224,224,224,224,215,127,363,127,363,127,173,127,118,127
Map_8525,92,48,17,20,17,17,17,17,17,17,17,17,20,20,20,20,17,20,17,20,17,20,17,17,17,17
Map_8526,627,291,40,51,51,125,51,51,51,51,51,51,51,51,51,51,45,42,45,42,45,42,49,42,60,42
Map_8527,572,332,62,135,62,126,75,84,75,84,75,84,75,84,85,84,23,23,23,23,23,23,23,54,23,61
Map_8528,6,192,6,6,6,12,6,6,6,6,6,6,6,6,6,6,6,6,6,6,6,6,6,6,6,6
Map_8529,241,229,83,55,92,53,69,69,69,69,69,69,79,79,79,79,33,42,33,42,33,42,33,42,33,42
Map_8530,8,49,6,6,6,7,6,6,6,6,6,6,6,6,6,6,6,6,6,6,6,6,6,6,6,6
Map_8531,12,164,12,12,12,17,12,12,12,12,12,12,12,12,12,12,12,12,12,12,12,12,12,12,12,12
Map_8532,97,137,30,30,30,36,30,26,30,26,30,26,30,26,30,26,31,26,33,26,33,26,31,26,31,26
Map_8533,12,67,12,12,12,19,11,11,11,11,11,11,11,11,11,11,11,11,11,11,11,11,11,11,11,11
Map_8534,40,261,47,46,36,40,43,43,43,43,43,43,43,43,43,43,30,36,30,36,30,36,30,43,30,43
Map_8535,42,315,19,19,19,19,19,19,19,19,19,19,19,19,19,19,19,19,19,19,19,19,19,19,19,19
Map_8536,8,350,9,9,9,9,11,8,11,8,11,8,11,8,11,8,11,8,11,8,11,8,11,8,11,8
Map_8537,18,261,14,13,13,14,13,13,13,13,13,13,13,13,13,13,13,13,13,13,13,13,13,13,13,13
Map_8538,292,374,25,25,67,27,27,57,27,57,27,57,26,57,26,57,27,24,27,24,27,24,27,24,27,57
Map_8539,36,104,24,24,24,19,19,19,19,19,19,19,19,19,19,19,19,19,19,19,19,19,19,19,19,19
Map_8540,3,10,3,3,3,3,3,3,3,3,3,3,3,3,3,3,3,3,3,3,3,3,3,3,3,3
Map_8541,19,84,11,11,11,11,11,11,11,11,11,11,11,11,11,11,11,11,11,11,11,11,11,11,11,11
Map_8542,582,268,67,67,67,89,40,36,40,36,40,36,36,36,36,36,40,35,39,35,39,35,40,35,40,35
Map_8543,191,215,53,59,42,76,23,23,23,23,23,23,23,23,23,23,21,23,21,23,21,23,21,23,21,23
Map_8544,22,289,13,13,13,20,12,12,12,12,12,12,12,12,12,12,12,12,12,12,12,12,12,12,12,12
Map_8545,55,377,19,19,19,19,19,19,19,19,19,19,19,19,19,19,19,19,25,19,25,19,19,19,19,19
Map_8546,45,75,33,33,40,33,33,32,33,32,33,32,33,32,33,32,31,31,34,31,34,31,28,39,28,39
Map_8547,546,319,27,27,519,68,25,40,25,40,25,40,25,40,25,40,21,21,21,21,21,21,21,21,21,21
Map_8548,530,307,38,38,70,38,38,38,38,38,38,38,38,38,38,38,47,38,50,38,50,38,38,38,38,38
Map_8549,502,103,9,9,9,9,9,9,9,9,9,9,9,9,9,9,9,9,9,9,9,9,9,9,9,9
Map_8550,592,387,22,22,22,104,19,19,19,19,19,19,19,19,19,19,19,19,19,19,19,19,19,19,19,19
Map_8551,531,317,92,92,92,106,89,88,89,88,89,88,88,88,88,88,85,83,85,83,85,83,81,83,81,83
Map_8552,491,189,32,31,31,32,31,31,31,31,31,31,31,31,31,31,31,31,36,31,36,31,31,31,31,31
Map_8553,590,231,33,31,33,120,35,31,35,31,35,31,35,31,35,31,35,31,44,31,44,31,35,31,35,31
Map_8554,13,271,12,12,14,23,12,12,12,12,12,12,12,12,12,12,14,12,14,12,14,12,14,12,12,12
Map_8555,21,304,12,12,12,29,12,12,12,12,12,12,12,12,12,12,12,12,13,12,13,12,12,12,12,12
Map_8556,28,126,22,22,22,26,22,22,22,22,22,22,22,22,22,22,27,24,28,24,28,24,22,24,22,24
Map_8557,392,216,138,57,108,307,110,82,110,82,110,82,80,82,80,82,29,29,29,29,29,29,29,29,29,29
Map_8558,37,187,20,20,20,21,20,23,20,23,20,23,20,23,20,23,17,17,17,17,17,17,17,17,17,17
Map_8559,415,143,37,36,25,111,23,22,23,22,23,22,22,22,22,22,23,22,34,22,34,22,23,22,23,22
Map_8560,28,311,258,19,26,551,19,19,19,19,19,19,19,19,19,19,19,19,19,19,19,19,19,19,19,19
Map_8561,12,18,12,11,12,12,11,11,11,11,11,11,11,11,11,11,13,11,13,11,13,11,11,11,11,11
Map_8562,558,536,557,560,557,497,84,201,84,201,84,201,84,201,84,201,85,219,85,336,85,336,85,197,85,197
Map_8563,563,221,69,69,69,108,117,115,117,115,117,115,117,115,117,115,42,44,42,42,42,42,42,44,42,44
Map_8564,43,261,21,21,31,23,21,21,21,21,21,21,21,21,21,21,21,21,26,21,26,21,21,21,21,21
Map_8565,610,485,42,42,94,50,43,43,43,43,43,43,43,43,43,43,45,42,45,42,45,42,45,42,45,42
Map_8566,43,101,31,31,31,33,45,31,45,31,45,31,45,31,45,31,46,45,50,45,50,45,45,45,45,45
Map_8567,565,388,308,475,393,418,367,276,367,276,367,276,496,496,368,368,110,104,110,104,118,104,104,104,104,104
Map_8568,50,185,40,36,118,32,21,21,21,21,21,21,21,21,21,21,25,21,25,21,25,21,21,21,21,21
Map_8569,17,286,17,16,17,29,17,16,17,16,17,16,16,16,16,16,21,16,19,16,19,16,21,16,21,16
Map_8570,390,164,74,73,73,92,70,34,65,34,65,34,70,34,69,34,46,34,46,34,46,34,46,34,46,34
Map_8571,9,606,9,9,9,10,9,9,9,9,9,9,9,9,9,9,9,9,9,9,9,9,9,9,9,9
Map_8572,564,244,225,181,217,219,134,126,134,126,134,126,145,126,145,126,34,34,34,34,34,34,34,34,34,34
Map_8573,638,284,136,132,34,102,80,62,80,62,80,62,94,62,93,62,75,62,138,62,138,62,75,62,75,62
Map_8574,25,108,12,12,12,12,12,12,12,12,12,12,12,12,12,12,12,12,12,12,12,12,12,12,12,12
Map_8575,589,330,131,111,137,183,47,57,47,57,47,57,43,57,43,57,47,29,47,29,47,29,47,29,47,29
Map_8576,486,186,13,13,13,13,13,13,13,13,13,13,13,13,13,13,13,13,13,13,13,13,13,13,13,13
Map_8577,461,110,41,41,41,92,35,34,35,34,35,34,34,34,34,34,26,34,26,26,26,26,26,34,26,34
Map_8578,463,164,42,42,86,30,34,24,34,24,34,24,34,24,34,24,34,34,34,34,34,34,34,34,34,34
Map_8579,607,196,98,98,98,91,77,50,77,50,77,50,50,50,50,50,82,50,82,50,82,50,74,50,74,50
Map_8580,562,315,99,97,119,99,109,114,109,114,109,114,109,114,109,114,76,59,76,59,76,59,76,59,76,59
Map_8581,38,150,23,23,23,25,23,23,23,23,23,23,23,23,23,23,22,22,22,17,22,17,22,22,22,22
Map_8582,31,182,30,26,30,30,26,26,26,26,26,26,26,26,26,26,14,14,16,14,16,14,14,14,14,14
Map_8583,666,598,19,19,100,19,19,19,19,19,19,19,19,19,19,19,19,19,19,19,19,19,19,19,19,19
Map_8584,143,519,34,34,34,38,34,33,34,33,34,33,33,33,33,33,24,24,24,24,24,24,24,24,24,24
Map_8585,104,558,16,16,16,16,16,16,16,16,16,16,16,16,16,16,14,12,14,12,14,12,14,12,14,12
Map_8586,524,123,107,97,98,71,27,27,27,27,27,27,27,27,27,27,20,20,20,20,20,20,20,20,20,20
Map_8587,34,337,21,21,21,34,23,23,22,21,22,21,23,23,23,23,21,21,21,21,21,21,21,23,21,23
Map_8588,315,180,167,134,276,78,64,64,64,64,64,64,64,64,64,64,61,61,61,61,61,61,61,61,61,61
Map_8589,47,47,27,26,27,27,27,27,27,27,27,27,26,26,26,26,27,26,27,26,27,26,27,26,27,26
Map_8590,625,358,17,17,17,53,17,17,17,17,17,17,17,17,17,17,17,17,44,17,44,17,17,17,17,17
Map_8591,467,73,29,29,29,29,12,12,12,12,12,12,12,12,12,12,12,12,12,12,12,12,12,12,12,12
Map_8592,623,293,19,19,19,20,17,17,17,17,17,17,17,17,17,17,17,17,17,17,17,17,17,17,17,17
Map_8593,362,275,37,37,424,37,31,30,31,30,31,30,31,30,31,30,23,23,30,23,30,23,23,23,23,23
Map_8594,341,345,43,43,43,139,151,70,151,70,151,70,150,70,150,70,85,69,85,69,85,69,96,70,96,70
Map_8595,586,359,118,107,145,81,42,74,42,74,42,74,40,74,40,74,20,20,20,20,20,20,20,20,20,20
Map_8596,78,93,65,65,66,67,52,52,52,52,52,52,52,52,52,52,34,41,34,34,34,34,41,41,41,41
Map_8597,359,337,69,69,54,122,69,69,69,69,69,69,94,92,94,88,36,34,36,34,36,34,35,34,35,34
Map_8598,30,247,20,20,46,24,20,20,20,20,20,20,20,23,20,23,22,17,22,17,22,17,22,17,20,17
Map_8599,548,85,50,50,50,20,19,19,19,19,19,19,19,19,19,19,19,19,19,19,19,19,19,19,19,19
Map_8600,354,357,56,89,56,82,45,51,45,51,45,51,44,55,44,55,39,38,53,38,53,38,39,38,39,41
Map_8601,55,345,30,42,30,52,29,29,29,29,29,29,29,42,42,42,29,29,29,29,29,29,29,29,29,29
Map_8602,514,326,69,69,70,69,69,51,69,51,69,51,69,81,69,81,55,46,55,46,55,46,51,46,69,46
Map_8603,17,79,17,17,18,21,17,17,18,17,18,17,17,17,17,17,13,13,13,13,13,13,13,13,13,13
Map_8604,629,279,549,311,405,50,174,381,174,368,174,361,173,280,173,280,35,34,35,34,35,34,35,59,35,59
Map_8605,29,88,17,17,17,18,17,17,17,17,17,17,17,17,17,17,17,16,17,16,17,16,17,16,17,16
Map_8606,318,423,12,12,12,12,12,12,12,12,12,12,12,12,12,12,27,12,23,12,23,12,27,12,27,12
Map_8607,156,207,69,69,70,222,70,69,70,69,70,69,69,69,69,69,40,69,40,66,40,66,49,69,49,69
Map_8608,464,379,26,26,26,31,29,26,29,26,29,26,29,26,29,26,36,26,36,26,36,26,29,26,29,26
Map_8609,564,310,185,148,43,255,96,197,96,197,96,197,73,197,73,197,74,47,74,50,74,50,79,47,85,47
Map_8610,578,544,28,28,46,55,24,24,24,24,24,24,24,24,24,24,24,24,32,24,32,24,24,24,24,24
Map_8611,502,204,37,37,37,37,37,37,37,37,37,37,37,37,37,37,56,32,56,32,56,32,37,32,37,32
Map_8612,370,369,33,25,33,34,72,25,72,25,72,25,25,25,25,25,12,12,12,12,12,12,12,12,12,12
Map_8613,82,58,37,37,37,45,37,37,37,37,37,37,37,37,37,37,27,27,27,26,27,26,27,27,27,27
Map_8614,549,325,172,264,186,130,89,46,89,46,89,46,80,46,80,46,87,39,123,39,126,39,87,46,87,46
Map_8615,34,76,42,42,42,36,22,22,22,22,22,22,22,22,22,22,22,17,22,17,22,17,22,17,22,17
Map_8616,10,539,9,9,9,9,9,9,9,9,9,9,9,9,9,9,9,9,9,9,9,9,9,9,9,9
Map_8617,16,137,27,27,27,27,18,52,18,52,18,52,18,52,18,52,19,16,19,16,19,16,18,16,18,16
Map_8618,63,164,38,31,38,45,38,31,38,31,38,31,31,31,31,31,39,15,39,15,39,15,39,15,39,15
Map_8619,623,335,163,163,179,165,159,42,159,42,159,42,188,57,188,57,159,48,159,48,159,48,159,48,159,48
Map_8620,39,70,20,20,20,28,20,20,20,20,20,20,20,20,20,20,20,20,29,20,29,20,20,20,20,20
Map_8621,238,440,37,37,37,37,25,37,25,37,25,37,25,37,25,37,27,27,27,27,27,27,27,27,27,27
Map_8622,551,56,27,27,59,28,27,27,27,27,27,27,27,27,27,27,31,23,31,23,31,23,31,23,31,23
Map_8623,60,203,44,41,92,57,37,41,37,41,37,41,36,41,36,41,37,23,37,23,37,23,37,23,37,23
Map_8624,60,266,20,20,20,32,19,19,19,19,19,19,19,19,19,19,19,19,19,19,19,19,19,19,19,19
Map_8625,630,176,58,42,65,579,49,41,49,41,49,41,42,48,48,48,42,27,45,27,45,27,42,27,42,27
Map_8626,517,252,31,31,28,31,50,18,50,18,50,18,50,18,50,18,20,18,22,18,22,18,50,18,50,18
Map_8627,524,482,192,185,249,70,70,115,70,115,70,115,70,100,70,100,60,65,60,65,63,65,60,100,60,100
Map_8628,15,39,16,18,16,16,15,15,15,15,15,15,15,18,15,18,15,15,15,15,15,15,15,15,15,15
Map_8629,264,200,50,50,50,57,48,48,48,48,48,48,48,48,48,48,48,48,48,48,48,48,47,48,47,48
Map_8630,234,287,27,27,35,27,27,27,27,27,27,27,27,27,27,27,27,48,27,66,27,66,27,48,27,48
Map_8631,91,199,90,71,71,90,52,52,52,52,52,52,52,52,52,52,53,40,53,40,53,40,52,52,52,52
Map_8632,46,416,44,44,44,21,21,20,21,20,21,20,21,20,21,20,20,21,20,19,20,19,20,20,21,20
Map_8633,22,74,10,10,10,10,10,10,10,10,10,10,10,10,10,10,10,10,13,10,13,10,10,10,10,10
Map_8634,545,354,85,85,130,116,272,53,126,53,126,53,81,53,62,53,79,53,75,42,77,42,66,53,66,53
Map_8635,22,90,35,35,35,35,26,26,26,26,26,26,26,26,26,26,22,24,22,24,22,24,24,24,24,24
Map_8636,380,143,59,55,59,62,29,29,29,29,29,29,29,29,29,29,29,29,29,29,29,29,29,29,29,29
Map_8637,21,227,20,20,20,30,26,20,26,20,26,20,26,20,26,20,26,20,26,20,26,20,26,20,26,20
Map_8638,281,180,145,182,166,241,108,36,108,36,108,36,81,36,81,36,21,21,21,21,21,21,21,21,21,21
Map_8639,608,317,261,277,439,368,201,193,201,193,201,193,205,205,205,205,203,210,342,192,342,192,203,206,228,206
Map_8640,523,140,23,23,23,24,23,23,23,23,23,23,23,23,23,23,37,23,37,23,37,23,37,23,23,23
Map_8641,13,39,12,12,12,12,12,12,12,12,12,12,12,12,12,12,12,12,12,12,12,12,12,12,12,12
Map_8642,566,259,196,196,240,152,30,88,30,88,30,88,30,88,30,88,30,109,30,108,30,108,105,111,105,111
Map_8643,484,270,46,46,46,99,40,40,40,40,40,40,40,40,40,40,35,40,41,43,41,43,35,40,35,40
Map_8644,24,146,15,15,15,15,15,15,15,15,15,15,15,15,15,15,19,15,19,15,19,15,20,15,20,15
Map_8645,589,140,27,27,27,34,31,29,31,29,31,29,27,31,27,31,31,27,32,27,32,27,31,27,31,27
Map_8646,33,290,24,28,24,25,24,28,24,28,24,28,24,28,28,28,42,24,42,24,39,24,41,24,24,28
Map_8647,13,168,12,12,14,12,12,12,12,12,12,12,12,12,12,12,12,12,12,12,12,12,12,12,12,12
Map_8648,658,392,199,199,199,547,70,70,70,70,70,70,70,70,70,70,166,52,164,52,164,52,166,52,166,52
Map_8649,11,112,12,12,12,12,12,11,12,11,12,11,12,11,12,11,12,11,12,11,12,11,12,11,12,11
Map_8650,429,190,43,43,43,44,42,43,42,43,42,43,41,43,41,43,42,42,41,28,41,28,42,41,42,41
Map_8651,282,555,149,107,173,104,83,67,83,67,83,67,83,67,83,67,83,68,83,68,83,68,64,68,62,68
Map_8652,34,63,10,10,10,10,10,10,10,10,10,10,10,10,10,10,10,10,10,10,10,10,10,10,10,10
Map_8653,156,245,111,98,115,96,75,75,75,75,75,75,77,77,77,77,77,85,77,65,77,65,74,85,74,85
Map_8654,170,80,35,35,82,58,13,13,13,13,13,13,13,13,13,13,13,13,13,13,13,13,13,13,13,13
Map_8655,466,30,42,42,42,32,15,15,15,15,15,15,15,15,15,15,15,15,17,15,17,15,15,15,15,15
Map_8656,487,94,28,28,28,31,21,23,21,23,21,23,23,23,23,23,21,21,27,21,27,21,21,23,21,23
Map_8657,77,107,10,10,10,10,10,10,10,10,10,10,10,10,10,10,10,10,10,10,10,10,10,10,10,10
Map_8658,121,144,56,56,40,57,36,39,36,39,36,39,36,39,36,39,37,37,37,33,37,33,36,37,36,37
Map_8659,18,455,18,18,18,18,18,18,18,18,18,18,18,18,18,18,18,18,18,18,18,18,18,18,18,18
Map_8660,29,59,14,18,14,26,33,33,33,33,33,33,33,33,33,33,26,14,26,14,26,14,33,14,33,18
Map_8661,11,234,10,10,10,19,15,10,15,10,15,10,15,10,15,10,16,10,17,10,17,10,15,10,15,10
Map_8662,295,509,18,18,27,22,18,18,18,18,18,18,18,18,18,18,15,13,15,13,15,13,15,13,15,13
Map_8663,24,102,11,11,11,11,11,11,11,11,11,11,11,11,11,11,11,11,11,11,11,11,11,11,11,11
Map_8664,639,322,52,52,388,56,52,48,52,48,52,48,52,48,52,48,51,45,51,45,51,45,52,51,52,51
Map_8665,553,528,323,69,351,307,64,64,65,65,65,65,69,57,69,57,393,61,377,61,377,61,388,55,388,55
Map_8666,15,261,31,15,15,31,14,20,14,20,14,20,14,20,14,20,14,14,14,14,14,14,14,14,14,14
Map_8667,111,281,19,19,19,80,19,19,19,19,19,19,19,19,19,19,34,19,34,19,34,19,34,19,19,19
Map_8668,8,110,8,8,8,18,8,8,8,8,8,8,8,8,8,8,8,8,8,8,8,8,8,8,8,8
Map_8669,15,206,15,15,15,22,15,15,15,15,15,15,15,15,15,15,15,12,15,12,15,12,12,12,12,12
Map_8670,32,125,14,14,14,18,14,13,14,13,14,13,13,13,13,13,14,13,14,13,14,13,14,13,14,13
Map_8671,15,74,10,10,10,10,10,9,10,9,10,9,10,9,10,9,10,9,10,9,10,9,10,9,10,9
Map_8672,20,72,15,15,15,26,15,15,15,15,15,15,15,15,15,15,15,15,16,15,16,15,15,15,15,15
Map_8673,566,141,16,16,16,16,16,16,16,16,16,16,16,16,16,16,23,16,23,16,23,16,23,16,16,16
Map_8674,395,400,74,74,74,128,74,74,74,74,74,74,74,74,74,124,46,33,46,33,47,33,46,33,46,33
Map_8675,236,296,72,72,257,79,73,50,73,50,73,50,94,50,94,50,131,54,142,54,142,54,125,43,125,43
Map_8676,170,296,44,44,109,60,44,44,44,44,44,44,44,50,50,50,46,38,55,38,55,38,44,38,44,38
Map_8677,360,237,171,46,171,193,32,46,32,46,32,46,34,46,34,46,32,32,32,32,32,32,32,34,32,43
Map_8678,486,202,38,38,38,40,38,29,38,29,38,29,38,29,38,29,29,29,37,29,37,29,38,29,38,29
Map_8679,436,140,19,19,19,164,46,19,46,19,46,19,45,19,45,19,32,19,32,19,32,19,39,19,51,19
Map_8680,17,39,12,12,13,12,12,11,12,11,12,11,12,11,12,11,11,11,11,11,11,11,11,11,11,11
Map_8681,456,287,287,241,287,453,52,52,52,52,52,52,52,52,52,52,51,56,46,45,46,45,51,52,63,52
Map_8682,6,95,6,6,6,7,6,6,6,6,6,6,6,6,6,6,6,6,6,6,6,6,6,6,6,6
Map_8683,629,184,123,222,577,128,63,63,63,63,63,63,63,63,63,63,63,59,63,59,63,59,63,59,63,62
Map_8684,49,390,58,58,58,296,28,42,28,42,28,42,28,42,28,42,28,37,28,37,28,37,28,37,28,37
Map_8685,79,124,14,14,14,21,14,14,14,14,14,14,14,14,14,14,14,14,14,14,14,14,14,14,14,14
Map_8686,281,359,20,20,24,20,20,20,20,20,20,20,20,20,20,20,21,20,21,20,21,20,20,20,20,20
Map_8687,553,204,20,20,20,20,20,20,20,20,20,20,20,20,20,20,20,20,20,20,20,20,20,20,20,20
Map_8688,27,65,18,18,18,18,18,18,18,18,18,18,18,18,18,18,23,18,23,18,23,18,18,18,18,18
Map_8689,446,280,45,29,29,62,52,29,52,29,52,29,52,29,52,29,49,29,49,29,89,29,52,29,52,29
Map_8690,130,503,51,50,53,63,44,44,44,44,44,44,50,50,56,56,45,44,45,44,45,44,44,44,44,44
Map_8691,11,88,11,11,11,13,11,11,11,11,11,11,11,11,11,11,11,11,11,11,11,11,11,11,11,11
Map_8692,450,431,61,61,61,105,61,61,61,61,61,61,61,61,61,61,112,97,112,97,125,97,64,97,64,97
Map_8693,310,63,45,48,38,49,36,45,36,45,36,45,36,45,36,45,27,27,27,27,27,27,27,27,27,27
Map_8694,607,259,54,54,564,53,33,33,33,33,33,33,33,33,33,33,33,33,33,33,33,33,33,33,33,33
Map_8695,9,44,9,9,9,9,8,9,8,9,8,9,8,9,8,9,8,9,8,9,8,9,8,9,8,9
Map_8696,586,124,13,13,13,25,13,13,13,13,13,13,13,13,13,13,13,13,13,13,13,13,13,13,13,13
Map_8697,165,313,56,45,57,41,22,19,22,19,22,19,22,18,22,18,22,19,22,19,22,19,22,19,22,19
Map_8698,596,304,56,56,56,114,46,45,46,45,46,45,45,45,45,45,46,45,46,45,46,45,46,45,46,45
Map_8699,564,252,42,42,42,42,41,104,41,104,41,104,41,238,41,238,41,41,43,41,43,41,41,41,41,41
Map_8700,357,247,143,85,143,212,85,85,85,85,85,85,85,115,190,115,74,85,74,72,74,72,74,85,112,85
Map_8701,9,17,9,9,9,9,9,9,9,9,9,9,9,9,9,9,9,9,9,9,9,9,9,9,9,9
Map_8702,612,344,32,20,20,32,25,20,25,20,25,20,25,20,24,20,25,20,25,20,25,20,25,20,25,20
Map_8703,82,306,17,17,17,18,18,18,18,18,18,18,18,18,18,18,18,17,18,17,18,17,18,17,18,17
Map_8704,334,96,78,30,30,44,78,30,78,30,78,30,30,30,30,30,31,29,31,29,31,29,30,29,30,29
Map_8705,87,304,167,186,437,46,36,36,36,36,36,36,36,36,36,36,36,36,47,55,47,55,36,36,36,36
Map_8706,103,370,31,33,31,26,25,31,25,31,25,31,33,33,33,33,17,14,17,14,17,14,18,14,18,14
Map_8707,127,594,97,103,92,58,41,41,41,41,41,41,42,42,42,42,36,41,36,41,36,41,36,41,36,41
Map_8708,643,255,41,41,41,188,108,30,108,30,108,30,114,30,114,30,49,30,49,30,49,30,126,30,124,30
Map_8709,9,204,12,12,12,12,12,12,12,12,12,12,12,12,12,12,12,9,12,9,12,9,12,9,12,9
Map_8710,9,133,6,6,6,10,6,6,6,6,6,6,6,6,6,6,6,6,6,6,6,6,6,6,6,6
Map_8711,540,268,33,33,34,28,28,28,28,28,28,28,28,28,28,28,28,28,28,28,28,28,28,28,28,28
Map_8712,40,309,29,28,29,31,28,28,28,28,28,28,28,28,28,28,28,28,28,82,28,82,28,28,28,28
Map_8713,357,476,39,39,39,41,35,33,35,33,35,33,35,33,40,33,22,22,22,22,22,22,22,22,22,22
Map_8714,6,47,6,6,6,7,6,6,6,6,6,6,6,6,6,6,6,6,6,6,6,6,6,6,6,6
Map_8715,15,489,12,12,12,12,12,12,12,12,12,12,12,12,12,12,12,12,12,12,12,12,12,12,12,12
Map_8716,26,52,17,17,17,25,17,17,17,17,17,17,17,17,17,17,23,17,23,17,23,17,23,17,21,17
Map_8717,6,17,8,6,6,8,6,6,6,6,6,6,6,6,6,6,6,6,6,6,6,6,6,6,6,6
Map_8718,28,60,20,19,20,20,19,19,19,19,19,19,19,19,19,19,20,18,20,18,20,18,19,18,19,18
Map_8719,374,445,30,30,28,35,30,30,30,30,30,30,30,30,30,30,61,30,61,30,61,30,70,30,70,30
Map_8720,537,237,222,225,222,113,78,72,78,72,78,72,78,72,78,79,78,109,78,93,78,93,78,145,78,145
Map_8721,192,319,76,39,87,41,27,14,27,14,27,14,27,14,27,14,17,14,17,14,17,14,14,14,14,14
Map_8722,587,221,30,29,30,75,29,29,30,29,30,29,29,29,29,29,27,29,27,29,27,29,27,29,29,29
Map_8723,362,217,18,18,18,19,18,18,18,18,18,18,18,18,18,18,18,18,18,18,18,18,18,18,18,18
Map_8724,270,159,16,16,16,16,16,13,16,13,16,13,13,13,13,13,16,13,16,13,16,13,16,13,16,13
Map_8725,580,612,96,96,22,24,24,69,24,41,24,41,24,177,24,177,32,23,32,23,32,19,32,23,32,41
Map_8726,271,415,33,26,31,33,31,26,31,26,31,26,26,26,26,26,25,26,25,26,25,26,25,26,25,26
Map_8727,22,302,18,18,19,29,18,18,18,18,18,18,18,18,18,18,19,18,19,18,19,18,19,18,18,18
Map_8728,29,40,41,41,41,51,41,41,41,41,41,41,41,41,41,41,27,26,29,26,29,26,41,41,41,41
Map_8729,107,273,111,100,100,197,27,27,27,27,27,27,27,27,27,27,26,25,26,25,26,25,25,25,25,25
Map_8730,16,43,15,15,15,15,15,15,15,15,15,15,15,15,15,15,15,15,16,15,16,15,15,15,15,15
Map_8731,541,290,70,70,70,210,58,98,58,98,58,98,58,100,58,100,54,51,54,51,54,51,54,51,54,51
Map_8732,426,244,59,59,64,76,339,34,339,34,339,34,384,34,384,34,177,34,177,34,177,34,217,34,268,34
Map_8733,22,98,20,19,20,21,20,19,20,19,20,19,19,19,19,19,15,15,15,15,15,15,15,15,15,15
Map_8734,529,133,75,60,75,47,45,45,45,45,45,45,45,45,45,45,31,31,31,30,31,30,45,31,45,31
Map_8735,9,28,9,9,9,9,9,9,9,9,9,9,9,9,9,9,9,9,9,9,9,9,9,9,9,9
Map_8736,617,277,328,328,438,354,81,107,81,107,81,107,105,105,105,105,54,43,54,43,54,43,54,43,60,43
Map_8737,585,367,133,58,65,507,173,65,173,65,173,65,68,65,68,65,51,118,51,118,51,228,59,118,59,118
Map_8738,22,44,18,18,18,18,18,20,18,20,18,20,18,20,18,20,18,18,18,18,18,18,18,18,18,18
Map_8739,4,139,4,4,4,4,4,4,4,4,4,4,4,4,4,4,4,4,4,4,4,4,4,4,4,4
Map_8740,152,241,11,11,11,11,11,10,11,10,11,10,10,10,10,10,11,10,12,10,12,10,11,10,11,10
Map_8741,517,160,16,16,16,16,26,26,26,26,26,26,26,26,26,26,26,16,29,16,29,16,26,16,26,16
Map_8742,28,96,17,17,17,20,18,17,18,17,18,17,17,17,17,17,15,15,15,15,15,15,15,15,15,15
Map_8743,6,23,6,6,6,10,6,6,6,6,6,6,6,6,6,6,6,6,6,6,6,6,6,6,6,6
Map_8744,24,81,23,23,20,25,22,14,22,14,22,14,22,14,22,14,14,14,14,14,14,14,14,14,14,14
Map_8745,450,357,96,96,96,174,92,72,92,72,92,72,93,72,109,72,157,58,157,58,157,58,105,58,105,58
Map_8746,589,120,30,29,30,30,24,24,24,24,24,24,24,24,24,24,24,20,24,20,24,20,24,20,24,20
Map_8747,180,259,34,34,45,35,34,34,34,34,34,34,34,34,34,34,28,34,28,27,28,27,28,34,28,34
Map_8748,12,55,12,12,12,12,12,12,12,12,12,12,12,12,12,12,12,12,12,12,12,12,12,12,12,12
Map_8749,517,422,385,481,449,247,102,96,102,96,102,96,102,96,102,96,102,83,102,83,102,83,102,91,102,91
Map_8750,411,311,64,64,64,23,30,23,30,23,30,23,29,23,29,75,30,23,30,23,30,23,30,23,30,23
Map_8751,9,60,9,9,9,10,9,9,9,9,9,9,9,9,9,9,10,8,10,8,10,8,10,8,10,8
Map_8752,6,175,6,6,6,6,6,6,6,6,6,6,6,6,6,6,6,6,6,6,6,6,6,6,6,6
Map_8753,72,156,11,11,11,11,11,11,11,11,11,11,11,11,11,11,11,11,11,11,11,11,11,11,11,11
Map_8754,419,89,40,40,40,59,31,51,31,51,31,51,31,51,31,51,32,31,36,31,36,31,31,31,31,40
Map_8755,17,55,17,17,17,17,17,17,17,17,17,17,17,17,17,17,17,17,17,17,17,17,17,17,17,17
Map_8756,10,400,10,10,10,18,10,10,10,10,10,10,10,10,10,10,10,10,10,10,10,10,10,10,10,10
Map_8757,124,255,13,13,13,22,13,13,13,13,13,13,13,13,13,13,10,10,10,10,10,10,10,10,10,10
Map_8758,23,207,20,20,22,22,20,19,20,19,20,19,19,19,19,19,19,16,21,16,21,16,19,19,19,19
Map_8759,491,270,256,228,389,240,57,57,57,57,57,57,57,57,87,87,82,57,82,57,82,57,103,57,57,57
Map_8760,31,74,17,17,21,17,17,16,17,16,17,16,16,16,16,16,17,16,17,16,17,16,17,16,17,16
Map_8761,512,118,14,14,14,14,14,14,14,14,14,14,14,14,14,14,14,14,14,14,14,14,14,14,14,14
Map_8762,31,35,13,13,16,15,13,13,13,13,13,13,13,13,13,13,13,13,13,13,13,13,13,13,13,13
Map_8763,23,30,17,17,17,17,39,17,39,17,39,17,39,17,39,17,28,17,22,17,22,17,28,17,28,17
Map_8764,369,218,351,129,315,282,59,63,59,63,59,63,59,63,59,63,124,50,98,50,98,50,53,50,53,50
Map_8765,16,47,16,16,16,36,37,16,37,16,37,16,37,16,37,16,32,16,36,16,36,16,37,16,37,16
Map_8766,14,26,7,7,7,7,7,7,7,7,7,7,7,7,7,7,9,7,9,7,9,7,9,7,9,7
Map_8767,603,239,11,11,11,11,11,11,11,11,11,11,11,11,11,11,11,11,19,11,19,11,11,11,11,11
Map_8768,594,518,19,19,19,37,19,18,19,18,19,18,18,18,18,18,19,18,19,18,19,18,19,18,19,18
Map_8769,597,221,25,22,25,45,22,22,22,22,22,22,22,22,22,22,42,22,36,22,36,22,42,22,22,22
Map_8770,31,37,15,15,22,22,15,15,15,15,15,15,15,15,15,15,15,11,18,11,18,11,15,11,15,11
Map_8771,592,169,117,107,253,110,81,209,81,210,81,210,81,98,81,98,68,39,39,39,39,39,68,39,56,39
Map_8772,61,572,26,26,26,27,25,26,25,26,25,26,25,26,25,26,25,27,25,27,25,27,25,27,25,27
Map_8773,12,391,12,12,12,12,12,12,12,12,12,12,12,12,12,12,12,12,12,12,12,12,12,12,12,12
Map_8774,100,413,39,37,39,42,41,22,41,22,41,22,37,22,36,22,40,22,40,22,40,22,48,22,48,22
Map_8775,228,155,39,39,39,18,17,17,17,17,17,17,17,17,17,17,17,17,17,17,17,17,17,17,17,17
Map_8776,259,151,43,43,43,46,43,43,43,43,43,43,43,43,43,43,42,42,42,42,46,42,42,43,43,43
Map_8777,594,202,30,30,30,68,30,30,30,30,30,30,30,30,30,30,33,30,33,30,33,30,32,30,32,30
Map_8778,613,315,11,11,11,11,11,11,11,11,11,11,11,11,11,11,11,11,11,11,11,11,11,11,11,11
Map_8779,537,352,152,78,158,92,46,46,46,46,46,46,46,46,46,46,49,62,50,62,50,62,49,67,49,67
Map_8780,24,56,20,19,20,20,14,18,14,18,14,18,14,18,14,18,14,14,14,14,14,14,14,14,14,14
Map_8781,610,479,414,414,414,330,134,120,134,120,134,120,110,139,110,139,159,169,159,172,128,172,112,109,110,109
Map_8782,68,296,16,12,16,20,12,12,12,12,12,12,12,12,12,12,12,12,12,12,12,12,12,12,12,12
Map_8783,591,283,15,15,15,15,14,14,14,14,14,14,14,14,14,14,14,14,14,14,14,14,14,14,14,14
Map_8784,113,206,48,69,48,51,39,28,39,28,39,28,99,99,99,99,28,28,28,28,28,28,28,28,28,28
Map_8785,435,202,57,58,58,69,58,60,58,60,58,60,58,60,58,60,62,57,65,57,65,57,57,57,57,57
Map_8786,14,235,7,7,7,7,7,7,7,7,7,7,7,7,7,7,7,7,7,7,7,7,7,7,7,7
Map_8787,11,351,10,10,10,10,10,10,10,10,10,10,10,10,10,10,10,10,10,10,10,10,10,10,10,10
Map_8788,72,185,43,43,46,32,32,32,32,32,32,32,32,32,32,32,33,33,33,33,33,33,37,37,37,37
Map_8789,79,267,45,45,47,70,40,40,40,40,40,40,40,39,40,39,40,37,40,37,40,37,40,37,40,37
Map_8790,524,391,292,291,366,85,58,58,58,58,58,58,58,84,58,84,59,58,102,58,102,58,58,58,58,58
Map_8791,103,418,25,24,25,25,24,24,24,24,24,24,24,24,24,24,24,24,24,24,24,24,24,24,24,24
Map_8792,67,321,41,41,41,48,20,39,20,39,20,39,20,39,20,39,20,20,20,20,20,20,20,20,21,20
Map_8793,131,96,20,20,20,47,20,20,20,20,20,20,20,20,20,20,26,20,26,20,26,20,20,20,20,20
Map_8794,103,411,21,21,32,33,21,21,21,21,21,21,21,21,21,21,21,21,28,21,28,21,21,21,21,21
Map_8795,23,77,22,22,22,18,22,25,22,25,22,25,22,30,22,30,24,18,24,18,24,18,24,18,22,18
Map_8796,33,428,30,30,30,45,30,30,30,30,30,30,30,30,30,30,26,30,26,30,26,30,26,30,31,30
Map_8797,490,430,73,73,73,113,88,75,88,75,88,75,97,75,97,75,92,62,92,62,92,62,92,63,92,63
Map_8798,18,38,19,19,19,19,19,18,19,18,19,18,19,18,18,18,19,18,19,18,19,18,19,18,19,18
Map_8799,39,225,23,23,92,22,19,19,19,19,19,19,19,19,19,19,19,19,19,19,19,19,19,19,19,19
Map_8800,257,121,247,158,160,82,61,61,56,56,56,56,48,48,48,48,56,56,56,56,56,56,56,56,61,61
Map_8801,6,23,7,7,7,7,6,6,6,6,6,6,6,6,6,6,6,6,6,6,6,6,6,6,6,6
Map_8802,247,181,27,27,99,29,20,20,20,20,20,20,20,20,20,20,20,20,20,20,20,20,20,20,20,20
Map_8803,569,366,81,71,48,51,45,43,45,43,45,43,43,43,43,43,23,23,23,23,23,23,23,43,42,43
Map_8804,590,160,10,10,10,10,10,10,10,10,10,10,10,10,10,10,10,10,10,10,10,10,10,10,10,10
Map_8805,210,169,44,44,43,55,44,43,44,43,44,43,44,43,44,43,42,42,42,34,42,34,42,42,42,42
Map_8806,8,409,8,8,8,8,8,8,8,8,8,8,8,8,8,8,8,8,8,8,8,8,8,8,8,8
Map_8807,437,217,198,236,189,263,135,184,135,173,135,173,153,153,153,153,142,121,134,112,134,112,125,173,125,173
Map_8808,24,43,13,13,13,13,13,13,13,13,13,13,13,13,13,13,13,13,13,13,13,13,13,13,13,13
Map_8809,104,118,44,11,11,58,11,11,11,11,11,11,11,11,11,11,11,11,11,11,11,11,11,11,11,11
Map_8810,221,229,52,51,52,52,30,47,30,47,30,47,35,51,35,51,27,30,27,27,27,27,27,30,27,30
Map_8811,190,36,13,13,13,13,13,13,13,13,13,13,13,13,13,13,13,13,15,13,15,13,13,13,13,13
Map_8812,624,364,51,59,51,29,31,29,31,29,31,29,31,29,31,29,29,26,29,26,29,26,29,26,29,26
Map_8813,42,57,19,19,19,34,15,15,15,15,15,15,15,15,15,15,15,15,15,15,15,15,15,15,15,15
Map_8814,29,400,10,10,10,10,10,10,10,10,10,10,10,10,10,10,10,10,10,10,10,10,10,10,10,10
Map_8815,612,252,87,87,87,184,36,36,36,36,36,36,36,101,101,101,36,35,36,35,36,35,35,35,35,35
Map_8816,26,246,13,13,16,14,13,13,13,13,13,13,13,13,13,13,13,12,14,12,14,12,13,13,13,13
Map_8817,612,414,20,20,20,22,20,20,20,20,20,20,20,20,20,20,20,20,24,20,24,20,20,20,20,20
Map_8818,554,337,468,311,492,383,244,250,244,250,244,250,175,175,175,175,184,242,310,233,310,233,184,250,179,250
Map_8819,71,257,16,16,16,22,16,16,16,16,16,16,16,16,16,16,16,16,16,16,16,16,16,16,16,16
Map_8820,96,297,15,15,15,15,15,15,15,15,15,15,15,15,15,15,15,15,15,15,15,15,15,15,15,15
Map_8821,249,186,57,57,57,74,67,57,67,57,67,57,78,63,78,63,59,67,59,69,59,69,69,57,68,57
Map_8822,465,337,35,35,35,35,35,32,35,32,35,32,35,32,35,32,35,25,36,25,36,25,35,25,35,25
Map_8823,597,229,68,147,68,438,107,225,107,225,107,225,107,225,107,225,91,90,91,90,91,90,106,106,106,106
Map_8824,20,126,20,17,20,24,17,17,17,17,17,17,17,17,17,17,17,17,17,15,17,15,17,17,17,17
Map_8825,596,140,46,46,119,57,46,46,46,46,46,46,46,46,46,46,46,46,50,46,50,46,46,46,46,46
Map_8826,10,213,13,8,8,19,8,8,8,8,8,8,8,8,8,8,8,8,8,8,8,8,8,8,8,8
Map_8827,28,290,66,66,66,112,139,52,139,52,139,52,62,52,62,52,28,28,28,28,28,28,28,52,28,52
Map_8828,304,472,85,74,98,86,91,74,91,74,91,74,74,74,74,74,70,133,80,75,80,75,65,93,64,93
Map_8829,11,248,11,11,11,92,11,11,11,11,11,11,11,11,11,11,15,11,17,11,17,11,11,11,11,11
Map_8830,6,66,6,6,6,6,6,6,6,6,6,6,6,6,6,6,6,6,6,6,6,6,6,6,6,6
Map_8831,14,37,13,12,13,13,12,12,12,12,12,12,12,12,12,12,12,12,14,13,14,13,12,12,12,12
Map_8832,474,242,98,98,98,91,80,96,80,96,80,96,80,96,80,96,55,64,55,64,55,59,55,68,55,68
Map_8833,54,402,65,65,64,62,51,54,51,54,51,54,51,53,51,53,41,61,41,49,41,49,41,76,41,76
Map_8834,7,127,8,7,7,10,7,7,7,7,7,7,7,7,7,7,7,7,7,7,7,7,7,7,7,7
Map_8835,629,618,45,45,45,45,45,45,45,45,45,45,45,45,45,45,44,44,44,44,44,44,44,44,44,44
Map_8836,286,185,31,32,32,94,58,31,58,31,58,31,53,31,53,31,45,31,45,31,45,31,48,31,58,31
Map_8837,17,303,19,19,19,19,19,15,19,15,19,15,19,15,19,15,15,15,15,15,15,15,15,15,19,15
Map_8838,11,314,16,16,11,16,16,11,16,11,16,11,16,11,16,11,21,9,21,9,21,9,18,9,18,9
Map_8839,58,288,26,26,40,26,26,26,26,26,26,26,26,26,26,26,23,26,23,26,23,26,23,26,23,26
Map_8840,101,180,170,76,46,72,33,33,33,33,33,33,33,33,33,33,33,33,33,29,33,29,33,33,33,33
Map_8841,419,370,26,26,26,27,26,26,26,26,26,26,26,26,26,26,26,26,26,26,26,26,26,26,26,26
Map_8842,45,169,10,10,10,10,10,10,10,10,10,10,10,10,10,10,10,10,10,10,10,10,10,10,10,10
Map_8843,65,483,69,56,69,13,13,13,13,13,13,13,13,13,13,13,13,13,13,13,13,13,13,13,13,13
Map_8844,608,389,30,27,30,30,33,33,33,33,33,33,35,33,35,33,33,33,33,33,33,33,33,33,33,33
Map_8845,351,166,92,115,74,98,92,61,92,61,92,61,96,134,96,134,35,34,35,34,35,34,35,34,35,34
Map_8846,534,323,64,63,64,96,49,245,49,245,49,245,49,283,49,283,43,33,43,33,43,33,43,33,43,33
Map_8847,128,142,41,41,41,32,32,32,32,32,32,32,32,32,32,32,34,32,34,32,34,32,32,32,32,32
Map_8848,24,157,19,16,17,19,16,16,16,16,16,16,16,16,16,16,14,17,21,13,21,13,14,16,14,16
Map_8849,27,94,14,14,14,28,14,14,14,14,14,14,14,14,14,14,12,14,12,12,12,12,12,14,12,14
Map_8850,521,369,296,220,415,558,46,95,46,95,46,95,46,95,46,95,48,46,44,46,44,46,48,95,46,95
Map_8851,12,125,12,12,12,18,18,18,18,18,18,18,18,18,18,18,15,12,17,12,17,12,15,12,15,12
Map_8852,363,386,39,35,39,31,26,26,26,26,26,26,26,26,26,26,31,26,31,26,31,26,26,26,26,57
Map_8853,25,47,18,17,18,18,18,17,18,17,18,17,17,17,17,17,17,14,15,14,15,14,17,17,17,17
Map_8854,543,444,35,34,90,38,34,31,34,31,34,31,34,31,34,31,36,28,36,28,36,28,34,28,34,28
Map_8855,82,364,17,17,17,17,17,17,17,17,17,17,17,17,17,17,17,17,17,17,17,17,17,17,17,17
Map_8856,55,327,51,51,51,51,51,51,51,51,51,51,51,51,51,51,32,41,32,41,32,41,32,41,32,41
Map_8857,14,464,10,10,10,19,10,10,10,10,10,10,10,10,10,10,10,10,10,10,10,10,10,10,10,10
Map_8858,338,294,118,64,114,247,37,37,37,37,37,37,37,37,37,37,31,28,31,28,31,30,31,28,31,28
Map_8859,16,397,16,16,16,19,16,16,16,16,16,16,16,16,16,16,17,16,17,16,17,16,17,16,17,16
Map_8860,600,364,18,14,18,14,14,14,14,14,14,14,14,14,14,14,15,14,15,14,15,14,14,14,14,14
Map_8861,609,381,489,489,489,143,279,317,279,304,279,304,288,458,288,458,293,272,103,276,103,276,271,270,287,304
Map_8862,8,60,9,9,9,10,9,9,9,9,9,9,9,9,9,9,8,8,8,8,8,8,8,8,8,8
Map_8863,11,318,12,12,12,13,12,12,12,12,12,12,12,12,12,12,12,11,12,11,12,11,12,11,12,11
Map_8864,547,465,41,41,41,79,80,41,80,41,80,41,78,41,77,41,79,41,68,41,68,41,80,41,80,41
Map_8865,554,208,68,59,38,74,40,38,40,38,40,38,40,38,40,38,33,35,36,35,36,35,33,35,33,38
Map_8866,598,342,111,127,429,180,74,88,74,145,74,145,65,88,65,88,59,64,59,64,59,56,69,64,76,64
Map_8867,127,279,28,28,28,28,28,27,28,27,28,27,28,27,28,27,26,25,26,25,26,25,28,25,28,25
Map_8868,406,215,32,32,32,32,32,32,32,32,32,32,35,34,35,34,52,32,52,32,52,32,52,32,52,32
Map_8869,583,367,24,24,24,24,24,17,24,17,24,17,22,17,22,17,24,17,29,17,29,17,24,17,24,17
Map_8870,553,368,39,36,36,39,35,35,35,35,35,35,35,35,35,35,44,33,44,33,44,33,35,33,35,33
Map_8871,14,597,9,9,9,9,9,9,9,9,9,9,9,9,9,9,9,9,9,9,9,9,9,9,9,9
Map_8872,22,85,19,19,19,23,21,19,21,19,21,19,21,19,21,19,16,16,16,16,16,16,16,16,16,16
Map_8873,48,151,25,25,25,25,25,25,25,25,25,25,25,25,25,25,25,25,25,25,25,25,25,25,25,25
Map_8874,618,164,192,214,192,254,75,30,75,30,75,30,46,30,46,33,44,30,44,30,44,30,44,30,44,30
Map_8875,14,86,14,14,14,15,14,14,14,14,14,14,14,14,14,14,15,14,15,14,15,14,14,14,14,14
Map_8876,7,71,8,7,8,8,8,7,8,7,8,7,7,7,7,7,8,7,8,7,8,7,8,7,8,7
Map_8877,26,183,14,14,13,15,13,13,13,13,13,13,13,13,13,13,14,13,14,13,16,13,14,13,14,13
Map_8878,610,176,155,280,84,299,119,44,119,44,119,44,123,44,123,44,46,44,48,44,48,44,46,44,46,44
Map_8879,591,212,96,96,96,195,98,96,98,96,98,96,98,96,98,96,49,48,49,48,49,48,49,48,49,48
Map_8880,426,392,31,29,29,31,29,29,29,29,29,29,29,29,29,29,29,29,29,29,29,29,29,29,29,29
Map_8881,97,543,92,92,93,508,96,33,96,33,96,33,95,33,95,33,33,33,39,37,39,37,33,33,33,33
Map_8882,30,83,14,14,14,18,14,14,14,14,14,14,14,14,14,14,14,14,14,13,14,13,14,14,14,14
Map_8883,56,214,64,64,64,140,42,42,42,42,42,42,42,42,42,42,42,42,42,42,42,42,42,42,42,42
Map_8884,535,202,202,203,58,75,51,31,51,31,51,31,51,31,51,31,43,31,43,31,43,31,43,31,43,31
Map_8885,8,185,8,8,8,22,8,8,8,8,8,8,8,8,8,8,8,8,8,8,8,8,8,8,8,8
Map_8886,255,111,22,20,22,22,20,20,22,20,22,20,20,20,20,20,20,20,20,20,20,20,20,20,20,20
Map_8887,9,202,9,9,9,9,9,9,9,9,9,9,9,9,9,9,10,9,10,9,10,9,9,9,9,9
Map_8888,32,218,9,9,9,22,9,9,9,9,9,9,9,9,9,9,9,9,9,9,9,9,9,9,9,9
Map_8889,433,305,86,76,85,334,88,88,88,88,88,88,94,119,119,119,58,58,58,58,58,58,58,58,58,58
Map_8890,8,84,8,8,8,8,8,8,8,8,8,8,8,8,8,8,8,8,8,8,8,8,8,8,8,8
Map_8891,62,494,21,21,21,21,13,13,13,13,13,13,13,13,13,13,13,13,13,12,13,12,13,13,13,13
Map_8892,67,84,16,16,16,16,16,16,16,16,16,16,16,16,16,16,16,16,16,16,16,16,16,16,16,16
Map_8893,8,112,8,8,8,8,8,8,8,8,8,8,8,8,8,8,8,8,8,8,8,8,8,8,8,8
Map_8894,96,59,38,32,38,51,27,27,27,27,27,27,27,27,36,36,27,27,27,27,27,27,27,27,27,27
Map_8895,26,115,13,13,19,13,13,13,13,13,13,13,13,13,13,13,13,13,13,13,13,13,13,13,13,13
Map_8896,9,21,10,10,10,10,9,9,9,9,9,9,9,9,9,9,10,9,10,9,10,9,10,9,10,9
Map_8897,229,147,22,22,32,23,22,22,22,22,22,22,22,22,22,22,23,22,23,22,23,22,22,22,22,22
Map_8898,36,265,40,40,101,41,33,33,33,33,33,33,33,33,33,33,33,33,35,34,35,34,33,33,33,33
Map_8899,155,263,85,84,105,101,68,67,68,67,68,67,68,67,67,67,68,65,68,65,68,65,68,65,68,65
Map_8900,24,209,17,14,14,18,14,13,14,13,14,13,14,13,14,13,14,13,15,13,15,13,14,13,14,13
Map_8901,61,162,17,19,17,17,17,16,17,16,17,16,17,16,16,16,17,16,17,16,17,16,17,16,17,16
Map_8902,14,192,13,13,13,13,12,12,12,12,12,12,12,12,12,12,12,12,12,12,12,12,12,12,12,12
Map_8903,597,131,41,41,41,41,41,41,41,41,41,41,41,41,41,41,44,31,36,31,36,31,36,31,36,31
Map_8904,600,477,56,56,56,75,59,59,59,59,59,59,59,59,59,59,66,55,66,55,66,55,66,55,66,55
Map_8905,45,61,26,22,38,26,22,22,22,22,22,22,22,22,22,22,29,22,29,22,29,22,29,22,37,22
Map_8906,62,169,13,13,15,16,13,13,13,13,13,13,13,13,13,13,13,13,13,13,13,13,13,13,13,13
Map_8907,101,154,21,21,47,36,21,28,21,28,21,28,21,28,21,28,28,18,28,18,28,18,28,18,28,18
Map_8908,78,182,63,63,63,63,40,40,40,40,40,40,40,40,40,40,40,40,40,40,40,40,40,40,40,40
Map_8909,453,264,14,13,14,14,13,13,13,13,13,13,13,13,13,13,14,13,14,13,14,13,13,13,13,13
Map_8910,586,127,105,109,213,155,130,171,130,171,130,171,130,198,130,198,95,64,95,64,95,64,95,64,95,64
Map_8911,380,215,70,70,70,388,48,48,48,48,48,48,105,70,106,108,44,48,44,48,44,48,43,48,43,48
Map_8912,380,176,17,17,17,17,17,17,17,17,17,17,17,17,17,17,22,17,22,17,22,17,17,17,17,17
Map_8913,546,210,34,34,34,34,34,34,34,34,34,34,73,73,73,73,39,34,43,34,43,34,35,34,34,34
Map_8914,623,326,13,13,13,15,13,13,13,13,13,13,13,13,13,13,13,13,13,13,13,13,13,13,13,13
Map_8915,50,136,170,171,170,63,74,84,74,84,74,84,84,84,135,135,73,80,63,63,63,63,74,80,74,80
Map_8916,73,285,63,63,63,279,63,63,63,63,63,63,63,63,63,63,68,63,68,63,68,63,68,63,68,63
Map_8917,379,489,69,62,69,70,71,68,71,68,71,68,68,68,68,68,40,40,44,40,44,40,40,40,40,40
Map_8918,579,85,23,23,23,34,23,23,23,23,23,23,23,23,23,23,23,23,37,23,37,23,23,23,23,23
Map_8919,14,136,10,10,10,10,10,10,10,10,10,10,10,10,10,10,10,10,10,10,10,10,10,10,10,10
Map_8920,40,28,27,27,27,18,18,18,18,18,18,18,18,18,18,18,18,18,18,18,18,18,18,18,18,18
Map_8921,37,163,21,21,21,21,21,21,21,21,21,21,21,21,21,21,17,17,17,17,17,17,17,17,17,17
Map_8922,612,353,365,261,496,399,261,222,261,81,261,81,204,235,204,235,236,51,236,51,236,51,283,92,283,92
Map_8923,615,219,501,324,418,585,168,302,168,302,168,302,121,302,121,401,364,167,348,184,318,184,283,110,358,224
Map_8924,608,359,20,20,20,20,20,18,20,18,20,18,20,18,20,18,18,18,18,18,18,18,18,18,18,18
Map_8925,598,307,610,611,583,275,39,59,39,59,39,59,58,59,58,59,39,39,51,39,51,39,39,39,39,39
Map_8926,280,75,6,6,6,6,8,6,8,6,8,6,8,6,8,6,8,6,8,6,8,6,8,6,8,6
Map_8927,21,336,11,11,11,45,11,11,11,11,11,11,11,11,11,11,11,11,11,11,11,11,11,11,11,11
Map_8928,444,189,40,40,40,65,41,41,41,41,41,41,41,41,41,41,39,41,39,40,39,40,39,41,39,41
Map_8929,43,33,28,28,27,20,14,24,14,24,14,24,14,24,14,24,15,14,15,14,15,14,14,16,14,19
Map_8930,567,151,64,50,64,63,28,28,28,28,28,28,28,28,28,28,28,28,28,28,28,28,28,28,28,28
Map_8931,10,28,10,10,10,10,10,10,10,10,10,10,10,10,10,10,10,10,10,10,10,10,10,10,10,10
Map_8932,593,358,44,44,44,44,44,44,44,44,44,44,44,44,44,57,52,44,52,44,52,44,50,44,50,44
Map_8933,24,56,26,22,26,26,22,22,22,22,22,22,22,22,22,22,22,21,19,21,19,18,22,21,22,21
Map_8934,612,279,316,253,262,252,153,504,153,342,153,342,488,488,488,488,133,100,132,100,132,100,153,99,153,99
Map_8935,162,236,43,57,56,62,43,56,43,56,43,56,56,56,56,56,27,24,27,24,27,24,34,24,34,24
Map_8936,393,97,27,27,27,27,30,30,30,30,30,30,30,30,30,30,30,26,30,26,30,26,30,26,30,26
Map_8937,16,34,17,17,13,19,13,13,13,13,13,13,13,13,13,13,13,13,13,13,13,13,13,13,13,13
Map_8938,93,295,51,51,52,50,141,50,141,50,141,50,149,50,149,50,52,50,52,50,52,50,50,50,50,50
Map_8939,40,317,40,40,40,74,37,64,37,64,37,64,37,64,37,64,45,50,45,50,66,50,45,50,45,62
Map_8940,25,160,12,12,12,12,12,10,12,10,12,10,10,10,10,10,10,10,13,10,13,10,10,10,10,10
Map_8941,274,533,73,66,66,281,58,75,58,75,58,75,58,108,58,108,58,58,58,58,58,58,58,58,58,82
Map_8942,26,80,70,76,70,145,25,25,25,25,25,25,25,25,25,25,25,25,25,25,25,25,25,25,25,25
Map_8943,11,26,14,14,10,14,14,14,14,14,14,14,14,14,14,14,14,10,14,10,14,10,14,10,14,10
Map_8944,11,31,7,7,7,7,7,7,7,7,7,7,7,7,7,7,7,7,7,7,7,7,7,7,7,7
Map_8945,27,84,31,31,31,33,29,33,29,33,29,33,29,33,29,33,24,23,24,23,24,23,27,23,27,23
Map_8946,501,232,84,84,95,99,79,34,79,34,79,34,79,34,79,34,75,31,75,31,75,31,79,34,79,34
Map_8947,21,40,25,24,25,37,22,21,22,21,22,21,21,21,21,21,21,21,21,21,21,21,21,21,21,21
Map_8948,73,287,32,32,32,37,32,32,32,32,32,32,32,32,32,32,26,32,26,32,26,32,26,32,26,32
Map_8949,625,127,17,17,17,13,13,13,13,13,13,13,13,13,13,13,13,13,13,13,13,13,13,13,13,13
Map_8950,613,206,14,14,14,14,41,14,41,14,41,14,41,14,41,14,42,14,42,14,42,14,42,14,41,14
Map_8951,633,381,92,91,92,337,84,78,84,78,84,78,84,78,78,78,71,137,83,99,83,99,71,233,71,233
Map_8952,271,92,19,19,19,19,19,18,19,18,19,18,19,18,19,18,19,18,19,18,19,18,19,18,19,18
Map_8953,608,111,99,91,99,72,56,52,56,52,56,52,56,52,56,52,60,52,70,52,70,52,56,52,56,52
Map_8954,10,407,8,8,8,10,8,8,8,8,8,8,8,8,8,8,9,8,9,8,9,8,8,8,8,8
Map_8955,207,133,95,122,95,42,59,38,59,38,59,38,63,58,63,58,58,52,52,52,52,55,58,57,58,57
Map_8956,355,351,33,33,33,139,87,33,33,33,33,33,80,33,80,33,35,33,35,33,35,33,33,33,33,33
Map_8957,351,447,17,17,17,17,17,17,17,17,17,17,17,17,17,17,17,17,17,17,17,17,17,17,17,17
Map_8958,568,312,287,394,375,509,48,84,48,84,48,84,48,84,48,84,49,48,49,49,49,49,49,48,48,48
Map_8959,275,266,34,34,34,34,34,35,34,35,34,35,34,35,34,35,31,35,35,34,35,34,31,34,31,34
Map_8960,24,381,42,34,42,17,17,16,17,16,17,16,16,16,16,16,19,16,19,16,19,16,19,16,19,16
Map_8961,633,267,26,14,16,32,14,14,14,14,14,14,14,14,14,14,14,14,14,14,14,14,14,14,14,14
Map_8962,388,101,72,50,72,62,57,54,57,54,57,54,57,54,57,54,34,44,34,34,34,34,46,54,46,54
Map_8963,48,106,15,15,15,15,15,15,15,15,15,15,15,15,15,15,16,15,16,15,16,15,15,15,15,15
Map_8964,178,144,113,113,170,107,95,53,95,53,95,53,53,53,82,82,65,53,79,53,72,53,65,53,64,53
Map_8965,13,49,10,10,10,10,10,10,10,10,10,10,10,10,10,10,10,10,10,10,10,10,10,10,10,10
Map_8966,15,37,11,11,11,11,11,11,11,11,11,11,11,11,11,11,11,11,11,11,11,11,11,11,11,11
Map_8967,27,54,10,10,10,10,10,10,10,10,10,10,10,10,10,10,10,10,27,10,27,10,10,10,10,10
Map_8968,229,206,14,14,14,15,14,14,14,14,14,14,14,14,14,14,14,14,14,14,14,14,14,14,14,14
Map_8969,7,19,7,7,7,10,7,7,7,7,7,7,7,7,7,7,7,7,7,7,7,7,7,7,7,7
Map_8970,573,224,17,17,17,17,17,17,17,17,17,17,17,17,17,17,17,17,17,17,17,17,17,17,17,17
Map_8971,24,191,13,13,13,13,13,13,13,13,13,13,13,13,13,13,13,13,13,13,13,13,13,13,13,13
Map_8972,430,382,25,25,25,25,23,20,23,20,23,20,23,20,23,20,23,20,25,20,25,20,23,20,23,20
Map_8973,28,75,19,19,22,26,19,19,19,19,19,19,19,19,19,19,19,18,19,18,19,18,18,18,18,18
Map_8974,274,232,22,22,22,65,22,22,22,22,22,22,22,22,22,22,22,22,22,22,22,22,22,22,22,22
Map_8975,469,301,90,46,80,71,22,21,22,21,22,21,21,21,21,21,22,21,22,21,22,21,22,21,22,21
Map_8976,235,132,18,18,18,17,24,24,24,24,24,24,24,24,24,24,29,24,29,24,29,24,29,24,18,24
Map_8977,9,147,7,7,7,7,14,7,14,7,14,7,13,7,13,7,11,7,11,7,11,7,11,7,11,7
Map_8978,161,350,202,194,202,216,97,93,97,93,97,93,93,194,194,194,37,91,37,37,37,37,37,93,37,93
Map_8979,162,332,39,39,97,61,31,30,31,30,31,30,31,30,31,30,31,26,31,26,31,26,31,30,31,30
Map_8980,627,244,62,62,62,63,34,47,34,47,34,47,34,62,34,62,45,34,45,35,45,35,34,34,34,34
Map_8981,551,179,33,33,35,33,28,31,28,31,28,31,28,31,28,31,31,22,31,22,31,22,30,22,30,22
Map_8982,552,252,13,13,13,39,15,13,15,13,15,13,15,13,15,13,15,13,15,13,15,13,15,13,15,13
Map_8983,52,179,31,29,29,31,31,29,31,29,31,29,29,29,29,29,32,38,32,38,31,38,32,38,32,38
Map_8984,272,109,43,43,43,142,98,92,98,92,98,92,101,101,101,101,93,43,89,43,89,43,88,43,88,43
Map_8985,5,7,5,5,5,5,5,5,5,5,5,5,5,5,5,5,5,5,5,5,5,5,5,5,5,5
Map_8986,619,307,142,142,142,103,352,412,352,412,352,412,269,415,269,415,245,193,273,202,273,202,350,193,265,303
Map_8987,87,91,54,54,54,54,22,22,22,22,22,22,22,22,22,22,22,20,22,20,22,20,20,20,20,20
Map_8988,480,283,88,88,88,103,88,88,88,88,88,88,88,88,88,91,77,74,90,74,90,74,77,74,77,74
Map_8989,21,41,8,8,8,8,8,8,8,8,8,8,8,8,8,8,11,8,11,8,11,8,8,8,8,8
Map_8990,274,178,54,33,150,36,37,36,37,36,37,36,36,36,36,36,38,36,38,33,38,33,38,36,38,36
Map_8991,620,135,75,75,75,52,50,49,50,49,50,49,48,48,48,51,45,48,45,48,45,48,45,48,45,48
Map_8992,466,313,26,26,26,56,26,25,26,25,26,25,26,25,25,25,17,17,17,17,17,17,17,17,17,17
Map_8993,439,87,96,96,361,105,89,112,89,112,89,112,89,89,89,89,69,68,69,68,48,68,69,68,89,112
Map_8994,562,160,49,172,49,18,16,16,16,16,16,16,16,16,16,16,16,16,16,16,16,16,16,16,16,16
Map_8995,550,348,68,42,57,74,60,261,60,261,60,261,42,264,42,264,64,42,64,42,64,42,60,42,60,42
Map_8996,428,116,34,34,34,72,56,36,56,36,56,36,56,36,56,36,46,46,46,33,52,33,46,46,46,46
Map_8997,615,281,58,57,58,125,44,44,44,44,44,44,46,37,46,37,44,29,33,29,33,29,44,29,44,29
Map_8998,538,403,40,40,119,48,42,40,42,40,42,40,41,40,41,40,42,40,42,30,42,30,42,40,42,40
Map_8999,23,128,24,23,24,24,24,23,24,23,24,23,23,23,23,23,27,23,27,23,27,23,27,23,27,23
Map_9000,20,71,11,11,11,19,11,11,11,11,11,11,11,11,11,11,11,11,11,11,11,11,11,11,11,11
Map_9001,361,447,63,63,27,47,36,26,36,26,36,26,36,26,36,26,36,27,28,27,28,27,42,26,44,26
Map_9002,38,117,79,79,84,29,29,68,29,68,29,68,68,68,68,68,18,18,18,18,18,18,18,18,18,18
Map_9003,474,254,30,30,36,29,22,27,22,27,22,27,22,27,22,27,22,45,22,45,22,45,22,45,22,45
Map_9004,419,512,50,50,50,68,36,50,36,50,36,50,36,50,36,50,36,36,129,36,129,36,36,36,36,36
Map_9005,34,42,27,33,27,27,21,33,21,27,21,27,21,33,21,33,21,21,21,21,21,21,21,21,21,21
Map_9006,13,59,16,12,16,16,12,12,12,12,12,12,12,12,12,12,14,12,14,12,14,12,14,12,14,12
Map_9007,28,45,17,17,17,23,17,17,17,17,17,17,17,17,17,17,23,17,23,17,23,17,19,17,17,17
Map_9008,59,105,15,15,15,15,15,15,15,15,15,15,15,15,15,15,18,15,18,15,18,15,18,15,18,15
Map_9009,583,308,278,269,535,397,370,193,370,193,370,193,467,278,466,234,118,150,71,150,71,150,117,150,124,329
Map_9010,319,100,485,60,511,371,61,60,61,60,61,60,74,60,75,60,66,47,53,62,53,62,71,47,71,47
Map_9011,14,139,15,12,12,20,14,12,14,12,14,12,12,12,12,12,15,12,15,12,15,12,14,12,14,12
Map_9012,30,98,29,28,29,34,20,25,20,25,20,25,20,25,20,25,20,20,20,20,20,20,20,20,20,20
Map_9013,17,444,12,12,12,12,12,12,12,12,12,12,12,12,12,12,12,12,15,12,15,12,12,12,12,12
Map_9014,75,254,56,56,56,96,28,20,28,20,28,20,28,21,28,21,17,17,26,17,26,17,17,18,17,18
Map_9015,634,431,130,101,501,104,57,66,57,66,57,66,57,57,57,57,54,35,54,35,54,35,57,36,57,36
Map_9016,15,50,11,11,11,11,11,11,11,11,11,11,11,11,11,11,11,11,11,11,11,11,11,11,11,11
Map_9017,553,259,36,36,33,36,36,31,36,31,36,31,36,31,36,31,26,28,26,26,26,26,26,31,26,31
Map_9018,134,352,140,139,175,54,50,50,50,50,50,50,50,50,50,50,46,51,46,46,46,46,46,51,46,51
Map_9019,108,64,21,21,21,21,21,21,21,21,21,21,21,21,21,21,21,21,21,21,21,21,21,21,21,21
Map_9020,57,218,18,18,18,18,18,20,18,20,18,20,18,20,18,20,18,18,18,18,18,18,18,20,18,20
Map_9021,7,66,7,7,7,9,7,7,7,7,7,7,7,7,7,7,7,7,7,7,7,7,7,7,7,7
Map_9022,540,164,34,34,61,33,32,33,32,33,32,33,32,33,32,33,32,27,32,27,32,27,32,32,32,32
Map_9023,14,369,8,8,8,8,8,8,8,8,8,8,8,8,8,8,8,8,8,8,8,8,8,8,8,8
Map_9024,627,398,466,534,484,446,36,36,36,36,36,36,36,36,36,36,403,36,420,36,157,36,36,36,36,36
Map_9025,529,282,35,35,35,83,52,40,52,40,52,40,41,40,41,40,54,40,54,40,54,40,52,40,52,40
Map_9026,618,162,11,11,11,11,11,11,11,11,11,11,11,11,11,11,10,10,10,10,10,10,10,10,10,10
Map_9027,17,281,15,15,15,15,15,15,15,15,15,15,15,15,15,15,15,15,15,15,15,15,15,15,15,15
Map_9028,42,338,23,23,23,51,23,23,23,23,23,23,23,23,23,23,29,22,29,22,29,22,23,22,23,22
Map_9029,52,382,58,58,217,100,36,44,36,45,36,45,34,54,34,81,34,34,34,34,34,34,34,46,34,46
Map_9030,13,67,9,9,9,9,13,13,13,13,13,13,13,13,13,13,13,13,13,13,13,13,13,13,13,13
Map_9031,82,137,21,21,21,42,21,21,21,21,21,21,21,21,21,21,21,21,21,21,21,21,21,21,21,21
Map_9032,7,22,7,7,7,8,8,7,8,7,8,7,8,7,8,7,8,7,8,7,8,7,8,7,8,7
Map_9033,26,84,13,11,13,41,11,11,13,11,13,11,11,11,11,11,11,11,11,11,11,11,11,11,11,11
Map_9034,129,110,16,16,16,18,16,16,16,16,16,16,16,16,16,16,15,14,15,14,15,14,14,14,14,14
Map_9035,564,133,42,42,42,117,43,66,43,66,43,66,43,66,43,66,55,35,46,35,46,45,51,35,51,35
Map_9036,24,135,25,24,26,28,17,17,17,17,17,17,17,17,17,17,17,17,19,17,19,17,17,17,17,17
Map_9037,171,342,231,231,231,28,27,27,27,27,27,27,27,27,27,27,36,27,36,27,36,27,34,27,52,27
Map_9038,436,408,392,391,310,491,86,93,86,93,86,93,93,93,93,93,44,44,44,44,44,44,44,44,44,44
Map_9039,70,303,59,45,45,68,44,44,44,44,44,44,44,44,44,44,33,44,33,41,33,41,34,44,31,44
Map_9040,21,484,13,13,13,53,13,9,13,9,13,9,13,9,13,9,13,9,13,9,13,9,13,9,13,9
Map_9041,7,159,6,6,6,6,6,6,6,6,6,6,6,6,6,6,6,6,6,6,6,6,6,6,6,6
Map_9042,609,477,61,61,59,49,49,49,49,49,49,49,49,49,49,49,36,34,36,34,36,34,36,34,36,34
Map_9043,571,261,353,198,356,135,140,92,140,92,140,92,124,92,124,92,121,95,106,95,106,95,101,124,101,124
Map_9044,385,626,50,29,50,50,32,32,32,32,32,32,32,32,32,32,32,25,32,25,32,25,32,25,32,25
Map_9045,600,248,566,346,433,556,59,389,59,389,59,389,59,205,59,205,106,59,59,59,59,59,108,59,102,59
Map_9046,598,337,28,27,88,88,27,27,27,27,27,27,27,27,27,27,38,27,38,27,38,27,28,27,27,27
Map_9047,614,155,263,263,431,101,450,470,450,470,450,470,470,470,118,118,64,50,64,50,64,50,64,50,64,50
Map_9048,525,297,19,19,17,18,18,17,18,17,18,17,17,17,17,17,18,17,18,17,18,17,18,17,18,17
Map_9049,182,170,247,262,68,187,205,63,205,63,205,63,205,63,205,63,71,65,71,84,71,84,51,63,51,63
Map_9050,507,294,129,130,170,490,104,275,104,275,104,275,104,117,104,117,93,48,157,48,157,48,187,48,104,48
Map_9051,37,68,17,17,16,17,17,16,17,16,17,16,17,16,17,16,18,16,18,16,18,16,17,16,17,16
Map_9052,481,114,43,43,101,45,41,48,41,48,41,48,40,61,40,61,40,40,40,40,40,40,40,48,63,48
Map_9053,164,454,78,54,78,78,63,58,63,58,63,58,63,58,63,58,55,58,55,58,55,58,55,58,55,58
Map_9054,536,360,70,249,70,69,140,139,140,139,140,139,137,137,137,137,79,68,79,68,79,68,89,68,73,139
Map_9055,612,436,28,28,450,28,28,28,28,28,28,28,28,28,28,28,29,28,29,28,29,28,28,28,28,28
Map_9056,21,399,14,14,14,14,12,12,12,12,12,12,12,12,12,12,12,12,12,12,12,12,12,12,12,12
Map_9057,84,386,51,89,51,51,85,51,85,51,85,51,85,77,85,77,72,51,68,51,82,51,71,51,71,51
Map_9058,150,342,65,46,65,66,46,51,46,51,46,51,46,46,46,46,36,33,36,31,36,31,36,33,36,33
Map_9059,561,246,66,66,90,383,53,48,53,48,53,48,48,48,48,48,98,48,58,48,58,48,92,48,92,48
Map_9060,577,377,51,51,54,469,38,47,38,47,38,47,48,47,48,47,39,38,39,38,39,38,38,38,38,42
Map_9061,342,332,136,137,124,98,94,103,99,100,99,100,118,107,125,107,29,29,31,29,31,29,29,29,29,29
Map_9062,11,163,9,9,9,10,9,9,9,9,9,9,9,9,9,9,9,9,9,9,9,9,9,9,9,9
Map_9063,302,164,52,51,75,52,27,26,27,26,27,26,27,26,26,26,28,41,28,30,28,30,28,42,28,42
Map_9064,531,101,26,26,26,49,65,36,65,36,65,36,65,36,65,36,48,36,48,31,28,28,65,36,65,36
Map_9065,572,193,240,294,240,141,95,35,88,35,88,35,140,35,154,35,44,35,51,35,51,35,44,35,44,35
Map_9066,32,414,34,29,34,34,27,21,27,21,27,21,27,21,27,21,28,20,31,20,31,20,28,20,27,20
Map_9067,587,248,133,95,95,110,56,55,56,55,56,55,89,89,89,89,34,33,34,33,34,33,92,42,81,42
Map_9068,16,287,16,16,16,16,16,16,16,16,16,16,16,16,16,16,12,14,12,14,12,14,12,14,12,14
Map_9069,447,414,166,124,203,65,41,21,41,21,41,21,41,21,41,21,63,21,51,21,51,21,63,21,83,21
Map_9070,70,79,14,14,14,18,14,14,14,14,14,14,14,14,14,14,14,12,14,12,21,12,14,12,14,12
Map_9071,6,142,6,6,6,6,6,6,6,6,6,6,6,6,6,6,6,6,6,6,6,6,6,6,6,6
Map_9072,614,288,26,26,26,195,24,13,24,13,24,13,25,13,25,13,14,13,14,13,14,13,14,13,14,13
Map_9073,407,181,66,66,91,79,66,43,66,43,66,43,64,64,64,64,61,42,61,42,61,42,61,42,61,42
Map_9074,17,230,17,17,17,53,51,51,51,51,51,51,47,47,47,47,46,17,48,17,48,17,47,17,47,17
Map_9075,34,312,28,28,33,39,28,30,28,30,28,30,28,30,31,30,27,25,27,25,27,25,27,25,27,25
Map_9076,11,273,15,15,15,15,15,11,15,11,15,11,15,11,15,11,11,11,11,11,11,11,11,11,11,11
Map_9077,619,312,41,41,41,28,30,40,30,40,30,40,30,40,30,40,35,25,35,25,35,25,35,40,35,40
Map_9078,577,243,17,17,17,17,61,27,61,27,61,27,27,27,27,27,75,16,87,16,87,16,75,16,75,16
Map_9079,609,397,64,61,61,106,65,63,65,63,65,63,65,63,65,63,81,63,81,63,81,63,65,63,65,63
Map_9080,14,276,11,11,11,11,11,11,11,11,11,11,11,11,11,11,11,11,11,11,11,11,11,11,11,11
Map_9081,30,44,11,11,11,12,11,11,11,11,11,11,11,11,11,11,11,11,11,11,11,11,11,11,11,11
Map_9082,17,87,18,17,18,18,17,17,17,17,17,17,17,17,17,17,18,15,18,15,18,15,18,17,17,17
Map_9083,43,155,45,31,45,43,29,31,29,31,29,31,29,31,29,31,29,29,29,29,29,29,29,29,29,29
Map_9084,612,303,455,498,495,201,94,278,94,278,94,278,109,285,108,302,88,33,88,33,88,33,93,33,93,33
Map_9085,161,87,17,17,17,23,17,17,17,17,17,17,17,17,17,17,17,17,17,17,17,17,17,17,17,17
Map_9086,601,237,46,78,46,48,52,52,52,52,52,52,52,52,52,52,52,33,52,33,52,33,52,33,52,33
Map_9087,11,68,12,12,10,12,10,10,10,10,10,10,10,10,10,10,10,10,10,10,10,10,10,10,10,10
Map_9088,554,472,372,346,343,450,71,88,71,88,71,88,77,282,77,282,66,58,66,58,66,58,95,58,95,58
Map_9089,373,117,102,399,102,79,103,102,103,102,103,102,159,159,159,159,61,102,44,50,44,50,50,102,50,102
Map_9090,320,173,554,468,554,501,168,172,77,77,77,77,172,172,292,343,28,140,28,140,28,143,28,77,28,77
Map_9091,15,27,11,11,11,11,11,11,11,11,11,11,11,11,11,11,11,11,11,11,11,11,11,11,11,11
Map_9092,604,193,132,326,141,80,95,95,95,95,95,95,95,95,95,95,92,60,77,60,77,60,74,69,82,69
Map_9093,307,303,28,28,28,31,36,34,36,34,36,34,36,34,36,34,22,22,22,22,22,22,22,22,22,22
Map_9094,159,274,34,34,34,35,31,31,31,31,31,31,31,31,31,31,31,31,31,31,31,31,31,31,31,31
Map_9095,6,153,6,6,6,6,6,6,6,6,6,6,6,6,6,6,6,6,6,6,6,6,6,6,6,6
Map_9096,562,415,155,155,177,164,94,115,94,115,94,115,94,115,94,115,92,92,131,92,131,92,92,110,92,110
Map_9097,17,444,14,14,14,22,14,14,14,14,14,14,14,14,14,14,17,14,17,14,17,14,17,14,17,14
Map_9098,330,169,145,58,58,108,60,96,60,96,60,96,87,87,87,87,62,60,62,60,71,60,60,88,60,96
Map_9099,44,95,24,24,23,30,24,24,24,24,24,24,24,24,24,24,24,22,24,22,24,22,24,22,24,22
Map_9100,18,42,21,21,21,16,12,12,12,12,12,12,12,12,12,12,12,12,12,12,12,12,12,12,12,12
Map_9101,84,167,26,26,26,74,67,67,67,67,67,67,67,67,67,67,20,20,20,20,20,20,20,20,20,20
Map_9102,290,176,79,79,79,124,88,88,88,88,88,88,90,88,90,88,132,90,91,90,91,90,91,90,91,90
Map_9103,325,148,25,25,23,29,23,20,23,20,23,20,21,20,21,20,23,20,27,20,27,20,21,20,21,20
Map_9104,28,277,25,25,40,25,25,25,25,25,25,25,25,25,25,25,20,20,20,20,20,20,20,20,20,20
Map_9105,536,248,21,21,21,21,21,21,21,21,21,21,21,21,21,21,21,21,21,21,21,21,21,21,21,21
Map_9106,39,110,32,32,32,32,31,22,31,22,31,22,31,37,31,37,35,31,39,31,39,31,31,31,31,31
Map_9107,392,394,12,12,12,28,12,12,12,12,12,12,12,12,12,12,12,12,12,12,12,12,12,12,12,12
Map_9108,314,107,37,36,36,36,32,36,32,36,32,36,31,36,31,36,32,36,32,36,32,36,32,36,32,36
Map_9109,56,328,24,24,33,31,24,24,24,24,24,24,30,30,30,30,27,24,27,24,27,24,24,24,24,24
Map_9110,16,223,13,12,16,15,12,8,12,8,12,8,12,8,12,8,13,8,15,8,15,8,12,8,12,8
Map_9111,595,247,49,49,67,124,54,54,54,86,54,86,54,54,54,54,57,54,57,54,57,54,53,90,54,90
Map_9112,24,56,13,13,25,13,13,13,13,13,13,13,13,13,13,13,13,13,13,13,13,13,13,13,13,13
Map_9113,504,322,38,38,38,40,42,42,42,42,42,42,42,42,42,42,35,35,35,33,35,33,35,35,35,35
Map_9114,610,491,42,42,145,87,42,43,42,43,42,43,42,43,42,43,44,42,44,42,44,42,42,43,42,43
Map_9115,513,311,185,146,151,181,36,81,36,81,36,81,36,118,36,118,30,81,30,81,30,81,30,81,30,81
Map_9116,9,136,10,9,9,10,9,9,9,9,9,9,9,9,9,9,9,9,9,9,9,9,9,9,9,9
Map_9117,432,246,16,16,20,18,16,16,16,16,16,16,16,16,16,16,18,16,19,16,19,16,18,16,16,16
Map_9118,424,229,77,57,55,77,77,55,77,55,77,55,55,55,55,55,72,55,72,55,72,55,72,55,72,55
Map_9119,646,417,331,468,446,288,292,246,292,246,292,246,269,311,273,294,183,141,169,141,169,141,183,451,183,464
Map_9120,8,32,22,16,8,23,8,8,8,8,8,8,8,8,8,8,11,8,11,8,11,8,12,8,8,8
Map_9121,584,391,36,38,36,43,36,36,36,36,36,36,38,38,38,38,41,36,41,36,41,36,36,36,36,36
Map_9122,13,65,11,11,11,17,11,11,11,11,11,11,11,11,11,11,11,11,11,11,11,11,11,11,11,11
Map_9123,500,203,40,40,39,41,40,37,40,37,40,37,40,37,40,37,40,37,44,37,44,37,40,37,40,37
Map_9124,469,326,43,21,43,76,21,20,21,20,21,20,21,20,20,20,20,17,20,17,20,17,17,17,17,17
Map_9125,88,267,22,22,36,22,19,36,19,36,19,36,19,36,19,36,19,27,19,27,19,27,19,27,19,27
Map_9126,599,84,19,12,19,28,12,12,12,12,12,12,12,12,12,12,12,12,12,12,12,12,12,12,12,12
Map_9127,7,50,7,7,7,330,7,7,7,7,7,7,7,7,7,7,10,7,11,7,11,7,10,7,10,7
Map_9128,30,359,14,14,14,15,14,14,14,14,14,14,14,14,14,14,14,14,14,14,14,14,14,14,14,14
Map_9129,88,242,65,65,112,129,86,93,86,93,86,93,86,93,86,93,77,83,77,83,77,83,82,83,86,83
Map_9130,26,122,20,18,20,36,19,18,19,18,19,18,18,18,18,18,12,10,12,10,12,10,12,10,12,10
Map_9131,478,327,37,37,74,38,28,29,28,29,28,29,28,29,28,29,28,28,33,28,33,28,28,29,28,29
Map_9132,147,155,56,56,62,110,56,56,56,56,56,56,56,56,56,56,39,56,39,56,44,56,39,56,38,56
Map_9133,12,97,10,9,9,10,9,9,9,9,9,9,9,9,9,9,9,9,9,9,9,9,9,9,9,9
Map_9134,506,190,28,28,28,33,35,28,35,28,35,28,35,28,35,28,23,23,23,23,23,23,25,25,25,25
Map_9135,6,16,6,6,6,9,6,6,6,6,6,6,6,6,6,6,6,6,6,6,6,6,6,6,6,6
Map_9136,365,248,10,10,10,22,8,8,8,8,8,8,8,8,8,8,8,8,8,8,8,8,8,8,8,8
Map_9137,20,48,9,9,9,20,9,9,9,9,9,9,9,9,9,9,9,9,9,9,9,9,9,9,9,9
Map_9138,304,342,30,30,30,41,23,30,23,30,23,30,30,30,30,30,25,23,62,23,62,23,25,23,25,30
Map_9139,38,295,39,39,39,51,28,28,28,28,28,28,28,28,28,28,28,28,28,28,28,28,28,28,28,28
Map_9140,63,99,26,22,26,22,16,22,16,22,16,22,16,22,16,22,16,15,16,15,16,15,16,15,16,15
Map_9141,105,144,22,22,22,22,22,22,22,22,22,22,22,22,22,22,22,22,22,22,22,22,22,22,22,22
Map_9142,547,187,46,46,46,56,46,46,46,46,46,46,46,46,46,46,46,46,46,46,46,46,46,46,46,46
Map_9143,56,124,72,45,298,86,24,23,24,23,24,23,24,23,24,23,23,23,23,23,23,23,23,23,23,23
Map_9144,147,203,11,11,11,11,9,11,9,11,9,11,9,11,9,11,9,9,9,9,9,9,9,9,9,9
Map_9145,342,106,13,13,13,13,13,13,13,13,13,13,13,13,13,13,13,13,13,13,13,13,13,13,13,13
Map_9146,106,93,58,55,55,58,53,53,53,53,53,53,54,54,54,54,46,45,50,45,50,45,47,45,47,45
Map_9147,18,227,15,15,15,18,15,12,15,12,15,12,15,12,15,12,15,12,15,12,15,12,15,12,15,12
Map_9148,142,497,19,18,18,20,18,18,18,18,18,18,18,18,18,18,18,18,18,18,18,18,18,18,18,18
Map_9149,16,79,16,16,16,19,13,13,13,13,13,13,13,13,13,13,14,13,14,13,14,13,14,13,14,13
Map_9150,32,256,29,28,29,30,29,27,29,27,29,27,28,28,28,28,36,17,38,17,38,17,29,17,29,17
Map_9151,7,12,7,7,7,8,7,7,7,7,7,7,7,7,7,7,7,7,7,7,7,7,7,7,7,7
Map_9152,588,277,423,378,454,332,65,65,65,65,65,65,65,65,65,65,139,33,119,33,119,33,107,33,107,33
Map_9153,630,269,259,257,259,302,179,312,179,312,179,312,182,303,182,303,115,168,115,168,115,168,113,172,105,172
Map_9154,13,130,14,12,14,16,12,12,12,12,12,12,12,12,12,12,12,12,12,12,12,12,12,12,12,12
Map_9155,37,269,110,110,110,39,110,30,110,30,110,30,58,30,58,30,31,30,31,30,31,30,43,30,43,30
Map_9156,593,212,84,84,84,91,83,83,83,83,83,83,74,86,76,86,72,51,72,51,72,51,83,51,83,51
Map_9157,616,554,28,28,28,30,28,45,28,45,28,45,28,45,28,45,28,48,28,45,28,45,28,48,28,48
Map_9158,79,135,217,217,217,62,48,72,48,72,48,72,48,72,219,72,48,43,48,43,48,43,48,51,48,51
Map_9159,610,255,35,35,35,36,35,36,35,36,35,36,35,36,35,36,35,36,52,36,52,36,35,36,35,36
Map_9160,32,115,38,38,50,63,49,32,49,32,49,32,52,32,52,32,38,58,38,35,38,35,44,32,42,32
Map_9161,15,65,15,15,17,32,15,15,15,15,15,15,15,15,15,15,15,15,25,15,25,15,15,15,15,15
Map_9162,11,172,11,11,11,11,11,11,11,11,11,11,11,11,11,11,12,11,12,11,12,11,12,11,12,11
Map_9163,88,469,19,18,18,20,18,20,18,20,18,20,18,20,18,20,18,18,18,18,18,18,18,18,18,18
Map_9164,580,351,314,169,334,106,75,67,75,67,75,67,75,67,79,67,56,32,59,32,59,32,56,67,56,67
Map_9165,405,178,209,211,209,177,38,61,38,67,38,67,38,46,38,46,42,31,57,31,57,27,42,31,42,31
Map_9166,56,463,11,11,14,16,11,11,11,11,11,11,11,11,11,11,11,11,11,11,11,11,11,11,11,11
Map_9167,228,123,27,27,33,33,27,27,27,27,27,27,27,27,27,27,26,29,26,26,26,26,29,29,29,29
Map_9168,14,401,5,5,5,5,5,5,5,5,5,5,5,5,5,5,5,5,5,5,5,5,5,5,5,5
Map_9169,451,539,319,391,427,334,331,241,331,241,331,241,251,251,253,251,147,129,151,129,156,129,204,129,203,129
Map_9170,522,598,535,388,49,468,180,296,180,296,180,296,235,235,164,164,45,103,45,50,45,50,45,103,45,103
Map_9171,36,46,16,16,16,27,16,16,16,16,16,16,16,16,16,16,16,16,16,16,16,16,16,16,16,16
Map_9172,312,529,24,24,30,28,24,24,24,24,24,24,24,24,24,24,23,24,23,24,23,24,23,24,23,24
Map_9173,22,462,17,17,17,18,17,18,17,18,17,18,18,18,18,18,18,14,18,14,18,14,15,14,15,14
Map_9174,132,88,16,16,16,19,16,16,16,16,16,16,16,16,16,16,16,16,16,16,16,16,16,16,16,16
Map_9175,64,189,55,91,55,60,71,77,71,77,71,77,79,91,79,91,47,45,47,45,47,45,47,71,64,71
Map_9176,11,137,11,11,11,11,11,10,11,10,11,10,11,10,11,10,10,10,10,10,10,10,10,10,11,10
Map_9177,103,52,15,15,15,15,15,15,15,15,15,15,15,15,15,15,15,15,15,15,15,15,15,15,15,15
Map_9178,55,304,64,76,64,69,64,44,64,44,64,44,64,47,76,47,63,44,43,44,43,44,73,44,73,44
Map_9179,372,224,419,168,224,272,112,42,112,42,112,42,113,43,113,43,102,38,83,38,83,38,102,38,102,38
Map_9180,465,251,66,61,69,130,71,61,71,61,71,61,69,61,69,61,52,52,52,52,52,52,52,63,51,63
Map_9181,396,113,22,22,23,27,22,22,22,22,22,22,22,22,22,22,20,17,17,17,17,17,20,17,20,17
Map_9182,32,278,9,9,9,9,9,9,9,9,9,9,9,9,9,9,9,9,11,9,11,9,9,9,9,9
Map_9183,253,378,116,116,88,115,88,87,88,87,88,87,87,87,87,87,110,39,110,39,118,39,89,39,89,39
Map_9184,10,42,6,6,6,6,6,6,6,6,6,6,6,6,6,6,6,6,6,6,6,6,6,6,6,6
Map_9185,12,59,11,11,11,16,11,11,11,11,11,11,11,11,11,11,15,11,15,11,15,11,11,11,11,11
Map_9186,576,316,23,23,82,49,42,23,42,23,42,23,23,23,23,23,40,23,40,23,40,23,40,23,42,23
Map_9187,398,182,104,119,116,123,85,82,85,82,85,82,85,82,85,82,94,59,94,59,94,59,116,59,59,59
Map_9188,20,277,21,21,21,28,16,16,16,16,16,16,16,16,16,16,16,16,16,16,16,16,16,16,16,16
Map_9189,487,47,15,15,25,15,15,15,15,15,15,15,15,15,15,15,15,14,15,14,15,14,15,14,15,14
Map_9190,449,273,106,76,147,156,14,14,14,14,14,14,14,14,14,14,14,14,14,14,14,14,14,14,14,14
Map_9191,620,296,306,142,304,276,128,106,128,106,128,106,149,129,149,129,51,152,51,34,56,34,56,152,56,137
Map_9192,594,161,77,71,77,80,37,37,37,37,37,37,37,37,37,37,37,37,48,37,48,37,37,37,37,37
Map_9193,11,30,11,11,11,11,12,12,12,12,12,12,12,12,12,12,11,11,11,11,11,11,11,11,11,11
Map_9194,575,140,50,50,50,40,42,49,42,49,42,49,49,49,49,49,42,33,42,33,42,33,42,37,42,49
Map_9195,45,203,27,27,27,27,27,27,27,27,27,27,27,27,27,27,29,37,29,37,29,37,29,37,27,37
Map_9196,24,220,16,16,16,24,15,16,15,16,15,16,15,16,15,16,15,16,15,16,15,16,15,16,15,16
Map_9197,342,155,38,38,38,54,29,29,29,29,29,29,29,29,29,29,32,29,32,29,32,29,33,29,33,29
Map_9198,50,107,37,45,38,68,34,37,34,37,34,37,34,45,34,45,34,34,38,34,38,34,34,34,34,34
Map_9199,327,106,13,13,13,13,13,13,13,13,13,13,13,13,13,13,13,13,13,13,13,13,13,13,13,13
Map_9200,476,316,40,40,48,58,32,32,32,32,32,32,38,38,38,38,32,25,36,25,36,25,32,25,32,25
Map_9201,38,289,23,23,21,26,21,22,21,22,21,22,21,22,21,22,21,19,21,19,21,19,21,20,21,20
Map_9202,280,173,15,15,24,20,15,15,15,15,15,15,15,15,15,15,15,15,22,15,22,15,15,15,15,15
Map_9203,15,58,14,14,13,15,13,12,13,12,13,12,13,12,13,12,13,12,13,12,13,12,13,12,13,12
Map_9204,318,398,24,24,24,64,24,24,24,24,24,24,24,24,24,24,34,24,34,24,34,24,24,24,24,24
Map_9205,26,89,22,25,22,22,16,25,16,25,16,25,16,25,16,25,16,16,16,16,16,16,16,16,16,25
Map_9206,344,49,25,25,25,30,25,32,25,32,25,32,25,32,25,32,24,25,24,25,24,25,24,25,24,25
Map_9207,349,364,74,52,120,39,38,38,38,38,38,38,38,38,38,38,33,31,33,39,33,39,30,31,30,31
Map_9208,46,91,43,43,43,53,35,35,35,35,35,35,35,35,35,35,35,30,35,30,35,30,35,30,35,30
Map_9209,548,219,90,90,90,90,44,90,44,268,44,268,44,90,44,90,40,40,40,40,40,40,40,69,40,69
Map_9210,584,250,444,408,519,454,157,197,157,197,157,197,197,286,279,286,64,133,111,133,111,128,64,133,64,133
Map_9211,6,480,6,6,6,6,6,6,6,6,6,6,6,6,6,6,6,6,6,6,6,6,6,6,6,6
Map_9212,636,284,68,68,536,177,53,42,53,42,53,42,53,41,53,41,41,36,48,36,48,36,59,36,59,36
Map_9213,31,312,22,21,21,27,20,22,20,22,20,22,21,20,21,20,22,14,22,14,22,14,22,14,22,14
Map_9214,554,471,28,28,28,36,28,31,28,31,28,31,28,31,28,31,28,31,31,31,31,31,28,31,28,31
Map_9215,573,344,88,91,88,56,43,50,43,50,43,50,43,54,43,54,44,50,44,74,44,72,44,50,43,50
Map_9216,191,128,97,96,132,266,116,95,116,95,116,95,295,295,268,279,50,55,51,55,51,55,50,55,50,56
Map_9217,5,33,5,5,5,10,5,5,5,5,5,5,5,5,5,5,5,5,5,5,5,5,5,5,5,5
Map_9218,15,24,10,10,11,13,10,10,10,10,10,10,10,10,10,10,10,10,10,10,10,10,10,10,10,10
Map_9219,34,242,21,21,23,21,21,20,21,20,21,20,20,20,20,20,18,20,18,20,18,20,18,20,18,20
Map_9220,108,94,15,15,15,15,15,15,15,15,15,15,15,15,15,15,15,14,22,15,22,15,15,14,15,14
Map_9221,344,150,138,93,107,49,77,93,77,93,77,93,72,72,72,72,43,72,73,42,73,42,43,72,43,72
Map_9222,34,68,15,15,15,26,23,19,23,19,23,19,23,19,23,19,19,15,19,15,19,15,23,15,23,15
Map_9223,45,103,31,45,31,25,16,60,16,60,16,60,16,52,16,52,17,16,17,16,17,16,16,16,16,16
Map_9224,15,412,13,13,14,19,12,13,12,13,12,13,12,13,12,13,12,12,12,12,12,12,12,12,12,12
Map_9225,131,331,163,165,35,29,29,34,29,34,29,34,29,32,29,32,25,29,25,29,25,29,25,29,25,34
Map_9226,309,271,50,51,51,74,50,61,50,61,50,61,61,61,61,61,30,51,133,51,166,51,50,61,50,61
Map_9227,567,161,50,50,20,65,50,20,50,20,50,20,52,20,52,20,27,20,27,20,28,20,28,20,28,20
Map_9228,296,304,22,22,22,27,22,22,22,22,22,22,22,22,22,22,23,22,23,22,23,22,23,22,23,22
Map_9229,326,194,23,23,23,27,22,22,22,22,22,22,22,22,22,22,22,22,33,28,33,28,22,22,22,22
Map_9230,471,379,18,18,47,18,18,22,18,22,18,22,18,22,18,22,18,18,18,18,18,18,18,18,18,18
Map_9231,454,304,44,44,44,248,44,44,44,44,44,44,44,44,44,44,43,28,49,28,45,28,43,28,43,28
Map_9232,26,191,19,19,19,19,19,14,19,14,19,14,19,14,19,14,14,14,14,14,14,14,14,14,14,14
Map_9233,202,291,126,55,101,148,52,24,52,24,52,24,52,24,52,24,24,24,24,24,24,24,24,24,24,24
Map_9234,29,46,9,9,9,11,9,9,9,9,9,9,9,9,9,9,9,9,9,9,9,9,9,9,9,9
Map_9235,607,419,50,50,50,50,25,50,25,50,25,50,25,50,25,50,19,18,19,18,19,18,19,18,19,18
Map_9236,438,220,10,10,15,10,10,10,10,10,10,10,10,10,10,10,10,10,10,10,10,10,10,10,10,10
Map_9237,24,383,28,23,23,28,24,22,24,22,24,22,22,22,22,22,24,22,24,22,24,22,24,22,24,22
Map_9238,15,149,13,14,13,13,13,13,13,13,13,13,14,14,14,14,13,13,13,13,13,13,13,13,13,13
Map_9239,596,200,82,80,103,88,81,80,81,80,81,80,81,80,81,80,27,27,29,29,29,29,27,27,27,27
Map_9240,114,265,45,44,44,38,31,33,31,33,31,33,44,46,46,46,58,30,58,30,58,30,50,33,50,33
Map_9241,597,371,55,55,55,143,57,55,57,55,57,55,55,55,55,55,57,42,55,42,55,42,57,61,57,61
Map_9242,290,208,42,42,42,42,42,42,42,42,42,42,42,42,42,42,42,42,42,42,46,42,42,42,42,42
Map_9243,21,155,23,21,21,23,23,26,23,26,23,26,21,26,21,26,23,21,22,21,22,21,23,26,23,26
Map_9244,11,439,11,11,10,21,11,11,11,11,11,11,11,11,11,11,11,11,11,11,11,11,11,11,11,11
Map_9245,602,348,52,52,51,135,55,51,55,51,55,51,55,51,55,51,31,31,318,31,318,31,31,31,31,31
Map_9246,631,280,29,29,29,39,43,29,43,29,43,29,43,29,43,29,54,29,54,29,54,29,54,29,54,29
Map_9247,7,19,7,7,7,9,7,7,7,7,7,7,7,7,7,7,7,7,7,7,7,7,7,7,7,7
Map_9248,8,208,8,8,8,8,8,7,8,7,8,7,8,7,7,7,8,7,8,7,8,7,8,7,8,7
Map_9249,614,76,16,16,16,20,16,16,16,16,16,16,16,16,16,16,16,16,16,16,16,16,16,16,16,16
Map_9250,450,250,58,62,55,80,46,62,46,62,46,62,46,62,46,62,73,46,73,46,74,46,71,46,71,46
Map_9251,54,195,73,24,54,27,27,27,27,27,27,27,24,24,24,24,24,23,24,23,24,23,24,23,24,24
Map_9252,328,222,30,30,30,56,20,20,20,20,20,20,20,20,20,20,20,20,20,22,20,22,20,20,20,20
Map_9253,324,214,35,65,54,33,27,32,27,32,27,32,41,41,42,42,27,32,27,32,27,32,27,32,27,32
Map_9254,405,111,237,92,279,254,59,92,59,36,59,36,58,92,58,92,43,36,43,36,43,36,55,36,59,36
Map_9255,619,266,546,191,191,538,127,88,127,88,127,88,127,250,127,250,168,127,156,213,156,213,87,127,87,127
Map_9256,23,134,20,20,20,32,22,20,22,20,22,20,22,20,22,20,14,13,14,13,14,13,13,13,13,13
Map_9257,49,50,32,32,32,34,31,32,31,32,31,32,32,32,32,32,22,22,22,22,22,22,22,22,22,32
Map_9258,12,18,9,9,9,11,9,9,9,9,9,9,9,9,9,9,9,9,12,9,12,9,9,9,9,9
Map_9259,428,164,47,47,61,61,52,17,52,17,52,17,52,17,52,17,17,17,17,17,17,17,17,17,17,17
Map_9260,633,397,91,80,170,341,82,75,82,75,82,75,83,75,83,75,52,89,77,89,77,89,52,73,52,73
Map_9261,568,432,438,523,577,529,156,320,156,320,156,320,298,320,298,320,237,28,57,28,57,28,176,28,176,28
Map_9262,14,222,20,20,17,20,20,20,20,20,20,20,20,20,20,20,13,13,13,13,13,13,20,13,20,13
Map_9263,9,62,8,8,8,8,8,8,8,8,8,8,8,8,8,8,8,8,8,8,8,8,8,8,8,8
Map_9264,70,122,24,24,24,20,20,20,20,20,20,20,32,32,32,32,20,20,20,20,20,20,20,20,20,20
Map_9265,8,156,6,6,6,6,6,6,6,6,6,6,6,6,6,6,6,6,6,6,6,6,6,6,6,6
Map_9266,503,354,40,60,40,61,39,40,39,40,39,40,39,60,39,60,27,27,27,27,27,27,27,27,27,27
Map_9267,30,43,15,15,15,13,11,11,11,11,11,11,11,11,11,11,11,11,11,11,11,11,11,11,11,11
Map_9268,6,42,5,5,5,6,5,5,5,5,5,5,5,5,5,5,6,5,6,5,6,5,5,5,5,5
Map_9269,12,171,12,12,12,33,12,11,12,11,12,11,12,11,12,11,12,11,12,11,12,11,12,11,12,11
Map_9270,29,62,9,9,9,10,9,9,9,9,9,9,9,9,9,9,9,9,9,9,9,9,9,9,9,9
Map_9271,46,110,87,87,104,72,65,46,65,46,65,46,65,46,65,46,60,44,60,41,60,41,65,44,65,44
Map_9272,84,189,57,57,57,71,51,48,51,48,51,48,51,48,51,48,52,48,49,56,49,56,49,48,51,48
Map_9273,104,152,31,29,29,34,19,19,19,19,19,19,19,19,19,19,18,16,18,16,18,16,18,16,16,16
Map_9274,6,117,8,8,6,13,8,6,8,6,8,6,8,6,8,6,8,6,8,6,8,6,8,6,8,6
Map_9275,604,295,231,308,492,201,179,466,179,466,179,466,212,297,213,297,134,273,134,75,134,75,176,272,172,274
Map_9276,10,23,11,11,11,16,11,11,11,11,11,11,11,11,11,11,11,10,11,10,11,10,11,10,11,10
Map_9277,419,233,41,41,41,41,41,41,41,41,41,41,41,41,41,41,43,41,43,41,43,41,41,41,41,41
Map_9278,32,311,22,22,22,23,22,28,22,28,22,28,22,28,22,28,22,22,22,22,22,22,22,28,22,28
Map_9279,333,373,24,24,30,24,24,22,24,22,24,22,24,22,24,22,24,19,24,19,24,19,24,19,24,19
Map_9280,7,76,7,7,7,7,7,7,7,7,7,7,7,7,7,7,7,7,7,7,7,7,7,7,7,7
Map_9281,598,360,381,347,387,262,143,138,143,138,143,138,143,162,172,162,108,169,112,213,112,159,103,172,102,138
Map_9282,582,135,39,39,27,43,39,39,39,39,39,39,39,39,39,39,26,27,26,27,26,27,34,27,34,27
Map_9283,12,53,10,10,10,10,9,10,9,10,9,10,9,10,9,10,9,9,9,9,9,9,9,9,9,9
Map_9284,593,335,29,29,29,29,29,37,29,37,29,37,29,37,28,37,29,37,29,37,29,37,29,37,29,37
Map_9285,565,186,29,29,30,29,29,32,29,32,29,32,29,32,29,32,29,29,29,29,29,29,29,29,29,29
Map_9286,11,24,9,9,9,9,9,9,9,9,9,9,9,9,9,9,9,9,9,9,9,9,9,9,9,9
Map_9287,71,485,107,107,123,85,38,41,38,41,38,41,50,41,50,41,38,38,38,38,38,38,38,49,38,49
Map_9288,30,119,11,11,11,12,11,11,11,11,11,11,11,11,11,11,11,11,11,11,11,11,11,11,11,11
Map_9289,53,273,23,23,23,26,21,21,21,21,21,21,21,21,21,21,25,21,25,21,25,21,23,21,23,21
Map_9290,11,277,11,11,11,30,16,11,16,11,16,11,16,11,16,11,16,11,16,11,16,11,16,11,16,11
Map_9291,22,384,34,35,36,457,19,19,19,19,19,19,19,19,19,19,22,19,22,19,22,19,19,19,19,19
Map_9292,609,557,113,115,113,108,59,42,59,42,59,42,59,42,59,42,59,38,63,38,63,38,59,38,59,38
Map_9293,523,421,39,49,61,48,31,26,31,26,31,26,36,36,36,36,23,23,23,23,23,23,23,23,23,26
Map_9294,90,247,79,79,79,79,28,28,28,28,28,28,28,28,28,28,26,26,26,26,26,26,26,28,28,28
Map_9295,72,53,44,44,44,44,44,43,44,43,44,43,43,43,43,43,29,17,29,17,29,17,29,17,17,17
Map_9296,347,226,27,27,27,27,27,25,27,25,27,25,25,25,25,25,27,21,21,21,21,21,27,21,27,21
Map_9297,41,131,15,15,15,15,15,15,15,15,15,15,15,15,15,15,15,15,18,15,18,15,15,15,15,15
Map_9298,593,222,102,91,91,354,40,40,40,40,40,40,40,40,40,40,36,40,36,40,36,40,36,40,36,40
Map_9299,19,80,19,19,19,16,9,9,9,9,9,9,9,9,9,9,9,9,9,9,9,9,9,9,9,9
Map_9300,54,71,36,36,36,161,35,35,35,35,35,35,35,35,35,35,35,35,35,35,35,35,35,35,35,35
Map_9301,538,385,196,196,196,278,208,315,208,315,208,315,208,138,138,138,43,375,65,173,65,173,43,199,43,199
Map_9302,599,442,50,50,50,50,50,51,50,51,50,51,50,51,51,51,50,50,50,50,50,50,50,50,50,50
Map_9303,215,215,49,48,65,45,24,38,24,48,24,48,38,38,38,38,33,16,35,16,35,16,24,16,24,16
Map_9304,95,151,22,22,22,22,27,22,27,22,27,22,27,22,27,22,32,22,32,22,32,22,32,22,32,22
Map_9305,417,240,193,213,192,127,77,77,77,77,77,77,77,77,77,77,22,22,22,22,22,22,22,22,22,22
Map_9306,24,410,21,21,21,29,21,24,21,24,21,24,21,24,21,24,21,20,21,20,21,20,21,20,21,20
Map_9307,575,359,133,182,182,168,59,47,59,47,59,47,59,53,59,53,41,35,41,35,41,35,41,35,41,35
Map_9308,10,157,10,10,10,10,10,10,10,10,10,10,10,10,10,10,10,10,10,10,10,10,10,10,10,10
Map_9309,287,92,18,43,18,21,18,18,18,18,18,18,43,43,36,36,18,18,18,18,18,18,18,18,18,18
Map_9310,7,383,7,7,7,7,7,7,7,7,7,7,7,7,7,7,8,7,8,7,10,7,8,7,8,7
Map_9311,658,185,238,238,493,34,215,505,215,505,215,505,342,448,342,448,190,19,34,19,34,19,190,256,209,256
Map_9312,26,139,14,14,14,16,14,14,14,14,14,14,14,14,14,14,14,14,14,14,14,14,14,14,14,14
Map_9313,132,150,138,161,161,276,47,169,47,169,47,169,153,163,216,163,42,47,53,38,53,38,42,47,49,100
Map_9314,563,229,307,295,318,188,221,221,221,221,221,221,221,221,221,226,118,48,112,48,118,48,118,48,154,48
Map_9315,631,525,439,437,437,95,56,53,56,53,56,53,56,53,56,53,48,48,48,48,48,48,48,53,48,53
Map_9316,610,103,28,28,28,28,27,27,27,27,27,27,27,27,27,27,27,27,27,27,27,27,27,27,27,27
Map_9317,617,180,31,31,41,31,31,31,31,31,31,31,31,31,31,31,31,31,31,31,31,31,31,31,31,31
Map_9318,78,98,30,30,30,20,20,20,20,20,20,20,20,27,20,27,20,20,20,20,20,20,20,20,20,20
Map_9319,582,598,83,51,83,92,51,51,51,51,51,51,51,51,51,51,47,51,47,47,47,47,51,51,51,51
Map_9320,615,321,26,26,13,22,22,13,22,13,22,13,23,13,23,13,22,13,22,13,22,13,22,13,22,13
Map_9321,63,235,116,116,116,90,27,27,27,27,27,27,27,27,27,27,27,27,26,26,26,26,27,27,27,27
Map_9322,6,10,6,6,6,6,6,6,6,6,6,6,6,6,6,6,6,6,6,6,6,6,6,6,6,6
Map_9323,19,35,15,15,15,24,15,15,15,15,15,15,15,15,15,15,21,15,21,15,21,15,15,15,15,15
Map_9324,6,31,6,6,6,6,6,6,6,6,6,6,6,6,6,6,6,6,6,6,6,6,6,6,6,6
Map_9325,577,254,31,31,37,31,31,27,31,27,31,27,31,27,31,27,32,27,32,27,32,27,31,27,31,27
Map_9326,6,14,6,6,6,6,6,6,6,6,6,6,6,6,6,6,6,6,6,6,6,6,6,6,6,6
Map_9327,13,413,13,13,13,13,13,13,13,13,13,13,13,13,13,13,13,13,13,13,13,13,13,13,13,13
Map_9328,150,146,30,30,33,30,21,25,21,25,21,25,21,25,21,25,21,21,21,21,21,21,21,21,21,21
Map_9329,13,40,8,8,8,9,8,8,8,8,8,8,8,8,8,8,8,8,8,8,8,8,8,8,8,8
Map_9330,245,314,32,32,168,62,32,32,32,32,32,32,32,32,32,32,45,32,45,32,45,32,32,32,32,32
Map_9331,31,93,44,32,23,30,22,26,22,26,22,26,22,26,22,26,22,21,22,21,22,21,22,21,22,21
Map_9332,26,227,17,17,17,19,20,17,20,17,20,17,20,17,20,17,20,18,20,18,20,18,20,17,20,17
Map_9333,8,195,8,8,7,8,8,7,8,7,8,7,8,7,8,7,8,7,8,7,8,7,8,7,8,7
Map_9334,602,287,179,73,139,147,164,35,164,35,164,35,167,35,167,35,61,35,61,35,61,35,62,35,62,35
Map_9335,66,468,22,22,40,22,22,22,22,22,22,22,22,22,22,22,22,22,22,22,22,22,22,22,22,22
Map_9336,28,53,16,16,16,16,16,16,16,16,16,16,16,16,16,16,16,16,16,16,16,16,16,16,16,16
Map_9337,41,70,32,31,32,43,29,29,29,29,29,29,29,29,29,29,29,23,23,23,23,23,29,23,29,23
Map_9338,562,357,531,534,531,515,174,520,174,520,174,520,159,492,159,531,136,95,136,95,136,95,136,101,136,101
Map_9339,578,317,288,83,87,278,83,82,83,82,83,82,83,82,82,82,86,73,88,71,88,71,95,67,83,67
Map_9340,14,131,14,13,13,17,13,13,13,13,13,13,13,13,13,13,13,13,13,13,13,13,13,13,13,13
Map_9341,556,296,49,257,49,334,60,322,60,322,60,322,60,355,60,305,54,151,54,151,54,144,54,188,54,98
Map_9342,6,12,8,6,6,10,6,6,6,6,6,6,6,6,6,6,6,6,6,6,6,6,6,6,6,6
Map_9343,10,100,8,8,8,8,8,8,8,8,8,8,8,8,8,8,8,8,8,8,8,8,8,8,8,8
Map_9344,5,60,5,5,5,5,5,5,5,5,5,5,5,5,5,5,5,5,5,5,5,5,5,5,5,5
Map_9345,345,93,37,37,37,42,76,37,76,37,76,37,79,37,79,37,69,37,69,37,81,37,58,37,58,37
Map_9346,534,375,19,19,19,44,19,19,19,19,19,19,19,19,19,19,13,19,13,13,13,13,13,19,13,19
Map_9347,592,257,162,141,107,454,126,113,126,113,126,113,124,113,124,113,138,40,145,40,145,40,136,40,113,40
Map_9348,12,217,16,12,16,31,16,12,16,12,16,12,12,12,12,12,17,12,17,12,17,12,12,12,12,12
Map_9349,538,74,39,38,42,40,38,38,39,38,39,38,38,38,38,38,27,27,35,27,35,27,27,34,27,34
Map_9350,12,172,12,12,12,14,12,12,12,12,12,12,12,12,12,12,11,12,11,12,11,12,12,12,12,12
Map_9351,547,117,119,119,147,127,86,100,86,100,86,100,86,101,86,101,67,73,73,73,73,73,89,101,89,101
Map_9352,7,26,7,7,7,7,7,7,7,7,7,7,7,7,7,7,7,7,7,7,7,7,7,7,7,7
Map_9353,214,285,33,33,55,80,33,97,33,97,33,97,33,106,33,106,44,36,44,36,44,36,33,36,33,36
Map_9354,68,197,40,40,40,43,40,40,40,40,40,40,40,40,40,40,30,23,30,23,30,23,30,23,30,23
Map_9355,526,503,24,23,23,24,23,36,23,36,23,36,23,24,24,24,19,19,20,19,20,19,19,19,19,19
Map_9356,29,178,20,20,20,20,20,19,20,19,20,19,20,19,19,19,20,19,20,19,20,19,20,19,20,19
Map_9357,28,44,31,29,30,30,29,24,29,24,29,24,24,29,29,29,22,15,22,15,22,15,22,15,23,15
Map_9358,363,345,98,80,151,128,47,47,47,47,47,47,47,47,47,47,59,47,56,47,56,118,47,47,47,47
Map_9359,526,170,215,209,215,117,104,122,104,122,104,122,102,122,102,122,104,121,100,121,100,121,104,121,104,121
Map_9360,22,75,11,11,11,11,11,11,11,11,11,11,11,11,11,11,11,11,11,11,11,11,11,11,11,11
Map_9361,200,83,86,85,64,75,48,72,48,72,48,72,48,72,48,72,26,19,26,19,26,19,26,19,26,19
Map_9362,478,240,71,29,70,53,29,29,29,29,29,29,29,29,29,29,29,28,29,28,29,28,29,28,29,28
Map_9363,9,286,9,9,9,9,9,9,9,9,9,9,9,9,9,9,9,9,9,9,9,9,9,9,9,9
Map_9364,272,355,23,23,23,22,23,23,23,23,23,23,23,23,23,23,29,18,29,18,29,18,23,23,23,23
Map_9365,62,397,18,18,12,101,18,12,18,12,18,12,18,12,18,12,22,12,22,12,24,12,18,12,18,12
Map_9366,11,115,11,11,11,11,11,11,11,11,11,11,11,11,11,11,11,11,11,11,11,11,11,11,11,11
Map_9367,43,295,16,16,16,40,16,22,16,22,16,22,16,22,16,22,16,20,16,20,16,20,16,20,16,20
Map_9368,555,400,18,18,18,18,17,17,17,17,17,17,17,17,17,17,17,17,17,17,17,17,17,17,17,17
Map_9369,274,298,45,41,42,50,41,41,41,41,41,41,41,41,41,41,41,31,41,31,41,31,41,31,41,31
Map_9370,22,233,16,16,16,58,16,15,16,15,16,15,15,15,15,15,16,15,16,15,16,15,16,15,16,15
Map_9371,295,430,104,229,135,248,197,178,197,178,197,178,178,178,185,185,87,104,87,97,87,97,127,104,127,104
Map_9372,15,170,15,15,15,24,15,15,15,15,15,15,15,15,15,15,19,15,19,15,19,15,19,15,15,15
Map_9373,17,628,13,11,16,13,11,11,11,11,11,11,11,11,11,11,11,11,11,11,11,11,11,11,11,11
Map_9374,592,357,56,56,57,56,56,60,56,60,56,60,56,60,56,60,43,43,51,43,51,43,43,43,43,43
Map_9375,69,62,43,43,69,53,44,44,44,44,44,44,44,44,44,44,28,28,28,28,28,28,28,28,28,28
Map_9376,557,254,108,151,375,36,26,54,26,54,26,54,26,54,26,54,26,37,26,41,26,41,26,37,26,37
Map_9377,581,213,175,34,123,306,34,34,34,34,34,34,34,34,34,34,43,34,43,34,43,34,43,34,34,34
Map_9378,56,52,49,49,51,46,42,42,45,42,45,42,42,42,42,42,28,28,28,28,28,28,28,28,28,28
Map_9379,458,99,45,67,67,45,44,44,44,44,44,44,67,70,69,72,29,20,29,20,29,20,29,20,29,20
Map_9380,524,410,31,31,31,143,21,21,21,21,21,21,21,21,21,21,23,21,23,21,23,21,21,21,21,21
Map_9381,616,579,41,41,41,41,41,36,41,36,41,36,41,38,41,38,41,38,41,38,41,38,41,39,41,39
Map_9382,21,88,29,29,21,21,19,19,19,19,19,19,19,19,19,19,14,14,14,14,14,14,14,14,14,14
Map_9383,62,446,26,26,35,47,26,26,26,26,26,26,26,26,26,26,44,26,44,26,44,26,26,26,26,26
Map_9384,624,307,190,78,190,123,59,23,59,23,59,23,61,23,61,23,23,23,23,23,23,23,23,23,23,23
Map_9385,27,182,15,15,15,15,15,15,15,15,15,15,15,15,15,15,21,15,21,15,21,15,21,15,21,15
Map_9386,454,420,288,244,244,379,50,50,50,50,50,50,50,50,50,50,27,27,27,27,27,27,27,27,27,27
Map_9387,15,294,7,7,7,7,7,7,7,7,7,7,7,7,7,7,7,7,7,7,7,7,7,7,7,7
Map_9388,418,430,72,72,72,72,46,46,46,46,46,46,46,46,46,46,63,54,63,54,63,54,63,46,59,46
Map_9389,232,350,64,70,75,91,70,70,70,70,70,70,70,70,70,70,18,18,18,18,18,18,43,18,69,18
Map_9390,604,618,28,28,28,28,28,28,28,28,28,28,28,28,28,28,42,28,60,28,60,28,42,28,42,28
Map_9391,104,144,55,55,54,58,55,54,55,54,55,54,55,56,56,56,121,54,121,57,121,57,129,54,182,54
Map_9392,26,216,14,14,14,14,14,13,14,13,14,13,14,13,13,13,14,13,14,13,14,13,14,13,14,13
Map_9393,70,129,44,41,50,22,22,22,22,22,22,22,22,22,22,22,22,22,22,22,22,22,22,22,22,22
Map_9394,568,181,79,77,79,403,241,97,241,97,241,97,189,97,215,97,56,87,54,54,54,54,56,87,56,87
Map_9395,11,58,11,11,11,15,11,11,11,11,11,11,11,11,11,11,11,10,11,10,11,10,11,10,11,10
Map_9396,133,234,74,50,74,75,33,47,33,47,33,47,33,47,33,47,33,33,33,33,33,33,33,33,33,33
Map_9397,44,165,23,23,23,24,23,23,23,23,23,23,23,23,23,23,24,23,24,23,24,23,23,23,23,23
Map_9398,5,69,5,5,5,5,5,5,5,5,5,5,5,5,5,5,5,5,5,5,5,5,5,5,5,5
Map_9399,6,65,6,6,6,8,6,6,6,6,6,6,6,6,6,6,6,6,6,6,6,6,6,6,6,6
Map_9400,470,254,65,65,298,270,81,81,81,81,81,81,81,81,81,81,39,39,39,39,39,39,39,39,39,39
Map_9401,87,57,51,55,52,40,32,33,33,33,33,33,32,33,32,33,32,33,32,33,32,33,32,33,32,33
Map_9402,516,320,44,43,44,270,34,34,34,34,34,34,34,34,34,34,38,22,38,22,38,22,34,22,34,22
Map_9403,372,129,24,24,24,26,17,17,17,17,17,17,17,17,17,17,17,17,17,17,17,17,17,17,17,17
Map_9404,603,252,8,8,8,12,12,12,12,12,12,12,12,12,12,12,12,8,12,8,12,8,12,8,12,8
Map_9405,23,198,18,18,18,31,16,15,16,15,16,15,15,15,15,15,16,15,16,15,16,15,16,15,16,15
Map_9406,69,129,35,35,35,45,35,21,35,21,35,21,35,21,35,21,21,21,21,21,21,21,21,21,21,21
Map_9407,462,465,94,93,94,131,65,82,65,82,65,82,65,82,65,82,32,28,58,28,58,28,28,28,28,28
Map_9408,19,318,13,13,13,14,14,13,14,13,14,13,14,13,14,19,14,14,14,14,14,14,14,14,14,14
Map_9409,25,181,52,42,42,30,19,25,19,25,19,25,19,25,19,25,19,19,19,19,19,19,19,25,19,25
Map_9410,558,254,31,31,31,27,27,27,27,27,27,27,27,27,27,27,27,27,27,27,27,27,27,27,27,27
Map_9411,88,104,28,28,28,28,28,28,28,28,28,28,28,28,28,28,29,29,30,29,30,29,29,29,29,29
Map_9412,82,190,214,22,22,273,26,22,26,22,26,22,22,22,22,22,40,25,40,25,40,25,26,25,26,25
Map_9413,10,252,10,10,10,14,10,10,10,10,10,10,10,10,10,10,14,10,15,10,15,10,14,10,14,10
Map_9414,29,33,19,19,22,20,19,19,19,19,19,19,19,19,19,19,19,19,18,18,18,18,19,19,19,19
Map_9415,31,38,10,10,10,10,10,10,10,10,10,10,10,10,10,10,10,10,10,10,10,10,10,10,10,10
Map_9416,46,158,31,31,22,35,26,26,26,26,26,26,26,26,26,26,27,22,27,22,27,22,26,22,26,22
Map_9417,210,459,213,205,391,378,83,83,83,83,83,83,83,83,83,83,77,39,92,33,92,33,84,38,83,38
Map_9418,21,133,20,20,20,29,20,20,20,20,20,20,20,20,20,20,19,20,19,20,19,20,19,20,19,20
Map_9419,144,93,61,72,82,97,31,31,31,31,31,31,31,31,31,31,42,37,42,37,42,37,42,37,42,37
Map_9420,45,227,32,32,45,52,23,17,23,17,23,17,17,17,17,17,51,17,51,17,51,17,23,17,23,17
Map_9421,17,206,27,17,27,63,17,17,17,17,17,17,17,17,17,17,23,14,42,14,42,14,23,14,23,14
Map_9422,20,88,8,8,8,8,8,8,8,8,8,8,8,8,8,8,8,8,8,8,8,8,8,8,8,8
Map_9423,48,324,29,29,29,29,29,29,29,29,29,29,29,31,31,31,38,29,38,29,38,29,29,29,29,29
Map_9424,53,205,15,15,15,35,15,11,15,11,15,11,15,11,15,11,15,11,30,11,30,11,15,11,15,11
Map_9425,6,15,6,6,6,6,6,6,6,6,6,6,6,6,6,6,6,6,6,6,6,6,6,6,6,6
Map_9426,57,211,20,19,28,24,19,19,19,19,19,19,19,19,19,19,17,19,17,17,17,17,17,19,17,19
Map_9427,537,297,38,38,38,42,38,38,38,38,38,38,38,38,38,38,38,38,38,38,38,38,38,38,38,38
Map_9428,42,104,22,22,22,39,22,22,22,22,22,22,22,22,22,22,23,22,23,22,23,22,23,22,23,22
Map_9429,6,98,6,6,6,6,6,6,6,6,6,6,6,6,6,6,6,6,6,6,6,6,6,6,6,6
Map_9430,582,348,62,62,216,189,28,49,28,49,28,49,28,49,28,49,28,28,28,28,28,28,28,28,28,28
Map_9431,591,254,307,272,307,48,42,36,42,36,42,36,42,36,42,36,46,36,46,36,46,36,42,36,42,36
Map_9432,269,215,43,43,46,59,59,43,59,45,59,45,43,43,56,56,31,37,31,37,31,37,40,48,40,43
Map_9433,519,164,48,48,71,116,66,38,66,38,66,38,66,38,66,38,49,24,49,24,49,24,49,24,49,24
Map_9434,27,125,31,26,31,28,31,26,31,26,31,26,26,26,26,26,29,19,29,19,29,19,28,19,32,19
Map_9435,37,311,31,31,27,63,27,28,27,28,27,28,27,28,27,28,27,21,31,21,31,21,27,21,27,21
Map_9436,12,99,9,9,9,9,9,9,9,9,9,9,9,9,9,9,9,9,9,9,9,9,9,9,9,9
Map_9437,597,97,13,12,13,26,13,12,13,12,13,12,12,12,12,12,12,12,12,12,12,12,12,12,12,12
Map_9438,8,251,8,8,8,8,8,8,8,8,8,8,8,8,8,8,8,8,8,8,8,8,8,8,8,8
Map_9439,156,134,40,40,40,40,38,38,38,38,38,38,38,38,38,38,38,38,38,38,38,38,38,38,38,38
Map_9440,605,294,21,20,20,78,14,14,14,14,14,14,14,14,14,14,14,14,14,14,14,14,14,14,14,14
Map_9441,141,337,80,80,85,62,52,41,52,41,52,41,52,41,52,41,52,39,52,39,52,39,52,39,52,39
Map_9442,39,128,39,39,39,62,36,36,36,36,36,36,36,36,36,36,32,32,32,26,32,26,32,32,32,32
Map_9443,336,317,19,19,19,19,25,19,25,19,25,19,25,19,25,19,24,18,24,18,24,18,24,18,24,18
Map_9444,347,383,22,22,33,45,22,22,22,22,22,22,22,22,22,22,22,22,22,22,22,22,22,22,22,22
Map_9445,11,538,11,11,11,24,11,11,11,11,11,11,11,11,11,11,11,11,11,11,11,11,11,11,11,11
Map_9446,7,12,6,6,6,6,6,6,6,6,6,6,6,6,6,6,6,6,6,6,6,6,6,6,6,6
Map_9447,615,105,96,68,95,154,95,96,95,96,95,96,95,96,95,104,58,55,58,55,58,55,58,64,57,81
Map_9448,378,165,17,17,17,21,21,17,21,17,21,17,21,17,21,17,21,17,21,17,21,17,21,17,21,17
Map_9449,612,443,190,188,190,140,142,62,142,62,142,62,84,65,84,65,89,62,87,62,87,62,90,62,90,62
Map_9450,249,496,15,15,15,15,15,15,15,15,15,15,15,15,15,15,15,15,15,15,15,15,15,15,15,15
Map_9451,238,141,59,54,54,64,54,63,54,61,54,61,54,63,70,70,51,53,51,48,51,48,50,53,55,53
Map_9452,44,63,15,15,15,15,15,15,15,15,15,15,15,15,15,15,15,15,15,15,15,15,15,15,15,15
Map_9453,389,86,46,46,46,52,29,29,29,29,29,29,29,29,29,29,30,79,30,79,30,79,30,158,30,158
Map_9454,17,289,17,17,17,17,14,14,14,14,14,14,14,14,14,14,14,14,14,14,14,14,14,14,14,14
Map_9455,506,386,485,375,388,311,65,83,65,83,65,83,303,304,303,308,53,35,53,35,53,35,65,83,65,83
Map_9456,150,369,15,15,15,15,15,15,15,15,15,15,15,15,15,15,12,12,12,12,12,12,12,12,12,12
Map_9457,11,92,11,11,11,18,17,11,17,11,17,11,17,11,17,11,17,11,19,11,19,11,17,11,17,11
Map_9458,596,175,44,142,44,223,101,101,101,101,101,101,101,101,101,101,44,44,53,49,53,49,44,44,48,48
Map_9459,8,26,6,6,6,8,6,6,6,6,6,6,6,6,6,6,8,6,8,6,8,6,6,6,6,6
Map_9460,15,189,10,10,10,51,10,15,10,15,10,15,10,15,10,15,10,10,10,10,10,10,10,10,10,10
Map_9461,62,47,12,11,11,12,11,11,11,11,11,11,11,11,11,11,11,11,11,11,11,11,11,11,11,11
Map_9462,20,108,16,15,16,17,15,15,15,15,15,15,15,15,15,15,16,17,16,17,16,17,15,17,15,17
Map_9463,624,219,48,48,48,96,48,38,48,38,48,38,48,38,48,38,52,44,52,44,52,44,52,42,52,42
Map_9464,59,204,32,29,32,32,32,29,32,29,32,29,29,29,29,29,32,29,33,29,33,29,32,29,32,29
Map_9465,13,24,16,13,17,16,13,13,13,13,13,13,13,13,13,13,13,13,13,13,13,13,13,13,13,13
Map_9466,51,86,13,13,13,14,14,13,14,13,14,13,14,13,14,13,14,13,14,13,14,13,14,13,14,13
Map_9467,556,227,123,391,423,129,135,112,135,112,135,112,133,120,130,120,123,55,123,146,123,146,143,100,143,100
Map_9468,23,52,11,11,11,11,11,11,11,11,11,11,11,11,11,11,11,11,11,11,11,11,11,11,11,11
Map_9469,148,160,27,27,27,38,28,27,28,27,28,27,27,27,27,27,29,27,29,27,29,27,29,27,29,27
Map_9470,15,274,13,13,13,13,13,13,13,13,13,13,13,13,13,13,13,13,13,13,13,13,13,13,13,13
Map_9471,42,152,43,43,56,43,24,24,24,24,24,24,24,24,24,24,27,24,27,24,27,24,27,24,24,24
Map_9472,22,251,12,12,12,12,12,12,12,12,12,12,12,12,12,12,11,11,14,11,14,11,11,11,11,11
Map_9473,593,295,125,120,125,408,100,100,100,100,100,100,100,105,105,105,94,116,94,109,94,109,94,116,94,116
Map_9474,49,136,27,27,27,27,27,26,27,26,27,26,26,26,26,26,27,26,27,26,27,26,27,26,27,26
Map_9475,414,137,23,20,20,23,20,20,20,20,20,20,20,20,20,20,21,20,21,20,21,20,20,20,20,20
Map_9476,449,217,47,55,88,48,46,45,46,45,46,45,50,49,48,48,44,45,44,39,44,39,46,45,46,45
Map_9477,9,70,9,9,9,9,9,9,9,9,9,9,9,9,9,9,9,9,9,9,9,9,9,9,9,9
Map_9478,13,107,13,11,13,32,13,11,13,11,13,11,11,11,11,11,13,11,13,11,13,11,13,11,13,11
Map_9479,9,81,8,8,8,9,9,8,9,8,9,8,9,8,9,8,9,8,9,8,9,8,9,8,9,8
Map_9480,17,30,13,13,13,13,13,13,13,13,13,13,13,13,13,13,13,13,13,13,13,13,13,13,13,13
Map_9481,616,218,50,48,150,91,48,48,48,48,48,48,48,48,48,48,29,29,29,29,29,29,29,48,29,48
Map_9482,15,150,9,9,9,12,9,9,9,9,9,9,9,9,9,9,9,9,9,9,9,9,9,9,9,9
Map_9483,515,482,77,39,77,177,61,39,61,36,61,36,61,39,61,39,50,36,50,36,50,36,50,36,50,36
Map_9484,546,249,23,23,23,21,20,21,20,21,20,21,20,21,20,21,20,13,24,13,24,13,20,13,20,21
Map_9485,7,62,7,7,7,7,7,7,7,7,7,7,7,7,7,7,7,7,7,7,7,7,7,7,7,7
Map_9486,20,294,11,11,11,11,11,11,11,11,11,11,11,11,11,11,11,11,11,11,11,11,11,11,11,11
Map_9487,10,468,9,9,9,9,9,10,9,10,9,10,9,10,9,10,9,10,9,10,9,10,9,10,9,10
Map_9488,625,133,110,97,110,300,97,97,91,97,91,97,97,97,97,97,43,35,43,35,43,35,43,35,43,40
Map_9489,34,282,17,17,17,17,18,17,18,17,18,17,17,17,17,17,18,17,18,17,18,17,18,17,18,17
Map_9490,514,275,42,60,42,42,50,68,50,68,50,68,50,68,50,68,34,18,47,18,47,18,34,18,34,18
Map_9491,427,119,67,68,89,133,38,63,38,63,38,63,38,68,38,73,30,29,30,29,30,29,27,29,27,29
Map_9492,42,379,28,28,28,28,26,26,26,26,26,26,26,26,26,26,26,26,27,26,27,26,26,26,26,26
Map_9493,11,46,12,12,12,14,12,12,12,12,12,12,12,13,12,13,11,11,11,11,11,11,11,11,11,11
Map_9494,542,305,13,13,13,13,13,13,13,13,13,13,13,13,13,13,13,10,13,10,13,10,13,10,13,10
Map_9495,508,132,52,56,52,104,59,58,59,58,59,58,58,59,59,59,44,43,40,43,40,43,44,43,44,43
Map_9496,62,199,11,11,11,11,11,11,11,11,11,11,11,11,11,11,11,11,11,11,11,11,11,11,11,11
Map_9497,194,214,10,10,10,14,10,10,10,10,10,10,10,10,10,10,10,10,10,10,10,10,10,10,10,10
Map_9498,270,252,69,103,69,90,69,69,69,69,69,69,67,67,67,67,69,69,69,69,69,69,69,69,69,69
Map_9499,552,404,30,30,30,82,53,22,53,22,53,22,53,22,53,22,19,22,19,22,19,22,19,22,19,22
Map_9500,266,357,26,26,26,26,26,26,26,26,26,26,25,25,25,25,25,25,25,25,25,25,25,25,25,25
Map_9501,15,209,16,16,17,16,16,16,16,16,16,16,16,16,16,16,16,16,16,15,16,15,16,16,16,16
Map_9502,24,434,16,16,16,16,16,16,16,16,16,16,16,16,16,16,35,16,35,16,55,16,16,16,16,16
Map_9503,108,149,75,71,73,79,78,73,78,73,78,73,78,75,78,83,58,68,58,68,58,68,58,68,58,73
Map_9504,566,316,53,53,53,62,61,61,61,61,61,61,80,80,80,80,78,52,78,52,78,52,62,52,62,52
Map_9505,325,155,38,37,39,39,37,38,37,38,37,38,37,38,37,38,37,37,37,37,37,37,37,37,37,37
Map_9506,438,424,51,50,24,40,39,24,39,24,39,24,90,24,90,24,39,24,39,24,39,24,39,24,39,24
Map_9507,6,171,6,6,6,6,6,6,6,6,6,6,6,6,6,6,6,6,6,6,6,6,6,6,6,6
Map_9508,13,132,11,11,11,11,10,10,10,10,10,10,10,10,10,10,11,10,11,10,11,10,10,10,10,10
Map_9509,29,56,20,20,28,21,20,20,20,20,20,20,20,20,20,20,20,20,20,20,20,20,20,20,20,20
Map_9510,37,30,19,19,19,20,20,19,20,19,20,19,19,19,19,19,17,19,17,17,17,17,19,19,19,19
Map_9511,413,170,96,101,96,113,91,88,91,88,91,88,105,105,105,105,110,75,104,75,104,75,110,84,110,84
Map_9512,345,564,22,22,22,40,22,24,22,24,22,24,34,34,34,34,31,22,31,22,31,22,31,22,31,22
Map_9513,157,333,101,101,97,41,18,18,18,18,18,18,18,18,18,18,21,18,21,18,21,18,18,18,18,18
Map_9514,615,102,55,54,59,55,62,62,62,62,62,62,62,62,62,62,52,51,52,51,52,51,49,81,49,81
Map_9515,612,418,66,28,66,123,23,23,23,23,23,23,23,23,23,23,23,22,23,22,23,22,23,22,23,22
Map_9516,7,28,7,7,7,15,7,7,7,7,7,7,7,7,7,7,7,7,7,7,7,7,7,7,7,7
Map_9517,153,159,27,27,20,27,20,20,20,20,20,20,20,20,20,20,25,20,25,20,25,20,20,20,20,20
Map_9518,108,424,54,54,54,102,53,56,53,56,53,56,53,56,53,56,53,51,122,51,122,51,53,51,53,51
Map_9519,570,289,144,144,481,271,123,73,123,73,123,73,125,80,125,80,92,73,92,73,92,73,92,73,92,73
Map_9520,571,163,137,144,145,145,138,138,138,138,138,138,138,145,162,163,40,76,46,76,46,76,40,79,40,138
Map_9521,28,57,23,23,26,24,23,15,23,15,23,15,23,15,23,15,15,15,15,15,15,15,15,15,15,15
Map_9522,25,210,14,14,14,63,14,14,14,14,14,14,14,14,14,14,14,14,14,14,14,14,14,14,14,14
Map_9523,251,322,20,20,20,32,20,20,20,20,20,20,20,20,20,20,18,17,18,17,18,17,18,20,18,20
Map_9524,565,64,24,24,40,24,24,24,24,24,24,24,24,24,24,24,33,24,33,24,33,24,33,24,33,24
Map_9525,16,105,19,19,19,213,20,14,20,14,20,14,18,14,18,14,17,14,18,14,18,14,17,14,17,14
Map_9526,608,348,62,62,62,86,62,62,62,62,62,62,62,62,62,62,98,87,98,87,98,87,85,125,85,125
Map_9527,33,114,15,15,15,15,15,56,15,56,15,56,15,56,15,56,15,15,23,15,23,15,15,15,15,15
Map_9528,514,152,37,37,37,53,37,37,37,37,37,37,37,37,37,37,42,37,42,37,42,37,42,37,37,37
Map_9529,535,202,14,14,14,14,14,14,14,14,14,14,14,14,14,14,25,14,25,14,25,14,14,14,14,14
Map_9530,586,205,197,304,304,127,54,30,54,30,54,30,54,30,54,30,30,30,30,30,32,30,30,30,30,30
Map_9531,12,344,32,17,32,36,17,17,17,17,17,17,17,17,17,17,19,17,19,17,19,17,19,17,17,17
Map_9532,88,475,15,14,12,15,15,12,15,12,15,12,14,12,14,12,15,12,15,12,15,12,15,12,15,12
Map_9533,623,125,56,56,522,56,56,55,56,55,56,55,55,55,55,55,49,49,49,49,49,49,49,49,49,49
Map_9534,28,364,20,20,20,20,20,20,20,20,20,20,20,20,20,20,16,16,16,16,16,16,16,16,16,16
Map_9535,6,143,6,6,6,9,6,6,6,6,6,6,6,6,6,6,6,6,6,6,6,6,6,6,6,6
Map_9536,34,47,17,17,26,20,17,16,17,16,17,16,17,16,17,16,17,16,17,16,17,16,17,16,17,16
Map_9537,65,178,24,24,24,24,24,24,24,24,24,24,24,24,24,24,24,24,24,24,24,24,24,24,24,24
Map_9538,16,135,16,27,25,20,16,16,16,16,16,16,29,30,29,30,18,18,18,18,18,18,18,18,18,18
Map_9539,544,104,18,18,18,18,27,18,27,18,27,18,27,18,27,18,27,18,27,18,27,18,27,18,27,18
Map_9540,22,217,13,13,13,13,13,13,13,13,13,13,13,13,13,13,13,13,13,13,13,13,13,13,13,13
Map_9541,98,438,17,17,19,19,17,17,17,17,17,17,17,17,17,17,30,17,30,17,30,17,30,17,43,17
Map_9542,406,120,33,31,91,33,31,82,31,76,31,76,31,82,31,82,153,31,138,31,141,31,153,76,106,76
Map_9543,111,66,25,25,25,26,25,25,25,25,25,25,25,25,25,25,26,25,26,25,26,25,25,25,25,25
Map_9544,43,216,17,16,16,17,16,14,16,14,16,14,16,14,16,14,16,14,16,14,16,14,14,14,16,14
Map_9545,22,77,16,16,16,18,16,16,16,16,16,16,16,16,16,16,16,16,16,16,16,16,16,16,16,16
Map_9546,87,250,40,40,119,47,28,28,28,28,28,28,28,28,28,28,24,24,24,24,24,24,24,24,24,24
Map_9547,8,377,8,8,8,9,8,8,8,8,8,8,8,8,8,8,8,8,8,8,8,8,8,8,8,8
Map_9548,396,482,29,29,29,41,29,28,29,28,29,28,29,28,28,28,29,28,29,28,29,28,29,28,29,28
Map_9549,16,113,39,20,39,39,16,16,16,16,16,16,16,16,16,16,17,16,17,16,17,16,16,16,16,16
Map_9550,180,178,10,10,10,10,10,10,10,10,10,10,10,10,10,10,10,10,10,10,10,10,10,10,10,10
Map_9551,66,82,53,65,53,46,36,85,36,85,36,85,80,82,82,82,36,32,39,32,39,32,36,32,36,32
Map_9552,10,41,10,10,10,14,10,10,10,10,10,10,10,10,10,10,11,9,11,9,11,9,11,9,11,9
Map_9553,8,237,8,8,8,8,8,8,8,8,8,8,8,8,8,8,8,8,8,8,8,8,8,8,8,8
Map_9554,325,116,15,15,15,15,15,15,15,15,15,15,15,15,15,15,14,14,14,14,14,14,14,14,14,14
Map_9555,285,426,35,35,37,45,27,27,27,27,27,27,27,27,27,27,36,27,36,27,36,27,27,27,27,27
Map_9556,500,207,422,253,364,385,229,195,229,195,229,195,253,195,253,195,120,82,120,64,120,64,106,86,109,86
Map_9557,25,168,18,18,19,21,17,17,17,17,17,17,17,17,17,17,17,16,18,16,18,16,17,17,17,17
Map_9558,81,330,33,33,33,34,34,32,34,32,34,32,33,32,33,32,31,28,31,28,31,28,31,28,31,28
Map_9559,328,383,66,48,66,164,51,51,51,51,51,51,45,45,45,45,65,43,81,43,81,43,45,43,43,43
Map_9560,213,81,118,59,118,48,47,44,47,44,47,44,47,44,47,44,43,44,43,43,43,43,43,44,43,44
Map_9561,640,399,64,63,64,427,131,115,131,115,131,115,115,115,115,115,69,28,69,28,69,28,69,28,66,28
Map_9562,16,94,10,10,10,10,10,10,10,10,10,10,10,10,10,10,10,10,10,10,10,10,10,10,10,10
Map_9563,33,541,8,8,8,8,8,8,8,8,8,8,8,8,8,8,8,8,11,8,11,8,8,8,8,8
Map_9564,20,190,9,9,9,19,13,9,13,9,13,9,13,9,13,9,13,9,13,9,13,9,13,9,13,9
Map_9565,521,263,25,25,74,101,25,25,25,25,25,25,25,25,25,25,25,25,25,25,25,25,25,25,25,25
Map_9566,35,400,19,19,100,19,19,12,19,12,19,12,19,12,19,12,32,12,32,12,32,12,19,12,19,12
Map_9567,596,89,36,33,36,36,33,33,33,33,33,33,33,33,33,33,33,33,27,32,27,32,33,33,33,33
Map_9568,72,353,20,20,20,20,20,20,20,20,20,20,20,20,20,20,21,20,21,20,21,20,20,20,20,20
Map_9569,9,14,10,10,10,12,10,9,10,9,10,9,10,9,10,9,10,10,10,10,10,10,10,9,10,9
Map_9570,9,35,14,14,9,15,10,10,10,10,10,10,10,10,10,10,10,9,10,9,10,9,10,9,10,9
Map_9571,458,112,28,28,39,44,38,28,38,28,38,28,38,28,43,28,28,28,28,28,28,28,24,28,24,28
Map_9572,505,75,27,27,27,95,27,26,27,26,27,26,26,26,26,26,27,26,27,26,27,26,27,26,27,26
Map_9573,420,235,36,32,53,44,32,32,50,32,50,32,32,32,32,32,38,33,43,33,43,33,38,32,38,32
Map_9574,14,391,9,9,9,9,9,9,9,9,9,9,9,9,9,9,9,9,9,9,9,9,9,9,9,9
Map_9575,13,85,10,10,10,10,10,10,10,10,10,10,10,10,10,10,10,10,10,10,10,10,10,10,10,10
Map_9576,507,188,262,323,439,145,85,24,85,24,85,24,85,24,85,24,66,40,68,52,68,48,144,40,85,40
Map_9577,439,261,36,36,36,46,28,36,28,36,28,36,28,36,28,36,26,26,26,26,26,26,26,26,26,26
Map_9578,19,484,11,11,11,11,11,11,11,11,11,11,11,11,11,11,11,11,11,11,11,11,11,11,11,11
Map_9579,567,350,32,32,34,37,25,31,25,31,25,31,25,31,25,31,25,31,25,31,25,31,25,31,25,31
Map_9580,18,327,13,13,13,13,13,13,13,13,13,13,13,13,13,13,13,13,13,13,13,13,13,13,13,13
Map_9581,633,267,278,471,316,163,55,54,55,54,55,54,55,54,55,54,49,89,51,89,51,89,63,50,63,50
Map_9582,36,407,66,40,66,40,40,25,40,25,40,25,40,25,40,25,34,25,43,25,43,25,34,25,34,25
Map_9583,101,180,22,18,22,17,16,16,16,16,16,16,16,16,16,16,16,16,16,16,16,16,16,16,16,16
Map_9584,96,68,17,17,17,19,17,17,17,17,17,17,17,17,17,17,17,17,17,17,17,17,17,17,17,17
Map_9585,12,379,13,13,13,17,13,12,13,12,13,12,13,12,13,12,13,8,13,8,13,8,13,8,13,8
Map_9586,148,95,28,24,24,27,24,24,24,24,24,24,24,24,24,24,24,24,24,24,24,24,24,24,24,24
Map_9587,581,197,55,55,68,68,56,67,56,61,56,61,55,67,55,67,55,52,51,51,51,51,55,52,55,52
Map_9588,419,183,31,31,31,31,31,31,31,31,31,31,31,31,31,31,33,18,33,18,33,18,31,18,31,18
Map_9589,382,109,34,34,33,58,22,22,22,22,22,22,22,22,22,22,22,22,22,22,22,22,22,22,22,22
Map_9590,366,332,35,30,35,24,22,22,22,22,22,22,22,22,22,22,22,21,22,21,22,21,22,21,22,21
Map_9591,42,95,34,33,38,30,30,30,30,30,30,30,30,30,30,30,27,26,27,26,27,26,27,26,27,26
Map_9592,9,231,11,11,11,18,11,9,11,9,11,9,9,9,9,9,13,9,13,9,13,9,13,9,13,9
Map_9593,17,115,13,13,13,15,13,13,13,13,13,13,13,13,13,13,15,12,15,12,15,12,13,12,13,12
Map_9594,652,397,197,398,171,202,78,78,78,78,78,78,78,78,78,78,21,48,21,21,21,21,21,43,21,78
Map_9595,68,190,56,39,34,51,39,22,39,22,39,22,39,22,39,22,22,22,22,22,22,22,22,22,22,22
Map_9596,18,29,13,13,13,13,13,13,13,13,13,13,13,13,13,13,13,12,13,12,13,12,13,12,13,12
Map_9597,12,22,11,11,10,11,11,10,11,10,11,10,11,10,11,10,10,10,10,10,10,10,10,10,10,10
Map_9598,513,345,50,50,47,517,51,24,51,24,51,24,51,24,51,24,42,24,42,24,42,24,38,24,38,24
Map_9599,12,132,12,12,11,25,16,12,16,12,16,12,16,12,16,12,16,11,39,11,39,11,16,11,16,11
Map_9600,68,136,34,34,34,34,34,34,34,34,34,34,34,34,34,34,33,29,33,29,33,29,33,29,33,29
Map_9601,111,387,91,91,109,92,212,91,212,91,212,91,312,91,312,91,83,39,83,39,83,39,83,39,87,39
Map_9602,635,232,188,252,255,47,47,42,48,42,48,42,47,42,47,42,58,53,86,53,86,53,56,53,56,53
Map_9603,10,32,10,10,10,14,10,10,10,10,10,10,10,10,10,10,10,10,10,10,10,10,10,10,10,10
Map_9604,51,48,32,32,49,33,30,31,30,31,30,31,30,31,30,31,30,29,30,29,30,29,30,29,30,29
Map_9605,617,309,106,106,106,430,114,40,114,40,114,40,114,40,313,40,31,40,31,40,31,40,31,40,31,40
Map_9606,69,205,31,31,31,32,31,30,31,30,31,30,31,30,31,30,29,29,31,29,31,29,29,30,31,30
Map_9607,13,482,13,13,13,13,13,12,13,12,13,12,12,12,12,12,13,12,13,12,13,12,13,12,13,12
Map_9608,302,225,46,40,46,125,40,40,40,40,40,40,40,40,54,54,26,40,26,40,26,40,26,40,26,40
Map_9609,6,124,6,6,6,9,6,6,6,6,6,6,6,6,6,6,6,6,6,6,6,6,6,6,6,6
Map_9610,239,441,41,41,41,52,35,35,35,35,35,35,35,35,35,35,36,29,36,29,40,29,35,29,35,29
Map_9611,567,194,270,242,265,23,25,25,25,25,25,25,25,25,25,25,20,19,20,19,20,19,20,19,20,19
Map_9612,8,91,8,8,8,23,17,8,17,8,17,8,17,8,17,8,18,8,18,8,18,8,17,8,17,8
Map_9613,600,456,413,414,511,348,75,75,75,75,75,75,75,75,75,75,71,62,71,62,71,62,71,62,71,62
Map_9614,6,168,6,6,6,6,6,6,6,6,6,6,6,6,6,6,6,6,6,6,6,6,6,6,6,6
Map_9615,518,25,8,8,8,8,8,8,8,8,8,8,8,8,8,8,8,8,8,8,8,8,8,8,8,8
Map_9616,595,391,82,82,561,160,79,79,79,79,79,79,79,79,79,79,89,79,52,70,52,70,79,79,79,79
Map_9617,554,356,268,330,305,341,185,200,185,200,185,200,200,202,201,202,86,47,86,47,86,47,86,47,86,47
Map_9618,368,144,102,108,102,105,48,52,48,52,48,52,48,52,48,52,71,52,71,52,71,52,48,52,48,52
Map_9619,33,413,12,12,12,18,12,12,12,12,12,12,12,12,12,12,16,12,16,12,20,12,12,12,12,12
Map_9620,632,442,27,27,27,34,21,27,21,27,21,27,21,27,21,27,21,21,21,21,21,21,21,21,21,21
Map_9621,612,420,243,227,238,208,175,154,134,154,134,154,168,201,168,201,34,34,41,34,41,34,34,34,34,34
Map_9622,507,329,25,45,25,34,25,25,25,25,25,25,38,36,38,36,27,25,27,21,27,21,25,25,25,25
Map_9623,28,262,16,16,16,16,13,13,13,13,13,13,13,13,13,13,13,13,13,13,13,13,13,13,13,13
Map_9624,302,157,60,60,60,67,60,59,60,59,60,59,60,59,60,59,56,59,56,59,56,59,56,59,56,59
Map_9625,8,112,11,11,8,11,11,8,11,8,11,8,11,8,11,8,11,8,11,8,11,8,11,8,11,8
Map_9626,520,225,97,347,105,95,65,49,65,49,65,49,65,49,65,49,51,44,51,44,51,44,56,44,56,44
Map_9627,502,274,143,146,548,90,71,70,71,70,71,70,77,88,77,88,85,76,149,76,149,76,85,76,85,76
Map_9628,386,351,47,47,47,47,47,32,47,32,47,32,47,32,47,32,32,32,32,32,38,32,32,32,32,32
Map_9629,36,363,30,30,27,30,30,30,22,22,22,22,30,30,30,30,29,22,31,22,31,22,29,22,29,22
Map_9630,517,265,63,64,34,31,20,29,20,29,20,29,20,31,20,31,20,19,28,19,28,19,20,19,20,19
Map_9631,585,288,59,47,187,273,224,313,224,279,224,279,45,45,45,45,40,27,50,37,62,37,40,116,40,235
Map_9632,190,307,72,71,71,156,221,59,221,59,221,59,222,59,222,94,37,51,37,51,37,51,37,51,51,51
Map_9633,95,199,14,14,14,14,14,11,14,11,14,11,14,11,14,11,21,11,20,11,20,11,14,11,14,11
Map_9634,567,450,113,113,103,34,34,34,34,34,34,34,34,34,34,34,34,42,34,42,34,42,34,42,34,42
Map_9635,23,452,22,22,24,27,17,17,17,17,17,17,17,17,17,17,17,17,17,17,17,17,17,17,17,17
Map_9636,524,384,19,19,19,32,19,19,19,19,19,19,19,19,19,19,20,19,20,20,20,20,19,19,19,19
Map_9637,20,410,20,20,20,23,20,20,20,20,20,20,20,20,20,20,20,20,23,20,23,20,20,20,20,20
Map_9638,295,310,18,18,18,49,18,18,18,18,18,18,18,18,18,18,18,18,18,18,18,18,18,18,18,18
Map_9639,593,199,73,73,142,75,66,55,66,41,66,41,66,55,66,55,40,30,40,30,40,30,39,30,39,30
Map_9640,564,401,76,72,104,224,65,78,65,78,65,78,72,72,104,104,77,36,99,36,108,36,76,36,76,36
Map_9641,553,45,31,18,31,31,18,40,18,41,18,41,18,40,18,40,18,17,18,17,18,17,18,18,18,18
Map_9642,566,293,70,32,51,75,32,32,32,32,32,32,32,32,32,32,36,27,36,27,36,27,36,27,36,27
Map_9643,6,128,6,6,6,6,6,6,6,6,6,6,6,6,6,6,6,6,6,6,6,6,6,6,6,6
Map_9644,9,21,7,7,7,7,7,7,7,7,7,7,7,7,7,7,7,7,7,7,7,7,7,7,7,7
Map_9645,430,417,50,50,50,50,50,50,50,50,50,50,50,50,50,50,43,43,43,43,43,43,43,43,43,43
Map_9646,7,64,7,7,7,10,7,7,7,7,7,7,7,7,7,7,7,7,7,7,7,7,7,7,7,7
Map_9647,102,74,36,36,36,71,36,36,36,36,36,36,36,36,36,36,31,30,31,30,31,30,31,30,31,30
Map_9648,139,282,105,98,98,116,109,98,109,98,109,98,98,98,98,98,97,27,97,27,97,27,97,27,96,27
Map_9649,582,223,46,46,46,18,18,63,18,63,18,63,18,44,18,44,18,18,18,18,18,18,18,18,18,63
Map_9650,310,174,23,25,26,23,18,18,18,18,18,18,18,18,18,18,18,18,18,18,18,18,18,18,18,18
Map_9651,41,323,46,43,46,73,20,20,20,20,20,20,20,20,20,20,20,20,20,20,20,20,20,20,20,20
Map_9652,577,101,6,6,6,6,6,6,6,6,6,6,6,6,6,6,6,6,6,6,6,6,6,6,6,6
Map_9653,25,374,15,15,15,15,15,15,15,15,15,15,15,15,15,15,15,15,15,15,15,15,15,15,15,15
Map_9654,5,11,5,5,5,7,5,5,5,5,5,5,5,5,5,5,5,5,5,5,5,5,5,5,5,5
Map_9655,14,17,7,7,7,7,7,7,7,7,7,7,7,7,7,7,7,7,9,7,9,7,7,7,7,7
Map_9656,26,115,26,26,26,34,26,26,26,26,26,26,26,26,26,26,33,26,33,26,33,26,33,26,33,26
Map_9657,553,276,24,46,24,24,31,19,31,19,31,19,19,19,19,19,20,19,20,19,20,19,19,19,19,19
Map_9658,212,338,27,20,27,34,31,31,31,31,31,31,31,31,31,31,28,20,36,20,36,20,26,20,31,20
Map_9659,591,84,28,24,28,28,28,24,28,24,28,24,24,24,24,24,28,24,28,24,28,24,28,24,28,24
Map_9660,569,150,163,129,155,134,51,51,51,51,51,51,51,51,51,51,51,51,52,52,52,52,51,51,51,51
Map_9661,200,167,96,88,99,99,26,26,26,26,26,26,26,26,26,26,26,26,32,26,32,26,26,26,26,26
Map_9662,15,569,15,15,15,15,15,15,15,15,15,15,15,15,15,15,15,15,15,15,15,15,15,15,15,15
Map_9663,630,284,175,215,87,139,61,119,61,119,61,119,61,123,61,123,31,28,31,28,31,28,35,28,28,28
Map_9664,9,130,9,9,9,9,9,9,9,9,9,9,9,9,9,9,9,9,9,9,9,9,9,9,9,9
Map_9665,7,37,7,7,7,13,7,7,7,7,7,7,7,7,7,7,7,7,7,7,7,7,7,7,7,7
Map_9666,348,294,45,45,51,51,45,45,45,45,45,45,45,45,45,45,48,48,48,48,48,48,48,48,48,48
Map_9667,44,148,20,20,38,24,20,25,20,25,20,25,20,25,20,25,20,23,20,23,20,23,20,23,20,23
Map_9668,579,217,87,48,161,251,26,23,26,23,26,23,23,23,23,23,22,22,34,22,34,22,22,23,22,23
Map_9669,6,564,6,6,6,6,6,6,6,6,6,6,6,6,6,6,6,6,6,6,6,6,6,6,6,6
Map_9670,5,379,5,5,5,5,5,5,5,5,5,5,5,5,5,5,5,5,5,5,5,5,5,5,5,5
Map_9671,555,71,15,15,15,36,13,15,13,15,13,15,13,15,13,15,14,15,14,15,14,15,13,15,13,15
Map_9672,531,113,24,24,24,35,24,29,24,29,24,29,24,29,24,29,24,29,24,29,24,29,24,29,24,29
Map_9673,355,374,59,67,61,64,61,55,61,55,61,55,67,55,67,55,96,81,45,37,45,37,109,47,51,47
Map_9674,64,67,13,13,13,16,13,13,13,13,13,13,13,13,13,13,13,13,13,13,13,13,13,13,13,13
Map_9675,8,26,8,8,8,16,8,8,8,8,8,8,8,8,8,8,8,7,8,7,8,7,8,7,8,7
Map_9676,140,132,24,22,22,24,22,22,22,22,22,22,23,23,23,23,22,22,22,22,22,22,22,22,22,22
Map_9677,9,552,9,9,9,35,9,9,9,9,9,9,9,9,9,9,9,9,9,9,9,9,9,9,9,9
Map_9678,13,246,13,13,13,13,13,13,13,13,13,13,13,13,13,13,13,13,13,13,13,13,13,13,13,13
Map_9679,519,329,29,29,29,27,16,16,16,16,16,16,16,16,16,16,16,16,16,16,16,16,16,16,16,16
Map_9680,625,113,28,28,28,30,28,28,28,28,28,28,28,28,28,28,24,24,24,24,24,24,24,28,24,28
Map_9681,392,444,86,86,55,109,110,114,110,114,110,114,114,114,114,114,60,61,60,61,60,61,60,61,85,61
Map_9682,76,132,39,29,39,41,29,29,29,29,29,29,29,29,29,29,31,30,31,30,31,30,29,29,29,29
Map_9683,608,291,395,58,190,347,22,22,22,22,22,22,22,22,22,22,22,22,22,22,22,22,22,22,22,22
Map_9684,386,132,23,21,21,22,20,20,20,20,20,20,20,20,20,20,20,20,20,20,20,20,20,20,20,20
Map_9685,322,351,32,32,32,149,32,32,32,32,32,32,32,32,32,32,26,26,26,26,26,26,26,26,26,26
Map_9686,654,379,595,384,646,522,262,394,262,394,262,394,262,386,262,386,305,100,290,161,290,161,117,100,117,100
Map_9687,572,176,106,106,106,119,109,109,109,109,109,109,109,109,109,109,65,38,69,38,69,38,64,38,64,106
Map_9688,152,80,11,11,11,11,11,11,11,11,11,11,11,11,11,11,11,11,11,11,11,11,11,11,11,11
Map_9689,626,171,175,170,538,317,137,28,137,28,137,28,152,29,152,29,115,34,118,34,118,34,137,34,137,34
Map_9690,610,94,523,523,523,46,32,31,32,31,32,31,31,31,31,31,32,31,32,31,32,31,32,31,32,31
Map_9691,606,282,288,319,557,114,169,179,169,179,169,179,226,226,226,226,74,76,168,76,168,76,118,179,156,179
Map_9692,18,545,10,10,10,10,10,10,10,10,10,10,10,10,10,10,10,10,10,10,10,10,10,10,10,10
Map_9693,109,417,36,36,33,31,14,14,14,14,14,14,14,14,14,14,14,14,14,14,14,14,14,14,14,14
Map_9694,32,185,15,15,16,17,15,15,16,15,16,15,15,15,15,15,15,15,15,15,23,15,15,15,15,15
Map_9695,7,439,7,7,7,8,7,7,7,7,7,7,7,7,7,7,7,7,7,7,7,7,7,7,7,7
Map_9696,35,153,15,15,15,18,15,15,15,15,15,15,15,15,15,15,15,15,15,15,15,15,15,15,15,15
Map_9697,581,328,28,28,27,46,28,27,28,27,28,27,28,27,28,27,28,27,28,27,28,27,28,27,28,27
Map_9698,16,47,22,15,22,22,19,15,19,15,19,15,15,15,15,15,19,12,24,12,24,12,19,12,19,12
Map_9699,11,54,11,11,11,16,11,11,11,11,11,11,11,11,11,11,12,11,12,11,12,11,12,11,12,11
Map_9700,13,24,10,10,10,10,10,10,10,10,10,10,10,10,10,10,10,10,10,10,11,10,10,10,10,10
Map_9701,26,150,20,19,20,33,23,26,23,26,23,26,27,26,27,26,25,17,25,17,25,17,23,17,23,17
Map_9702,581,108,51,51,51,51,47,51,47,51,47,51,47,51,47,51,47,48,47,48,47,48,47,51,47,51
Map_9703,583,248,320,420,281,537,309,278,177,278,177,278,427,279,433,433,80,80,80,75,80,75,111,69,111,69
Map_9704,26,261,17,17,17,17,17,17,17,17,17,17,17,17,17,17,21,17,21,17,21,17,21,17,21,17
Map_9705,8,57,8,8,8,8,8,8,8,8,8,8,8,8,8,8,8,8,10,8,10,8,8,8,8,8
Map_9706,508,301,205,205,181,172,181,128,185,113,185,113,119,130,130,130,74,86,74,85,74,83,173,80,173,113
Map_9707,7,12,6,6,6,6,6,6,6,6,6,6,6,6,6,6,6,6,6,6,6,6,6,6,6,6
Map_9708,560,508,51,52,50,51,51,52,51,52,51,52,52,341,384,384,46,36,46,37,46,37,46,36,46,36
Map_9709,578,372,13,13,13,13,13,13,13,13,13,13,13,13,13,13,13,13,13,13,13,13,13,13,13,13
Map_9710,84,86,41,41,41,100,27,30,27,30,27,30,27,30,27,30,34,30,34,30,34,30,27,30,27,30
Map_9711,518,326,229,295,132,222,93,88,93,88,93,88,88,88,88,88,39,57,39,57,39,57,36,57,36,57
Map_9712,15,200,15,15,15,16,15,15,15,15,15,15,15,15,15,15,15,15,15,15,15,15,15,15,15,15
Map_9713,342,227,20,20,20,20,20,19,20,19,20,19,19,19,19,19,20,19,20,19,20,19,20,19,20,19
Map_9714,472,157,18,18,18,18,27,27,27,27,27,27,27,27,27,27,18,18,18,18,18,18,18,18,18,18
Map_9715,227,336,23,23,23,59,18,17,18,17,18,17,17,20,20,20,17,17,21,17,21,17,17,17,17,17
Map_9716,81,133,23,23,17,23,23,17,23,17,23,17,23,17,23,17,21,17,21,17,21,17,23,17,23,17
Map_9717,431,211,25,25,25,25,25,25,25,25,25,25,25,25,25,25,25,25,25,17,25,17,25,25,25,25
Map_9718,389,209,105,105,105,115,171,408,170,391,170,391,353,352,352,352,140,60,142,60,118,60,122,60,165,60
Map_9719,17,84,29,29,126,31,29,25,29,25,29,25,29,25,29,25,17,17,17,17,17,17,29,17,29,17
Map_9720,612,315,55,55,55,225,53,56,53,56,53,56,53,56,56,56,85,53,64,53,64,53,85,56,53,56
Map_9721,570,187,76,76,358,65,49,60,49,60,49,60,49,63,52,63,57,50,38,43,38,43,57,60,57,60
Map_9722,549,215,62,53,325,80,53,53,53,53,53,53,53,53,53,53,53,53,82,53,82,53,53,57,53,57
Map_9723,11,459,7,7,7,7,7,7,7,7,7,7,7,7,7,7,7,7,7,7,7,7,7,7,7,7
Map_9724,29,343,16,16,16,16,16,16,16,16,16,16,16,16,16,16,16,16,16,16,16,16,16,16,16,16
Map_9725,516,436,65,59,59,94,88,39,88,39,88,39,83,39,83,39,62,39,62,39,62,39,62,39,62,39
Map_9726,607,321,15,15,15,15,15,15,15,15,15,15,15,15,15,15,15,15,15,15,15,15,15,15,15,15
Map_9727,12,189,12,12,12,12,12,12,12,12,12,12,12,12,12,12,12,12,12,12,12,12,12,12,12,12
Map_9728,7,40,8,6,6,9,6,6,6,6,6,6,6,6,6,6,6,6,6,6,6,6,6,6,6,6
Map_9729,244,574,40,40,40,38,26,16,26,16,26,16,26,16,26,16,26,16,26,16,26,16,26,16,26,16
Map_9730,464,211,40,40,48,27,24,24,24,24,24,24,24,24,24,24,24,25,24,25,24,25,24,25,24,25
Map_9731,47,36,25,25,25,25,25,25,25,25,25,25,25,25,25,25,24,24,26,24,26,24,24,24,24,24
Map_9732,32,375,36,51,36,41,28,40,28,40,28,40,40,40,40,40,28,32,28,32,29,32,28,37,28,37
Map_9733,637,458,40,40,40,85,40,40,40,40,40,40,40,40,40,40,45,40,45,40,45,40,40,40,40,40
Map_9734,476,207,49,45,49,220,45,45,45,45,45,45,45,45,45,45,108,66,40,37,40,37,97,66,97,66
Map_9735,558,148,62,62,62,62,38,60,38,60,38,60,40,60,60,60,23,23,23,23,23,23,23,23,23,23
Map_9736,566,251,19,21,19,47,19,19,19,19,19,19,20,20,20,20,19,19,49,19,49,19,19,19,19,19
Map_9737,60,263,15,15,15,25,15,15,15,15,15,15,15,15,15,15,17,15,17,15,17,15,15,15,15,15
Map_9738,606,345,21,21,21,20,20,20,20,20,20,20,21,21,21,21,20,20,20,20,20,20,20,20,20,20
Map_9739,593,54,14,14,14,28,14,14,14,14,14,14,14,14,14,14,14,14,14,14,14,14,14,14,14,14
Map_9740,503,151,78,77,78,119,80,77,80,77,80,77,77,77,95,95,64,42,64,40,64,40,64,42,64,42
Map_9741,12,345,12,12,12,12,12,12,12,12,12,12,12,12,12,12,12,12,12,12,12,12,12,12,12,12
Map_9742,606,347,285,243,272,188,36,221,36,221,36,221,36,114,36,114,36,28,36,28,36,28,36,28,36,28
Map_9743,50,153,13,13,13,13,13,12,13,12,13,12,12,12,12,12,12,12,12,12,12,12,12,12,12,12
Map_9744,42,351,15,15,15,15,15,15,15,15,15,15,15,15,15,15,19,15,19,15,19,15,15,15,15,15
Map_9745,173,359,30,30,296,39,34,30,34,30,34,30,34,30,34,30,28,26,28,26,28,26,34,28,34,28
Map_9746,556,469,106,106,191,98,65,65,65,65,65,65,65,65,65,65,66,64,66,64,66,64,66,64,66,64
Map_9747,31,313,19,19,19,19,17,19,17,19,17,19,17,19,17,19,17,17,17,17,17,17,17,17,17,17
Map_9748,26,472,23,23,23,29,16,20,16,20,16,20,16,20,16,20,16,16,16,16,16,16,16,16,16,16
Map_9749,63,184,124,25,25,123,25,25,25,25,25,25,25,25,25,25,14,14,14,14,14,14,14,14,14,14
Map_9750,492,164,32,32,56,58,32,32,32,32,32,32,28,28,28,28,27,26,24,26,24,26,32,32,32,32
Map_9751,581,165,43,43,43,80,43,43,43,43,43,43,43,43,66,66,56,43,56,43,56,43,50,43,46,43
Map_9752,53,512,18,18,18,19,17,20,17,20,17,20,17,20,17,20,17,17,17,17,17,17,17,17,17,17
Map_9753,28,28,19,19,19,19,18,18,18,18,18,18,18,18,18,18,18,16,18,16,18,16,18,16,18,16
Map_9754,451,384,81,69,81,111,69,69,69,69,69,69,69,69,69,69,111,61,103,61,103,61,69,61,61,61
Map_9755,41,274,32,32,32,41,39,38,39,38,39,38,38,38,38,38,26,30,26,30,26,30,26,32,26,32
Map_9756,10,20,10,10,10,12,10,10,10,10,10,10,10,10,10,10,12,10,12,10,12,10,10,10,10,10
Map_9757,540,132,45,43,46,31,30,30,30,30,30,30,30,30,30,30,31,30,39,37,39,37,31,30,31,30
Map_9758,53,398,14,14,14,15,15,15,15,15,15,15,15,15,15,15,13,14,13,14,13,14,13,14,13,14
Map_9759,27,193,23,23,23,23,23,16,23,16,23,16,23,16,23,16,23,16,23,16,23,16,23,16,23,16
Map_9760,46,118,46,36,34,46,36,33,36,33,36,33,36,33,36,33,39,42,39,42,39,42,39,46,39,46
Map_9761,562,215,207,319,196,398,47,43,47,43,47,43,45,45,45,45,42,43,125,43,125,43,42,43,47,43
Map_9762,465,272,403,451,336,278,377,353,377,353,377,353,388,374,388,374,185,135,171,122,171,122,185,135,185,135
Map_9763,392,97,31,31,31,18,17,22,17,22,17,22,16,22,16,22,19,16,19,16,19,16,19,16,19,16
Map_9764,37,223,24,24,24,26,17,17,17,17,17,17,17,17,17,17,19,17,19,17,19,17,17,17,17,17
Map_9765,230,338,28,28,28,28,31,31,31,31,31,31,31,31,31,31,25,31,25,31,25,31,31,31,31,31
Map_9766,568,307,34,34,34,51,27,27,27,27,27,27,27,27,27,27,27,27,27,27,27,27,27,27,27,27
Map_9767,574,359,105,104,104,427,79,55,79,55,79,55,75,55,75,55,51,55,51,55,51,55,51,55,51,55
Map_9768,280,245,129,175,215,122,32,32,32,32,32,32,32,32,32,32,31,32,31,32,31,32,31,32,31,32
Map_9769,6,13,7,6,6,7,6,6,6,6,6,6,6,6,6,6,6,6,6,6,6,6,6,6,6,6
Map_9770,596,307,109,109,555,555,244,137,244,137,244,137,239,140,265,141,111,127,111,127,111,127,139,127,229,137
Map_9771,13,627,9,9,9,9,9,9,9,9,9,9,9,9,9,9,9,9,9,9,9,9,9,9,9,9
Map_9772,83,253,51,51,51,94,51,48,51,48,51,48,51,48,51,48,54,48,54,48,54,48,51,48,51,48
Map_9773,564,440,78,78,75,79,43,102,43,102,43,102,42,119,42,119,42,42,42,50,42,50,42,57,42,57
Map_9774,580,216,22,21,22,22,21,20,21,20,21,20,21,20,20,20,21,20,21,20,21,20,21,20,21,20
Map_9775,282,161,54,44,94,54,44,44,44,44,44,44,44,44,44,44,44,44,54,44,54,44,44,44,44,44
Map_9776,9,63,9,9,9,17,9,9,9,9,9,9,9,9,9,9,9,9,9,9,9,9,9,9,9,9
Map_9777,599,406,40,40,40,313,251,40,251,40,251,40,195,40,195,40,133,40,140,40,140,40,82,40,82,40
Map_9778,23,457,10,8,10,58,8,8,8,8,8,8,8,8,8,8,8,8,8,8,8,8,8,8,8,8
Map_9779,578,344,51,51,51,55,51,51,51,51,51,51,51,51,51,51,55,51,41,40,41,41,51,51,51,51
Map_9780,33,232,20,20,20,22,17,17,17,17,17,17,17,17,17,17,17,17,18,17,18,17,17,17,17,17
Map_9781,51,142,44,44,46,73,56,43,56,43,56,43,53,43,53,43,43,42,43,42,43,42,43,43,43,43
Map_9782,562,156,23,23,47,31,23,23,23,23,23,23,23,23,23,23,23,23,23,23,23,23,23,23,23,23
Map_9783,68,150,15,15,15,15,15,15,15,15,15,15,15,15,15,15,18,15,18,15,18,18,15,15,15,15
Map_9784,176,370,12,12,12,17,12,12,12,12,12,12,12,12,12,12,12,12,12,12,12,12,12,12,12,12
Map_9785,26,124,13,13,13,13,13,13,13,13,13,13,13,13,13,13,13,13,17,13,21,13,13,13,13,13
Map_9786,70,221,25,25,25,33,31,25,31,25,31,25,26,25,26,25,26,25,26,25,26,25,26,25,26,25
Map_9787,146,241,12,12,12,12,12,12,12,12,12,12,12,12,12,12,10,10,10,10,10,10,10,10,10,10
Map_9788,20,566,10,10,10,10,10,10,10,10,10,10,10,10,10,10,14,10,18,10,18,10,10,10,10,10
Map_9789,600,95,277,581,277,212,78,109,78,109,78,109,78,112,78,112,29,86,29,86,29,86,29,86,29,86
Map_9790,603,351,84,38,38,65,38,38,38,38,38,38,38,38,38,38,42,31,42,31,42,31,38,31,38,31
Map_9791,625,481,56,56,54,217,70,144,70,144,70,144,70,240,70,248,62,61,67,61,67,61,62,61,62,61
Map_9792,532,299,16,16,16,16,16,16,16,16,16,16,16,16,16,16,16,16,16,16,16,16,16,16,16,16
Map_9793,507,209,126,51,156,68,51,25,51,25,51,25,51,25,51,25,25,25,32,25,32,25,25,25,25,25
Map_9794,34,193,45,25,101,43,43,22,44,22,44,22,22,22,22,22,49,22,42,22,42,22,49,22,49,22
Map_9795,58,144,59,59,59,20,22,22,22,22,22,22,22,22,22,22,22,22,36,22,36,22,22,22,22,22
Map_9796,21,68,12,12,12,12,12,12,12,12,12,12,12,12,12,12,12,12,12,12,12,12,12,12,12,12
Map_9797,12,37,15,12,15,17,12,12,12,12,12,12,12,12,12,12,13,12,13,12,13,12,12,12,12,12
Map_9798,571,217,50,50,18,50,24,24,24,24,24,24,24,24,24,24,23,18,23,18,23,18,23,18,23,18
Map_9799,313,511,49,45,45,31,30,30,30,30,30,30,30,30,30,30,30,30,30,30,30,30,30,34,30,34
Map_9800,98,37,21,21,21,18,21,21,21,21,21,21,21,21,21,21,21,21,27,23,27,23,21,21,21,21
Map_9801,11,206,12,12,12,12,14,11,14,11,14,11,14,11,14,11,15,11,11,11,11,11,14,11,14,11
Map_9802,590,182,74,74,225,75,57,57,57,57,57,57,57,57,57,57,57,57,57,57,57,57,57,57,57,57
Map_9803,46,273,24,24,24,24,24,24,24,24,24,24,24,24,24,24,24,24,24,24,24,24,24,24,24,24
Map_9804,423,98,28,28,28,43,32,28,32,28,32,28,32,28,32,28,32,23,23,23,23,23,32,23,32,23
Map_9805,218,294,39,39,39,80,39,39,39,39,39,39,39,39,39,39,31,39,31,39,31,39,31,39,31,39
Map_9806,63,100,21,21,21,21,21,21,21,21,21,21,21,21,21,21,21,21,24,21,24,21,21,21,21,21
Map_9807,602,293,521,577,444,384,99,99,99,99,99,99,99,99,99,99,119,99,119,254,119,254,99,99,99,99
Map_9808,12,162,11,9,11,11,9,9,9,9,9,9,9,9,9,9,9,9,9,9,9,9,9,9,9,9
Map_9809,39,308,25,25,25,25,25,22,25,22,25,22,22,22,22,22,24,22,24,22,24,22,24,22,24,22
Map_9810,20,341,20,20,20,23,20,20,20,20,20,20,20,20,20,20,23,20,24,20,24,20,23,20,20,20
Map_9811,32,127,24,24,24,24,24,24,24,24,24,24,24,24,24,24,23,23,23,23,23,23,23,24,23,24
Map_9812,163,296,72,64,72,71,65,73,65,73,65,73,69,84,69,84,47,63,56,63,56,63,47,64,47,64
Map_9813,106,400,16,16,16,27,16,21,16,21,16,21,16,21,16,21,16,16,20,16,25,16,16,16,16,16
Map_9814,23,191,23,18,23,44,23,18,23,18,23,18,18,19,19,19,13,13,13,13,13,13,18,13,18,13
Map_9815,9,59,9,9,9,32,9,9,9,9,9,9,9,9,9,9,9,9,9,9,9,9,9,9,9,9
Map_9816,47,548,26,25,42,17,16,25,16,25,16,25,16,25,16,25,17,25,17,25,17,25,16,25,16,25
Map_9817,647,276,160,152,207,261,124,125,124,125,124,125,124,125,124,125,114,119,114,119,114,119,114,135,114,135
Map_9818,28,106,308,308,118,423,25,108,25,108,25,108,25,108,25,108,25,25,25,25,25,25,25,25,25,32
Map_9819,21,92,12,12,12,12,12,12,12,12,12,12,12,12,12,12,12,12,12,12,12,12,12,12,12,12
Map_9820,132,97,90,90,101,84,72,90,72,90,72,90,72,73,72,75,72,79,74,79,74,79,72,79,72,91
Map_9821,39,54,23,23,23,21,21,18,21,18,21,18,21,18,21,18,24,18,24,18,24,18,24,18,24,18
Map_9822,45,175,17,17,17,17,17,27,17,27,17,27,17,27,17,27,17,17,17,17,17,17,17,17,17,17
Map_9823,574,242,478,498,180,400,81,537,81,537,81,537,81,541,90,541,52,52,52,52,52,52,52,52,102,52
Map_9824,592,399,40,64,40,118,40,39,40,39,40,39,68,65,65,65,38,18,39,18,39,18,40,18,40,18
Map_9825,417,347,228,198,321,107,333,87,333,87,333,87,317,87,331,87,70,120,70,120,70,250,230,165,231,165
Map_9826,540,453,29,34,29,35,29,34,29,34,29,34,34,34,34,34,33,18,33,18,33,18,30,18,30,18
Map_9827,549,381,22,22,22,18,18,18,18,18,18,18,18,18,18,18,16,18,16,18,16,19,18,18,18,18
Map_9828,113,87,22,22,22,22,22,18,22,18,22,18,22,18,22,18,22,18,22,18,22,18,22,18,22,18
Map_9829,519,144,181,106,38,45,11,11,11,11,11,11,11,11,11,11,11,11,11,11,11,11,11,11,11,11
Map_9830,9,356,9,9,9,9,9,9,9,9,9,9,9,9,9,9,9,9,9,9,9,9,9,9,9,9
Map_9831,595,294,105,105,105,519,90,104,90,104,90,104,104,104,104,104,98,73,87,67,87,67,97,73,71,73
Map_9832,638,396,473,473,506,363,392,79,392,79,392,79,79,79,79,79,238,60,209,60,209,60,234,60,234,60
Map_9833,18,101,18,18,18,21,18,18,18,18,18,18,18,18,18,18,14,18,14,14,14,14,14,18,14,18
Map_9834,20,38,17,17,17,18,17,17,17,17,17,17,17,17,17,17,17,16,17,16,17,16,17,16,17,16
Map_9835,538,313,33,33,33,350,33,33,33,33,33,33,33,33,33,33,30,33,30,30,30,30,30,33,30,33
Map_9836,564,210,30,179,62,29,30,26,30,26,30,26,40,26,93,26,21,21,21,21,21,21,30,26,30,26
Map_9837,15,23,15,15,15,20,15,14,15,14,15,14,15,14,15,14,14,14,14,14,14,14,15,14,15,14
Map_9838,27,288,19,19,18,20,19,18,19,18,19,18,19,18,19,18,19,14,19,14,19,14,19,14,19,14
Map_9839,565,290,59,59,59,496,230,59,230,59,230,59,59,59,76,76,32,59,54,42,54,32,30,59,59,59
Map_9840,556,251,231,231,202,104,272,245,272,245,272,245,263,307,360,278,172,88,172,85,172,85,220,90,220,90
Map_9841,190,247,30,28,28,55,28,35,28,35,28,35,28,35,28,40,21,21,21,21,21,21,21,21,21,21
Map_9842,14,55,9,9,9,9,9,9,9,9,9,9,9,9,9,9,9,9,9,9,9,9,9,9,9,9
Map_9843,348,235,46,46,46,59,37,34,37,34,37,34,37,34,37,34,33,33,33,33,33,33,33,34,33,34
Map_9844,648,326,75,75,146,75,90,90,90,90,90,90,90,90,90,90,60,46,68,46,68,46,90,46,90,46
Map_9845,190,118,18,18,18,18,18,18,18,18,18,18,18,18,18,18,20,18,20,18,20,18,18,18,18,18
Map_9846,568,313,36,36,56,42,36,36,36,36,36,36,36,36,36,36,36,36,36,96,36,96,36,36,36,36
Map_9847,52,160,11,11,11,11,11,11,11,11,11,11,11,11,11,11,11,11,11,11,11,11,11,11,11,11
Map_9848,464,275,117,117,115,127,112,119,112,119,112,119,112,119,112,119,89,86,89,86,89,86,87,86,87,86
Map_9849,625,399,66,66,66,60,41,40,41,40,41,40,41,40,41,40,36,36,36,36,36,36,36,36,36,36
Map_9850,52,253,59,51,59,45,38,33,38,33,38,33,39,32,39,33,33,32,33,37,33,37,33,32,33,32
Map_9851,22,128,14,14,14,19,14,14,14,14,14,14,14,14,14,14,12,12,12,12,12,12,12,12,12,12
Map_9852,7,115,7,6,6,7,6,6,6,6,6,6,6,6,6,6,6,6,6,6,6,6,6,6,6,6
Map_9853,512,162,44,44,44,65,44,44,44,44,44,44,44,44,44,44,44,44,44,44,44,44,44,44,44,44
Map_9854,126,157,34,34,34,34,33,34,33,34,33,34,33,34,33,34,34,34,34,34,34,34,33,34,33,34
Map_9855,10,33,10,10,10,17,10,10,10,10,10,10,10,10,10,10,10,10,10,10,10,10,10,10,10,10
Map_9856,230,330,60,60,66,64,29,27,29,27,29,27,29,29,29,29,27,27,27,27,27,27,27,28,29,28
Map_9857,121,288,60,59,60,48,48,20,48,20,48,20,46,20,46,20,26,20,26,20,26,20,26,20,26,20
Map_9858,323,385,41,40,28,41,40,40,40,40,40,40,106,96,106,96,40,40,91,40,91,40,40,40,40,40
Map_9859,13,27,6,6,6,6,6,6,6,6,6,6,6,6,6,6,6,6,6,6,6,6,6,6,6,6
Map_9860,8,51,8,8,8,13,8,8,8,8,8,8,8,8,8,8,11,8,11,8,11,8,11,8,8,8
Map_9861,52,139,33,33,33,37,32,41,32,41,32,41,32,41,32,41,31,26,35,26,35,26,40,26,40,41
Map_9862,604,410,121,119,121,265,81,118,81,118,81,118,131,131,131,131,30,30,30,30,30,30,30,31,31,31
Map_9863,329,183,211,95,483,48,51,51,51,51,51,51,51,51,51,51,58,28,58,28,58,28,53,28,53,28
Map_9864,13,20,9,9,9,9,9,9,9,9,9,9,9,9,9,9,9,9,9,9,9,9,9,9,9,9
Map_9865,372,536,29,29,29,29,29,29,29,29,29,29,29,29,29,29,29,28,29,28,29,28,29,28,29,28
Map_9866,26,188,14,14,14,14,14,15,14,15,14,15,14,15,14,15,14,14,14,14,14,14,14,14,14,14
Map_9867,90,101,64,64,66,86,79,79,79,79,79,79,79,79,79,79,70,63,70,63,70,63,79,63,79,63
Map_9868,34,460,22,22,22,534,22,23,22,23,22,23,22,23,22,23,23,23,22,21,22,21,23,23,23,23
Map_9869,219,299,38,38,38,127,38,46,38,46,38,46,38,46,38,46,69,38,72,38,72,38,38,38,38,38
Map_9870,452,118,11,11,11,16,11,11,11,11,11,11,11,11,11,11,11,11,11,11,11,11,11,11,11,11
Map_9871,14,159,12,12,12,12,12,12,12,12,12,12,12,12,12,12,12,12,12,12,12,12,12,12,12,12
Map_9872,531,480,138,138,150,42,41,117,41,117,41,117,118,118,118,118,44,37,44,39,44,39,39,37,39,37
Map_9873,86,85,29,41,29,29,29,37,29,37,29,37,41,41,41,41,29,37,29,28,29,28,29,37,29,37
Map_9874,52,289,56,34,56,52,35,34,35,34,35,34,35,34,34,34,35,34,35,34,35,34,35,34,35,34
Map_9875,89,231,14,14,14,15,14,14,14,14,14,14,14,14,14,14,14,14,14,14,14,14,14,14,14,14
Map_9876,462,451,53,53,52,45,38,38,38,38,38,38,53,53,53,53,38,38,41,38,41,38,38,38,38,38
Map_9877,610,239,22,22,22,121,22,22,22,22,22,22,22,22,22,22,22,22,22,22,22,22,22,22,22,22
Map_9878,530,316,170,162,247,353,165,130,165,130,165,130,165,130,165,130,133,140,133,140,133,140,133,140,137,140
Map_9879,14,76,11,11,11,11,11,11,11,11,11,11,11,11,11,11,10,10,10,10,10,10,10,10,10,10
Map_9880,574,361,177,65,65,238,65,65,65,65,65,65,65,65,65,65,80,87,65,87,65,87,80,87,80,87
Map_9881,52,99,12,12,12,13,12,12,12,12,12,12,12,12,12,12,12,12,12,12,12,12,12,12,12,12
Map_9882,14,21,11,11,11,11,11,11,11,11,11,11,11,11,11,11,12,11,12,11,12,11,11,11,11,11
Map_9883,18,24,14,14,14,14,14,14,14,14,14,14,14,14,14,14,14,14,14,14,14,14,14,14,14,14
Map_9884,15,296,12,12,12,12,12,10,12,10,12,10,12,10,12,10,11,10,11,10,11,10,11,10,11,10
Map_9885,29,539,30,19,23,33,20,19,20,19,20,19,20,19,20,19,20,19,20,19,20,19,20,19,20,19
Map_9886,11,21,11,11,11,19,11,11,11,11,11,11,11,11,11,11,15,11,15,11,15,11,11,11,11,11
Map_9887,20,74,18,18,18,18,18,27,18,27,18,27,18,27,18,27,18,18,18,18,18,18,18,19,18,19
Map_9888,9,118,10,10,8,10,8,8,8,8,8,8,8,8,8,8,8,8,8,8,8,8,8,8,8,8
Map_9889,11,100,11,11,11,11,10,10,10,10,10,10,10,10,10,10,10,10,10,10,15,10,10,10,10,10
Map_9890,97,60,52,38,52,52,44,42,44,42,44,42,42,42,42,42,42,31,44,31,44,31,42,31,42,31
Map_9891,606,303,168,93,100,207,101,85,101,85,101,85,101,85,101,85,126,66,126,43,126,43,83,66,71,85
Map_9892,276,513,37,34,39,45,34,34,34,34,34,34,34,34,34,34,39,38,34,38,34,27,34,34,34,34
Map_9893,128,184,26,32,25,25,22,22,22,22,22,22,22,22,22,22,22,22,22,22,22,22,22,22,22,22
Map_9894,579,372,371,371,453,377,213,213,213,213,213,213,396,396,396,396,240,204,240,204,240,204,215,204,215,204
Map_9895,600,314,47,47,51,47,47,61,47,61,47,61,47,60,47,60,45,73,40,73,40,73,45,73,52,73
Map_9896,618,138,70,70,152,88,51,53,51,53,51,53,51,53,67,53,51,51,51,51,51,51,51,51,51,51
Map_9897,21,141,20,20,20,22,20,18,20,18,20,18,18,18,18,18,20,12,20,12,20,12,12,12,12,12
Map_9898,8,95,8,8,8,12,8,8,8,8,8,8,8,8,8,8,8,8,8,8,8,8,8,8,8,8
Map_9899,8,539,10,10,10,17,9,8,9,8,9,8,9,8,8,8,9,8,9,8,9,8,9,8,9,8
Map_9900,11,241,11,11,11,20,13,11,13,11,13,11,13,11,13,11,13,11,13,11,13,11,13,11,13,11
Map_9901,31,288,18,18,18,18,18,18,18,18,18,18,18,18,18,18,18,18,18,18,18,18,18,18,18,18
Map_9902,439,126,46,46,29,46,36,38,36,38,36,38,46,38,46,38,36,18,36,18,36,18,36,18,36,18
Map_9903,124,235,110,103,65,61,85,76,83,71,83,71,85,76,85,76,41,70,41,70,41,33,40,76,40,76
Map_9904,73,454,44,27,44,47,23,27,23,52,23,52,23,27,23,27,23,26,23,26,23,26,23,26,23,26
Map_9905,9,73,9,9,9,9,9,9,9,9,9,9,9,9,9,9,10,8,10,8,10,8,10,8,8,8
Map_9906,408,157,53,55,67,60,55,55,55,55,55,55,55,55,55,55,41,19,41,19,41,19,57,19,57,19
Map_9907,9,153,9,9,9,28,17,9,17,9,17,9,16,9,16,9,17,9,17,9,17,9,17,9,17,9
Map_9908,543,172,89,89,89,367,84,86,84,86,84,86,86,86,86,86,248,84,248,83,248,83,234,85,83,85
Map_9909,10,490,10,10,10,13,10,10,10,10,10,10,10,10,10,10,10,10,10,10,10,10,10,10,10,10
Map_9910,6,78,6,6,6,6,6,6,6,6,6,6,6,6,6,6,6,6,6,6,6,6,6,6,6,6
Map_9911,266,342,46,31,15,49,45,31,45,31,45,31,45,32,45,32,36,15,36,15,36,15,36,15,36,15
Map_9912,38,221,16,15,15,16,15,15,15,15,15,15,15,15,15,15,15,15,15,15,15,15,15,15,15,15
Map_9913,66,258,33,28,46,57,28,28,28,28,28,28,28,28,28,28,30,28,30,28,32,28,28,28,28,28
Map_9914,21,361,21,21,21,62,21,21,21,21,21,21,21,21,21,21,21,21,21,21,21,21,21,21,21,21
Map_9915,237,332,107,74,208,108,32,32,32,32,32,32,32,32,32,32,32,32,32,32,32,32,32,47,32,47
Map_9916,16,50,14,14,14,14,14,14,14,14,14,14,14,14,14,14,14,14,14,14,14,14,14,14,14,14
Map_9917,55,60,32,32,44,23,19,19,19,19,19,19,19,19,19,19,17,15,17,15,17,15,17,15,15,15
Map_9918,332,318,39,39,39,47,34,14,34,14,34,14,34,14,34,14,14,14,14,14,14,14,14,14,14,14
Map_9919,24,184,24,24,24,24,24,24,24,24,24,24,24,24,24,24,19,19,19,19,19,19,19,19,19,19
Map_9920,30,193,58,34,54,43,34,34,34,34,34,34,34,34,34,34,27,23,26,23,26,23,27,34,27,34
Map_9921,369,250,28,28,67,40,28,28,28,28,28,28,28,28,28,28,35,28,35,28,35,28,28,28,28,28
Map_9922,110,144,26,26,26,26,33,26,33,26,33,26,33,26,33,26,33,25,33,25,33,25,33,26,33,26
Map_9923,383,257,55,55,55,246,47,40,47,40,47,40,47,40,47,40,47,47,47,64,47,64,47,47,47,56
Map_9924,589,185,111,111,111,302,86,111,86,111,86,111,86,157,86,132,54,22,24,22,24,22,54,22,86,22
Map_9925,616,217,396,209,402,134,83,83,83,99,83,99,83,83,83,83,65,134,65,134,65,134,65,169,83,144
Map_9926,29,343,14,14,14,19,14,15,14,15,14,15,14,15,14,15,14,14,14,14,14,14,14,14,14,14
Map_9927,25,234,13,13,13,13,13,13,13,13,13,13,13,13,13,13,22,13,34,13,34,13,22,13,22,13
Map_9928,156,524,72,72,72,41,34,30,34,30,34,30,30,30,30,30,33,30,31,30,31,30,33,30,33,30
Map_9929,202,173,35,35,35,45,32,35,32,35,32,35,32,35,32,35,37,35,37,35,37,35,32,35,32,35
Map_9930,28,139,19,19,22,27,19,19,19,19,19,19,19,19,19,19,19,19,19,19,19,19,19,19,19,19
Map_9931,6,15,7,6,6,8,6,6,6,6,6,6,6,6,6,6,6,6,6,6,6,6,6,6,6,6
Map_9932,536,275,45,45,45,88,87,38,87,38,87,38,87,38,87,38,87,36,95,36,101,36,87,38,87,38
Map_9933,27,103,22,22,22,26,21,22,21,22,21,22,21,22,21,22,18,21,18,21,18,21,20,22,20,22
Map_9934,34,185,32,32,32,34,32,32,32,32,32,32,32,32,32,32,30,32,30,30,30,30,30,32,30,32
Map_9935,15,29,9,9,15,11,9,9,9,9,9,9,9,9,9,9,9,9,11,9,11,9,9,9,9,9
Map_9936,582,365,117,117,123,401,76,109,76,109,76,109,76,109,76,109,76,110,76,110,76,110,76,109,76,109
Map_9937,595,431,63,63,129,310,35,61,35,61,35,61,35,63,35,63,34,58,34,58,34,58,34,58,34,99
Map_9938,12,32,11,11,11,12,11,11,11,11,11,11,11,11,11,11,11,11,11,11,11,11,11,11,11,11
Map_9939,80,95,22,22,37,34,22,22,22,22,22,22,22,22,22,22,22,22,22,22,22,22,22,22,22,22
Map_9940,7,50,5,5,5,5,5,5,5,5,5,5,5,5,5,5,5,5,5,5,5,5,5,5,5,5
Map_9941,457,158,28,28,28,35,28,29,28,29,28,29,28,29,28,29,28,28,28,28,28,28,28,28,28,28
Map_9942,48,348,25,25,43,27,27,25,27,25,27,25,25,25,25,25,27,25,33,20,33,20,27,25,27,25
Map_9943,124,158,87,87,104,80,70,75,70,75,70,75,70,98,87,98,46,46,46,46,46,46,46,46,46,128
Map_9944,111,211,22,21,21,22,21,21,21,21,21,21,21,21,21,21,21,21,21,21,21,21,21,21,21,21
Map_9945,12,38,12,12,12,12,12,12,12,12,12,12,12,12,12,12,12,12,12,12,12,12,12,12,12,12
Map_9946,445,193,15,14,15,21,14,14,14,14,14,14,14,14,14,14,14,14,23,14,23,14,14,14,14,14
Map_9947,11,200,11,10,11,11,10,10,10,10,10,10,10,10,10,10,10,9,10,9,10,9,10,9,10,9
Map_9948,23,49,19,19,17,19,19,19,19,19,19,19,19,19,19,19,19,17,40,17,40,17,19,17,19,17
Map_9949,391,89,38,38,38,62,38,41,38,41,38,41,38,41,38,41,38,38,41,38,41,38,38,49,38,49
Map_9950,28,41,13,13,13,13,13,13,13,13,13,13,13,13,13,13,13,13,13,13,13,13,13,13,13,13
Map_9951,11,22,10,10,10,12,11,11,11,11,11,11,11,11,11,11,11,10,11,10,11,10,11,10,11,10
Map_9952,77,237,46,46,46,27,24,24,24,24,24,24,24,24,24,24,20,19,20,19,20,19,20,19,20,19
Map_9953,22,71,11,11,12,11,11,11,11,11,11,11,11,11,11,11,11,11,11,11,11,11,11,11,11,11
Map_9954,635,293,45,45,45,47,44,36,44,36,44,36,44,36,44,36,31,32,35,32,35,32,31,32,31,32
Map_9955,16,87,17,17,17,17,15,15,15,15,15,15,15,15,15,15,15,15,15,15,15,15,15,15,15,15
Map_9956,334,288,84,84,80,327,84,35,84,35,84,35,84,35,84,35,90,35,73,35,73,35,84,35,84,35
Map_9957,52,75,18,14,15,18,14,14,14,14,14,14,14,14,14,14,18,14,18,14,18,14,14,14,14,14
Map_9958,424,294,398,360,437,474,49,106,49,106,49,106,49,106,49,106,49,43,49,43,49,43,49,43,49,43
Map_9959,33,459,28,28,28,86,28,28,28,28,28,28,28,28,28,28,29,28,30,28,30,28,28,28,28,28
Map_9960,30,439,11,11,11,11,11,11,11,11,11,11,11,11,11,11,11,11,11,11,11,11,11,11,11,11
Map_9961,7,13,7,7,7,7,7,7,7,7,7,7,7,7,7,7,7,7,7,7,7,7,7,7,7,7
Map_9962,553,136,20,20,20,39,20,20,20,20,20,20,20,20,20,20,20,20,20,20,20,20,20,20,20,20
Map_9963,15,53,15,15,15,14,14,13,14,13,14,13,14,13,13,13,15,13,15,13,15,13,15,13,15,13
Map_9964,579,469,29,29,29,31,28,28,28,28,28,28,28,28,28,28,29,28,29,28,29,28,28,28,28,28
Map_9965,554,140,29,29,29,31,27,27,27,27,27,27,27,27,27,27,29,27,29,27,29,27,29,27,27,27
Map_9966,44,60,49,49,46,70,46,46,46,46,46,46,46,46,46,46,44,46,44,46,44,46,44,46,46,46
Map_9967,439,304,71,57,38,77,56,53,56,53,56,53,53,53,53,53,27,37,27,37,27,37,27,37,27,37
Map_9968,26,82,25,25,25,28,25,25,25,25,25,25,26,26,26,26,25,17,25,17,25,17,25,17,19,17
Map_9969,26,527,24,24,24,24,24,24,24,24,24,24,24,24,24,24,78,24,78,24,78,24,24,24,24,24
Map_9970,214,235,43,46,38,43,32,32,32,32,32,32,46,56,46,56,32,32,32,32,32,32,32,32,32,32
Map_9971,68,52,16,16,16,22,16,12,16,12,16,12,15,12,15,12,16,12,20,12,20,12,16,12,16,12
Map_9972,6,20,6,6,6,6,6,6,6,6,6,6,6,6,6,6,6,6,6,6,6,6,6,6,6,6
Map_9973,614,331,22,22,24,27,23,23,23,23,23,23,23,23,23,23,23,22,24,22,24,22,22,22,22,22
Map_9974,177,244,47,47,47,92,47,47,47,47,47,47,47,47,47,47,54,47,54,47,55,47,47,47,47,47
Map_9975,600,476,35,17,21,48,17,17,17,17,17,17,17,17,17,17,17,17,18,17,18,17,17,17,17,17
Map_9976,31,69,22,22,28,22,22,22,22,22,22,22,22,22,22,22,22,22,22,22,22,22,22,22,22,22
Map_9977,244,194,9,9,9,9,9,9,9,9,9,9,9,9,9,9,9,9,9,9,9,9,9,9,9,9
Map_9978,22,144,16,16,16,46,16,16,16,16,16,16,16,16,16,16,16,16,16,16,16,16,16,16,16,16
Map_9979,367,46,60,57,58,61,51,19,51,19,51,19,51,19,51,19,24,19,24,19,24,19,24,19,24,19
Map_9980,27,195,15,15,19,22,15,15,15,15,15,15,15,15,15,15,22,15,23,15,23,15,15,15,15,15
Map_9981,30,81,18,18,18,20,18,18,18,18,18,18,18,18,18,18,18,18,18,18,18,18,18,18,18,18
Map_9982,544,363,54,54,54,460,123,122,123,122,123,122,122,122,122,122,123,55,55,55,55,55,123,55,123,122
Map_9983,44,455,108,108,108,92,102,55,102,55,102,55,108,55,108,55,44,34,44,34,44,34,44,34,44,34
Map_9984,182,308,287,176,274,339,227,91,227,91,227,91,154,154,154,154,46,45,45,45,45,45,46,103,46,154
Map_9985,620,523,20,19,19,20,19,18,19,18,19,18,18,18,18,18,30,18,21,20,21,20,19,18,19,18
Map_9986,525,415,82,81,312,94,61,61,61,61,61,61,73,73,73,73,79,32,79,32,79,32,75,32,75,32
Map_9987,566,514,141,124,141,311,152,123,152,58,152,58,123,123,123,123,59,58,59,58,59,58,59,58,59,58
Map_9988,80,63,31,27,31,37,23,23,23,23,23,23,23,23,23,23,25,23,25,23,25,23,25,23,25,23
Map_9989,572,393,210,157,158,213,73,73,74,73,74,73,73,73,73,73,104,73,104,73,104,73,74,73,74,73
Map_9990,563,235,29,24,24,29,24,24,24,24,24,24,24,24,24,24,31,24,29,24,29,24,24,24,24,24
Map_9991,584,151,95,71,114,135,51,54,51,54,51,54,56,56,56,56,51,48,58,48,58,48,51,54,51,54
Map_9992,8,12,6,6,6,8,6,6,6,6,6,6,6,6,6,6,6,6,6,6,6,6,6,6,6,6
Map_9993,554,319,54,54,54,86,54,82,54,82,54,82,54,82,54,82,53,34,53,34,53,34,53,34,54,82
Map_9994,39,73,14,12,12,22,13,12,13,12,13,12,12,12,12,12,13,13,13,13,13,13,13,12,13,12
Map_9995,105,198,26,26,26,70,26,37,26,37,26,37,26,37,26,37,26,26,26,26,26,26,26,26,26,26
Map_9996,364,246,28,28,30,23,23,23,23,23,23,23,23,23,23,23,28,23,28,23,28,23,23,23,23,23
Map_9997,31,332,23,23,17,43,17,17,17,17,17,17,17,17,17,17,17,17,17,17,17,17,17,17,17,17
Map_9998,568,508,42,42,174,42,42,36,42,36,42,36,36,36,36,36,38,36,38,36,38,36,38,36,42,36
Map_9999,52,68,12,12,12,12,12,12,12,12,12,12,12,12,12,12,12,12,12,12,12,12,12,12,12,12
