Map_ID,Greedy AI,Time-Expanded Min-Cut,Heuristic Weight AI (I:1 M:1 C:1),Heuristic Weight AI (I:2 M:1 C:1),Heuristic Weight AI (I:1 M:2 C:1),Heuristic Weight AI (I:1 M:1 C:2),Look-2 (P:1 I:1 Place wall:Passive),Look-2 (P:1 I:1 Place wall:Active),Look-2 (P:2 I:1 Place wall:Passive),Look-2 (P:2 I:1 Place wall:Active),Look-2 (P:3 I:1 Place wall:Passive),Look-2 (P:3 I:1 Place wall:Active),Look-2 (P:1 I:2 Place wall:Passive),Look-2 (P:1 I:2 Place wall:Active),Look-2 (P:1 I:3 Place wall:Passive),Look-2 (P:1 I:3 Place wall:Active),Look-3 (P:1 I:1 Place wall:Passive),Look-3 (P:1 I:1 Place wall:Active),Look-3 (P:2 I:1 Place wall:Passive),Look-3 (P:2 I:1 Place wall:Active),Look-3 (P:3 I:1 Place wall:Passive),Look-3 (P:3 I:1 Place wall:Active),Look-3 (P:1 I:2 Place wall:Passive),Look-3 (P:1 I:2 Place wall:Active),Look-3 (P:1 I:3 Place wall:Passive),Look-3 (P:1 I:3 Place wall:Active)
Map_0,23,163,9,9,9,9,9,9,9,9,9,9,9,9,9,9,9,9,9,9,9,9,9,9,9,9
Map_1,15,69,15,15,15,16,16,15,16,15,16,15,16,15,16,15,16,15,19,15,19,15,16,15,16,15
Map_2,12,45,12,12,12,12,12,12,12,12,12,12,12,12,12,12,12,12,12,12,12,12,12,12,12,12
Map_3,20,86,15,14,15,15,14,14,14,14,14,14,14,14,14,14,14,14,14,14,14,14,14,14,14,14
Map_4,67,104,13,13,13,25,13,13,13,13,13,13,13,13,13,13,13,13,13,13,13,13,13,13,13,13
Map_5,97,166,26,26,26,29,25,26,25,26,25,26,25,26,25,26,25,25,25,25,25,25,25,25,25,25
Map_6,13,35,14,14,14,14,14,13,14,13,14,13,14,13,14,13,14,13,15,13,15,13,14,13,14,13
Map_7,16,71,16,16,16,23,16,16,16,16,16,16,16,16,16,16,17,16,17,16,17,16,17,16,17,16
Map_8,9,105,13,9,9,13,9,9,9,9,9,9,9,9,9,9,9,9,9,9,9,9,9,9,9,9
Map_9,238,61,27,27,28,39,35,35,35,35,35,35,33,33,33,33,32,23,32,23,32,23,32,23,32,23
Map_10,18,107,14,14,14,17,14,14,14,14,14,14,14,14,14,14,14,14,14,14,14,14,14,14,14,14
Map_11,47,39,25,26,25,25,20,20,20,20,20,20,20,20,20,20,21,20,21,20,21,20,21,20,21,20
Map_12,11,46,11,11,11,21,11,11,11,11,11,11,11,11,11,11,12,11,12,11,12,11,12,11,11,11
Map_13,10,19,9,9,9,9,9,9,9,9,9,9,9,9,9,9,9,9,9,9,9,9,9,9,9,9
Map_14,27,83,21,20,21,38,27,23,27,23,27,23,23,23,23,23,27,23,18,23,18,24,27,20,27,20
Map_15,13,21,12,12,12,12,12,12,12,12,12,12,12,12,12,12,12,11,12,11,12,11,12,11,12,11
Map_16,20,246,18,18,18,18,18,19,18,19,18,19,18,19,18,19,13,13,13,13,13,13,18,16,18,16
Map_17,12,90,14,14,14,14,14,14,14,14,14,14,14,14,14,14,12,12,12,12,12,12,12,12,12,12
Map_18,11,15,9,9,9,11,9,9,9,9,9,9,9,9,9,9,9,9,9,9,9,9,9,9,9,9
Map_19,12,151,10,10,12,10,10,10,10,10,10,10,10,10,10,10,12,10,12,10,12,10,12,10,12,10
Map_20,10,25,7,7,7,11,7,7,7,7,7,7,7,7,7,7,7,7,7,7,7,7,7,7,7,7
Map_21,10,40,9,9,9,9,9,9,9,9,9,9,9,9,9,9,9,9,9,9,9,9,9,9,9,9
Map_22,11,23,7,7,7,8,7,7,7,7,7,7,7,7,7,7,7,7,7,7,7,7,7,7,7,7
Map_23,23,29,11,11,11,15,11,11,11,11,11,11,11,11,11,11,11,11,11,11,11,11,11,11,11,11
Map_24,21,119,19,19,21,19,14,16,14,16,14,16,14,16,14,16,14,11,14,11,14,11,14,11,14,11
Map_25,45,35,25,23,23,25,27,27,27,27,27,27,23,23,23,23,20,19,20,19,20,19,19,19,19,19
Map_26,12,24,9,9,9,9,9,9,9,9,9,9,9,9,9,9,9,9,9,9,9,9,9,9,9,9
Map_27,54,62,24,24,37,24,24,17,24,17,24,17,24,17,24,17,24,17,24,17,24,17,24,17,24,17
Map_28,16,148,16,16,16,18,17,16,17,16,17,16,17,16,17,16,17,16,17,16,17,16,17,16,17,16
Map_29,30,65,34,34,34,37,30,30,30,30,30,30,30,30,30,30,30,26,30,26,30,26,30,26,30,26
Map_30,28,111,19,19,19,24,19,19,19,19,19,19,19,19,19,19,19,19,19,19,19,19,19,19,19,19
Map_31,12,72,12,12,12,22,12,12,12,12,12,12,12,12,12,12,12,12,12,12,12,12,12,12,12,12
Map_32,5,8,5,5,5,5,5,5,5,5,5,5,5,5,5,5,5,5,5,5,5,5,5,5,5,5
Map_33,7,80,9,7,7,9,7,7,7,7,7,7,7,7,7,7,7,7,7,7,7,7,7,7,7,7
Map_34,10,19,10,10,10,14,10,10,10,10,10,10,10,10,10,10,14,9,20,9,20,9,10,9,10,9
Map_35,27,46,24,22,24,24,22,22,22,22,22,22,22,22,22,22,23,22,23,22,23,22,23,22,23,22
Map_36,22,93,22,22,22,22,22,22,22,22,22,22,22,22,22,22,18,18,18,18,18,18,18,18,18,18
Map_37,11,33,18,18,12,15,14,14,14,14,14,14,14,14,14,14,14,11,14,11,14,11,14,11,14,11
Map_38,92,106,36,30,30,61,28,45,28,45,28,45,45,45,45,45,32,28,32,27,32,27,28,28,28,45
Map_39,18,104,20,20,20,29,17,18,17,18,17,18,17,18,18,18,17,17,17,17,17,17,17,18,17,18
Map_40,12,25,11,10,11,18,10,10,10,10,10,10,10,10,10,10,11,10,11,10,11,10,10,10,10,10
Map_41,55,78,33,33,41,27,27,27,27,27,27,27,27,27,27,27,27,27,27,27,27,27,27,27,27,27
Map_42,26,62,22,20,20,20,20,17,20,17,20,17,17,17,17,17,22,17,22,17,22,17,20,17,20,17
Map_43,13,19,5,5,5,11,5,5,5,5,5,5,5,5,5,5,5,5,5,5,5,5,5,5,5,5
Map_44,98,96,28,26,26,28,26,26,26,26,26,26,26,26,26,26,20,20,40,20,40,20,20,20,20,20
Map_45,7,20,7,7,7,10,7,7,7,7,7,7,7,7,7,7,7,7,7,7,10,7,7,7,7,7
Map_46,11,71,7,7,7,11,7,7,7,7,7,7,7,7,7,7,7,7,7,7,7,7,7,7,7,7
Map_47,25,24,10,10,10,10,10,11,10,11,10,11,10,11,10,11,10,10,17,10,17,10,10,10,10,10
Map_48,10,22,10,10,10,10,10,10,10,10,10,10,10,10,10,10,13,10,13,10,13,10,10,10,10,10
Map_49,26,62,15,15,15,21,12,12,12,12,12,12,12,12,12,12,12,12,12,12,12,12,12,12,12,12
Map_50,22,82,15,15,17,19,13,13,13,13,13,13,13,13,13,13,13,13,13,13,13,13,13,13,13,13
Map_51,8,53,7,6,6,7,6,6,6,6,6,6,6,6,6,6,6,6,6,6,6,6,6,6,6,6
Map_52,14,37,15,15,15,15,14,14,14,14,14,14,14,14,14,14,14,14,14,14,14,14,14,14,14,14
Map_53,38,92,23,23,23,23,23,23,23,23,23,23,23,23,23,23,23,23,23,23,23,23,23,23,23,23
Map_54,22,70,24,22,32,30,19,20,19,20,19,20,19,20,19,20,20,19,20,19,20,19,20,19,20,19
Map_55,9,23,8,8,8,10,8,8,8,8,8,8,8,8,8,8,8,8,8,8,8,8,8,8,8,8
Map_56,14,68,16,16,14,16,16,14,16,14,16,14,16,14,16,14,15,14,15,14,15,14,15,14,15,14
Map_57,67,60,33,36,33,33,28,36,28,33,28,33,28,36,28,36,28,28,28,28,28,28,28,28,28,28
Map_58,7,93,7,7,7,7,7,7,7,7,7,7,7,7,7,7,7,7,7,7,7,7,7,7,7,7
Map_59,10,31,11,11,11,13,10,10,10,10,10,10,10,10,10,10,10,10,10,10,10,10,10,10,10,10
Map_60,53,170,22,22,22,110,40,15,40,15,40,15,17,15,17,15,27,15,28,15,28,15,27,15,27,15
Map_61,78,108,36,34,35,37,33,33,33,33,33,33,33,33,33,33,32,30,32,30,32,30,30,30,30,30
Map_62,35,159,13,13,13,19,13,13,13,13,13,13,13,13,13,13,19,13,19,13,19,13,13,13,13,13
Map_63,29,70,30,30,20,30,30,19,30,19,30,19,30,19,30,19,30,19,30,19,30,19,30,19,30,19
Map_64,9,40,9,9,9,10,9,9,9,9,9,9,9,9,9,9,10,9,10,9,10,9,9,9,9,9
Map_65,11,23,12,10,10,12,10,10,10,10,10,10,10,10,10,10,12,10,12,10,12,10,12,10,10,10
Map_66,31,44,12,12,12,16,12,12,12,12,12,12,12,12,12,12,16,12,16,12,16,12,12,12,12,12
Map_67,29,56,23,23,20,20,19,19,19,19,19,19,19,19,19,19,19,19,19,19,19,19,19,19,19,19
Map_68,14,19,15,15,15,17,14,14,14,14,14,14,14,14,14,14,15,14,15,14,15,14,14,14,14,14
Map_69,17,58,8,8,8,8,8,8,8,8,8,8,8,8,8,8,8,8,8,8,8,8,8,8,8,8
Map_70,17,79,11,11,11,13,11,11,11,11,11,11,11,11,11,11,11,11,11,11,11,11,11,11,11,11
Map_71,11,275,11,11,11,11,11,9,11,9,11,9,11,9,11,9,9,9,9,9,9,9,9,9,9,9
Map_72,7,17,7,7,7,16,7,7,7,7,7,7,7,7,7,7,7,7,7,7,7,7,7,7,7,7
Map_73,29,84,20,20,20,20,20,20,20,20,20,20,20,20,20,20,22,18,20,18,20,18,20,18,20,18
Map_74,81,63,45,45,47,48,45,47,45,47,45,47,45,45,45,45,45,45,45,45,45,45,45,45,45,47
Map_75,6,30,6,6,6,6,6,6,6,6,6,6,6,6,6,6,6,6,6,6,6,6,6,6,6,6
Map_76,64,97,16,16,16,16,16,16,16,16,16,16,16,16,16,16,16,16,16,16,16,16,16,16,16,16
Map_77,7,12,6,6,6,9,6,6,6,6,6,6,6,6,6,6,6,6,6,6,6,6,6,6,6,6
Map_78,13,88,13,13,13,24,14,14,14,14,14,14,14,14,14,14,14,13,17,13,17,13,14,13,14,13
Map_79,16,167,10,10,8,10,10,8,10,8,10,8,10,8,10,8,12,8,12,8,12,8,12,8,12,8
Map_80,9,15,7,7,7,10,7,7,7,7,7,7,7,7,7,7,7,7,7,7,7,7,7,7,7,7
Map_81,12,30,9,9,9,9,9,7,9,7,9,7,9,7,9,7,7,7,7,7,7,7,7,7,7,7
Map_82,70,67,28,28,28,20,19,19,19,19,19,19,19,19,19,19,19,19,19,19,19,19,19,19,19,19
Map_83,24,43,14,14,14,14,14,14,14,14,14,14,14,14,14,14,14,13,14,13,14,13,14,13,14,13
Map_84,7,27,7,7,7,7,7,7,7,7,7,7,7,7,7,7,7,7,7,7,7,7,7,7,7,7
Map_85,15,25,14,14,14,14,14,14,14,14,14,14,14,14,14,14,14,13,14,13,14,13,14,13,14,13
Map_86,14,28,12,12,12,13,12,12,12,12,12,12,12,12,12,12,12,12,12,12,12,12,12,12,12,12
Map_87,26,48,18,18,16,18,19,16,19,16,19,16,18,17,18,17,19,16,19,16,19,16,19,16,19,16
Map_88,20,30,14,14,17,14,14,14,14,14,14,14,14,14,14,14,14,14,14,14,14,14,14,14,14,14
Map_89,26,40,15,15,15,15,15,15,15,15,15,15,15,15,15,15,15,15,18,15,18,15,15,15,15,15
Map_90,9,51,9,9,9,16,12,9,12,9,12,9,12,9,12,9,12,9,12,9,12,9,12,9,12,9
Map_91,118,69,19,19,21,17,19,19,19,19,19,19,19,19,19,19,17,16,17,16,17,17,17,16,17,16
Map_92,5,11,5,5,5,8,5,5,5,5,5,5,5,5,5,5,5,5,7,5,7,5,5,5,5,5
Map_93,8,251,6,6,6,8,6,6,6,6,6,6,6,6,6,6,6,6,6,6,6,6,6,6,6,6
Map_94,143,96,38,38,30,29,24,32,24,32,24,32,24,32,24,32,24,24,24,24,24,24,24,32,24,32
Map_95,56,92,46,46,46,51,29,50,29,50,29,50,29,50,29,50,29,29,29,29,29,29,29,29,29,46
Map_96,11,33,11,11,11,11,11,11,11,11,11,11,11,11,11,11,12,11,12,12,12,12,11,11,11,11
Map_97,106,176,42,37,42,47,30,30,30,30,30,30,30,30,30,30,31,30,31,30,41,30,30,30,30,30
Map_98,7,22,5,5,5,5,5,5,5,5,5,5,5,5,5,5,5,5,5,5,5,5,5,5,5,5
Map_99,9,96,8,8,8,14,8,9,8,9,8,9,8,9,8,9,8,8,8,8,8,8,8,8,8,8
Map_100,10,29,10,9,10,10,9,9,9,9,9,9,9,9,9,9,9,9,9,9,9,9,9,9,9,9
Map_101,39,74,17,17,17,18,17,17,17,17,17,17,17,17,17,17,18,17,27,17,27,17,18,17,18,17
Map_102,9,42,9,9,9,10,9,9,9,9,9,9,9,9,9,9,9,9,9,9,9,9,9,9,9,9
Map_103,10,96,10,10,10,15,10,10,10,10,10,10,10,10,10,10,10,10,10,10,10,10,10,10,10,10
Map_104,12,54,13,13,13,15,12,12,12,12,12,12,12,12,12,12,12,12,12,12,12,12,12,12,12,12
Map_105,45,151,30,30,30,30,21,21,21,21,21,21,21,21,21,21,21,21,24,21,24,21,21,21,21,21
Map_106,10,16,10,10,10,10,10,10,10,10,10,10,10,10,10,10,10,10,11,10,11,10,10,10,10,10
Map_107,10,107,11,10,11,11,10,10,10,10,10,10,10,10,10,10,10,10,10,10,10,10,10,10,10,10
Map_108,20,130,15,15,15,18,15,15,15,15,15,15,15,15,15,15,14,11,14,11,14,11,11,11,11,11
Map_109,5,20,5,5,5,6,5,5,5,5,5,5,5,5,5,5,5,5,5,5,5,5,5,5,5,5
Map_110,17,94,18,17,18,31,18,17,18,17,18,17,17,17,17,17,18,17,18,17,18,17,18,17,18,17
Map_111,24,33,17,16,21,26,16,16,16,16,16,16,16,16,16,16,25,16,25,16,25,16,16,16,16,16
Map_112,12,99,9,9,9,9,9,9,9,9,9,9,9,9,9,9,9,9,13,9,13,9,9,9,9,9
Map_113,23,29,23,23,23,23,20,20,20,20,20,20,20,20,20,20,19,18,19,18,19,18,18,18,18,18
Map_114,15,52,14,14,14,15,14,14,14,14,14,14,14,14,14,14,15,14,15,14,15,14,14,14,14,14
Map_115,9,24,9,9,9,9,9,9,9,9,9,9,9,9,9,9,9,9,9,9,9,9,9,9,9,9
Map_116,6,34,6,6,6,6,6,6,6,6,6,6,6,6,6,6,6,6,6,6,6,6,6,6,6,6
Map_117,29,42,17,17,17,17,17,17,17,17,17,17,17,17,17,17,17,16,17,16,17,16,17,17,17,17
Map_118,9,16,8,8,8,11,8,8,8,8,8,8,8,8,8,8,8,8,8,8,8,8,8,8,8,8
Map_119,30,45,12,12,12,27,12,12,12,12,12,12,12,12,12,12,12,12,13,13,13,13,12,12,12,12
Map_120,34,107,14,14,14,17,14,14,14,14,14,14,14,14,14,14,14,13,14,13,14,13,13,13,13,13
Map_121,14,20,9,9,9,9,9,9,9,9,9,9,9,9,9,9,9,9,9,9,9,9,9,9,9,9
Map_122,15,243,18,24,24,18,15,15,15,15,15,15,15,15,15,15,15,15,15,15,15,15,15,15,15,15
Map_123,19,83,14,14,14,14,12,12,12,12,12,12,12,12,12,12,12,11,12,11,12,11,12,11,12,11
Map_124,63,117,18,18,24,18,18,18,18,18,18,18,18,18,18,18,18,18,18,18,18,18,18,18,18,18
Map_125,13,59,9,8,9,23,8,8,8,8,8,8,8,8,8,8,8,8,8,8,8,8,8,8,8,8
Map_126,163,122,54,53,53,51,49,49,49,49,49,49,49,49,49,49,49,47,49,47,49,47,49,47,49,48
Map_127,54,205,24,24,24,23,21,21,21,21,21,21,21,21,21,21,21,23,21,23,21,24,21,23,21,23
Map_128,4,11,4,4,4,4,4,4,4,4,4,4,4,4,4,4,4,4,4,4,4,4,4,4,4,4
Map_129,7,11,7,7,7,7,7,7,7,7,7,7,7,7,7,7,7,7,7,7,7,7,7,7,7,7
Map_130,55,87,31,30,31,31,31,30,31,30,31,30,30,30,30,30,34,30,34,30,34,32,31,30,31,30
Map_131,15,28,16,16,16,16,15,15,15,15,15,15,15,15,15,15,15,15,15,15,15,15,15,15,15,15
Map_132,21,35,15,15,15,20,18,18,18,18,18,18,18,18,18,18,19,15,19,15,19,15,19,15,19,15
Map_133,7,21,7,7,7,9,7,7,7,7,7,7,7,7,7,7,7,7,7,7,7,7,7,7,7,7
Map_134,10,16,10,10,10,11,10,10,10,10,10,10,10,10,10,10,12,10,12,10,12,10,10,10,10,10
Map_135,19,41,12,12,12,12,12,12,12,12,12,12,12,12,12,12,12,12,12,12,12,12,12,12,12,12
Map_136,10,29,8,8,8,8,8,8,8,8,8,8,8,8,8,8,8,8,8,8,8,8,8,8,8,8
Map_137,22,44,18,18,14,20,18,18,18,18,18,18,18,18,18,18,18,19,18,19,18,19,18,18,18,18
Map_138,11,41,11,11,11,17,11,11,11,11,11,11,11,11,11,11,10,10,10,10,10,10,10,10,10,10
Map_139,7,48,10,10,10,10,10,9,10,9,10,9,9,9,9,9,10,7,9,7,9,7,10,7,10,7
Map_140,17,49,16,16,16,16,16,16,16,16,16,16,16,16,16,16,18,17,18,17,18,17,16,16,16,16
Map_141,10,19,11,10,11,11,11,10,11,10,11,10,10,10,10,10,10,10,11,10,11,10,10,10,10,10
Map_142,33,63,22,16,22,23,16,16,16,16,16,16,16,16,16,16,16,16,16,16,16,16,16,16,16,16
Map_143,15,100,10,10,10,10,10,10,10,10,10,10,10,10,10,10,10,10,10,10,10,10,10,10,10,10
Map_144,15,161,15,15,15,15,15,15,15,15,15,15,15,15,15,15,23,15,23,15,23,15,23,15,23,15
Map_145,26,32,11,11,11,11,11,11,11,11,11,11,11,11,11,11,11,11,11,11,11,11,11,11,11,11
Map_146,27,81,40,40,40,29,24,31,24,31,24,31,24,31,24,31,24,31,24,27,24,27,24,31,24,31
Map_147,8,15,10,10,10,12,10,8,10,8,10,8,10,8,10,8,10,8,12,8,12,8,10,8,10,8
Map_148,13,30,11,11,11,13,11,13,11,13,11,13,11,13,10,13,13,10,13,10,13,10,11,10,11,10
Map_149,15,67,12,12,12,13,12,12,12,12,12,12,12,14,14,14,13,12,13,12,13,12,12,12,12,12
Map_150,45,47,25,25,25,27,23,23,23,23,23,23,23,23,23,23,23,23,24,23,24,23,23,23,23,23
Map_151,13,61,13,13,13,13,13,13,13,13,13,13,13,13,13,13,13,13,13,13,13,13,13,13,13,13
Map_152,9,36,9,9,9,12,9,9,9,9,9,9,9,9,9,9,9,9,9,9,9,9,9,9,9,9
Map_153,15,43,15,15,15,15,15,12,15,12,15,12,15,12,15,12,15,12,15,12,15,12,15,12,15,12
Map_154,9,24,10,9,10,12,10,9,10,9,10,9,9,9,9,9,10,9,10,9,10,9,10,9,10,9
Map_155,9,17,9,9,9,14,10,9,10,9,10,9,10,9,10,9,10,9,10,9,10,9,10,9,10,9
Map_156,11,36,12,11,11,12,9,9,9,9,9,9,9,9,9,9,11,9,11,9,11,9,9,9,9,9
Map_157,5,37,6,5,5,8,5,5,5,5,5,5,5,5,5,5,5,5,5,5,5,5,5,5,5,5
Map_158,26,27,17,18,17,19,13,12,13,12,13,12,12,12,12,12,13,12,13,12,13,12,13,12,13,12
Map_159,13,36,13,13,13,13,13,11,13,11,13,11,13,11,13,11,13,11,13,11,13,11,13,11,13,11
Map_160,115,59,28,28,28,38,27,19,27,19,27,19,27,19,27,19,27,19,29,19,29,19,27,19,27,19
Map_161,11,118,10,10,10,22,10,10,10,10,10,10,10,10,10,10,10,10,10,10,10,10,10,10,10,10
Map_162,27,54,20,19,20,20,20,19,20,19,20,19,19,19,19,19,19,19,19,20,19,20,19,19,19,19
Map_163,21,76,22,22,21,18,18,18,18,18,18,18,18,18,18,18,18,16,18,16,18,16,18,16,18,16
Map_164,5,17,5,5,5,7,5,5,5,5,5,5,5,5,5,5,5,5,5,5,5,5,5,5,5,5
Map_165,12,105,12,12,12,12,12,11,12,11,12,11,12,11,11,11,12,11,13,11,13,11,12,11,12,11
Map_166,19,81,19,12,12,19,12,21,12,21,12,21,12,21,12,21,12,17,12,14,12,14,12,18,12,19
Map_167,99,88,55,55,55,55,49,35,48,35,48,35,49,35,49,35,43,35,43,35,43,35,46,35,46,35
Map_168,8,95,8,8,8,8,8,8,8,8,8,8,8,8,8,8,8,8,8,8,8,8,8,8,8,8
Map_169,12,22,9,9,9,12,9,9,9,9,9,9,9,9,9,9,9,9,12,9,12,9,9,9,9,9
Map_170,15,66,8,8,8,8,8,8,8,8,8,8,12,12,12,12,8,8,8,8,8,8,8,8,8,8
Map_171,8,21,9,9,9,9,9,9,9,9,9,9,9,9,9,9,8,8,8,8,8,8,8,8,8,8
Map_172,29,69,16,16,16,18,16,15,16,15,16,15,16,15,16,15,16,15,16,15,16,15,16,15,16,15
Map_173,24,64,26,25,26,38,29,25,29,25,29,25,25,25,25,25,19,30,19,30,19,30,19,30,19,30
Map_174,17,62,18,18,18,15,14,14,14,14,14,14,14,14,14,14,14,14,14,14,14,14,14,14,14,14
Map_175,58,132,48,48,48,61,51,51,51,51,51,51,51,51,51,51,28,25,28,25,28,25,25,25,25,25
Map_176,4,9,4,4,4,4,4,4,4,4,4,4,4,4,4,4,4,4,4,4,4,4,4,4,4,4
Map_177,42,58,19,19,19,19,19,19,19,19,19,19,19,19,19,19,19,19,19,19,19,19,19,19,19,19
Map_178,5,8,5,5,5,6,5,5,5,5,5,5,5,5,5,5,5,5,5,5,5,5,5,5,5,5
Map_179,13,58,10,10,10,10,10,11,10,11,10,11,10,11,10,11,10,10,10,10,10,10,10,10,10,10
Map_180,7,22,7,7,7,7,7,7,7,7,7,7,7,7,7,7,7,7,7,7,7,7,7,7,7,7
Map_181,32,40,32,28,33,31,16,16,16,16,16,16,16,16,16,16,16,16,16,16,16,16,16,16,16,16
Map_182,6,23,6,6,6,8,6,6,6,6,6,6,6,6,6,6,6,6,6,6,6,6,6,6,6,6
Map_183,12,34,10,10,10,10,10,9,10,9,10,9,10,9,10,9,10,9,10,9,10,9,10,9,10,9
Map_184,94,76,50,50,50,57,50,50,50,50,50,50,50,50,50,50,33,33,33,33,33,33,33,33,33,33
Map_185,12,20,14,12,12,14,12,12,12,12,12,12,12,12,12,12,12,12,13,12,13,12,12,12,12,12
Map_186,60,42,19,18,19,19,21,19,21,19,21,19,19,19,19,19,17,18,26,18,26,18,19,18,19,18
Map_187,165,106,15,13,13,15,13,13,13,13,13,13,13,13,13,13,13,13,13,13,13,13,13,13,13,13
Map_188,223,62,20,19,16,21,19,20,16,16,16,16,19,20,19,20,14,14,14,14,14,14,14,16,14,16
Map_189,8,23,10,8,10,10,8,8,10,8,10,8,8,8,8,8,10,8,10,8,10,8,8,8,8,8
Map_190,15,110,15,11,13,15,15,11,15,11,15,11,11,11,11,11,15,11,16,11,16,11,15,11,15,11
Map_191,28,40,25,25,21,28,25,24,25,24,25,24,25,24,25,24,26,21,19,19,19,19,25,23,25,23
Map_192,38,129,30,28,30,30,28,28,28,28,28,28,28,28,28,28,28,26,28,26,28,26,28,28,28,28
Map_193,14,42,10,10,10,12,10,10,10,10,10,10,10,10,10,10,10,10,10,10,10,10,10,10,10,10
Map_194,15,51,15,15,15,15,13,14,13,14,13,14,13,14,13,14,13,13,13,13,13,13,13,14,13,14
Map_195,9,51,6,6,6,6,6,6,6,6,6,6,6,6,6,6,6,6,6,6,6,6,6,6,6,6
Map_196,29,98,13,13,13,13,13,13,13,13,13,13,13,13,13,13,13,13,13,13,14,13,13,13,13,13
Map_197,15,53,10,10,10,12,9,9,9,9,9,9,9,10,10,10,9,9,9,9,9,9,9,9,9,9
Map_198,20,29,14,14,14,16,14,14,14,14,14,14,14,14,14,14,14,14,14,14,14,14,14,14,14,14
Map_199,96,153,27,27,40,32,25,27,25,27,25,27,25,27,25,27,25,27,25,27,25,27,25,27,25,27
Map_200,26,30,12,12,12,12,12,12,12,12,12,12,12,12,12,12,12,12,12,12,12,12,12,12,12,12
Map_201,7,20,7,7,7,7,7,7,7,7,7,7,7,7,7,7,7,7,7,7,7,7,7,7,7,7
Map_202,20,31,18,18,18,18,14,14,14,14,14,14,14,14,14,14,14,14,14,14,14,14,14,14,14,14
Map_203,14,24,11,11,11,11,10,10,10,10,10,10,10,10,10,10,10,10,10,10,10,10,10,10,10,10
Map_204,5,75,5,5,5,5,5,5,5,5,5,5,5,5,5,5,5,5,5,5,5,5,5,5,5,5
Map_205,9,19,9,9,9,13,9,9,9,9,9,9,9,9,9,9,9,9,9,9,9,9,9,9,9,9
Map_206,12,101,8,7,8,8,8,7,8,7,8,7,7,7,7,7,8,7,8,7,8,7,8,7,8,7
Map_207,6,9,6,6,6,6,6,6,6,6,6,6,6,6,6,6,6,6,6,6,6,6,6,6,6,6
Map_208,6,24,7,7,7,7,7,6,7,6,7,6,6,6,6,6,6,6,6,6,6,6,6,6,6,6
Map_209,11,18,10,10,10,13,10,10,10,10,10,10,10,10,10,10,11,10,11,10,11,10,11,10,11,10
Map_210,36,71,11,11,11,29,11,11,11,11,11,11,11,11,11,11,11,11,28,11,28,11,11,11,11,11
Map_211,76,69,17,17,17,21,17,17,17,17,17,17,17,17,17,17,17,17,17,17,17,17,17,17,17,17
Map_212,8,18,10,8,8,10,8,8,8,8,8,8,8,8,8,8,8,8,8,8,8,8,8,8,8,8
Map_213,32,74,24,24,24,24,14,24,14,24,14,24,14,24,14,24,14,14,14,14,14,14,14,14,14,14
Map_214,9,20,8,8,8,10,8,8,8,8,8,8,8,8,8,8,8,8,8,8,8,8,8,8,8,8
Map_215,8,26,8,8,8,10,8,8,8,8,8,8,8,8,8,8,8,8,8,8,8,8,8,8,8,8
Map_216,15,43,9,9,9,9,8,9,8,9,8,9,8,9,8,9,8,8,8,8,8,8,8,8,8,8
Map_217,72,111,33,24,33,50,24,23,24,23,24,23,24,23,23,23,27,19,27,19,27,19,27,19,24,19
Map_218,25,309,23,20,23,19,18,18,18,18,18,18,18,18,18,18,18,18,18,18,18,18,18,18,18,18
Map_219,7,20,7,7,7,7,7,7,7,7,7,7,7,7,7,7,7,7,7,7,7,7,7,7,7,7
Map_220,11,29,12,12,12,13,13,12,13,12,13,12,13,12,13,12,11,11,11,11,11,11,11,11,11,11
Map_221,23,33,17,17,17,17,17,17,17,17,17,17,17,17,17,17,17,17,17,17,17,17,17,17,17,17
Map_222,15,50,7,7,7,7,7,7,7,7,7,7,7,7,7,7,7,7,7,7,7,7,7,7,7,7
Map_223,11,112,10,9,9,10,9,9,9,9,9,9,9,9,9,9,9,9,9,9,9,9,9,9,9,9
Map_224,20,69,13,13,20,13,13,13,13,13,13,13,13,13,13,13,13,13,13,13,13,13,13,13,13,13
Map_225,6,26,7,6,7,7,7,6,7,6,7,6,6,6,6,6,7,6,7,6,7,6,7,6,7,6
Map_226,26,50,9,9,9,9,9,9,9,9,9,9,9,9,9,9,9,9,9,9,9,9,9,9,9,9
Map_227,9,142,9,9,9,9,9,9,9,9,9,9,9,9,9,9,9,9,9,9,9,9,9,9,9,9
Map_228,62,100,12,12,12,12,12,12,12,12,12,12,12,12,12,12,12,12,12,12,12,12,12,12,12,12
Map_229,4,9,4,4,4,6,4,4,4,4,4,4,4,4,4,4,4,4,4,4,4,4,4,4,4,4
Map_230,33,142,24,24,24,27,24,24,24,24,24,24,24,25,25,25,24,24,24,24,24,24,24,24,24,24
Map_231,5,17,5,5,5,5,5,5,5,5,5,5,5,5,5,5,5,5,5,5,5,5,5,5,5,5
Map_232,6,70,6,6,6,6,6,6,6,6,6,6,6,6,6,6,6,6,6,6,6,6,6,6,6,6
Map_233,21,41,13,13,13,13,13,13,13,13,13,13,13,13,13,13,13,13,13,13,13,13,13,13,13,13
Map_234,31,141,22,22,22,32,29,29,29,29,29,29,29,29,29,29,16,14,16,14,16,14,14,14,14,14
Map_235,21,61,10,10,10,11,10,10,10,10,10,10,10,10,10,10,10,10,10,10,10,10,10,10,10,10
Map_236,9,105,9,9,9,9,9,9,9,9,9,9,9,9,9,9,10,9,10,9,10,9,10,9,10,9
Map_237,143,80,53,62,39,68,49,17,49,17,49,17,49,18,49,18,40,17,42,17,42,17,52,17,49,17
Map_238,10,21,8,8,8,8,8,8,8,8,8,8,8,8,8,8,8,8,8,8,8,8,8,8,8,8
Map_239,10,21,9,8,8,9,8,8,8,8,8,8,8,8,8,8,8,8,8,8,8,8,8,8,8,8
Map_240,15,180,8,8,8,8,8,8,8,8,8,8,8,8,8,8,8,8,8,8,8,8,8,8,8,8
Map_241,46,59,25,25,40,25,25,25,25,25,25,25,25,25,25,25,21,20,21,20,21,20,21,20,25,20
Map_242,77,94,9,9,9,9,9,9,9,9,9,9,9,9,9,9,9,9,10,9,10,9,9,9,9,9
Map_243,179,48,25,25,25,25,21,21,21,21,21,21,21,21,21,21,21,18,21,18,21,18,21,18,21,18
Map_244,10,97,10,10,10,15,10,10,10,10,10,10,10,10,10,10,7,7,7,7,7,7,7,7,7,7
Map_245,8,42,8,8,8,8,8,8,8,8,8,8,8,8,8,8,8,8,8,8,8,8,8,8,8,8
Map_246,21,38,11,11,11,11,11,11,11,11,11,11,11,11,11,11,11,11,11,11,11,11,11,11,11,11
Map_247,16,95,15,15,15,17,18,16,18,16,18,16,17,17,17,17,17,12,17,12,17,12,11,13,11,13
Map_248,70,203,33,33,33,33,33,33,33,33,33,33,33,33,33,33,23,23,23,23,23,23,23,23,23,23
Map_249,27,35,19,19,21,25,19,19,19,19,19,19,19,19,19,19,19,18,18,18,18,18,19,19,19,19
Map_250,9,25,9,9,9,11,9,11,9,11,9,11,9,11,9,11,11,9,11,9,11,9,9,9,9,9
Map_251,35,121,26,26,26,26,26,25,26,25,26,25,25,25,25,25,26,25,26,25,26,25,25,25,25,25
Map_252,8,23,11,11,8,11,11,8,11,8,11,8,11,8,11,8,11,8,16,8,16,8,11,8,11,8
Map_253,41,130,26,26,26,26,28,26,28,26,28,26,28,26,28,26,27,22,27,22,27,22,27,26,25,26
Map_254,10,15,10,10,10,10,10,9,10,9,10,9,10,9,10,9,11,9,11,9,11,9,10,9,10,9
Map_255,25,98,17,17,17,22,17,17,17,17,17,17,17,17,17,17,20,15,22,15,22,15,17,15,17,15
Map_256,281,173,149,70,149,72,26,21,26,21,26,21,20,21,20,21,26,20,26,20,26,20,26,20,26,20
Map_257,11,39,11,11,11,11,15,11,15,11,15,11,15,11,15,11,13,11,13,11,13,11,13,11,13,11
Map_258,19,103,17,17,17,19,19,17,19,17,19,17,19,17,19,17,18,17,18,15,18,15,18,17,18,17
Map_259,15,31,14,14,14,14,14,14,14,14,14,14,14,14,14,14,14,14,14,14,14,14,14,14,14,14
Map_260,28,233,13,13,13,13,13,13,13,13,13,13,13,13,13,13,13,13,13,13,13,13,13,13,13,13
Map_261,20,93,18,18,18,18,17,17,17,17,17,17,17,17,17,17,17,17,17,17,17,17,17,17,17,17
Map_262,60,45,32,19,27,32,19,19,19,19,19,19,19,19,19,19,19,18,21,18,21,18,19,18,19,18
Map_263,12,25,10,10,10,10,10,10,10,10,10,10,10,10,10,10,10,10,11,10,21,10,10,10,10,10
Map_264,24,77,14,14,23,17,14,14,14,14,14,14,14,14,14,14,14,14,14,14,14,14,14,14,14,14
Map_265,33,74,32,23,32,29,24,24,24,24,24,24,24,24,24,24,22,21,22,21,22,21,22,21,22,21
Map_266,15,63,11,11,11,11,11,11,11,11,11,11,11,11,11,11,11,11,11,11,11,11,11,11,11,11
Map_267,18,75,13,13,13,13,13,12,13,12,13,12,12,12,12,12,12,12,12,12,12,12,12,12,12,12
Map_268,6,12,6,6,6,6,6,6,6,6,6,6,6,6,6,6,6,6,9,6,9,6,6,6,6,6
Map_269,12,73,12,12,12,12,12,12,12,12,12,12,12,12,12,12,18,12,20,12,20,12,18,12,18,12
Map_270,6,18,6,6,6,7,6,6,6,6,6,6,6,6,6,6,6,6,6,6,6,6,6,6,6,6
Map_271,25,53,27,26,27,32,26,25,26,25,26,25,26,25,26,25,22,18,22,18,22,18,22,18,26,18
Map_272,9,28,8,8,8,8,8,8,8,8,8,8,8,8,8,8,8,8,8,8,8,8,8,8,8,8
Map_273,32,53,16,16,16,16,16,16,16,16,16,16,16,16,16,16,16,16,16,16,16,16,16,16,16,16
Map_274,14,32,10,10,10,10,10,10,10,10,10,10,10,10,10,10,10,10,10,10,10,10,10,10,10,10
Map_275,15,26,12,12,12,16,12,12,12,12,12,12,12,12,12,12,12,12,12,12,12,12,12,12,12,12
Map_276,24,64,20,20,20,13,13,13,13,13,13,13,13,13,13,13,13,13,13,13,21,13,13,13,13,13
Map_277,6,10,5,5,5,5,5,5,5,5,5,5,5,5,5,5,5,5,5,5,5,5,5,5,5,5
Map_278,145,105,54,54,64,63,53,53,53,53,53,53,53,53,53,53,36,40,40,31,40,31,36,49,36,49
Map_279,14,22,13,13,13,13,13,13,13,13,13,13,13,13,13,13,13,14,13,14,13,14,13,13,13,13
Map_280,6,118,7,7,7,7,6,6,6,6,6,6,6,6,6,6,7,6,7,6,7,6,7,6,6,6
Map_281,12,68,14,14,14,15,14,14,14,14,14,14,14,14,14,14,14,12,14,12,14,12,14,12,14,12
Map_282,6,122,8,6,6,9,6,6,6,6,6,6,6,6,6,6,6,6,6,6,6,6,6,6,6,6
Map_283,42,155,25,25,27,25,25,24,25,24,25,24,24,24,24,24,25,24,25,25,25,25,25,24,25,24
Map_284,22,63,18,18,18,18,18,18,18,18,18,18,18,20,20,20,18,18,18,18,18,18,18,18,18,18
Map_285,8,18,6,6,6,8,6,6,6,6,6,6,6,6,6,6,6,6,6,6,6,6,6,6,6,6
Map_286,24,44,10,10,10,20,10,10,10,10,10,10,10,10,10,10,12,10,12,10,12,10,10,10,10,10
Map_287,15,29,12,12,12,14,12,12,12,12,12,12,12,12,12,12,12,12,12,12,12,12,12,12,12,12
Map_288,9,69,9,9,9,16,9,9,9,9,9,9,9,9,9,9,9,9,9,9,9,9,9,9,9,9
Map_289,13,35,14,14,13,14,13,13,13,13,13,13,13,13,13,13,12,12,12,12,12,12,12,12,12,12
Map_290,13,33,12,13,12,12,13,13,12,12,12,12,13,13,13,13,16,12,16,12,19,12,16,12,16,12
Map_291,10,18,9,9,9,9,9,9,9,9,9,9,9,9,9,9,9,9,9,9,9,9,9,9,9,9
Map_292,179,119,38,38,38,39,35,28,35,28,35,28,35,28,35,28,33,28,33,28,33,28,35,28,35,28
Map_293,7,52,8,7,8,8,8,7,8,8,8,8,7,7,7,7,8,7,8,7,8,7,8,7,8,7
Map_294,7,14,8,7,7,9,7,7,7,7,7,7,7,7,7,7,7,7,7,7,7,7,7,7,7,7
Map_295,14,46,9,9,9,9,9,9,9,9,9,9,9,9,9,9,9,9,9,9,9,9,9,9,9,9
Map_296,68,79,19,19,19,26,19,19,19,19,19,19,19,19,19,19,19,19,19,19,19,19,19,19,19,19
Map_297,22,129,22,21,22,22,22,22,22,22,22,22,21,21,21,21,22,21,22,21,22,21,22,21,22,21
Map_298,8,28,8,8,8,10,8,8,8,8,8,8,8,8,8,8,8,8,8,8,8,8,8,8,8,8
Map_299,8,25,10,10,10,10,10,10,10,10,10,10,10,10,10,10,9,8,11,8,11,8,9,9,9,9
Map_300,9,21,10,9,9,10,9,9,9,9,9,9,9,9,9,9,9,9,9,9,9,9,9,9,9,9
Map_301,27,47,18,17,21,19,17,16,17,16,17,16,17,16,17,16,16,16,16,16,16,16,16,16,16,16
Map_302,6,107,6,6,6,6,6,6,6,6,6,6,6,6,6,6,6,6,6,6,6,6,6,6,6,6
Map_303,113,214,37,37,46,62,37,35,37,35,37,35,37,35,37,35,38,35,32,32,32,32,38,35,38,35
Map_304,6,26,6,6,6,6,6,6,6,6,6,6,6,6,6,6,6,6,6,6,6,6,6,6,6,6
Map_305,52,60,17,17,17,29,29,26,29,26,29,26,29,26,29,26,26,17,26,17,26,17,26,17,26,17
Map_306,33,64,20,17,20,20,17,17,17,17,17,17,17,17,17,17,18,17,18,17,18,17,18,17,18,17
Map_307,10,142,8,8,8,16,8,8,8,8,8,8,8,8,8,8,8,8,8,8,8,8,8,8,8,8
Map_308,14,18,10,10,10,13,10,10,10,10,10,10,10,10,10,10,10,10,16,10,16,10,10,10,10,10
Map_309,13,46,12,12,11,21,12,11,12,11,12,11,12,11,12,11,10,10,10,10,10,10,10,10,10,10
Map_310,9,13,9,9,9,11,9,9,9,9,9,9,9,9,9,9,9,9,9,9,9,9,9,9,9,9
Map_311,25,40,17,17,17,17,17,16,17,16,17,16,17,16,16,16,17,16,17,16,17,16,17,16,17,16
Map_312,18,55,11,11,11,11,11,11,11,11,11,11,11,11,11,11,11,11,11,11,11,11,11,11,11,11
Map_313,40,224,18,17,18,18,17,17,17,17,17,17,17,17,17,17,17,17,17,17,17,17,17,17,17,17
Map_314,7,72,8,8,8,8,8,7,8,7,8,7,7,7,7,7,8,7,8,7,8,7,8,7,8,7
Map_315,11,33,9,9,9,9,9,9,9,9,9,9,9,9,9,9,9,9,9,9,9,9,9,9,9,9
Map_316,11,75,14,14,14,15,14,15,14,15,14,15,14,15,14,15,14,11,14,11,14,11,14,11,14,11
Map_317,21,36,13,13,13,13,16,15,16,15,16,15,16,16,16,16,16,13,26,13,26,13,16,13,16,13
Map_318,39,74,9,9,9,10,9,9,9,9,9,9,9,9,9,9,9,9,9,9,9,9,9,9,9,9
Map_319,83,95,14,14,14,14,14,14,14,14,14,14,14,14,14,14,18,15,18,15,18,15,14,14,14,14
Map_320,30,107,30,29,28,19,19,19,19,19,19,19,19,19,19,19,20,19,20,19,20,19,20,19,19,19
Map_321,23,29,14,14,14,27,14,14,14,14,14,14,14,14,14,14,15,13,15,13,15,13,15,13,15,13
Map_322,15,41,10,9,10,12,9,9,9,9,9,9,9,9,9,9,9,9,9,9,9,9,9,9,9,9
Map_323,7,21,7,7,7,7,7,7,7,7,7,7,7,7,7,7,7,7,7,7,7,7,7,7,7,7
Map_324,10,89,11,10,11,11,10,10,10,10,10,10,10,10,10,10,11,10,11,10,11,10,10,10,10,10
Map_325,9,84,6,6,6,6,6,6,6,6,6,6,6,6,6,6,6,6,6,6,6,6,6,6,6,6
Map_326,19,43,20,19,20,19,17,12,17,12,17,12,17,12,17,12,17,12,17,12,17,12,17,12,17,12
Map_327,16,69,10,9,10,10,9,9,9,9,9,9,9,9,9,9,10,9,10,9,10,9,10,9,9,9
Map_328,46,127,17,17,17,17,12,12,12,12,12,12,12,12,12,12,12,12,12,12,12,12,12,12,12,12
Map_329,8,13,8,8,8,11,10,8,10,8,10,8,10,8,10,8,10,8,10,8,10,8,10,8,10,8
Map_330,8,45,7,7,7,7,7,7,7,7,7,7,7,7,7,7,7,7,7,7,7,7,7,7,7,7
Map_331,5,14,5,5,5,7,5,5,5,5,5,5,5,5,5,5,5,5,5,5,5,5,5,5,5,5
Map_332,22,96,13,12,12,15,12,12,12,12,12,12,12,12,12,12,13,12,13,12,13,12,12,12,12,12
Map_333,102,131,25,15,25,57,16,15,16,15,16,15,15,15,15,15,16,15,18,15,18,15,16,15,16,15
Map_334,30,125,24,24,24,25,15,15,15,15,15,15,15,15,15,15,15,15,15,15,15,15,15,15,15,15
Map_335,41,39,28,28,28,51,27,26,27,27,27,27,27,26,26,26,27,27,28,22,28,22,27,26,27,26
Map_336,10,23,10,9,11,13,9,9,9,9,9,9,9,9,9,9,10,9,10,9,10,9,9,9,9,9
Map_337,10,27,10,10,10,25,10,10,10,10,10,10,10,10,10,10,10,10,10,10,10,10,10,10,10,10
Map_338,10,37,9,9,9,9,9,9,9,9,9,9,9,9,9,9,9,9,9,9,9,9,9,9,9,9
Map_339,34,169,12,12,17,12,12,11,12,11,12,11,12,11,12,11,12,11,12,11,12,11,12,11,12,11
Map_340,71,75,39,39,22,87,39,22,39,22,39,22,39,22,39,22,27,14,27,14,27,14,27,14,27,14
Map_341,384,155,13,13,13,25,13,13,13,13,13,13,13,13,13,13,13,13,13,13,13,13,13,13,13,13
Map_342,6,9,6,6,6,6,6,6,6,6,6,6,6,6,6,6,6,6,6,6,6,6,6,6,6,6
Map_343,21,33,20,20,23,21,17,17,17,17,17,17,17,17,17,17,17,17,17,17,17,17,17,17,17,17
Map_344,12,199,12,12,12,12,12,12,12,12,12,12,12,12,12,12,12,12,12,12,12,12,12,12,12,12
Map_345,13,103,12,12,12,12,12,12,12,12,12,12,12,12,12,12,13,12,13,12,13,12,13,12,12,12
Map_346,43,39,10,10,10,13,10,10,10,10,10,10,10,10,10,10,11,10,11,10,11,10,10,10,10,10
Map_347,17,104,14,17,14,19,18,18,18,18,18,18,18,18,18,18,41,18,41,18,41,18,18,18,18,18
Map_348,17,49,23,23,23,19,18,17,18,17,18,17,18,17,18,17,17,17,17,17,17,17,17,17,17,17
Map_349,78,61,26,26,26,36,26,26,26,26,26,26,26,26,26,26,29,26,29,26,29,26,29,26,29,26
Map_350,16,83,16,16,16,18,13,13,13,13,13,13,13,13,13,13,13,13,13,13,13,13,13,13,13,13
Map_351,5,13,5,5,5,9,5,5,5,5,5,5,5,5,5,5,5,5,5,5,5,5,5,5,5,5
Map_352,14,151,13,13,13,16,13,13,13,13,13,13,13,13,13,13,14,13,14,13,14,13,14,13,14,13
Map_353,15,94,15,15,15,15,16,15,16,15,16,15,16,15,16,15,16,15,16,15,16,15,16,15,16,15
Map_354,13,78,14,14,14,14,14,14,14,14,14,14,14,14,14,14,14,11,14,11,14,11,14,11,14,11
Map_355,7,42,7,7,7,7,7,7,7,7,7,7,7,7,7,7,7,6,7,6,7,6,7,6,7,6
Map_356,16,33,12,12,12,26,12,12,12,12,12,12,12,12,12,12,12,12,12,12,12,12,12,12,12,12
Map_357,37,69,25,25,38,25,25,25,25,25,25,25,25,25,25,25,30,25,30,25,30,25,30,25,30,25
Map_358,81,250,84,62,84,60,77,77,77,77,77,77,77,77,77,77,52,50,52,50,52,50,52,51,52,51
Map_359,7,10,6,6,6,7,6,6,6,6,6,6,6,6,6,6,6,6,6,6,6,6,6,6,6,6
Map_360,21,24,13,13,13,13,12,13,12,13,12,13,12,13,12,13,12,12,12,12,12,12,12,12,12,12
Map_361,5,49,5,5,5,5,5,5,5,5,5,5,5,5,5,5,5,5,5,5,5,5,5,5,5,5
Map_362,12,16,12,12,12,12,12,12,12,12,12,12,12,12,12,12,13,13,13,13,13,13,12,12,12,12
Map_363,84,151,37,40,38,50,38,40,38,40,38,40,40,40,66,63,37,36,37,36,37,36,37,40,38,40
Map_364,8,13,10,8,8,10,8,8,8,8,8,8,8,8,8,8,11,8,11,8,11,8,8,8,8,8
Map_365,21,36,20,20,22,16,16,16,16,16,16,16,16,16,16,16,16,16,16,16,16,16,16,16,16,16
Map_366,12,40,12,12,13,13,13,12,13,12,13,12,12,12,12,12,13,12,13,12,13,12,13,12,13,12
Map_367,133,176,43,45,41,44,41,44,41,44,41,44,45,44,45,44,38,33,37,33,37,33,38,33,38,33
Map_368,20,29,12,12,12,12,12,12,12,12,12,12,12,12,12,12,13,12,13,12,13,12,13,12,13,12
Map_369,13,53,11,11,11,11,12,11,12,11,12,11,12,11,12,11,12,11,12,11,12,11,12,11,12,11
Map_370,6,18,6,6,6,6,6,6,6,6,6,6,6,6,6,6,6,6,6,6,6,6,6,6,6,6
Map_371,72,269,53,52,53,53,53,61,53,61,53,61,67,67,67,67,52,52,53,52,53,52,52,61,52,61
Map_372,11,153,11,11,11,11,12,11,12,11,12,11,12,11,12,11,10,10,10,10,10,10,10,10,11,10
Map_373,12,76,9,9,9,9,9,12,9,12,9,12,9,12,9,12,12,9,14,9,14,9,9,9,9,9
Map_374,7,11,7,7,7,8,7,7,7,7,7,7,7,7,7,7,8,7,8,7,8,7,7,7,7,7
Map_375,25,41,18,18,18,18,18,18,18,18,18,18,18,18,18,18,18,18,18,18,18,18,18,18,18,18
Map_376,6,22,6,6,6,12,6,6,6,6,6,6,6,6,6,6,6,6,6,6,6,6,6,6,6,6
Map_377,29,126,12,12,12,12,12,12,12,12,12,12,12,12,12,12,12,12,12,12,12,12,12,12,12,12
Map_378,14,69,15,15,15,17,15,15,15,15,15,15,15,15,15,15,15,14,15,14,15,14,16,15,16,15
Map_379,10,33,9,9,9,9,9,9,9,9,9,9,9,9,9,9,9,9,9,9,9,9,9,9,9,9
Map_380,14,31,18,16,18,20,14,14,14,14,14,14,14,14,14,14,14,14,14,14,14,14,14,14,14,14
Map_381,41,119,29,28,28,29,24,24,24,24,24,24,24,24,24,24,24,22,24,22,24,22,24,22,24,22
Map_382,9,12,9,9,9,10,9,9,9,9,9,9,9,9,9,9,9,9,9,9,9,9,9,9,9,9
Map_383,25,37,19,19,19,20,21,21,21,21,21,21,21,21,21,21,19,20,19,19,19,19,19,21,19,21
Map_384,61,40,21,21,24,21,21,21,21,21,21,21,21,21,21,21,21,21,21,21,21,21,21,21,21,21
Map_385,11,17,10,10,9,14,10,9,10,9,10,9,10,9,10,9,10,9,10,9,10,9,10,9,10,9
Map_386,110,60,16,16,16,18,16,16,16,16,16,16,16,16,16,16,19,16,19,16,19,16,19,16,16,16
Map_387,44,67,20,20,20,26,20,20,20,20,20,20,20,20,20,20,20,16,20,16,20,16,20,16,20,16
Map_388,5,19,5,5,5,5,5,5,5,5,5,5,5,5,5,5,5,5,5,5,5,5,5,5,5,5
Map_389,14,23,12,12,12,13,12,12,12,12,12,12,12,12,12,12,12,12,12,12,12,12,12,12,12,12
Map_390,13,47,10,10,10,10,10,10,10,10,10,10,10,10,10,10,10,10,10,10,10,10,10,10,10,10
Map_391,7,19,7,7,7,17,7,7,7,7,7,7,7,7,7,7,7,7,7,7,7,7,7,7,7,7
Map_392,12,31,12,12,12,12,11,12,11,12,11,12,11,11,11,11,11,11,11,11,11,11,11,11,11,11
Map_393,69,215,53,51,53,41,27,27,27,27,27,27,27,27,27,27,27,27,27,27,27,27,27,27,27,27
Map_394,8,104,8,8,8,8,8,8,8,8,8,8,8,8,8,8,8,8,8,8,8,8,8,8,8,8
Map_395,8,63,8,8,8,9,8,8,8,8,8,8,8,8,8,8,8,8,8,8,8,8,8,8,8,8
Map_396,19,42,16,16,16,22,16,16,16,16,16,16,16,16,16,16,16,16,16,16,16,16,16,16,16,16
Map_397,8,15,8,8,8,10,8,8,8,8,8,8,8,8,8,8,8,8,8,8,8,8,8,8,8,8
Map_398,20,43,15,15,20,15,15,15,15,15,15,15,15,15,15,15,16,15,16,15,16,15,16,15,16,15
Map_399,15,58,12,12,12,16,13,12,13,12,13,12,13,15,14,15,13,12,13,12,13,12,13,12,13,12
Map_400,13,46,11,11,11,11,11,11,11,11,11,11,11,11,11,11,12,11,12,11,12,11,11,11,11,11
Map_401,15,173,14,14,14,14,14,14,14,14,14,14,14,14,14,14,14,14,14,14,14,14,14,14,14,14
Map_402,14,52,13,13,13,15,13,13,13,13,13,13,13,13,13,13,13,13,13,13,13,13,13,13,13,13
Map_403,9,13,9,9,9,11,9,9,9,9,9,9,9,9,9,9,9,9,9,9,9,9,9,9,9,9
Map_404,41,172,28,25,25,28,25,24,25,24,25,24,25,24,25,24,25,22,25,22,25,22,25,22,25,22
Map_405,14,35,9,9,9,19,9,9,9,9,9,9,9,9,9,9,9,9,19,9,19,9,9,9,9,9
Map_406,6,23,6,6,6,6,6,6,6,6,6,6,6,6,6,6,6,6,6,6,6,6,6,6,6,6
Map_407,39,81,8,8,8,11,8,8,8,8,8,8,8,8,8,8,11,8,11,8,11,8,8,8,8,8
Map_408,23,32,13,13,13,14,13,13,13,13,13,13,13,13,13,13,13,13,13,13,13,13,13,13,13,13
Map_409,12,20,8,8,8,8,8,8,8,8,8,8,8,8,8,8,8,8,8,8,8,8,8,8,8,8
Map_410,8,21,9,8,9,9,8,8,8,8,8,8,8,8,8,8,8,8,8,8,8,8,8,8,8,8
Map_411,8,69,8,7,8,8,7,7,7,7,7,7,7,7,7,7,7,7,7,7,7,7,7,7,7,7
Map_412,33,105,21,21,21,28,21,21,21,21,21,21,21,21,21,21,21,21,21,21,21,21,21,21,21,21
Map_413,12,295,18,17,18,18,18,16,18,16,18,16,17,16,16,16,18,16,17,16,17,16,18,16,18,16
Map_414,24,92,19,19,15,19,19,24,19,24,19,24,19,24,19,24,15,17,15,17,15,17,15,17,15,17
Map_415,21,84,14,14,18,14,14,12,14,12,14,12,14,12,14,12,12,12,17,12,17,12,12,12,12,12
Map_416,10,31,10,10,10,13,10,10,10,10,10,10,10,10,10,10,10,10,10,10,10,10,10,10,10,10
Map_417,19,35,13,13,13,14,13,13,13,13,13,13,13,13,13,13,13,13,13,13,13,13,13,13,13,13
Map_418,61,113,44,44,44,58,44,33,44,33,44,33,44,33,44,33,20,20,20,20,20,20,20,20,20,20
Map_419,23,210,21,21,21,39,13,13,13,13,13,13,13,13,13,13,13,13,13,13,13,13,13,13,13,13
Map_420,8,96,7,7,7,8,7,7,7,7,7,7,7,7,7,7,7,7,7,7,7,7,7,7,7,7
Map_421,10,216,9,9,9,14,9,9,9,9,9,9,9,9,9,9,9,9,9,9,9,9,9,9,9,9
Map_422,10,33,10,10,10,10,10,10,10,10,10,10,10,10,10,10,10,10,10,10,10,10,10,10,10,10
Map_423,24,289,13,13,13,23,13,13,13,13,13,13,13,13,13,13,11,11,11,11,11,11,11,11,11,11
Map_424,9,40,9,9,9,19,12,9,12,9,12,9,12,9,12,9,12,9,12,9,12,9,12,9,12,9
Map_425,15,144,16,15,16,17,15,15,15,15,15,15,15,15,15,15,15,15,17,15,17,15,15,15,15,15
Map_426,8,44,8,8,8,9,9,8,9,8,9,8,8,8,8,8,9,8,9,8,9,8,9,8,9,8
Map_427,7,89,7,7,7,7,7,7,7,7,7,7,7,7,7,7,7,7,7,7,7,7,7,7,7,7
Map_428,22,73,6,6,6,6,6,6,6,6,6,6,6,6,6,6,7,6,7,6,7,6,7,6,6,6
Map_429,78,116,43,41,43,37,30,30,30,30,30,30,30,30,41,45,28,26,35,26,35,26,28,28,28,28
Map_430,17,42,9,9,9,9,9,9,9,9,9,9,9,9,9,9,9,9,9,9,9,9,9,9,9,9
Map_431,263,105,44,44,44,57,35,35,35,35,35,35,35,35,35,35,34,33,34,33,34,33,33,33,33,33
Map_432,8,32,8,8,8,8,8,8,8,8,8,8,8,8,8,8,8,8,8,8,8,8,8,8,8,8
Map_433,87,152,52,52,46,52,41,40,41,40,41,40,40,40,40,40,44,28,45,28,45,28,40,28,40,28
Map_434,5,27,5,5,5,5,5,5,5,5,5,5,5,5,5,5,5,5,5,5,5,5,5,5,5,5
Map_435,6,11,6,6,6,6,6,6,6,6,6,6,6,6,6,6,6,6,6,6,6,6,6,6,6,6
Map_436,17,24,17,17,17,17,17,13,17,13,17,13,17,13,17,13,13,13,13,13,13,13,13,13,13,13
Map_437,8,23,8,8,8,8,8,8,8,8,8,8,8,8,8,8,8,8,8,8,8,8,8,8,8,8
Map_438,6,13,5,5,5,6,5,5,5,5,5,5,5,5,5,5,5,5,5,5,5,5,5,5,5,5
Map_439,10,27,12,12,15,12,12,10,12,10,12,10,12,10,12,10,10,10,10,10,10,10,16,10,16,10
Map_440,55,102,10,10,10,10,10,10,10,10,10,10,10,10,10,10,10,10,10,10,10,10,10,10,10,10
Map_441,12,43,9,9,9,9,9,9,9,9,9,9,9,9,9,9,12,9,12,9,12,9,12,9,9,9
Map_442,29,34,32,34,32,29,21,21,21,21,21,21,21,21,21,21,22,21,22,21,22,21,22,21,22,21
Map_443,27,65,26,26,33,58,33,27,33,27,33,27,33,27,33,27,23,23,23,23,23,23,23,23,23,25
Map_444,5,11,4,4,4,4,4,4,4,4,4,4,4,4,4,4,4,4,4,4,4,4,4,4,4,4
Map_445,14,36,15,13,15,18,13,13,13,13,13,13,13,13,13,13,14,13,14,13,14,13,13,13,13,13
Map_446,20,72,11,11,11,16,11,11,11,11,11,11,11,11,11,11,11,11,11,11,11,11,11,11,11,11
Map_447,186,248,79,79,95,52,44,31,57,28,57,28,58,31,58,31,45,21,45,21,45,21,35,28,40,28
Map_448,87,79,53,42,95,84,23,36,23,36,23,36,23,36,23,36,23,23,23,23,23,23,23,36,23,36
Map_449,18,31,11,11,11,11,11,11,11,11,11,11,11,11,11,11,11,11,11,11,11,11,11,11,11,11
Map_450,13,79,12,12,12,12,12,11,12,11,12,11,11,11,11,11,12,11,12,11,12,11,12,11,12,11
Map_451,10,17,7,7,7,7,7,7,7,7,7,7,7,7,7,7,7,7,9,7,9,7,7,7,7,7
Map_452,6,48,6,6,6,7,6,6,6,6,6,6,6,6,6,6,6,6,6,6,6,6,6,6,6,6
Map_453,53,45,26,26,26,42,26,22,26,22,26,22,26,23,26,23,26,22,26,22,26,22,26,22,26,22
Map_454,17,33,16,17,16,25,16,16,16,16,16,16,16,17,16,17,17,16,17,16,17,16,17,16,17,16
Map_455,15,135,14,14,14,19,15,14,15,14,15,14,15,15,15,15,15,14,15,14,15,14,15,14,15,14
Map_456,63,120,34,31,34,37,31,31,31,31,31,31,31,31,31,31,31,31,34,31,34,31,31,31,31,31
Map_457,207,102,28,28,22,29,19,18,19,18,19,18,22,22,22,22,19,18,19,18,19,18,19,18,19,18
Map_458,23,80,14,14,14,14,11,11,11,11,11,11,11,11,11,11,11,11,11,11,11,11,11,11,11,11
Map_459,8,23,12,11,8,12,8,8,8,8,8,8,8,8,8,8,8,8,8,8,8,8,8,8,8,8
Map_460,11,160,11,11,11,11,11,11,11,11,11,11,11,11,11,11,11,11,11,11,11,11,11,11,11,11
Map_461,14,109,9,9,9,12,9,9,9,9,9,9,9,9,9,9,9,9,9,9,9,9,9,9,9,9
Map_462,17,46,12,12,12,13,12,12,12,12,12,12,12,12,12,12,12,12,12,12,12,12,12,12,12,12
Map_463,15,39,10,10,12,23,10,10,10,10,10,10,10,10,10,10,10,10,10,10,10,10,10,10,10,10
Map_464,17,59,11,11,11,11,11,11,11,11,11,11,11,11,11,11,11,11,11,11,11,11,11,11,11,11
Map_465,23,94,23,17,23,44,17,17,17,17,17,17,17,17,17,17,20,17,20,17,20,17,17,17,17,17
Map_466,13,28,14,14,13,14,13,13,13,13,13,13,13,13,13,13,12,12,12,12,12,12,12,12,12,12
Map_467,31,145,13,13,13,13,13,13,13,13,13,13,13,13,13,13,13,13,13,13,13,13,13,13,13,13
Map_468,6,31,7,7,7,7,7,6,7,6,7,6,6,6,6,6,6,6,6,6,6,6,6,6,6,6
Map_469,11,26,9,9,9,9,9,9,9,9,9,9,9,9,9,9,9,9,9,9,9,9,9,9,9,9
Map_470,10,52,10,10,10,18,10,10,10,10,10,10,10,10,10,10,10,10,14,10,14,10,10,10,10,10
Map_471,404,219,28,28,30,35,28,28,28,28,28,28,28,28,28,28,28,28,28,28,28,28,28,28,28,28
Map_472,7,31,7,7,7,7,7,7,7,7,7,7,7,7,7,7,7,7,7,7,7,7,7,7,7,7
Map_473,20,27,14,14,14,14,13,13,13,13,13,13,13,13,13,13,13,13,13,13,13,13,13,13,13,13
Map_474,35,196,24,31,24,26,21,21,21,21,21,21,21,21,31,31,15,15,15,15,15,15,15,15,15,15
Map_475,7,13,9,8,8,11,8,7,8,7,8,7,7,7,7,7,10,7,10,7,10,7,8,7,8,7
Map_476,26,37,19,19,19,21,19,19,19,19,19,19,19,19,19,19,19,19,19,19,19,19,19,19,19,19
Map_477,232,318,25,25,25,56,25,25,25,25,25,25,25,25,25,25,25,25,47,25,47,25,25,25,25,25
Map_478,14,88,21,21,21,21,18,18,18,18,18,18,18,18,18,18,16,14,16,14,16,14,16,14,16,14
Map_479,9,37,9,9,9,9,9,9,9,9,9,9,9,9,9,9,9,9,9,9,9,9,9,9,9,9
Map_480,10,39,8,8,8,9,8,8,8,8,8,8,8,8,8,8,8,8,8,8,8,8,8,8,8,8
Map_481,11,34,11,11,11,11,11,11,11,11,11,11,11,11,11,11,11,11,11,11,11,11,11,11,11,11
Map_482,76,98,16,16,16,24,16,13,16,13,16,13,16,13,16,13,16,13,16,13,16,13,16,13,16,13
Map_483,16,49,9,9,9,8,8,8,8,8,8,8,8,8,8,8,8,8,8,8,8,8,8,8,8,8
Map_484,8,20,7,7,7,9,7,7,7,7,7,7,7,7,7,7,7,7,7,7,7,7,7,7,7,7
Map_485,4,24,4,4,4,5,4,4,4,4,4,4,4,4,4,4,4,4,4,4,4,4,4,4,4,4
Map_486,14,76,14,14,14,20,13,12,13,12,13,12,13,12,12,12,13,13,13,13,13,13,13,12,13,12
Map_487,28,114,30,28,30,29,18,21,18,21,18,21,18,21,18,21,18,18,18,18,18,18,18,18,18,18
Map_488,18,24,13,13,13,13,13,13,13,13,13,13,13,13,13,13,14,13,14,13,14,13,13,13,13,13
Map_489,62,53,19,19,19,19,19,19,19,19,19,19,19,19,19,19,24,19,24,19,24,19,19,19,19,19
Map_490,13,29,10,10,10,11,10,10,10,10,10,10,10,10,10,10,10,10,10,10,10,10,10,10,10,10
Map_491,17,36,11,11,11,13,11,11,11,11,11,11,11,11,11,11,11,11,11,11,11,11,11,11,11,11
Map_492,19,45,20,20,19,23,20,19,20,19,20,19,20,19,20,19,20,20,20,20,20,20,20,19,20,19
Map_493,9,22,11,9,9,14,11,9,11,9,11,9,9,9,9,9,10,9,10,9,10,9,10,9,10,9
Map_494,44,252,37,37,37,37,35,35,35,35,35,35,35,35,43,43,35,35,35,35,35,35,35,35,42,35
Map_495,8,15,6,6,6,9,6,6,6,6,6,6,6,6,6,6,6,6,6,6,6,6,6,6,6,6
Map_496,8,13,8,8,8,11,8,8,8,8,8,8,8,8,8,8,8,8,8,8,8,8,8,8,8,8
Map_497,9,50,9,9,9,11,9,9,9,9,9,9,9,9,9,9,9,9,9,9,9,9,9,9,9,9
Map_498,11,16,11,11,11,11,9,9,9,9,9,9,9,9,9,9,9,9,9,9,9,9,9,9,9,9
Map_499,20,46,17,14,17,23,18,14,18,14,18,14,14,14,14,14,17,14,17,14,17,14,17,14,17,14
Map_500,49,79,16,15,16,17,16,13,16,13,16,13,15,13,15,13,16,13,17,13,17,13,16,13,16,13
Map_501,25,63,11,11,11,11,11,11,11,11,11,11,11,11,11,11,11,11,11,11,11,11,11,11,11,11
Map_502,25,31,16,16,16,17,16,16,16,16,16,16,16,16,16,16,16,16,17,16,17,16,16,16,16,16
Map_503,21,48,20,20,20,20,20,20,20,20,20,20,20,20,20,20,20,20,20,20,20,20,20,20,20,20
Map_504,47,149,33,33,33,33,20,20,20,20,20,20,20,20,20,20,21,20,21,20,21,20,20,20,20,20
Map_505,14,32,14,14,14,22,18,14,18,14,18,14,18,14,18,14,18,14,18,14,18,14,18,14,18,14
Map_506,40,108,28,24,27,28,27,24,27,24,27,24,27,26,27,26,18,16,18,16,18,16,16,16,16,16
Map_507,6,22,6,6,6,6,6,6,6,6,6,6,6,6,6,6,6,6,6,6,6,6,6,6,6,6
Map_508,7,94,7,7,7,7,7,7,7,7,7,7,7,7,7,7,7,7,7,7,7,7,7,7,7,7
Map_509,5,17,5,5,5,10,5,5,5,5,5,5,5,5,5,5,5,5,5,5,5,5,5,5,5,5
Map_510,15,22,10,10,10,10,10,10,10,10,10,10,10,10,10,10,10,10,10,10,10,10,10,10,10,10
Map_511,31,66,24,23,19,23,23,25,23,25,23,25,22,25,22,25,32,19,20,19,20,19,23,19,23,19
Map_512,203,106,7,7,7,12,7,7,7,7,7,7,7,7,7,7,7,7,7,7,7,7,7,7,7,7
Map_513,16,20,14,14,14,18,14,14,14,14,14,14,14,14,14,14,14,14,14,14,14,14,14,14,14,14
Map_514,54,87,30,30,27,40,30,28,30,28,30,28,30,28,30,28,32,19,32,19,32,19,32,19,32,19
Map_515,27,41,17,17,23,17,16,16,15,15,15,15,16,16,16,16,15,15,15,15,15,15,15,15,15,15
Map_516,17,72,17,17,17,25,17,17,17,17,17,17,17,17,17,17,17,17,17,17,17,17,17,17,17,17
Map_517,15,111,15,15,15,15,15,15,15,15,15,15,15,15,15,15,15,15,15,15,25,15,15,15,15,15
Map_518,39,107,19,19,19,16,15,15,15,15,15,15,15,15,15,15,15,15,15,15,15,15,15,15,15,15
Map_519,15,28,13,10,10,13,10,10,10,10,10,10,10,10,10,10,10,10,10,10,10,10,10,10,10,10
Map_520,14,36,15,15,14,23,15,14,15,14,15,14,15,14,15,14,15,14,15,14,15,14,15,14,15,14
Map_521,5,13,5,5,5,9,6,5,6,5,6,5,5,5,5,5,6,5,10,5,10,5,6,5,6,5
Map_522,12,48,12,12,12,12,12,12,12,12,12,12,12,12,12,12,12,12,12,12,12,12,12,12,12,12
Map_523,9,42,8,7,8,17,7,7,7,7,7,7,7,7,7,7,7,7,7,7,7,7,7,7,7,7
Map_524,214,141,91,92,91,110,38,91,38,91,38,91,38,92,38,92,29,28,29,28,29,28,29,28,29,28
Map_525,19,72,17,17,17,18,14,18,14,18,14,18,14,16,14,16,16,14,16,14,16,14,14,14,14,14
Map_526,4,9,4,4,4,5,4,4,4,4,4,4,4,4,4,4,4,4,4,4,4,4,4,4,4,4
Map_527,16,31,12,12,12,12,12,12,12,12,12,12,12,12,12,12,12,12,12,12,12,12,12,12,12,12
Map_528,17,22,16,16,16,18,16,16,16,16,16,16,16,16,16,16,16,16,18,16,18,16,16,16,16,16
Map_529,9,15,6,6,6,6,6,6,6,6,6,6,6,6,6,6,6,6,6,6,6,6,6,6,6,6
Map_530,18,39,9,9,9,9,9,9,9,9,9,9,9,9,9,9,9,9,9,9,9,9,9,9,9,9
Map_531,16,43,16,16,16,19,17,16,17,16,17,16,18,18,18,18,17,16,19,16,19,16,17,16,17,16
Map_532,19,184,15,15,15,15,15,15,15,15,15,15,15,15,15,15,15,15,15,15,15,15,15,15,15,15
Map_533,17,90,49,32,48,42,17,17,17,17,17,17,17,17,17,17,17,17,19,17,19,17,19,17,19,17
Map_534,334,183,15,12,15,15,15,12,15,12,15,12,12,12,12,12,16,12,16,12,16,12,16,12,16,12
Map_535,44,48,25,25,25,27,25,25,25,25,25,25,25,25,25,25,25,25,28,25,28,25,25,25,25,25
Map_536,24,73,24,24,28,33,24,24,24,24,24,24,24,24,24,24,24,16,24,16,24,16,24,16,24,16
Map_537,11,37,11,11,11,23,11,11,11,11,11,11,11,11,11,11,17,11,17,11,17,11,11,11,11,11
Map_538,20,51,12,12,12,12,12,12,12,12,12,12,12,12,12,12,15,12,15,12,15,12,12,12,12,12
Map_539,48,103,32,32,32,32,19,19,19,19,19,19,19,19,19,19,19,19,19,19,19,19,19,19,19,19
Map_540,19,118,19,19,19,89,19,19,19,19,19,19,19,19,19,19,20,19,20,22,20,22,20,19,20,19
Map_541,16,137,16,16,16,16,16,16,16,16,16,16,16,16,16,16,16,16,16,16,22,16,16,16,16,16
Map_542,73,119,20,20,20,26,20,17,20,17,20,17,20,17,20,17,20,17,20,17,20,17,20,17,20,17
Map_543,6,33,6,6,6,6,6,6,6,6,6,6,6,6,6,6,6,6,6,6,6,6,6,6,6,6
Map_544,13,134,10,10,10,10,10,10,10,10,10,10,10,10,10,10,10,10,10,10,10,10,10,10,10,10
Map_545,10,156,6,6,6,6,6,6,6,6,6,6,6,6,6,6,6,6,6,6,6,6,6,6,6,6
Map_546,37,74,26,27,28,29,15,14,15,14,15,14,14,14,14,14,15,14,15,14,15,14,15,14,15,14
Map_547,57,153,19,19,19,19,19,20,19,20,19,20,19,20,19,20,19,20,19,20,19,20,19,20,19,20
Map_548,12,57,7,7,7,7,7,7,7,7,7,7,7,7,7,7,7,7,7,7,7,7,7,7,7,7
Map_549,16,254,22,22,16,15,15,16,15,16,15,16,18,16,18,16,15,16,15,16,15,17,15,16,15,16
Map_550,7,25,7,7,7,7,7,7,7,7,7,7,7,7,7,7,7,7,7,7,7,7,7,7,7,7
Map_551,448,219,53,59,53,64,67,62,67,62,67,62,59,59,59,59,59,59,59,58,61,58,59,60,59,62
Map_552,13,39,12,8,12,12,8,8,8,8,8,8,8,8,8,8,10,8,10,8,10,8,10,8,10,8
Map_553,45,65,24,22,22,28,22,22,22,22,22,22,22,22,22,22,37,22,32,22,32,22,36,22,37,22
Map_554,21,33,17,17,17,17,14,14,14,14,14,14,14,14,14,14,14,14,14,14,14,14,14,14,14,14
Map_555,10,27,10,10,10,19,10,10,10,10,10,10,10,10,10,10,10,10,10,10,10,10,10,10,10,10
Map_556,11,45,9,9,9,9,9,9,9,9,9,9,9,9,9,9,9,9,9,9,9,9,9,9,9,9
Map_557,7,19,8,7,7,9,7,7,7,7,7,7,7,7,7,7,8,7,8,7,8,7,7,7,7,7
Map_558,17,38,16,16,14,16,16,15,16,15,16,15,16,16,16,16,15,15,15,15,15,15,15,15,16,15
Map_559,12,116,6,6,6,6,6,6,6,6,6,6,6,6,6,6,6,6,6,6,6,6,6,6,6,6
Map_560,16,44,15,15,15,18,15,15,15,15,15,15,15,15,15,15,15,14,15,14,15,14,15,14,15,14
Map_561,44,71,14,14,14,14,14,14,14,14,14,14,14,14,14,14,14,14,14,14,14,14,14,14,14,14
Map_562,6,20,6,6,6,7,6,6,6,6,6,6,6,6,6,6,7,6,7,6,7,6,6,6,6,6
Map_563,5,16,5,5,5,6,5,5,5,5,5,5,5,5,5,5,5,5,5,5,5,5,5,5,5,5
Map_564,14,41,15,15,15,17,20,20,20,20,20,20,20,20,20,20,13,14,13,14,13,14,13,17,13,20
Map_565,12,19,9,9,9,14,9,9,9,9,9,9,9,9,9,9,9,9,9,9,9,9,9,9,9,9
Map_566,8,118,9,9,9,9,9,8,9,8,9,8,8,8,8,8,9,8,9,8,9,8,9,8,8,8
Map_567,24,35,16,16,16,16,18,17,18,17,18,17,18,17,18,17,18,16,18,16,18,16,18,17,18,17
Map_568,17,58,11,11,11,11,11,11,11,11,11,11,11,11,11,11,11,11,19,11,19,11,11,11,11,11
Map_569,11,100,7,7,7,10,7,7,7,7,7,7,7,7,7,7,7,7,7,7,7,7,7,7,7,7
Map_570,27,33,20,20,20,18,16,17,16,17,16,17,16,17,16,17,17,16,17,16,17,16,16,16,16,16
Map_571,41,96,39,39,39,68,39,38,39,38,39,38,38,38,38,38,42,38,42,38,42,24,42,38,42,38
Map_572,14,66,11,11,11,11,11,11,11,11,11,11,11,11,11,11,11,11,11,11,11,11,11,11,11,11
Map_573,24,73,9,9,9,9,9,9,9,9,9,9,9,9,9,9,9,9,9,9,9,9,9,9,9,9
Map_574,8,65,8,8,8,8,8,8,8,8,8,8,8,8,8,8,8,8,8,8,8,8,8,8,8,8
Map_575,8,38,8,8,8,19,8,8,8,8,8,8,8,8,8,8,15,8,15,8,15,8,8,8,8,8
Map_576,16,105,17,17,17,17,11,11,11,11,11,11,11,11,11,11,11,11,11,11,11,11,11,11,11,11
Map_577,37,104,14,14,14,14,14,14,14,14,14,14,14,14,14,14,17,14,17,14,17,14,14,14,14,14
Map_578,27,44,18,18,24,18,18,18,18,18,18,18,18,18,18,18,18,18,19,18,19,18,18,18,18,18
Map_579,70,83,16,16,16,34,16,16,16,16,16,16,16,16,16,16,16,16,21,16,21,16,16,16,16,16
Map_580,42,242,46,45,45,35,28,37,28,37,28,37,28,37,31,37,28,28,28,28,28,28,28,45,28,45
Map_581,30,101,17,17,17,17,17,17,17,17,17,17,17,17,17,17,16,16,16,16,16,16,16,17,17,17
Map_582,17,72,23,23,23,22,20,13,20,13,20,13,20,13,20,13,14,13,14,13,14,13,14,13,14,13
Map_583,156,40,25,25,25,25,25,25,25,25,25,25,25,25,25,25,24,23,24,23,24,23,24,23,24,23
Map_584,11,68,10,10,11,10,10,10,10,10,10,10,10,10,10,10,10,10,10,10,10,10,10,10,10,10
Map_585,7,18,8,6,6,8,6,6,6,6,6,6,6,6,6,6,6,6,6,6,6,6,6,6,6,6
Map_586,8,13,8,8,8,9,8,7,8,7,8,7,7,7,7,7,8,7,8,7,8,7,8,7,8,7
Map_587,11,20,12,11,11,12,11,11,11,11,11,11,11,11,11,11,13,11,13,11,13,11,13,11,13,11
Map_588,17,45,17,17,16,16,16,16,16,16,16,16,16,16,16,16,17,16,17,16,17,16,17,16,17,16
Map_589,14,28,12,12,14,15,12,12,12,12,12,12,12,12,12,12,12,12,12,12,12,12,12,12,12,12
Map_590,188,245,111,95,108,137,65,32,65,32,65,32,65,32,66,32,33,20,33,20,33,20,33,20,33,20
Map_591,17,45,16,16,16,17,16,16,16,16,16,16,17,17,17,17,17,16,18,16,18,16,16,16,16,16
Map_592,199,415,20,19,18,36,19,19,19,19,19,19,19,19,19,19,35,18,35,18,35,18,35,18,19,18
Map_593,11,33,10,10,10,16,10,10,10,10,10,10,10,10,10,10,10,10,10,10,13,10,10,10,10,10
Map_594,19,51,18,18,18,18,18,18,18,18,18,18,17,18,17,18,17,17,19,17,19,17,17,18,17,18
Map_595,10,67,10,10,10,15,10,10,10,10,10,10,10,10,10,10,10,10,10,10,10,10,10,10,10,10
Map_596,7,28,7,7,7,9,7,7,7,7,7,7,7,7,7,7,7,7,7,7,7,7,7,7,7,7
Map_597,12,27,10,10,10,13,10,10,10,10,10,10,10,10,10,10,11,10,11,11,11,11,11,10,11,10
Map_598,23,105,24,22,24,27,22,22,22,22,22,22,22,22,22,22,18,18,18,18,18,18,18,18,18,22
Map_599,123,129,143,109,109,123,84,64,84,64,84,64,84,64,84,64,86,56,86,56,86,56,86,64,88,64
Map_600,9,20,9,9,9,9,9,9,9,9,9,9,9,9,9,9,9,9,9,9,9,9,9,9,9,9
Map_601,14,73,14,14,14,14,14,14,14,14,14,14,14,14,14,14,14,14,16,14,16,14,14,14,14,14
Map_602,13,56,10,10,10,22,10,10,10,10,10,10,10,10,10,10,10,10,10,10,10,10,10,10,10,10
Map_603,12,87,8,8,8,13,8,8,8,8,8,8,8,8,8,8,8,8,8,8,8,8,8,8,8,8
Map_604,13,30,13,13,13,15,13,13,13,13,13,13,13,13,13,13,13,13,13,13,13,13,13,13,13,13
Map_605,70,86,59,37,64,73,23,23,23,23,23,23,23,23,23,23,23,23,23,23,23,23,23,23,23,23
Map_606,11,79,7,7,7,9,7,7,7,7,7,7,7,7,7,7,7,7,7,7,7,7,7,7,7,7
Map_607,29,97,23,23,23,26,21,16,21,16,21,16,21,16,21,16,21,16,21,16,21,16,21,16,21,16
Map_608,81,107,40,40,40,40,41,38,41,38,41,38,40,40,40,40,27,27,27,27,27,27,27,27,27,27
Map_609,4,35,4,4,4,4,4,4,4,4,4,4,4,4,4,4,4,4,4,4,4,4,4,4,4,4
Map_610,26,31,16,16,16,18,16,16,16,16,16,16,16,16,16,16,16,13,16,13,16,13,16,13,16,13
Map_611,6,29,5,5,5,5,5,5,5,5,5,5,5,5,5,5,5,5,5,5,5,5,5,5,5,5
Map_612,20,56,15,15,15,17,15,15,15,15,15,15,15,15,15,15,15,15,15,15,15,15,15,15,15,15
Map_613,44,67,21,21,21,34,21,21,21,21,21,21,21,21,21,21,27,20,27,20,27,20,20,20,20,20
Map_614,9,16,9,9,9,9,10,9,10,9,10,9,10,9,10,9,10,9,10,9,10,9,10,9,10,9
Map_615,25,58,11,11,11,11,11,11,11,11,11,11,11,11,11,11,11,11,17,11,17,11,11,11,11,11
Map_616,20,57,20,17,20,20,17,15,17,15,17,15,15,15,15,15,17,15,19,15,19,15,17,15,17,15
Map_617,19,59,14,14,13,19,14,12,14,12,14,12,14,12,14,12,14,12,14,12,14,12,14,12,14,12
Map_618,9,26,8,8,8,16,8,8,8,8,8,8,8,8,8,8,8,8,8,8,8,8,8,8,8,8
Map_619,28,61,13,13,13,25,16,13,16,13,16,13,16,13,16,13,16,13,16,13,16,13,16,13,16,13
Map_620,28,53,17,17,17,41,15,14,15,14,15,14,14,14,14,14,15,14,15,14,15,14,15,14,15,14
Map_621,8,13,8,8,8,10,8,8,8,8,8,8,8,8,8,8,8,8,8,8,8,8,8,8,8,8
Map_622,19,134,13,13,13,26,13,13,13,13,13,13,13,13,13,13,13,13,13,13,13,13,13,13,13,13
Map_623,17,53,12,12,12,12,12,12,12,12,12,12,12,12,12,12,12,12,12,12,12,12,12,12,12,12
Map_624,269,128,12,12,12,12,12,12,12,12,12,12,12,12,12,12,12,12,19,12,19,12,12,12,12,12
Map_625,10,40,16,16,11,16,16,11,16,11,16,11,16,11,16,11,16,10,16,10,16,10,16,10,16,10
Map_626,13,335,11,10,11,11,11,10,11,10,11,10,10,10,10,10,11,11,11,11,11,11,11,10,11,10
Map_627,24,61,16,16,16,16,18,18,18,18,18,18,18,18,18,18,16,16,16,16,16,16,16,16,16,16
Map_628,21,94,11,11,11,11,11,11,11,11,11,11,11,11,11,11,11,11,11,11,11,11,11,11,11,11
Map_629,11,37,11,11,11,13,11,11,11,11,11,11,11,11,11,11,11,11,11,11,11,11,11,11,11,11
Map_630,19,47,15,15,14,15,11,14,11,14,11,14,11,14,11,14,12,11,14,11,14,11,11,11,11,11
Map_631,3,7,3,3,3,3,3,3,3,3,3,3,3,3,3,3,3,3,3,3,3,3,3,3,3,3
Map_632,8,24,8,8,8,9,8,8,8,8,8,8,8,8,8,8,9,8,9,8,9,8,8,8,8,8
Map_633,39,97,16,15,15,16,15,15,15,15,15,15,15,15,15,15,15,13,15,13,15,13,15,13,15,13
Map_634,27,32,21,21,21,22,21,21,21,21,21,21,21,21,21,21,18,21,21,21,21,21,18,21,18,21
Map_635,43,127,24,24,24,24,24,24,24,24,24,24,24,24,24,24,31,22,31,22,31,22,31,22,31,22
Map_636,14,28,11,11,11,15,11,13,11,13,11,13,11,13,11,13,12,11,12,11,12,11,11,11,11,11
Map_637,16,26,14,14,14,14,14,12,14,12,14,12,14,12,14,12,15,12,15,12,15,15,14,12,14,12
Map_638,10,17,10,10,10,11,10,10,10,10,10,10,10,10,10,10,10,10,10,10,10,10,10,10,10,10
Map_639,10,100,9,9,9,11,9,9,9,9,9,9,9,9,9,9,9,9,9,9,9,9,9,9,9,9
Map_640,17,112,17,17,17,17,17,17,17,17,17,17,17,17,17,17,17,17,17,17,17,17,17,17,17,17
Map_641,11,208,10,10,10,11,10,10,10,10,10,10,10,10,10,10,11,10,11,10,11,10,11,10,10,10
Map_642,62,70,47,31,47,36,35,31,35,31,35,31,31,31,31,31,35,25,35,25,35,25,35,31,35,31
Map_643,9,139,12,12,12,17,12,9,12,9,12,9,9,9,9,9,9,9,9,9,9,9,9,9,9,9
Map_644,29,44,19,19,19,19,17,19,17,19,17,19,17,19,16,19,17,16,17,16,17,16,17,16,17,16
Map_645,22,32,11,11,11,16,13,11,13,11,13,11,11,11,11,11,13,11,13,11,13,11,13,11,13,11
Map_646,27,89,17,17,17,17,17,17,17,17,17,17,17,17,17,17,17,17,17,17,17,17,17,17,17,17
Map_647,55,134,24,24,24,29,24,24,24,24,24,24,24,24,24,24,24,20,24,20,24,20,24,20,24,20
Map_648,4,7,5,4,4,5,4,4,4,4,4,4,4,4,4,4,4,4,4,4,4,4,4,4,4,4
Map_649,36,79,22,22,22,36,27,15,27,15,27,15,21,15,21,15,27,15,20,15,20,15,27,15,27,15
Map_650,21,63,22,16,18,11,10,10,10,10,10,10,10,10,10,10,10,10,10,10,10,10,10,10,10,10
Map_651,14,120,12,12,12,15,13,13,13,13,13,13,13,14,13,14,13,12,13,12,13,12,13,12,13,12
Map_652,15,27,15,15,15,18,15,15,15,15,15,15,15,15,15,15,14,14,14,14,14,14,14,14,14,14
Map_653,43,51,25,24,25,25,24,24,24,24,24,24,24,24,24,24,24,24,24,24,24,24,24,24,24,24
Map_654,24,48,14,14,14,14,14,14,14,14,14,14,14,14,14,14,14,14,14,14,14,14,14,14,14,14
Map_655,9,131,5,5,5,5,5,5,5,5,5,5,5,5,5,5,5,5,5,5,5,5,5,5,5,5
Map_656,19,61,21,21,19,22,21,17,21,17,21,17,21,17,21,17,22,15,22,15,22,15,22,17,15,17
Map_657,5,11,5,5,5,7,5,5,5,5,5,5,5,5,5,5,5,5,5,5,5,5,5,5,5,5
Map_658,16,23,13,13,13,13,13,13,13,13,13,13,13,13,13,13,13,13,13,13,13,13,13,13,13,13
Map_659,29,97,25,25,19,33,19,11,19,11,19,11,19,11,19,11,11,11,11,11,11,11,11,11,11,11
Map_660,9,155,12,8,8,12,8,8,8,8,8,8,8,8,8,8,8,8,8,8,8,8,8,8,8,8
Map_661,66,73,39,37,36,39,27,27,27,27,27,27,27,27,27,27,27,21,27,21,27,21,27,21,27,21
Map_662,66,124,24,24,25,29,24,20,24,20,24,20,24,20,24,20,23,20,23,20,23,20,23,20,23,20
Map_663,6,17,6,6,6,6,6,6,6,6,6,6,6,6,6,6,6,6,6,6,6,6,6,6,6,6
Map_664,218,126,16,20,16,22,19,19,19,19,19,19,19,19,21,21,18,16,18,16,18,16,18,19,18,19
Map_665,14,17,11,11,11,11,11,11,11,11,11,11,11,11,11,11,11,11,13,11,13,11,11,11,11,11
Map_666,45,107,32,32,49,35,32,32,32,32,32,32,32,32,32,32,32,32,32,32,32,32,32,32,32,32
Map_667,18,50,10,10,10,10,10,10,10,10,10,10,10,10,10,10,10,10,10,10,10,10,10,10,10,10
Map_668,13,47,10,10,10,10,10,10,10,10,10,10,10,10,10,10,10,9,10,9,10,9,10,9,10,9
Map_669,10,28,9,9,9,11,9,9,9,9,9,9,9,9,9,9,9,9,9,9,9,9,9,9,9,9
Map_670,13,179,13,13,13,23,13,13,13,13,13,13,13,13,13,13,19,13,19,13,19,13,13,13,13,13
Map_671,66,76,33,33,33,35,33,33,33,33,33,33,33,33,33,33,33,31,31,31,31,31,33,31,33,31
Map_672,17,41,19,17,17,26,17,12,17,12,17,12,18,12,18,12,16,12,16,12,16,12,16,12,17,12
Map_673,18,66,12,12,12,12,12,12,12,12,12,12,12,12,12,12,12,12,12,12,12,12,12,12,12,12
Map_674,15,32,16,15,16,16,13,12,13,12,13,12,13,12,13,12,13,12,13,12,13,12,13,12,13,12
Map_675,7,27,8,8,8,8,8,7,8,7,8,7,8,7,8,7,8,7,8,7,8,7,8,7,8,7
Map_676,27,54,18,18,18,18,18,18,18,18,18,18,18,18,18,18,18,18,18,18,18,18,18,18,18,18
Map_677,17,35,10,10,10,11,10,10,10,10,10,10,10,10,10,10,10,10,10,10,10,10,10,10,10,10
Map_678,16,28,21,16,21,21,16,16,18,16,18,16,16,16,16,16,16,15,15,16,15,16,16,15,16,15
Map_679,16,29,16,16,16,18,16,16,16,16,16,16,16,16,16,16,16,16,20,16,20,16,16,16,16,16
Map_680,85,239,22,22,22,28,18,16,18,16,18,16,18,16,18,16,18,16,18,16,18,16,18,16,18,16
Map_681,18,24,18,16,18,19,14,14,14,14,14,14,14,14,14,14,16,14,16,14,16,14,16,14,16,14
Map_682,16,75,13,13,13,11,10,10,10,10,10,10,10,10,10,10,11,10,11,10,11,10,10,10,10,10
Map_683,23,46,14,14,14,19,14,14,14,14,14,14,14,14,14,14,14,14,14,14,14,14,14,14,14,14
Map_684,13,35,16,16,16,18,16,12,16,12,16,12,16,12,16,12,16,12,16,12,16,12,16,12,16,12
Map_685,155,67,33,32,33,41,39,25,39,25,39,25,39,25,39,25,21,21,21,21,21,21,25,23,25,23
Map_686,7,87,7,7,7,9,7,7,7,7,7,7,7,7,7,7,7,7,7,7,7,7,7,7,7,7
Map_687,54,77,22,22,22,22,22,22,22,22,22,22,22,22,22,22,27,22,27,22,27,22,27,22,27,22
Map_688,56,87,17,17,17,17,17,15,17,15,17,15,15,15,15,15,17,15,17,15,17,15,17,15,17,15
Map_689,19,38,16,16,16,16,16,16,16,16,16,16,16,16,16,16,16,16,16,16,16,16,16,16,16,16
Map_690,26,67,15,15,15,15,16,16,16,16,16,16,16,17,17,17,20,15,20,15,20,15,16,16,16,16
Map_691,15,65,11,11,11,12,11,11,11,11,11,11,11,11,11,11,11,11,11,11,11,11,11,11,11,11
Map_692,9,24,9,9,9,18,9,9,9,9,9,9,9,9,9,9,9,9,9,9,9,9,9,9,9,9
Map_693,12,109,14,15,14,29,12,12,12,12,12,12,12,12,12,12,12,12,12,12,12,12,12,12,12,12
Map_694,11,130,8,8,8,11,8,8,8,8,8,8,8,8,8,8,8,8,8,8,8,8,8,8,8,8
Map_695,16,46,11,11,11,11,11,11,11,11,11,11,11,11,11,11,11,11,11,11,11,11,11,11,11,11
Map_696,7,27,7,7,7,7,7,7,7,7,7,7,7,7,7,7,7,7,7,7,7,7,7,7,7,7
Map_697,6,11,6,6,6,6,6,6,6,6,6,6,6,6,6,6,6,6,8,6,8,6,6,6,6,6
Map_698,5,20,5,5,5,7,5,5,5,5,5,5,5,5,5,5,7,5,7,5,7,5,7,5,5,5
Map_699,141,48,16,16,18,22,16,16,16,16,16,16,16,16,16,16,16,16,16,16,16,16,16,16,16,16
Map_700,7,23,7,7,7,9,7,7,7,7,7,7,7,7,7,7,7,7,7,7,7,7,7,7,7,7
Map_701,10,24,11,11,10,11,10,10,10,10,10,10,10,10,10,10,10,10,10,10,10,10,10,10,10,10
Map_702,13,38,9,8,9,9,9,8,9,8,9,8,9,8,9,8,9,8,9,8,9,8,9,8,9,8
Map_703,45,121,18,18,18,18,15,15,15,15,15,15,15,15,15,15,15,15,15,15,15,15,15,15,15,15
Map_704,12,59,10,10,10,14,13,12,13,12,13,12,12,12,12,12,14,12,14,12,14,12,14,12,14,12
Map_705,7,29,9,7,7,9,7,7,7,7,7,7,7,7,7,7,9,7,9,7,9,7,7,7,7,7
Map_706,29,51,13,13,13,13,12,12,12,12,12,12,12,12,12,12,12,12,12,12,12,12,12,12,12,12
Map_707,22,37,22,22,22,27,22,22,22,22,22,22,22,22,22,22,22,22,22,22,22,22,22,22,22,22
Map_708,84,117,74,73,74,85,57,57,57,57,57,57,57,57,57,57,43,43,49,43,49,43,43,43,43,43
Map_709,21,32,21,21,21,21,16,16,16,16,16,16,16,16,16,16,19,16,19,16,19,16,16,16,16,16
Map_710,20,44,14,14,14,19,14,14,14,14,14,14,14,14,14,14,14,14,14,14,14,14,14,14,14,14
Map_711,15,32,12,12,15,18,12,11,12,11,12,11,11,11,11,11,12,11,12,11,12,11,12,11,12,11
Map_712,14,45,12,12,12,12,12,12,12,12,12,12,12,12,12,12,12,12,12,12,12,12,12,12,12,12
Map_713,35,77,30,30,33,33,30,30,30,30,30,30,30,30,30,30,29,30,29,30,29,31,29,30,29,30
Map_714,8,27,8,8,8,19,8,8,8,8,8,8,8,8,8,8,8,8,8,8,8,8,8,8,8,8
Map_715,7,12,5,5,5,7,5,5,5,5,5,5,5,5,5,5,5,5,5,5,5,5,5,5,5,5
Map_716,23,28,17,17,17,17,17,17,17,17,17,17,18,17,17,17,21,13,21,13,21,13,13,13,13,13
Map_717,16,51,14,14,14,14,14,11,14,11,14,11,14,11,14,11,11,11,11,11,11,11,11,11,11,11
Map_718,34,99,32,24,32,19,19,19,19,19,19,19,19,19,19,19,19,18,19,18,19,18,19,18,19,18
Map_719,29,101,26,26,26,32,26,26,26,26,26,26,26,26,26,26,25,22,27,22,27,22,25,26,26,26
Map_720,6,13,6,6,6,10,6,6,6,6,6,6,6,6,6,6,6,6,9,6,9,6,6,6,6,6
Map_721,19,93,13,13,13,13,13,13,13,13,13,13,13,13,13,13,13,13,13,13,13,13,13,13,13,13
Map_722,9,22,9,9,9,13,9,9,9,9,9,9,9,9,9,9,9,9,9,9,9,9,9,9,9,9
Map_723,9,33,9,9,9,9,10,9,10,9,10,9,10,9,10,9,10,9,10,9,10,9,10,9,10,9
Map_724,10,28,11,10,10,11,10,10,10,10,10,10,10,10,10,10,10,10,10,10,10,10,10,10,10,10
Map_725,123,86,22,22,22,26,22,22,22,22,22,22,22,22,22,22,20,22,20,22,20,22,22,22,22,22
Map_726,7,13,7,7,7,8,7,7,7,7,7,7,7,7,7,7,7,7,7,7,7,7,7,7,7,7
Map_727,11,39,10,10,10,10,10,10,10,10,10,10,10,10,10,10,10,10,10,10,10,10,10,10,10,10
Map_728,11,18,8,8,8,8,8,8,8,8,8,8,8,8,8,8,8,8,8,8,8,8,8,8,8,8
Map_729,12,137,12,12,12,23,12,12,12,12,12,12,12,12,12,12,12,12,12,12,12,12,12,12,12,12
Map_730,41,114,25,25,25,27,26,25,26,25,26,25,26,25,26,25,27,25,27,25,27,25,27,25,27,25
Map_731,37,56,20,20,31,27,20,20,20,20,20,20,20,20,20,20,20,20,20,20,20,20,20,20,20,20
Map_732,21,131,20,21,20,25,21,21,21,21,21,21,25,25,25,25,20,21,20,21,20,21,20,21,20,21
Map_733,21,96,8,8,8,10,8,8,8,8,8,8,8,8,8,8,8,8,8,8,8,8,8,8,8,8
Map_734,82,98,44,44,44,35,31,30,31,30,31,30,30,30,30,30,25,27,25,27,25,24,25,29,25,29
Map_735,44,67,23,24,23,39,27,24,18,18,18,18,27,24,26,24,14,14,14,14,14,14,14,14,14,14
Map_736,63,94,19,19,19,19,19,15,19,15,19,15,19,17,19,17,17,15,17,15,17,15,19,15,19,15
Map_737,97,61,28,22,28,30,22,22,22,22,22,22,22,22,22,22,22,22,22,22,22,22,22,22,22,22
Map_738,261,328,46,38,46,39,38,31,38,31,38,31,35,31,35,31,21,18,21,18,21,18,20,18,20,18
Map_739,27,50,23,23,23,23,23,17,23,17,23,17,22,17,22,17,17,17,17,17,17,17,17,17,17,17
Map_740,10,16,10,10,10,11,10,10,10,10,10,10,10,10,10,10,10,10,10,10,10,10,10,10,10,10
Map_741,15,125,15,15,15,12,12,12,12,12,12,12,12,12,12,12,12,12,12,12,12,12,12,12,12,12
Map_742,17,32,14,14,14,14,14,17,14,17,14,17,14,18,14,18,14,14,14,14,14,14,14,14,14,14
Map_743,7,24,7,7,7,7,7,7,7,7,7,7,7,7,7,7,7,7,7,7,7,7,7,7,7,7
Map_744,11,106,15,15,15,14,14,14,14,14,14,14,14,14,14,14,14,14,14,11,14,11,14,14,14,14
Map_745,18,23,15,15,15,15,16,15,16,15,16,15,16,15,16,15,17,15,17,15,17,15,16,15,16,15
Map_746,9,55,6,6,6,6,6,5,6,5,6,5,5,5,5,5,6,5,6,5,6,5,6,5,6,5
Map_747,57,66,24,24,24,25,24,24,24,24,24,24,24,24,24,24,24,24,26,24,26,24,24,24,24,24
Map_748,26,233,20,19,20,20,20,19,20,19,20,19,19,22,22,22,20,19,20,19,20,19,20,19,20,19
Map_749,19,233,20,20,20,20,15,15,15,15,15,15,15,15,15,15,15,15,15,15,15,15,15,15,15,15
Map_750,53,85,21,21,21,22,23,24,23,24,23,24,23,24,23,24,23,24,23,24,23,24,23,24,23,24
Map_751,32,39,38,38,38,38,28,28,28,28,28,28,28,28,30,30,22,22,28,22,28,22,22,22,22,22
Map_752,11,82,11,11,11,13,11,11,11,11,11,11,11,11,11,11,11,11,11,11,11,11,11,11,11,11
Map_753,11,21,13,13,13,15,11,11,11,11,11,11,11,11,11,11,11,11,11,11,11,11,11,11,11,11
Map_754,34,98,11,11,11,11,11,11,11,11,11,11,11,11,11,11,11,11,26,11,26,11,11,11,11,11
Map_755,9,26,11,10,11,11,9,9,9,9,9,9,9,9,9,9,11,9,11,9,11,9,9,9,9,9
Map_756,36,63,24,28,25,42,24,24,24,24,24,24,27,27,27,27,22,24,22,22,22,22,24,24,24,24
Map_757,7,20,7,7,7,10,7,7,7,7,7,7,7,7,7,7,7,7,7,7,7,7,7,7,7,7
Map_758,14,43,10,9,10,10,10,9,10,9,10,9,9,9,9,9,10,9,10,9,10,9,10,9,10,9
Map_759,21,188,26,20,20,26,26,20,26,20,26,20,20,20,20,20,25,20,25,20,25,20,23,20,23,20
Map_760,13,37,9,9,9,14,9,9,9,9,9,9,9,9,9,9,9,9,9,9,9,9,9,9,9,9
Map_761,6,14,6,6,6,6,6,6,6,6,6,6,6,6,6,6,6,6,6,6,6,6,6,6,6,6
Map_762,48,60,23,23,23,25,23,23,23,23,23,23,23,23,23,23,19,19,19,19,19,19,19,19,19,19
Map_763,35,33,14,14,14,14,14,14,14,14,14,14,14,14,14,14,17,14,17,14,17,14,14,14,14,14
Map_764,8,16,9,9,9,11,9,8,9,8,9,8,8,8,8,8,9,8,9,8,9,8,9,8,9,8
Map_765,14,21,11,11,11,11,11,11,11,11,11,11,11,11,11,11,12,11,12,11,12,11,11,11,11,11
Map_766,124,66,46,46,46,46,40,35,40,35,40,35,40,35,40,35,40,35,40,34,40,34,40,35,40,35
Map_767,10,19,11,10,11,17,11,10,11,10,11,10,10,10,10,10,11,10,15,10,15,10,11,10,11,10
Map_768,67,98,28,28,28,37,22,21,22,21,22,21,22,21,22,21,22,21,22,21,22,21,22,21,22,21
Map_769,25,193,11,11,11,11,11,11,11,11,11,11,11,11,11,11,11,11,11,11,11,11,11,11,11,11
Map_770,25,183,22,20,22,22,20,20,20,20,20,20,20,20,20,20,18,17,18,17,18,17,17,17,17,17
Map_771,18,62,13,13,13,16,13,13,13,13,13,13,13,13,13,13,13,13,13,13,13,13,13,13,13,13
Map_772,68,104,28,28,33,31,28,28,28,28,28,28,28,28,28,28,11,11,11,11,11,11,11,11,11,11
Map_773,16,114,16,15,16,17,16,14,16,14,16,14,14,14,14,14,14,14,14,14,14,14,14,14,14,14
Map_774,11,24,11,11,11,11,11,11,11,11,11,11,11,11,11,11,11,11,11,11,11,11,11,11,11,11
Map_775,23,138,12,12,12,15,12,12,12,12,12,12,12,12,12,12,12,12,12,12,12,12,12,12,12,12
Map_776,14,139,13,13,13,13,13,13,13,13,13,13,15,15,15,15,13,13,15,13,15,13,13,13,13,13
Map_777,33,88,8,8,8,8,8,8,8,8,8,8,8,8,8,8,8,8,8,8,8,8,8,8,8,8
Map_778,8,18,7,7,7,11,7,7,7,7,7,7,7,7,7,7,7,7,7,7,7,7,7,7,7,7
Map_779,13,175,12,12,12,12,12,12,12,12,12,12,12,12,12,12,12,12,13,12,13,12,12,12,12,12
Map_780,16,171,13,12,13,16,13,12,13,12,13,12,12,12,12,12,13,12,15,12,15,12,13,12,13,12
Map_781,43,65,31,31,31,42,31,31,31,31,31,31,31,31,32,32,20,20,20,20,20,20,20,20,20,20
Map_782,15,46,16,16,15,25,15,15,15,15,15,15,15,15,15,15,17,15,17,14,17,14,15,15,15,15
Map_783,416,82,26,26,43,44,26,40,26,40,26,40,26,40,26,40,27,26,29,26,29,26,27,40,26,40
Map_784,31,37,18,16,16,21,14,14,14,14,14,14,14,14,14,14,14,14,14,14,14,14,14,14,14,14
Map_785,36,92,11,11,11,11,11,11,11,11,11,11,11,11,11,11,11,11,11,11,11,11,11,11,11,11
Map_786,4,16,4,4,4,4,4,4,4,4,4,4,4,4,4,4,4,4,4,4,4,4,4,4,4,4
Map_787,12,76,18,18,18,18,16,12,16,12,16,12,16,12,16,12,12,12,12,12,12,12,20,12,20,12
Map_788,12,27,14,13,12,13,13,13,13,13,13,13,13,13,13,13,13,13,13,13,13,13,13,13,13,13
Map_789,12,45,9,9,9,9,9,9,9,9,9,9,9,9,9,9,9,9,9,9,9,9,9,9,9,9
Map_790,14,177,23,23,23,22,18,14,18,14,18,14,18,14,18,14,18,14,18,14,18,14,18,14,18,14
Map_791,20,32,16,15,15,16,15,15,15,15,15,15,15,15,15,15,16,15,16,15,16,15,16,15,16,15
Map_792,21,153,21,21,21,22,21,21,21,21,21,21,21,21,21,21,21,21,21,21,21,21,21,21,21,21
Map_793,25,46,19,19,19,19,19,19,19,19,19,19,19,19,19,19,19,16,19,16,19,16,19,16,19,16
Map_794,19,265,17,17,17,27,18,17,18,17,18,17,18,17,18,17,21,17,21,17,21,17,24,17,24,17
Map_795,5,10,5,5,5,5,5,5,5,5,5,5,5,5,5,5,5,5,5,5,5,5,5,5,5,5
Map_796,36,88,25,19,20,43,20,19,20,19,20,19,19,19,19,19,20,19,22,19,22,19,20,19,20,19
Map_797,8,21,6,6,6,6,6,6,6,6,6,6,6,6,6,6,6,6,6,6,6,6,6,6,6,6
Map_798,57,73,26,26,57,26,26,16,26,16,26,16,26,16,26,16,26,16,26,16,26,16,26,16,26,16
Map_799,11,24,11,11,11,12,11,11,11,11,11,11,11,11,11,11,11,11,11,11,11,11,11,11,11,11
Map_800,138,77,24,24,45,24,19,18,19,18,19,18,18,18,18,18,19,18,19,18,19,18,19,18,19,18
Map_801,9,38,9,9,9,9,9,9,9,9,9,9,9,9,9,9,9,9,9,9,9,9,9,9,9,9
Map_802,10,61,10,10,10,17,12,10,12,10,12,10,12,10,12,10,16,10,16,10,16,10,12,10,12,10
Map_803,117,133,33,33,33,103,102,103,102,103,102,103,105,103,105,103,33,23,42,23,42,23,33,23,33,23
Map_804,96,108,28,26,26,24,23,23,23,23,23,23,23,23,23,23,24,23,24,23,24,23,23,23,23,23
Map_805,14,43,15,14,15,21,15,14,15,14,15,14,14,14,14,14,15,14,15,14,15,14,15,14,15,14
Map_806,21,155,15,15,15,15,18,15,18,15,18,15,18,15,18,15,23,15,23,15,23,15,18,15,18,15
Map_807,8,95,8,8,8,13,9,8,9,8,9,8,8,8,8,8,9,8,9,8,9,8,9,8,9,8
Map_808,25,147,12,12,12,12,12,12,12,12,12,12,12,12,12,12,12,12,12,12,12,12,12,12,12,12
Map_809,104,65,21,21,21,21,18,18,18,18,18,18,18,18,18,18,18,21,18,21,18,21,18,21,18,21
Map_810,7,36,7,7,7,16,7,7,7,7,7,7,7,7,7,7,7,7,7,7,7,7,7,7,7,7
Map_811,146,97,47,47,100,70,36,30,36,30,36,30,36,30,36,30,38,30,51,30,51,30,36,30,36,30
Map_812,67,65,13,12,12,13,12,12,12,12,12,12,12,12,12,12,12,12,12,12,12,12,12,12,12,12
Map_813,10,41,23,21,23,14,20,10,20,10,20,10,20,10,20,10,23,10,23,10,23,10,24,10,24,10
Map_814,8,26,8,8,8,14,8,8,8,8,8,8,8,8,8,8,8,8,8,8,8,8,8,8,8,8
Map_815,95,79,32,31,32,21,31,33,31,33,31,33,30,33,30,33,32,21,32,21,32,21,32,21,32,21
Map_816,20,49,25,20,25,25,19,20,19,20,19,20,19,20,19,20,19,19,19,20,19,20,19,20,19,20
Map_817,16,110,13,13,13,17,13,13,13,13,13,13,13,13,13,13,13,13,13,13,13,13,13,13,13,13
Map_818,14,36,12,12,12,14,14,12,14,12,14,12,14,12,14,12,14,12,14,12,14,12,14,12,14,12
Map_819,41,55,27,27,27,27,27,27,27,27,27,27,27,27,27,27,24,24,24,24,24,24,24,24,24,24
Map_820,9,20,8,8,8,8,8,8,8,8,8,8,8,8,8,8,8,8,8,8,8,8,8,8,8,8
Map_821,30,129,20,18,18,20,16,16,16,16,16,16,16,16,16,16,16,16,16,16,16,16,16,16,16,16
Map_822,7,13,7,6,6,7,6,6,6,6,6,6,6,6,6,6,6,6,6,6,6,6,6,6,6,6
Map_823,21,213,12,12,22,12,12,12,12,12,12,12,12,12,12,12,12,12,18,12,18,12,12,12,12,12
Map_824,13,52,10,10,10,11,10,10,10,10,10,10,10,10,10,10,10,10,10,10,10,10,10,10,10,10
Map_825,49,92,20,20,26,22,20,20,20,20,20,20,20,20,20,20,20,20,20,20,20,20,20,20,20,20
Map_826,14,123,14,14,15,14,14,14,14,14,14,14,14,14,14,14,14,14,14,12,12,12,14,14,14,14
Map_827,7,14,7,7,7,7,7,7,7,7,7,7,7,7,7,7,7,7,7,7,7,7,7,7,7,7
Map_828,8,20,7,7,7,8,7,7,7,7,7,7,7,7,7,7,7,7,7,7,7,7,7,7,7,7
Map_829,6,36,6,6,6,6,6,6,6,6,6,6,6,6,6,6,6,6,6,6,6,6,6,6,6,6
Map_830,25,41,10,10,10,11,10,10,10,10,10,10,10,10,10,10,10,10,10,10,10,10,10,10,10,10
Map_831,9,13,8,8,8,8,7,7,7,7,7,7,7,7,7,7,7,7,7,7,7,7,7,7,7,7
Map_832,33,93,13,13,13,13,13,13,13,13,13,13,13,13,13,13,13,13,13,13,13,13,13,13,13,13
Map_833,30,86,20,29,19,26,26,26,26,26,26,26,26,26,26,26,26,19,26,19,26,19,26,19,26,19
Map_834,17,44,11,10,10,11,10,10,10,10,10,10,10,10,10,10,10,10,10,10,10,10,10,10,10,10
Map_835,29,62,17,17,17,17,17,17,17,17,17,17,17,17,17,17,17,17,17,18,17,18,17,17,17,17
Map_836,92,177,19,19,19,20,16,16,16,16,16,16,16,16,16,16,17,16,17,16,17,16,16,16,16,16
Map_837,94,120,15,15,15,15,14,14,14,14,14,14,14,14,14,14,14,14,14,14,14,14,14,14,14,14
Map_838,12,81,12,12,12,13,13,12,13,12,13,12,13,12,13,12,13,12,13,12,13,12,13,12,13,12
Map_839,59,94,23,23,23,29,21,23,21,23,21,23,21,23,21,23,21,19,21,19,21,19,21,23,21,23
Map_840,102,249,19,19,19,28,19,17,19,17,19,17,19,18,19,18,17,17,17,17,17,17,17,17,18,17
Map_841,54,46,22,22,22,22,22,23,22,23,22,23,22,23,22,23,28,23,28,23,28,23,28,23,28,23
Map_842,8,15,7,7,7,9,8,7,8,7,8,7,8,7,8,7,8,7,8,7,8,7,8,7,8,7
Map_843,36,139,23,23,23,29,14,15,14,15,14,15,14,15,14,15,14,14,14,14,14,14,14,14,14,14
Map_844,10,20,10,8,10,19,8,8,8,8,8,8,8,8,8,8,8,8,17,8,17,8,8,8,8,8
Map_845,18,37,11,11,11,11,11,11,11,11,11,11,11,11,11,11,11,11,11,11,11,11,11,11,11,11
Map_846,11,23,10,10,10,10,10,10,10,10,10,10,10,10,10,10,10,10,10,10,10,10,10,10,10,10
Map_847,15,16,11,11,11,14,11,11,11,11,11,11,11,11,11,11,11,11,11,11,11,11,11,11,11,11
Map_848,11,19,11,11,11,15,12,11,12,11,12,11,12,11,12,11,12,11,12,11,12,11,12,11,12,11
Map_849,11,53,10,10,10,10,10,10,10,10,10,10,10,10,10,10,11,10,11,10,11,10,10,10,10,10
Map_850,11,48,11,11,11,17,11,11,11,11,11,11,11,11,11,11,11,11,11,12,11,12,11,11,11,11
Map_851,5,15,5,5,5,9,5,5,5,5,5,5,5,5,5,5,5,5,5,5,5,5,5,5,5,5
Map_852,5,36,5,5,5,10,5,5,5,5,5,5,5,5,5,5,5,5,5,5,5,5,5,5,5,5
Map_853,43,64,16,16,16,18,18,18,18,18,18,18,18,18,18,18,18,15,18,15,18,15,18,15,18,15
Map_854,11,31,9,9,10,9,9,11,9,11,9,11,9,11,9,11,9,9,9,9,9,9,9,11,9,11
Map_855,147,38,12,12,12,28,12,12,12,12,12,12,12,12,12,12,15,12,15,12,15,12,14,12,14,12
Map_856,32,38,26,25,20,26,24,20,24,20,24,20,24,20,24,20,31,20,31,20,31,20,31,20,33,20
Map_857,5,11,6,6,6,6,6,5,6,5,6,5,6,5,5,5,6,5,6,5,6,5,6,5,6,5
Map_858,44,74,38,38,38,28,38,38,38,38,38,38,38,38,38,38,35,35,34,35,34,33,35,35,35,35
Map_859,8,30,9,8,9,9,9,8,9,8,9,8,8,8,8,8,8,8,9,8,9,8,8,8,8,8
Map_860,13,67,13,13,13,15,13,13,13,13,13,13,13,13,13,13,13,13,13,13,13,13,15,13,15,13
Map_861,72,80,29,29,27,29,27,25,27,25,27,25,27,25,27,25,28,27,28,27,28,27,28,27,28,27
Map_862,86,102,54,54,54,82,54,58,54,58,54,58,52,58,59,65,41,31,41,31,41,31,41,31,41,31
Map_863,97,88,40,37,37,42,30,23,32,23,32,23,37,23,37,37,23,23,23,23,23,23,23,23,23,23
Map_864,32,163,25,25,25,21,32,18,32,18,32,18,18,18,18,18,19,18,19,20,19,20,17,18,17,18
Map_865,11,166,12,11,11,12,11,11,11,11,11,11,11,11,11,11,11,11,11,11,11,11,11,11,11,11
Map_866,16,33,11,11,11,15,11,9,11,9,11,9,11,9,11,9,15,9,15,9,15,9,11,9,11,9
Map_867,34,113,12,12,26,14,12,28,12,28,12,28,12,28,12,28,12,12,12,12,12,12,12,16,12,28
Map_868,8,36,8,8,8,20,8,8,8,8,8,8,8,8,8,8,8,8,11,8,11,8,8,8,8,8
Map_869,21,60,13,13,13,14,13,13,13,13,13,13,13,13,13,13,13,12,13,12,13,12,13,12,13,12
Map_870,19,29,19,17,19,19,16,23,16,16,16,16,16,23,16,23,16,16,16,16,16,16,16,16,16,16
Map_871,19,35,15,15,16,15,15,15,15,15,15,15,15,15,15,15,14,12,14,12,14,12,14,12,12,12
Map_872,34,52,22,22,22,22,17,17,17,17,17,17,17,17,17,17,17,17,17,17,17,17,17,17,17,17
Map_873,11,22,11,11,11,11,11,11,11,11,11,11,11,11,11,11,11,11,11,11,14,11,11,11,11,11
Map_874,6,53,6,6,6,8,6,6,6,6,6,6,6,6,6,6,6,6,6,6,6,6,6,6,6,6
Map_875,8,22,8,8,8,8,8,8,8,8,8,8,8,8,8,8,8,8,8,8,8,8,8,8,8,8
Map_876,42,107,29,28,29,31,24,24,24,24,24,24,24,23,24,23,21,20,21,20,21,20,21,20,21,20
Map_877,8,43,8,8,8,8,8,8,8,8,8,8,8,8,8,8,8,8,10,8,10,8,8,8,8,8
Map_878,9,22,7,7,7,8,7,7,7,7,7,7,7,7,7,7,7,7,7,7,7,7,7,7,7,7
Map_879,46,43,24,24,24,50,23,24,23,24,23,24,23,24,23,24,23,23,23,23,23,23,23,23,23,23
Map_880,220,209,25,16,25,31,16,16,16,16,16,16,16,16,16,16,16,16,16,16,16,16,16,16,16,16
Map_881,6,84,6,6,6,6,6,6,6,6,6,6,6,6,6,6,6,6,6,6,6,6,6,6,6,6
Map_882,13,249,9,9,9,9,9,9,9,9,9,9,9,9,9,9,9,9,9,9,9,9,9,9,9,9
Map_883,11,20,11,11,11,11,11,11,11,11,11,11,11,11,11,11,11,11,11,11,11,11,11,11,11,11
Map_884,37,77,25,22,22,29,25,19,25,19,25,19,22,19,22,19,23,22,23,22,23,22,23,19,23,19
Map_885,17,55,19,15,19,23,17,17,17,17,17,17,18,18,18,18,16,15,16,15,16,16,16,15,16,15
Map_886,27,51,16,16,17,20,13,15,13,15,13,15,13,15,13,15,13,13,13,13,13,13,13,13,13,15
Map_887,42,75,21,21,23,21,21,21,21,21,21,21,21,21,21,21,21,21,21,21,21,21,21,21,21,21
Map_888,15,251,13,13,13,13,13,13,13,13,13,13,13,13,13,13,13,11,13,11,13,11,13,11,13,11
Map_889,28,83,19,19,19,19,13,13,13,13,13,13,13,13,13,13,13,13,13,13,13,13,13,13,13,13
Map_890,9,21,9,9,9,10,9,9,9,9,9,9,9,9,9,9,9,9,9,9,9,9,9,9,9,9
Map_891,5,8,6,6,6,6,5,5,5,5,5,5,5,5,5,5,6,5,6,5,6,5,5,5,5,5
Map_892,14,39,14,13,12,16,13,13,13,13,13,13,13,13,13,13,12,11,12,11,12,11,12,11,12,11
Map_893,9,50,10,9,10,17,9,9,9,9,9,9,9,9,9,9,10,9,10,9,10,9,9,9,9,9
Map_894,11,39,11,11,11,14,11,11,11,11,11,11,11,11,11,11,11,11,11,11,11,11,11,11,11,11
Map_895,8,18,8,8,8,8,8,8,8,8,8,8,8,8,8,8,8,8,8,8,8,8,8,8,8,8
Map_896,10,15,7,7,7,14,7,7,7,7,7,7,7,7,7,7,7,7,7,7,7,7,7,7,7,7
Map_897,15,72,11,11,11,18,11,11,11,11,11,11,11,11,15,15,11,11,11,11,11,11,11,11,11,11
Map_898,35,34,16,16,16,16,16,16,16,16,16,16,16,16,16,16,16,16,16,16,16,16,16,16,16,16
Map_899,31,98,14,14,14,14,14,14,14,14,14,14,14,14,14,14,14,14,14,14,14,14,14,14,14,14
Map_900,45,179,32,32,32,30,26,26,26,26,26,26,26,26,26,26,24,26,24,24,24,24,24,26,24,26
Map_901,21,25,19,17,17,19,18,17,18,17,18,17,18,17,18,17,18,17,18,17,18,17,18,17,18,17
Map_902,15,37,14,13,14,14,12,13,12,13,12,13,12,13,12,13,12,12,15,12,15,12,12,12,12,12
Map_903,18,24,11,11,11,11,15,11,15,11,15,11,15,11,15,11,15,11,18,11,18,11,16,11,14,11
Map_904,207,66,20,20,20,38,20,20,20,20,20,20,20,20,20,20,18,18,18,18,18,18,18,18,18,18
Map_905,131,41,26,26,26,28,26,12,26,12,26,12,26,12,26,12,12,12,12,12,12,12,12,12,12,12
Map_906,39,47,20,20,24,20,18,20,18,20,18,20,18,20,18,20,18,18,18,18,18,18,18,18,18,18
Map_907,14,20,11,11,10,14,11,9,11,9,11,9,11,9,11,9,12,9,12,9,12,9,11,9,11,9
Map_908,7,10,6,6,6,6,6,6,6,6,6,6,6,6,6,6,6,6,6,6,6,6,6,6,6,6
Map_909,20,61,9,9,9,9,9,9,9,9,9,9,9,9,9,9,9,9,9,9,9,9,9,9,9,9
Map_910,44,100,15,15,15,15,15,15,15,15,15,15,15,15,15,15,15,15,22,15,22,15,15,15,15,15
Map_911,13,21,11,11,11,14,11,11,11,11,11,11,11,11,11,11,11,11,14,11,14,11,11,11,11,11
Map_912,17,36,11,11,11,19,11,11,11,11,11,11,11,11,11,11,12,11,12,11,12,11,11,11,11,11
Map_913,35,145,21,21,21,24,21,16,21,16,21,16,21,16,21,16,19,16,19,16,19,16,18,16,18,16
Map_914,52,52,48,40,48,56,39,40,39,40,39,40,39,40,39,40,27,27,29,27,29,27,27,27,27,27
Map_915,18,27,11,11,11,11,11,11,11,11,11,11,11,11,11,11,11,11,11,11,11,11,11,11,11,11
Map_916,8,32,8,8,8,12,8,8,8,8,8,8,8,8,8,8,8,8,8,8,8,8,8,8,8,8
Map_917,69,76,16,16,16,16,16,16,16,16,16,16,16,16,16,16,16,16,16,16,16,16,16,16,16,16
Map_918,24,149,28,28,28,51,26,24,26,24,26,24,26,24,26,24,26,26,26,26,26,26,26,26,26,26
Map_919,56,213,24,24,26,41,30,23,30,23,30,23,24,30,30,30,30,27,30,27,30,27,30,23,30,23
Map_920,21,34,16,16,23,16,16,16,16,16,16,16,16,16,16,16,16,16,16,16,16,16,16,16,16,16
Map_921,17,35,16,16,17,16,16,16,16,16,16,16,16,16,16,16,16,16,16,16,16,16,16,16,16,16
Map_922,113,36,21,21,21,26,17,17,17,17,17,17,17,17,17,17,17,17,17,17,17,17,17,17,17,17
Map_923,12,21,13,13,13,13,12,12,12,12,12,12,12,12,12,12,12,12,14,12,14,12,12,12,12,12
Map_924,76,43,14,14,14,10,10,10,10,10,10,10,10,10,10,10,10,10,10,10,10,10,10,10,10,10
Map_925,35,58,22,22,22,22,17,17,17,17,17,17,17,17,17,17,17,17,17,17,17,17,17,17,17,17
Map_926,10,39,8,8,8,10,8,7,8,7,8,7,8,7,8,7,8,7,8,7,11,7,8,7,8,7
Map_927,206,95,32,32,40,32,32,32,32,32,32,32,32,32,32,32,32,32,32,32,32,32,32,32,32,32
Map_928,13,35,10,10,10,11,10,10,10,10,10,10,10,10,10,10,10,10,10,10,10,10,10,10,10,10
Map_929,37,193,15,15,15,15,15,15,15,15,15,15,15,15,15,15,15,15,15,15,15,15,15,15,15,15
Map_930,28,98,23,23,23,22,22,22,22,22,22,22,22,22,22,22,24,23,24,23,24,23,24,22,23,22
Map_931,11,33,12,12,12,12,11,11,11,11,11,11,11,11,11,11,11,11,11,11,11,11,11,11,11,11
Map_932,5,72,5,5,5,5,5,5,5,5,5,5,5,5,5,5,5,5,5,5,5,5,5,5,5,5
Map_933,15,28,12,12,14,12,12,12,12,12,12,12,12,12,12,12,12,12,12,12,12,12,12,12,12,12
Map_934,56,96,19,19,19,24,19,19,19,19,19,19,19,19,19,19,19,19,19,19,19,19,19,19,19,19
Map_935,8,36,8,8,8,8,8,8,8,8,8,8,8,8,8,8,8,8,11,8,11,8,8,8,8,8
Map_936,5,21,5,5,5,5,5,5,5,5,5,5,5,5,5,5,5,5,5,5,5,5,5,5,5,5
Map_937,9,17,9,9,9,15,9,9,9,9,9,9,9,9,9,9,12,9,12,9,12,9,9,9,9,9
Map_938,4,6,4,4,4,4,4,4,4,4,4,4,4,4,4,4,4,4,4,4,4,4,4,4,4,4
Map_939,18,68,14,14,14,14,13,14,13,14,13,14,13,14,13,14,13,13,13,13,13,13,13,13,13,13
Map_940,11,124,11,11,11,13,11,11,11,11,11,11,11,11,11,11,13,11,13,11,13,11,13,11,13,11
Map_941,6,10,7,6,6,8,6,6,6,6,6,6,6,6,6,6,6,6,6,6,6,6,6,6,6,6
Map_942,6,25,6,6,6,6,6,6,6,6,6,6,6,6,6,6,6,6,6,6,6,6,6,6,6,6
Map_943,30,67,19,19,19,19,18,18,19,18,19,18,18,18,18,18,19,18,26,19,26,19,19,18,19,18
Map_944,6,135,6,6,6,6,6,6,6,6,6,6,6,6,6,6,6,6,13,6,13,6,6,6,6,6
Map_945,147,123,54,49,54,57,53,49,53,49,53,49,49,57,57,57,34,28,34,28,34,28,34,28,34,28
Map_946,21,167,10,10,10,10,10,10,10,10,10,10,10,10,10,10,10,10,10,10,13,10,10,10,10,10
Map_947,11,20,10,10,10,10,10,10,10,10,10,10,10,10,10,10,10,10,10,10,10,10,10,10,10,10
Map_948,35,72,17,17,17,21,17,17,17,17,17,17,17,17,17,17,17,17,17,17,17,17,17,17,17,17
Map_949,22,119,15,15,15,15,15,15,15,15,15,15,15,15,15,15,15,13,19,13,19,13,15,15,15,15
Map_950,11,22,9,9,11,11,9,9,9,9,9,9,9,9,9,9,9,9,9,9,9,9,9,9,9,9
Map_951,35,149,16,16,16,16,16,16,16,16,16,16,16,16,16,16,16,16,16,16,16,16,16,16,16,16
Map_952,8,15,10,8,8,8,8,8,8,8,8,8,8,8,8,8,8,8,8,8,8,8,8,8,8,8
Map_953,20,55,15,15,16,29,15,15,15,15,15,15,15,15,15,15,17,15,17,15,17,15,17,15,17,15
Map_954,28,56,16,16,16,22,16,16,16,16,16,16,16,16,16,16,22,16,22,16,22,16,16,16,16,16
Map_955,8,44,8,8,8,8,8,8,8,8,8,8,8,8,8,8,8,8,8,8,8,8,8,8,8,8
Map_956,10,19,9,8,9,9,9,8,9,8,9,8,8,8,8,8,9,8,9,8,9,8,9,8,9,8
Map_957,19,35,22,22,16,22,20,21,20,21,20,21,20,21,20,21,14,14,18,14,18,14,14,14,14,14
Map_958,14,114,14,14,14,14,14,14,14,14,14,14,14,14,14,14,16,14,16,14,16,14,16,14,16,14
Map_959,10,38,9,9,9,9,9,9,9,9,9,9,9,9,9,9,9,9,9,9,9,9,9,9,9,9
Map_960,9,15,9,9,9,9,9,9,9,9,9,9,9,9,9,9,9,9,9,9,9,9,9,9,9,9
Map_961,49,288,17,17,31,17,17,17,17,17,17,17,17,17,17,17,17,17,17,17,17,17,17,17,17,17
Map_962,76,161,30,30,30,39,30,30,30,30,30,30,30,30,30,30,31,30,31,30,31,30,31,30,31,30
Map_963,17,34,13,12,12,13,12,13,12,13,12,13,12,13,12,13,12,12,12,12,12,12,12,12,12,12
Map_964,9,18,7,7,7,7,7,7,7,7,7,7,7,7,7,7,7,7,7,7,7,7,7,7,7,7
Map_965,13,40,8,8,8,13,8,8,8,8,8,8,8,8,8,8,8,8,8,8,8,8,8,8,8,8
Map_966,27,36,28,31,28,28,15,15,15,15,15,15,15,15,15,15,15,15,15,15,15,15,15,15,15,15
Map_967,7,153,7,7,7,7,7,7,7,7,7,7,7,7,7,7,7,7,7,7,7,7,7,7,7,7
Map_968,112,96,70,37,70,51,38,32,38,32,38,32,32,32,32,32,30,32,30,33,30,33,30,32,30,32
Map_969,10,69,9,9,9,9,9,9,9,9,9,9,9,9,9,9,9,9,9,9,9,9,9,9,9,9
Map_970,10,23,10,10,10,12,10,10,10,10,10,10,10,10,10,10,10,10,10,10,10,10,10,10,10,10
Map_971,22,79,20,20,20,23,20,17,20,17,20,17,17,17,17,17,20,17,20,17,20,17,20,17,20,17
Map_972,20,47,15,15,15,26,15,15,15,15,15,15,15,15,15,15,15,15,15,15,15,15,15,15,15,15
Map_973,39,61,26,25,26,30,26,24,26,24,26,24,26,24,26,24,19,19,19,19,19,19,19,19,19,19
Map_974,38,106,15,15,15,15,15,15,15,15,15,15,15,15,15,15,15,13,15,13,15,13,15,13,15,13
Map_975,13,205,7,7,7,8,7,7,7,7,7,7,7,7,7,7,7,7,7,7,7,7,7,7,7,7
Map_976,14,108,12,12,14,12,12,12,12,12,12,12,12,12,12,12,12,12,13,12,13,12,12,12,12,12
Map_977,11,45,11,11,11,11,11,11,11,11,11,11,11,11,11,11,11,11,11,11,11,11,11,11,11,11
Map_978,9,40,9,9,9,9,9,9,9,9,9,9,9,9,9,9,9,9,9,9,9,9,9,9,9,9
Map_979,7,26,7,6,8,10,6,6,6,6,6,6,6,6,6,6,7,6,7,6,7,6,7,6,7,6
Map_980,27,38,18,18,15,29,18,15,18,15,18,15,18,15,18,15,18,15,20,15,20,15,18,15,18,15
Map_981,73,92,31,31,31,31,29,29,29,29,29,29,31,31,31,31,26,24,26,24,26,24,26,24,26,24
Map_982,7,17,7,7,7,13,7,7,7,7,7,7,7,7,7,7,10,7,10,7,10,7,7,7,7,7
Map_983,11,31,11,11,11,11,11,11,11,11,11,11,11,11,11,11,11,11,11,11,11,11,11,11,11,11
Map_984,27,300,28,28,28,29,24,25,24,25,24,25,24,25,24,25,26,23,26,23,26,23,25,23,25,23
Map_985,20,308,14,14,14,14,13,12,13,12,13,12,12,12,12,12,13,12,13,12,13,12,13,12,13,12
Map_986,16,71,16,16,16,22,16,16,16,16,16,16,16,16,16,16,16,16,16,16,16,16,16,16,16,16
Map_987,7,24,7,7,7,7,7,7,7,7,7,7,7,7,7,7,7,7,7,7,7,7,7,7,7,7
Map_988,18,38,13,13,14,17,14,13,14,13,14,13,13,13,13,13,13,13,13,13,13,13,13,13,13,13
Map_989,31,47,18,18,18,18,18,18,18,18,18,18,18,18,18,18,18,18,18,18,18,18,18,18,18,18
Map_990,7,32,7,7,7,7,7,7,7,7,7,7,7,7,7,7,7,7,7,7,7,7,7,7,7,7
Map_991,12,47,7,7,7,7,7,7,7,7,7,7,7,7,7,7,7,7,7,7,7,7,7,7,7,7
Map_992,6,21,6,6,6,8,6,6,6,6,6,6,6,6,6,6,6,6,6,6,6,6,6,6,6,6
Map_993,7,38,9,7,7,9,7,7,7,7,7,7,7,7,7,7,7,7,7,7,7,7,7,7,7,7
Map_994,24,102,13,13,13,14,13,13,13,13,13,13,13,13,13,13,13,13,13,13,13,13,13,13,13,13
Map_995,18,64,10,9,10,20,9,9,9,9,9,9,9,9,9,9,9,9,13,9,13,9,9,9,9,9
Map_996,12,24,12,12,12,14,12,12,12,12,12,12,12,12,12,12,12,11,12,11,12,11,12,11,12,11
Map_997,12,43,9,8,9,9,9,8,9,8,9,8,8,8,8,8,8,8,8,8,8,8,8,8,8,8
Map_998,126,74,54,54,91,69,44,44,44,44,44,44,44,44,44,44,37,38,37,38,37,38,37,38,37,38
Map_999,92,48,23,17,23,24,23,17,23,17,23,17,17,17,17,17,19,17,19,17,26,17,17,17,17,17
Map_1000,11,15,7,7,7,10,8,7,8,7,8,7,8,7,8,7,8,7,8,7,8,7,8,7,8,7
Map_1001,13,45,12,12,11,12,11,11,11,11,11,11,11,11,11,11,11,11,11,11,11,11,11,11,11,11
Map_1002,33,78,17,17,17,17,17,17,17,17,17,17,17,17,17,17,17,17,17,17,17,17,17,17,17,17
Map_1003,14,52,15,15,15,17,14,14,14,14,14,14,14,14,14,14,16,11,16,11,16,11,16,11,14,11
Map_1004,18,65,21,21,21,25,18,17,18,17,18,17,18,17,18,17,18,16,18,16,18,16,18,16,18,16
Map_1005,13,40,11,11,13,13,11,11,11,11,11,11,11,11,11,11,11,11,11,11,11,11,11,11,11,11
Map_1006,13,51,13,13,13,17,13,13,13,13,13,13,13,13,13,13,15,13,15,13,15,13,14,13,13,13
Map_1007,11,226,11,11,11,11,9,8,9,8,9,8,9,8,8,8,9,8,9,8,9,8,9,8,9,8
Map_1008,41,80,14,14,14,14,14,14,14,14,14,14,14,14,14,14,14,14,14,14,14,14,14,14,14,14
Map_1009,30,130,71,17,71,87,18,17,18,17,18,17,17,17,17,17,18,17,18,17,18,17,18,17,18,17
Map_1010,27,69,12,12,12,12,12,12,12,12,12,12,12,12,12,12,12,12,12,12,12,12,12,12,12,12
Map_1011,6,8,5,5,5,6,5,5,5,5,5,5,5,5,5,5,5,5,5,5,5,5,5,5,5,5
Map_1012,172,149,24,24,24,24,23,23,23,23,23,23,19,18,19,18,19,19,19,19,19,19,19,18,19,18
Map_1013,25,136,20,20,20,18,18,18,18,18,18,18,18,18,18,18,18,18,18,18,18,18,18,18,18,18
Map_1014,79,94,22,22,21,22,22,21,22,21,22,21,22,21,22,21,22,21,22,22,22,22,22,21,22,21
Map_1015,8,22,8,8,8,12,8,8,8,8,8,8,8,8,8,8,8,8,8,8,8,8,8,8,8,8
Map_1016,39,106,52,30,51,57,30,30,30,30,30,30,30,30,30,30,30,22,30,23,30,23,30,22,30,22
Map_1017,194,149,37,37,37,37,37,36,37,36,37,36,36,36,36,36,37,29,37,29,37,29,37,29,36,29
Map_1018,118,209,27,27,77,43,28,27,28,27,28,27,27,27,27,27,27,21,28,21,28,21,27,21,27,21
Map_1019,19,66,19,18,19,28,20,18,20,18,20,18,20,18,20,18,20,17,25,17,25,17,20,18,20,18
Map_1020,16,74,14,13,14,14,12,12,12,12,12,12,12,12,12,12,12,12,12,12,12,12,12,12,12,12
Map_1021,11,63,11,11,11,14,11,11,11,11,11,11,11,11,11,11,11,11,11,11,11,11,11,11,11,11
Map_1022,11,24,7,7,7,7,7,7,7,7,7,7,7,7,7,7,9,7,9,7,9,7,7,7,7,7
Map_1023,8,60,9,9,9,9,8,8,8,8,8,8,8,8,8,8,9,8,9,8,9,8,8,8,8,8
Map_1024,39,62,31,31,31,32,24,23,24,23,24,23,23,23,23,23,23,23,23,23,23,23,23,23,23,23
Map_1025,18,92,13,13,13,13,13,12,13,12,13,12,13,12,13,12,13,12,13,12,13,12,13,12,13,12
Map_1026,16,99,13,13,13,13,12,13,12,13,12,13,12,13,12,13,12,12,12,12,12,12,12,12,12,12
Map_1027,7,9,7,7,7,7,7,7,7,7,7,7,7,7,7,7,7,7,7,7,7,7,7,7,7,7
Map_1028,11,16,10,10,10,12,10,10,10,10,10,10,10,10,10,10,10,10,10,10,10,10,10,10,10,10
Map_1029,58,156,16,16,16,16,16,16,16,16,16,16,16,16,16,16,14,14,14,14,14,14,14,14,14,14
Map_1030,37,47,14,14,14,14,14,14,14,14,14,14,14,14,14,14,14,14,14,14,14,14,14,14,14,14
Map_1031,12,35,9,9,9,9,9,9,9,9,9,9,9,9,9,9,9,9,9,9,9,9,9,9,9,9
Map_1032,79,223,56,48,56,70,41,44,41,44,41,44,40,44,40,44,47,40,47,40,47,40,52,40,52,40
Map_1033,8,18,7,7,7,7,7,7,7,7,7,7,7,7,7,7,7,7,7,7,7,7,7,7,7,7
Map_1034,8,17,8,8,8,10,8,8,8,8,8,8,8,8,8,8,8,8,8,8,8,8,8,8,8,8
Map_1035,15,92,22,16,22,20,16,15,16,15,16,15,15,15,15,15,16,15,16,15,16,15,16,15,16,15
Map_1036,8,62,7,7,7,8,7,7,7,7,7,7,7,7,7,7,7,7,7,7,7,7,7,7,7,7
Map_1037,64,72,47,48,47,48,43,48,43,48,43,48,43,48,43,49,35,35,35,35,35,35,35,35,35,35
Map_1038,8,149,8,8,8,8,8,8,8,8,8,8,8,8,8,8,8,8,8,8,8,8,8,8,8,8
Map_1039,26,65,11,11,11,11,11,11,11,11,11,11,11,11,11,11,11,11,11,11,11,11,11,11,11,11
Map_1040,9,54,9,9,9,12,9,9,9,9,9,9,9,9,9,9,12,9,12,9,12,9,9,9,9,9
Map_1041,11,24,10,10,11,11,10,10,10,10,10,10,10,10,10,10,10,10,10,10,10,10,10,10,10,10
Map_1042,25,64,16,16,20,20,16,16,16,16,16,16,16,16,16,16,16,16,16,16,16,16,16,16,16,16
Map_1043,8,23,8,8,8,8,7,7,7,7,7,7,7,7,7,7,7,7,7,7,7,7,7,7,7,7
Map_1044,54,111,37,36,37,84,38,41,38,41,38,41,38,41,38,41,28,28,30,28,30,28,28,28,28,28
Map_1045,13,92,9,9,9,9,9,9,9,9,9,9,9,9,9,9,9,9,9,9,9,9,9,9,9,9
Map_1046,44,43,41,38,41,26,38,35,38,35,38,35,39,35,39,35,17,17,17,17,17,17,17,17,17,17
Map_1047,19,234,8,8,8,21,8,8,8,8,8,8,8,8,8,8,8,8,8,8,8,8,8,8,8,8
Map_1048,11,30,12,12,12,19,12,12,12,12,12,12,12,12,12,12,11,11,11,11,11,11,11,11,11,11
Map_1049,12,37,9,9,9,9,9,9,9,9,9,9,9,9,9,9,9,9,9,9,9,9,9,9,9,9
Map_1050,273,182,159,132,98,61,29,29,29,29,29,29,29,29,29,29,29,29,29,29,29,29,29,29,29,29
Map_1051,34,98,16,16,16,16,13,13,13,13,13,13,13,13,13,13,13,13,13,13,13,13,13,13,13,13
Map_1052,5,15,5,5,5,8,5,5,5,5,5,5,5,5,5,5,5,5,5,5,5,5,5,5,5,5
Map_1053,24,74,25,25,25,32,25,24,25,24,25,24,24,24,24,24,25,24,25,24,25,24,25,24,25,24
Map_1054,17,32,13,13,13,15,10,10,10,10,10,10,10,10,10,10,10,10,10,10,10,10,10,10,10,10
Map_1055,15,36,11,9,11,11,9,9,9,9,9,9,9,9,9,9,9,9,9,9,9,9,9,9,9,9
Map_1056,6,20,6,6,6,10,6,6,6,6,6,6,6,6,6,6,6,6,6,6,6,6,6,6,6,6
Map_1057,62,182,21,21,21,29,21,21,21,21,21,21,21,21,21,21,21,21,21,21,21,21,21,21,21,21
Map_1058,19,25,16,16,13,22,16,16,16,16,16,16,16,16,16,16,20,13,20,13,20,13,16,13,16,13
Map_1059,30,40,24,22,24,26,21,22,21,22,21,22,21,22,21,22,21,22,21,22,21,22,21,22,21,22
Map_1060,10,33,10,10,10,10,10,9,10,9,10,9,10,9,10,9,10,9,10,9,10,9,10,9,10,9
Map_1061,88,92,39,39,42,43,40,39,40,39,40,39,40,42,42,42,40,23,40,23,40,23,40,24,40,24
Map_1062,10,17,10,10,10,16,10,10,10,10,10,10,10,10,10,10,10,10,10,10,10,10,10,10,10,10
Map_1063,130,78,29,29,29,31,28,23,28,23,28,23,28,23,28,23,26,21,26,21,26,21,26,21,26,21
Map_1064,6,12,6,6,6,7,6,6,6,6,6,6,6,6,6,6,6,6,6,6,6,6,6,6,6,6
Map_1065,6,18,7,6,6,7,6,6,6,6,6,6,6,6,6,6,7,6,7,6,7,6,6,6,6,6
Map_1066,11,29,12,11,12,13,11,11,11,11,11,11,11,11,11,11,11,11,11,11,11,11,11,11,11,11
Map_1067,10,15,10,10,10,10,10,10,10,10,10,10,10,10,10,10,10,10,11,11,11,11,10,10,10,10
Map_1068,182,225,49,62,49,62,49,70,49,70,49,70,59,60,60,60,58,45,58,45,58,45,58,45,58,45
Map_1069,19,21,11,11,11,14,11,11,11,11,11,11,11,11,11,11,11,11,11,11,11,11,11,11,11,11
Map_1070,18,113,12,12,12,12,12,12,12,12,12,12,12,12,12,12,12,12,12,12,12,12,12,12,12,12
Map_1071,10,123,10,10,10,10,10,10,10,10,10,10,10,10,10,10,10,10,10,10,10,10,10,10,10,10
Map_1072,27,51,15,15,15,15,15,15,15,15,15,15,15,15,15,15,16,14,18,14,18,14,16,14,14,14
Map_1073,43,29,12,12,15,15,12,12,12,12,12,12,12,12,12,12,12,12,12,12,12,12,12,12,12,12
Map_1074,14,32,10,10,13,15,11,11,11,11,11,11,11,11,11,11,11,10,11,10,11,10,11,10,11,10
Map_1075,344,207,28,28,28,28,17,17,17,17,17,17,17,17,17,17,17,17,17,17,17,17,17,17,17,17
Map_1076,189,143,15,15,15,15,15,15,15,15,15,15,15,15,15,15,15,15,15,15,15,15,15,15,15,15
Map_1077,11,37,8,8,8,8,8,11,8,11,8,11,8,11,8,11,8,8,8,8,8,8,8,8,8,8
Map_1078,15,24,14,14,14,14,14,14,14,14,14,14,14,14,14,14,14,14,14,14,14,14,14,14,14,14
Map_1079,4,49,4,4,4,4,4,4,4,4,4,4,4,4,4,4,4,4,4,4,4,4,4,4,4,4
Map_1080,14,18,11,11,11,13,12,11,12,11,12,11,11,11,11,11,12,11,12,11,12,11,12,11,12,11
Map_1081,15,26,17,17,17,21,17,17,17,17,17,17,17,17,17,17,13,13,13,13,13,13,13,13,13,13
Map_1082,9,36,8,8,8,8,8,8,8,8,8,8,8,8,8,8,8,8,8,8,8,8,8,8,8,8
Map_1083,22,51,19,19,19,24,24,19,24,19,24,19,24,19,24,19,24,19,24,19,24,19,24,19,24,19
Map_1084,332,150,20,20,28,20,20,16,20,16,20,16,16,16,16,16,20,16,26,16,26,16,20,16,20,16
Map_1085,24,46,23,23,23,39,28,23,28,23,28,23,23,23,23,23,26,23,26,23,26,23,26,23,26,23
Map_1086,18,82,17,17,17,23,17,17,17,17,17,17,17,17,17,17,17,17,17,17,17,17,17,17,17,17
Map_1087,43,49,43,43,30,43,42,35,42,35,42,35,39,39,39,39,38,32,38,32,38,32,40,32,40,32
Map_1088,16,33,13,13,13,13,13,13,13,13,13,13,13,13,13,13,13,13,13,13,13,13,13,13,13,13
Map_1089,203,340,35,66,35,51,35,35,35,35,35,35,62,62,62,62,35,35,39,35,39,35,35,35,35,35
Map_1090,7,19,7,7,7,9,7,7,7,7,7,7,7,7,7,7,7,7,7,7,7,7,7,7,7,7
Map_1091,92,90,18,18,22,18,18,18,18,18,18,18,18,18,18,18,18,18,25,18,25,18,18,18,18,18
Map_1092,10,16,10,10,10,10,10,10,10,10,10,10,10,10,10,10,11,10,11,10,11,10,10,10,10,10
Map_1093,8,84,6,6,6,7,6,6,6,6,6,6,6,6,6,6,6,6,6,6,6,6,6,6,6,6
Map_1094,40,80,22,20,20,22,20,20,20,20,20,20,20,20,20,20,22,20,22,20,22,20,20,20,20,20
Map_1095,14,77,15,14,15,15,15,12,15,12,15,12,15,12,14,12,16,12,16,12,16,12,15,12,15,12
Map_1096,11,17,11,11,11,11,11,10,11,10,11,10,10,10,10,10,11,10,11,10,11,10,11,10,11,10
Map_1097,22,130,13,13,18,13,13,13,13,13,13,13,13,13,13,13,13,13,13,13,13,13,13,13,13,13
Map_1098,122,56,16,15,18,18,15,15,15,15,15,15,15,15,15,15,17,15,17,15,17,15,15,15,15,15
Map_1099,6,11,7,7,7,7,7,6,7,6,7,6,7,6,6,6,7,6,7,6,7,6,7,6,7,6
Map_1100,15,40,11,11,11,11,11,11,11,11,11,11,11,11,11,11,11,11,11,11,11,11,11,11,11,11
Map_1101,11,43,12,12,12,24,12,12,12,12,12,12,12,12,12,12,12,11,12,11,12,11,12,11,12,11
Map_1102,87,96,16,16,19,22,16,16,16,16,16,16,20,20,20,20,18,16,21,16,21,16,18,16,18,16
Map_1103,18,32,7,7,7,17,7,7,7,7,7,7,7,7,7,7,7,7,7,7,7,7,7,7,7,7
Map_1104,12,27,9,9,9,10,9,9,9,9,9,9,9,9,9,9,9,9,9,9,9,9,9,9,9,9
Map_1105,20,104,13,13,13,15,13,13,13,13,13,13,13,13,13,13,14,13,14,13,14,13,14,13,14,13
Map_1106,5,11,5,5,5,6,5,5,5,5,5,5,5,5,5,5,5,5,5,5,5,5,5,5,5,5
Map_1107,13,45,10,10,10,10,10,10,10,10,10,10,10,10,10,10,10,10,10,10,10,10,10,10,10,10
Map_1108,21,47,11,11,11,11,11,11,11,11,11,11,11,11,11,11,11,11,11,11,11,11,11,11,11,11
Map_1109,25,89,24,24,25,47,23,23,23,23,23,23,23,23,23,23,22,20,22,20,22,20,22,20,22,20
Map_1110,36,72,13,13,14,13,13,13,13,13,13,13,13,13,13,13,13,13,13,13,13,13,13,13,13,13
Map_1111,14,27,13,13,13,15,11,13,11,13,11,13,11,13,11,13,12,11,12,11,12,11,12,11,11,11
Map_1112,22,104,22,21,21,24,20,20,20,20,20,20,20,20,20,20,19,20,19,20,19,20,20,20,20,20
Map_1113,14,44,11,11,11,11,11,11,11,11,11,11,11,11,11,11,11,11,11,11,11,11,11,11,11,11
Map_1114,16,23,12,12,12,12,13,12,13,12,13,12,12,12,12,12,13,12,13,12,13,12,13,12,13,12
Map_1115,42,79,23,23,40,23,22,22,22,22,22,22,22,22,22,22,22,22,22,22,22,22,22,22,22,22
Map_1116,30,52,27,27,27,30,27,26,27,26,27,26,27,26,27,26,26,26,26,26,26,26,26,26,26,26
Map_1117,68,22,23,16,23,17,18,17,18,17,18,17,18,17,17,17,18,15,18,15,18,15,18,17,18,17
Map_1118,25,36,13,13,13,13,13,13,13,13,13,13,13,13,13,13,12,11,12,11,12,11,12,11,12,11
Map_1119,14,43,14,14,12,14,12,12,12,12,12,12,12,12,12,12,12,12,12,12,12,12,12,12,12,12
Map_1120,218,216,30,30,25,30,31,25,31,25,31,25,31,25,31,25,31,25,31,25,31,25,31,25,31,25
Map_1121,5,11,5,5,5,5,5,5,5,5,5,5,5,5,5,5,5,5,8,5,8,5,5,5,5,5
Map_1122,29,49,22,22,22,22,21,21,21,21,21,21,21,21,21,21,21,22,21,22,21,22,21,22,21,22
Map_1123,9,21,8,8,8,9,8,8,8,8,8,8,8,8,8,8,8,8,8,8,8,8,8,8,8,8
Map_1124,8,35,8,8,8,11,8,8,8,8,8,8,8,8,8,8,8,8,8,8,8,8,8,8,8,8
Map_1125,5,26,5,5,5,5,5,5,5,5,5,5,5,5,5,5,5,5,5,5,5,5,5,5,5,5
Map_1126,10,26,7,7,7,9,7,7,7,7,7,7,7,7,7,7,7,7,7,7,7,7,7,7,7,7
Map_1127,12,22,11,11,11,12,11,11,11,11,11,11,11,11,11,11,11,11,11,11,11,11,11,11,11,11
Map_1128,9,15,10,10,10,10,10,9,10,9,10,9,9,9,9,9,10,9,10,9,10,9,10,9,10,9
Map_1129,14,75,10,10,10,10,10,10,10,10,10,10,10,10,10,10,10,10,10,10,10,10,10,10,10,10
Map_1130,9,39,9,9,9,9,9,9,9,9,9,9,9,9,9,9,9,9,11,9,11,9,9,9,9,9
Map_1131,17,34,18,17,17,14,14,14,14,14,14,14,14,14,14,14,14,14,14,14,14,14,14,14,14,14
Map_1132,10,54,10,10,10,11,10,10,10,10,10,10,10,10,10,10,10,10,10,10,10,10,10,10,10,10
Map_1133,59,92,26,26,24,31,26,26,26,26,26,26,26,26,26,26,25,25,26,25,26,25,25,26,26,26
Map_1134,9,19,9,9,9,10,9,9,9,9,9,9,9,9,9,9,9,9,9,9,9,9,9,9,9,9
Map_1135,20,30,14,14,14,17,14,14,14,14,14,14,14,14,14,14,14,14,14,14,14,14,14,14,14,14
Map_1136,12,34,12,12,12,13,12,12,12,12,12,12,12,12,12,12,12,12,12,12,12,12,12,12,12,12
Map_1137,12,21,14,14,14,14,12,12,12,12,12,12,12,12,12,12,12,12,12,12,12,12,12,12,12,12
Map_1138,17,21,12,12,13,15,13,12,13,12,13,12,13,12,13,12,15,12,15,12,15,12,13,12,13,12
Map_1139,7,24,5,5,5,10,5,5,5,5,5,5,5,5,5,5,5,5,5,5,5,5,5,5,5,5
Map_1140,11,75,14,13,14,19,10,10,10,10,10,10,10,10,10,10,10,10,10,10,10,10,10,10,10,10
Map_1141,20,68,24,24,24,24,21,20,21,20,21,20,21,20,21,20,21,20,21,20,21,20,21,20,21,20
Map_1142,16,43,11,11,11,11,11,11,11,11,11,11,11,11,11,11,11,11,11,11,11,11,11,11,11,11
Map_1143,38,211,21,21,21,25,21,21,21,21,21,21,21,21,21,21,25,21,25,21,25,21,25,21,21,21
Map_1144,4,8,4,4,4,4,4,4,4,4,4,4,4,4,4,4,4,4,4,4,4,4,4,4,4,4
Map_1145,47,97,41,40,42,46,40,14,40,14,40,14,40,14,40,14,25,14,25,14,25,14,26,14,26,14
Map_1146,11,78,11,11,11,19,9,9,9,9,9,9,9,9,9,9,9,9,9,9,9,9,9,9,9,9
Map_1147,22,43,12,12,12,12,11,11,11,11,11,11,11,11,11,11,11,11,11,11,11,11,11,11,11,11
Map_1148,20,44,13,13,13,13,13,12,13,12,13,12,12,12,12,12,12,12,12,12,12,12,12,12,12,12
Map_1149,8,87,8,8,8,8,8,8,8,8,8,8,8,8,8,8,8,8,8,8,8,8,8,8,8,8
Map_1150,25,42,21,21,21,24,22,21,22,21,22,21,22,21,22,21,24,18,24,18,24,18,22,18,22,18
Map_1151,10,55,8,8,8,9,8,8,8,8,8,8,8,8,8,8,9,8,9,8,9,8,9,8,8,8
Map_1152,48,66,39,39,36,36,24,39,24,39,24,39,24,39,24,39,24,23,24,23,24,23,24,27,24,39
Map_1153,25,161,15,15,15,11,11,11,11,11,11,11,11,11,11,11,11,11,11,11,11,11,11,11,11,11
Map_1154,33,128,42,38,89,38,40,38,40,38,40,38,38,38,38,38,30,21,31,21,31,21,36,38,36,38
Map_1155,17,29,8,8,8,9,8,8,8,8,8,8,8,8,8,8,8,8,8,8,8,8,8,8,8,8
Map_1156,67,321,23,23,23,32,33,23,33,23,33,23,33,23,33,23,20,23,20,23,20,23,20,23,20,23
Map_1157,22,100,19,19,25,25,19,19,19,19,19,19,19,19,19,19,18,18,18,18,18,18,18,19,19,19
Map_1158,9,17,9,9,9,12,9,9,9,9,9,9,9,9,9,9,10,9,10,9,10,9,10,9,10,9
Map_1159,35,68,19,18,19,19,18,18,18,18,18,18,18,18,18,18,19,18,19,18,19,19,19,18,18,18
Map_1160,10,31,11,10,11,11,10,10,10,10,10,10,10,10,10,10,10,10,10,10,10,10,10,10,10,10
Map_1161,113,155,22,21,22,28,21,21,21,21,21,21,21,21,21,21,23,21,23,21,23,21,21,21,21,21
Map_1162,10,15,8,8,8,10,8,8,8,8,8,8,8,8,8,8,8,8,8,8,8,8,8,8,8,8
Map_1163,171,110,46,46,39,80,20,21,20,21,20,21,20,21,20,21,20,20,20,20,20,20,20,21,20,21
Map_1164,8,19,8,8,8,16,8,8,8,8,8,8,8,8,8,8,8,8,16,8,16,8,8,8,8,8
Map_1165,12,148,11,11,11,16,12,11,12,11,12,11,11,11,11,11,12,11,12,11,12,11,12,11,12,11
Map_1166,22,29,17,13,17,19,13,13,13,13,13,13,13,13,13,13,13,13,17,13,17,13,13,13,13,13
Map_1167,23,100,15,15,15,15,13,13,13,13,13,13,13,13,13,13,14,13,14,13,14,13,14,13,13,13
Map_1168,12,226,11,11,13,16,11,11,11,11,11,11,11,11,11,11,11,11,11,11,11,11,11,11,11,11
Map_1169,19,160,19,18,23,19,18,18,18,18,18,18,18,18,18,18,18,15,18,15,18,15,18,15,18,15
Map_1170,7,10,7,6,6,7,6,6,6,6,6,6,6,6,6,6,7,6,7,6,7,6,6,6,6,6
Map_1171,14,168,14,11,11,14,11,11,11,11,11,11,11,11,11,11,14,11,14,11,14,11,14,11,11,11
Map_1172,16,325,14,14,14,27,14,14,14,14,14,14,14,14,14,14,14,14,14,14,14,14,14,14,14,14
Map_1173,6,14,8,6,6,8,6,6,6,6,6,6,6,6,6,6,6,6,6,6,6,6,6,6,6,6
Map_1174,36,39,20,21,20,20,20,20,20,20,20,20,21,21,21,21,21,20,21,20,21,20,18,20,18,20
Map_1175,6,15,6,6,6,7,6,6,6,6,6,6,6,6,6,6,6,6,6,6,6,6,6,6,6,6
Map_1176,13,19,12,12,12,17,12,12,12,12,12,12,12,12,12,12,12,11,12,11,12,11,12,11,12,11
Map_1177,16,119,16,16,16,17,16,16,16,16,16,16,16,16,16,16,16,16,16,16,16,16,16,16,16,16
Map_1178,29,36,26,26,29,27,19,19,19,19,19,19,19,19,19,19,19,19,19,19,19,19,19,19,19,19
Map_1179,64,131,27,27,27,28,22,22,22,22,22,22,22,22,22,22,17,17,17,17,17,17,17,17,17,17
Map_1180,155,199,45,45,45,45,45,46,45,46,45,46,46,46,47,47,26,26,26,26,26,26,26,26,26,26
Map_1181,12,24,12,12,12,12,12,12,12,12,12,12,12,12,12,12,11,11,11,11,11,11,11,11,11,11
Map_1182,39,49,15,15,15,15,15,13,15,13,15,13,13,13,13,13,15,13,15,13,15,13,15,13,15,13
Map_1183,11,46,11,11,11,17,13,11,13,11,13,11,11,11,11,11,14,11,14,11,14,11,13,11,13,11
Map_1184,42,103,20,20,29,25,20,20,20,20,20,20,20,20,20,20,20,20,20,20,20,20,20,20,20,20
Map_1185,13,158,8,8,7,8,7,7,7,7,7,7,7,7,7,7,7,7,7,7,7,7,7,7,7,7
Map_1186,8,66,8,8,8,11,8,8,8,8,8,8,8,8,8,8,8,8,8,8,8,8,8,8,8,8
Map_1187,14,165,14,14,14,15,14,14,14,14,14,14,14,14,14,14,14,14,14,14,14,14,14,14,14,14
Map_1188,6,9,5,5,5,6,5,5,5,5,5,5,5,5,5,5,6,5,6,5,6,5,5,5,5,5
Map_1189,21,272,16,16,16,17,16,16,16,16,16,16,16,16,16,16,16,16,16,16,16,16,16,16,16,16
Map_1190,10,27,12,12,12,13,11,10,11,10,11,10,11,10,11,10,11,10,11,10,11,10,11,10,11,10
Map_1191,28,57,11,11,17,11,11,11,11,11,11,11,11,11,11,11,11,11,11,11,14,11,11,11,11,11
Map_1192,12,167,12,12,12,13,12,12,12,12,12,12,12,12,12,12,13,12,13,12,13,12,12,12,12,12
Map_1193,30,41,23,23,23,23,26,22,26,22,26,22,26,22,26,22,25,22,25,22,25,22,25,22,25,22
Map_1194,11,45,11,11,11,11,11,11,11,11,11,11,11,11,11,11,11,10,12,10,12,10,11,10,11,10
Map_1195,10,24,12,11,10,13,11,10,11,10,11,10,11,10,11,10,11,10,11,10,11,10,11,10,11,10
Map_1196,62,66,50,40,50,48,40,39,40,39,40,39,39,39,39,39,37,35,37,35,37,35,39,38,39,38
Map_1197,11,36,11,10,9,20,9,10,9,10,9,10,9,10,9,10,9,9,9,9,9,9,9,9,9,9
Map_1198,13,44,13,13,13,13,13,13,13,13,13,13,13,13,13,13,15,13,15,13,15,13,15,13,15,13
Map_1199,61,68,25,25,25,25,18,18,18,18,18,18,18,18,18,18,18,18,20,18,20,18,18,18,18,18
Map_1200,6,14,6,6,6,8,6,6,6,6,6,6,6,6,6,6,8,6,8,6,8,6,6,6,6,6
Map_1201,15,35,11,11,11,11,11,11,11,11,11,11,11,11,11,11,11,11,11,11,11,11,11,11,11,11
Map_1202,27,59,24,20,21,24,20,14,20,14,20,14,20,14,20,14,14,14,14,14,14,14,14,14,14,14
Map_1203,24,88,16,16,16,14,14,14,14,14,14,14,14,14,14,14,14,14,19,14,19,14,14,14,14,14
Map_1204,19,194,23,19,19,32,19,19,19,19,19,19,19,19,19,19,19,19,19,20,19,20,19,19,19,19
Map_1205,8,13,7,7,7,10,7,7,7,7,7,7,7,7,7,7,7,7,7,7,7,7,7,7,7,7
Map_1206,18,49,19,19,18,22,13,13,13,13,13,13,13,13,13,13,13,13,13,13,13,13,13,13,13,13
Map_1207,44,172,28,28,22,30,22,22,22,22,22,22,22,22,22,22,18,18,18,18,18,18,18,18,18,18
Map_1208,16,55,15,15,14,15,13,13,13,13,13,13,13,13,13,13,13,12,13,12,13,12,13,12,13,12
Map_1209,10,78,9,9,9,9,9,9,9,9,9,9,9,9,9,9,9,9,9,9,9,9,9,9,9,9
Map_1210,166,247,16,16,25,16,16,16,16,16,16,16,16,16,16,16,16,16,16,16,16,16,16,16,16,16
Map_1211,85,105,22,24,22,70,24,22,24,22,24,22,24,24,24,24,24,22,24,22,26,22,24,22,24,22
Map_1212,11,34,9,9,9,10,9,9,9,9,9,9,9,9,9,9,9,9,9,9,9,9,9,9,9,9
Map_1213,8,171,8,8,8,8,8,8,8,8,8,8,8,8,8,8,8,8,8,8,8,8,8,8,8,8
Map_1214,37,45,13,12,13,14,12,14,12,14,12,14,12,13,12,13,18,13,18,13,18,13,12,13,12,13
Map_1215,10,16,8,8,8,8,8,8,8,8,8,8,8,8,9,9,7,7,7,7,7,7,7,7,7,7
Map_1216,72,108,20,18,17,20,19,16,19,16,19,16,16,17,17,17,18,16,18,16,18,16,19,16,19,16
Map_1217,25,128,11,11,11,11,11,9,11,9,11,9,11,9,11,9,11,9,11,9,11,9,11,9,11,9
Map_1218,18,165,14,14,14,14,14,14,14,14,14,14,14,14,14,14,14,14,14,14,14,14,14,14,14,14
Map_1219,5,16,5,5,5,5,5,5,5,5,5,5,5,5,5,5,5,5,5,5,5,5,5,5,5,5
Map_1220,5,131,5,5,5,5,5,5,5,5,5,5,5,5,5,5,5,5,5,5,5,5,5,5,5,5
Map_1221,14,25,14,14,12,17,14,10,14,10,14,10,14,10,14,10,13,10,13,10,13,10,13,10,13,10
Map_1222,6,9,7,6,6,7,6,6,6,6,6,6,6,6,6,6,6,6,6,6,6,6,6,6,6,6
Map_1223,20,26,24,23,24,24,26,26,26,26,26,26,26,26,26,26,25,16,16,16,16,16,25,16,25,16
Map_1224,295,131,29,29,18,36,29,18,29,18,29,18,29,18,29,18,31,18,31,18,31,18,31,18,31,18
Map_1225,8,68,8,8,8,13,8,8,8,8,8,8,8,8,8,8,8,8,8,8,8,8,8,8,8,8
Map_1226,4,10,4,4,4,5,4,4,4,4,4,4,4,4,4,4,4,4,4,4,4,4,4,4,4,4
Map_1227,6,12,8,6,6,8,6,6,6,6,6,6,6,6,6,6,6,6,6,6,6,6,6,6,6,6
Map_1228,13,21,13,12,12,13,12,12,12,12,12,12,12,12,12,12,12,12,12,12,12,12,12,12,12,12
Map_1229,11,42,14,11,13,14,13,11,13,11,13,11,13,11,13,11,11,11,11,11,11,11,13,11,13,11
Map_1230,185,158,7,7,7,7,7,7,7,7,7,7,7,7,7,7,7,7,7,7,7,7,7,7,7,7
Map_1231,19,30,9,9,9,9,9,9,9,9,9,9,9,9,9,9,9,9,9,9,9,9,9,9,9,9
Map_1232,8,115,4,4,4,4,4,4,4,4,4,4,4,4,4,4,4,4,4,4,4,4,4,4,4,4
Map_1233,13,102,13,13,13,13,13,13,13,13,13,13,13,13,13,13,13,13,13,13,13,13,13,13,13,13
Map_1234,18,86,16,16,16,17,15,15,15,15,15,15,15,15,15,15,16,14,15,14,15,14,16,14,14,14
Map_1235,30,29,14,14,14,22,13,13,13,13,13,13,13,13,13,13,13,13,13,13,13,13,13,13,13,13
Map_1236,30,148,20,20,20,22,20,20,20,20,20,20,20,20,20,20,20,20,27,20,31,20,20,20,20,20
Map_1237,9,215,10,9,8,10,9,9,8,8,8,8,9,9,9,9,8,8,8,8,8,8,8,8,8,8
Map_1238,127,167,140,123,140,145,90,84,90,84,90,84,91,86,91,89,50,39,60,39,60,39,53,39,53,39
Map_1239,90,143,18,18,18,29,16,16,16,16,16,16,16,16,16,16,21,16,21,16,21,16,20,16,20,16
Map_1240,5,20,5,5,5,8,5,5,5,5,5,5,5,5,5,5,5,5,5,5,5,5,5,5,5,5
Map_1241,25,35,13,13,13,24,14,13,14,13,14,13,14,13,14,13,20,13,20,13,20,13,14,13,14,13
Map_1242,19,31,13,13,13,13,13,13,13,13,13,13,13,13,13,13,13,13,24,13,24,13,13,13,13,13
Map_1243,30,85,18,18,18,18,17,14,17,14,17,14,14,14,14,14,18,14,18,14,18,14,14,14,14,14
Map_1244,8,17,8,8,8,8,8,8,8,8,8,8,8,8,8,8,8,8,8,8,8,8,8,8,8,8
Map_1245,224,144,22,22,22,21,15,15,15,15,15,15,15,15,15,15,15,15,15,15,15,15,15,15,15,15
Map_1246,10,16,8,8,8,8,8,7,8,7,8,7,8,7,7,7,8,7,8,7,8,7,8,7,8,7
Map_1247,11,44,12,12,12,12,12,11,12,11,12,11,12,11,12,11,12,11,12,11,12,11,12,11,12,11
Map_1248,48,108,22,19,20,22,19,19,20,19,20,19,19,19,19,19,19,19,19,19,19,19,19,19,19,19
Map_1249,21,96,18,18,22,23,19,18,19,18,19,18,19,18,19,18,16,16,16,16,16,16,16,16,16,16
Map_1250,65,53,17,17,17,17,43,17,43,17,43,17,43,17,43,17,17,17,17,17,17,17,17,17,17,17
Map_1251,8,31,8,8,8,8,9,8,9,8,9,8,9,8,9,8,9,8,9,8,9,8,9,8,9,8
Map_1252,18,235,8,8,8,8,8,8,8,8,8,8,8,8,8,8,8,8,8,8,8,8,8,8,8,8
Map_1253,20,40,14,14,14,14,14,14,14,14,14,14,15,15,15,15,11,11,12,11,12,11,11,11,11,11
Map_1254,26,53,15,15,15,16,13,13,13,13,13,13,13,13,13,13,13,13,13,13,13,13,13,13,13,13
Map_1255,59,65,22,22,22,23,22,22,22,22,22,22,22,22,22,22,17,19,17,19,17,19,17,19,17,19
Map_1256,5,9,5,5,5,6,5,5,5,5,5,5,5,5,5,5,5,5,5,5,5,5,5,5,5,5
Map_1257,34,46,17,17,17,25,17,17,17,17,17,17,17,17,17,17,17,15,17,15,17,15,17,15,17,15
Map_1258,17,36,6,6,6,6,6,6,6,6,6,6,6,6,6,6,6,6,6,6,6,6,6,6,6,6
Map_1259,76,113,56,52,56,72,40,52,40,52,40,52,32,52,32,52,40,53,33,53,33,53,40,53,40,53
Map_1260,41,78,16,16,16,18,16,16,16,16,16,16,16,16,16,16,16,16,16,16,24,17,16,16,16,16
Map_1261,6,24,6,6,6,8,6,6,6,6,6,6,6,6,6,6,6,6,6,6,6,6,6,6,6,6
Map_1262,22,37,11,11,11,11,11,11,11,11,11,11,11,11,11,11,11,11,11,11,11,11,11,11,11,11
Map_1263,16,56,11,11,11,11,11,11,11,11,11,11,11,11,11,11,11,11,11,11,11,11,11,11,11,11
Map_1264,12,92,15,14,15,15,15,12,15,12,15,12,14,12,14,12,13,12,13,12,13,12,13,12,15,12
Map_1265,44,117,17,17,17,17,17,17,17,17,17,17,17,17,17,17,17,15,17,15,17,15,16,15,16,15
Map_1266,35,66,14,13,13,19,13,13,13,13,13,13,13,13,13,15,13,13,13,13,13,13,13,13,13,13
Map_1267,18,36,24,25,24,19,18,18,18,18,18,18,18,18,18,18,15,17,15,17,15,17,15,18,15,18
Map_1268,12,18,9,9,9,9,9,9,9,9,9,9,9,9,9,9,10,9,10,9,10,9,9,9,9,9
Map_1269,82,66,21,21,32,21,21,21,21,21,21,21,21,21,21,21,18,18,18,18,18,18,18,18,18,18
Map_1270,6,14,6,6,6,11,6,6,6,6,6,6,6,6,6,6,6,6,6,6,6,6,6,6,6,6
Map_1271,189,132,67,52,67,36,30,40,30,32,30,32,30,40,30,40,30,31,30,31,30,31,30,31,30,31
Map_1272,10,38,9,9,9,12,9,9,9,9,9,9,9,9,9,9,9,9,9,9,9,9,9,9,9,9
Map_1273,5,7,5,5,5,5,5,5,5,5,5,5,5,5,5,5,5,5,5,5,5,5,5,5,5,5
Map_1274,16,117,18,18,18,17,14,16,14,16,14,16,14,16,14,16,14,15,15,15,15,15,14,15,14,15
Map_1275,15,45,12,12,12,12,12,12,12,12,12,12,12,12,12,12,12,12,12,12,12,12,12,12,12,12
Map_1276,20,50,18,18,18,19,16,16,16,16,16,16,16,16,16,16,16,16,14,16,14,14,16,16,16,16
Map_1277,18,25,12,12,12,12,12,12,12,12,12,12,12,12,12,12,12,12,12,12,12,12,12,12,12,12
Map_1278,27,53,21,21,21,19,19,21,19,21,19,21,19,21,19,21,19,19,19,19,19,19,19,21,19,21
Map_1279,11,74,11,9,11,15,9,9,9,9,9,9,9,9,9,9,9,9,9,9,9,9,9,9,9,9
Map_1280,7,31,7,7,7,9,7,7,7,7,7,7,7,7,7,7,9,7,9,7,9,7,7,7,7,7
Map_1281,16,127,12,12,12,17,12,12,12,12,12,12,12,12,12,12,11,11,11,11,11,11,11,11,11,11
Map_1282,7,14,7,7,7,10,7,7,7,7,7,7,7,7,7,7,8,7,8,7,8,7,8,7,8,7
Map_1283,18,25,13,13,13,13,13,13,13,13,13,13,13,13,13,13,13,13,13,13,13,13,13,13,13,13
Map_1284,16,48,14,14,12,11,14,11,14,11,14,11,14,11,14,11,11,11,11,11,11,11,14,11,14,11
Map_1285,12,108,16,12,17,12,9,9,9,9,9,9,9,9,9,9,9,9,9,9,9,9,9,9,9,9
Map_1286,50,104,46,46,46,28,28,28,28,28,28,28,28,28,28,28,30,28,30,28,30,28,28,28,28,28
Map_1287,9,184,9,9,9,13,9,9,9,9,9,9,9,9,9,9,9,9,9,9,9,9,9,9,9,9
Map_1288,8,210,6,6,6,6,6,6,6,6,6,6,6,6,6,6,6,6,6,6,6,6,6,6,6,6
Map_1289,30,108,28,28,28,43,28,26,28,26,28,26,28,26,28,26,26,23,26,23,29,23,23,26,28,26
Map_1290,39,86,18,18,18,47,18,18,18,18,18,18,18,18,18,18,18,18,21,18,21,18,18,18,18,18
Map_1291,67,45,18,17,17,20,17,17,17,17,17,17,17,24,24,24,18,17,18,17,18,17,17,17,17,17
Map_1292,12,103,11,11,11,19,11,11,11,11,11,11,11,11,11,11,11,11,11,11,11,11,11,11,11,11
Map_1293,25,39,25,25,21,26,25,20,25,20,25,20,25,20,25,20,25,18,25,18,25,18,25,18,25,18
Map_1294,16,30,12,12,12,12,12,12,12,12,12,12,12,12,12,12,12,12,12,12,12,12,12,12,12,12
Map_1295,15,66,14,14,14,15,14,14,14,14,14,14,14,14,14,14,20,14,20,14,20,14,14,14,14,14
Map_1296,12,20,11,11,11,12,11,11,11,11,11,11,11,11,11,11,11,11,11,11,11,11,11,11,11,11
Map_1297,15,35,15,15,15,15,12,12,12,12,12,12,12,12,12,12,12,12,12,12,12,12,12,12,12,12
Map_1298,165,225,22,21,22,25,20,20,20,20,20,20,20,20,20,20,20,20,20,20,20,20,20,20,20,20
Map_1299,12,32,13,11,11,16,11,11,11,11,11,11,11,11,11,11,11,11,11,11,11,11,11,11,11,11
Map_1300,20,19,8,7,8,8,7,7,7,7,7,7,7,7,7,7,7,7,13,7,13,7,7,7,7,7
Map_1301,17,25,17,17,18,21,17,17,17,17,17,17,17,17,17,17,17,17,17,17,17,17,17,17,17,17
Map_1302,20,27,15,15,15,15,15,15,15,15,15,15,15,15,15,15,15,15,15,15,15,15,15,15,15,15
Map_1303,9,396,9,9,9,9,9,9,9,9,9,9,9,9,9,9,9,9,9,9,9,9,9,9,9,9
Map_1304,32,42,31,31,47,36,33,29,33,29,33,29,32,32,32,32,23,27,23,27,23,27,23,27,23,32
Map_1305,9,36,9,9,9,11,11,11,11,12,11,12,11,11,11,11,9,9,9,9,9,9,9,9,9,9
Map_1306,17,115,17,17,17,17,17,17,17,17,17,17,17,17,17,17,19,17,19,17,19,17,19,17,19,17
Map_1307,11,29,10,10,10,13,10,11,10,11,10,11,10,11,10,11,10,10,10,10,10,10,10,10,10,10
Map_1308,8,38,8,8,8,13,8,8,8,8,8,8,8,8,8,8,8,8,10,8,10,8,8,8,8,8
Map_1309,54,210,24,24,24,21,17,17,17,17,17,17,17,17,17,17,21,17,21,17,21,17,17,17,17,17
Map_1310,41,31,31,31,31,33,25,31,25,31,25,31,25,31,25,31,21,20,21,20,21,20,20,20,20,20
Map_1311,50,185,13,13,13,16,13,13,13,13,13,13,13,13,13,13,13,13,13,13,13,13,13,13,13,13
Map_1312,30,48,15,15,15,20,15,15,15,15,15,15,15,15,15,15,17,13,17,13,17,13,17,13,14,13
Map_1313,10,39,11,11,11,11,11,10,11,10,11,10,10,10,10,10,10,10,10,10,10,10,10,10,10,10
Map_1314,8,14,8,8,8,10,8,8,8,8,8,8,8,8,8,8,8,8,8,8,8,8,8,8,8,8
Map_1315,127,71,14,14,14,16,14,14,14,14,14,14,14,14,14,14,14,14,14,14,14,14,14,14,14,14
Map_1316,54,139,25,25,23,25,25,25,25,25,25,25,25,25,25,25,26,25,26,25,26,25,24,25,26,25
Map_1317,30,41,23,27,23,26,23,27,23,27,23,27,27,27,27,27,23,23,23,23,23,23,23,23,23,23
Map_1318,44,73,19,19,19,19,19,21,19,21,19,21,19,21,19,21,19,21,19,21,19,21,19,21,19,21
Map_1319,19,29,16,16,16,16,16,15,16,15,16,15,15,15,15,15,16,15,18,15,18,15,16,15,16,15
Map_1320,7,26,7,7,7,7,7,7,7,7,7,7,7,7,7,7,7,7,7,7,7,7,7,7,7,7
Map_1321,13,28,13,11,11,13,11,11,11,11,11,11,11,11,11,11,12,11,12,11,12,11,12,11,11,11
Map_1322,28,304,29,29,29,29,89,28,89,28,89,28,28,28,28,28,19,19,19,19,21,19,19,29,48,29
Map_1323,7,24,7,7,7,7,7,7,7,7,7,7,7,7,7,7,7,7,7,7,7,7,7,7,7,7
Map_1324,12,85,12,12,12,14,12,12,12,12,12,12,12,12,12,12,13,12,13,12,13,12,13,12,13,12
Map_1325,23,32,17,18,17,19,18,18,17,17,17,17,18,18,18,18,17,17,17,17,17,17,17,17,17,17
Map_1326,29,41,18,18,18,18,18,15,18,15,18,15,18,15,18,15,18,15,18,15,18,15,18,15,18,15
Map_1327,23,37,11,11,12,15,11,11,11,11,11,11,11,11,11,11,11,11,11,11,14,11,11,11,11,11
Map_1328,5,10,5,4,5,5,4,4,4,4,4,4,4,4,4,4,4,4,4,4,4,4,4,4,4,4
Map_1329,22,32,28,28,26,34,19,19,19,19,19,19,19,19,19,19,19,19,19,19,19,19,19,19,19,19
Map_1330,15,38,10,10,10,24,10,10,10,10,10,10,10,10,10,10,10,10,10,10,10,10,10,10,10,10
Map_1331,7,28,7,7,7,7,7,7,7,7,7,7,7,7,7,7,7,7,7,7,7,7,7,7,7,7
Map_1332,6,29,6,6,6,6,6,6,6,6,6,6,6,6,6,6,6,6,6,6,6,6,6,6,6,6
Map_1333,14,20,12,12,12,12,12,12,12,12,12,12,12,12,12,12,13,12,13,12,13,12,13,12,13,12
Map_1334,21,124,21,21,16,22,21,16,21,16,21,16,21,16,21,16,19,16,19,16,19,16,19,16,19,16
Map_1335,6,16,6,6,6,7,6,6,6,6,6,6,6,6,6,6,6,6,6,6,6,6,6,6,6,6
Map_1336,8,60,8,8,8,8,6,6,6,6,6,6,6,6,6,6,6,6,6,6,6,6,6,6,6,6
Map_1337,4,15,4,4,4,6,4,4,4,4,4,4,4,4,4,4,4,4,4,4,4,4,4,4,4,4
Map_1338,11,139,12,12,12,13,12,11,12,11,12,11,12,11,12,11,12,11,12,11,12,11,12,11,12,11
Map_1339,8,23,8,8,8,8,8,8,8,8,8,8,8,8,8,8,8,8,8,8,8,8,8,8,8,8
Map_1340,8,55,8,8,8,10,8,8,8,8,8,8,8,8,8,8,8,8,8,8,8,8,8,8,8,8
Map_1341,9,39,10,10,10,12,9,9,9,9,9,9,9,9,9,9,9,9,9,9,9,9,9,9,9,9
Map_1342,13,21,12,12,12,14,12,12,12,12,12,12,12,12,12,12,13,12,13,12,13,12,13,12,13,12
Map_1343,10,65,18,18,18,25,10,10,10,10,10,10,10,10,10,10,10,10,10,10,10,10,10,10,10,10
Map_1344,90,80,64,58,64,61,58,60,58,60,58,60,58,60,58,60,57,50,50,50,50,50,57,50,57,50
Map_1345,10,40,10,10,10,10,10,10,10,10,10,10,10,10,10,10,10,10,10,10,10,10,10,10,10,10
Map_1346,7,12,8,7,8,10,7,7,7,7,7,7,7,7,7,7,7,7,7,7,7,7,7,7,7,7
Map_1347,10,15,9,9,9,11,9,9,9,9,9,9,9,9,9,9,9,9,9,9,9,9,9,9,9,9
Map_1348,43,104,15,15,15,15,15,15,15,19,15,19,15,15,15,15,15,15,15,15,15,15,15,15,15,15
Map_1349,7,11,7,7,7,9,7,7,7,7,7,7,7,7,7,7,7,7,7,7,7,7,7,7,7,7
Map_1350,36,122,17,17,17,17,17,17,17,17,17,17,17,17,17,17,16,14,16,14,16,14,17,14,17,14
Map_1351,6,10,6,6,6,7,6,6,6,6,6,6,6,6,6,6,6,6,6,6,6,6,6,6,6,6
Map_1352,7,75,7,7,7,7,7,7,7,7,7,7,7,7,7,7,7,7,8,7,8,7,7,7,7,7
Map_1353,31,96,24,23,20,27,18,18,18,18,18,18,18,18,18,18,18,16,25,16,25,16,18,16,18,16
Map_1354,9,20,9,9,9,9,8,8,8,8,8,8,8,8,8,8,9,8,9,8,9,8,9,8,8,8
Map_1355,142,105,39,39,40,39,75,36,75,26,75,26,74,36,74,36,31,29,31,29,31,29,31,29,31,29
Map_1356,40,73,18,18,18,18,21,18,21,18,21,18,21,18,21,18,30,18,31,18,31,18,21,18,21,18
Map_1357,11,28,11,11,11,12,11,12,11,12,11,12,11,12,11,12,11,11,11,11,11,11,11,11,11,11
Map_1358,11,20,11,11,11,11,11,11,11,11,11,11,11,11,11,11,11,11,11,11,11,11,11,11,11,11
Map_1359,16,33,16,16,16,16,16,16,16,16,16,16,16,16,16,16,16,16,16,16,16,16,16,16,16,16
Map_1360,52,51,21,21,21,23,21,21,21,21,21,21,21,21,21,21,26,21,26,21,26,21,21,21,21,21
Map_1361,9,41,9,9,9,10,9,9,9,9,9,9,9,9,9,9,9,9,9,9,9,9,9,9,9,9
Map_1362,42,84,23,23,23,26,23,24,23,24,23,24,23,24,23,24,22,22,22,16,22,16,22,22,22,22
Map_1363,12,42,14,14,14,15,14,12,14,12,14,12,14,12,14,12,15,12,15,12,15,12,14,12,14,12
Map_1364,23,19,11,11,12,11,11,11,11,11,11,11,11,11,11,11,11,11,11,11,11,11,11,11,11,11
Map_1365,12,50,11,11,11,11,12,11,12,11,12,11,11,11,11,11,11,11,11,11,11,11,11,11,11,11
Map_1366,8,24,9,9,9,9,9,9,9,9,9,9,9,9,9,9,9,8,9,8,9,8,9,8,9,8
Map_1367,26,56,16,16,16,16,16,16,16,16,16,16,16,16,16,16,17,15,17,15,17,15,17,15,17,15
Map_1368,8,12,8,8,8,10,8,8,8,8,8,8,8,8,8,8,8,8,8,8,8,8,8,8,8,8
Map_1369,90,120,56,55,56,68,52,48,52,48,52,48,52,48,57,48,45,34,45,34,45,34,45,34,45,34
Map_1370,13,51,14,12,13,24,12,12,12,12,12,12,12,12,12,12,12,11,12,11,12,11,12,11,12,11
Map_1371,26,92,24,24,24,24,24,23,24,23,24,23,24,26,24,26,24,23,24,23,24,23,24,23,24,23
Map_1372,27,71,18,18,18,18,18,18,18,18,18,18,18,18,18,18,18,18,18,18,18,18,18,18,18,18
Map_1373,22,25,14,14,14,14,14,14,14,14,14,14,14,14,14,14,15,14,15,14,15,14,14,14,14,14
Map_1374,10,27,8,8,8,11,8,8,8,8,8,8,8,8,8,8,8,8,8,8,8,8,8,8,8,8
Map_1375,77,124,18,18,18,18,18,18,18,18,18,18,18,18,18,18,18,18,18,18,18,18,18,18,18,18
Map_1376,12,35,12,12,12,31,12,12,12,12,12,12,12,12,12,12,15,12,15,12,15,12,12,12,12,12
Map_1377,6,10,6,6,6,7,6,6,6,6,6,6,6,6,6,6,6,6,6,6,6,6,6,6,6,6
Map_1378,23,39,15,15,13,15,13,12,13,12,13,12,12,12,12,12,14,12,14,12,14,12,14,12,14,12
Map_1379,36,61,12,12,12,12,12,12,12,12,12,12,12,12,12,12,12,12,12,12,12,12,12,12,12,12
Map_1380,15,255,12,12,12,13,12,12,12,12,12,12,12,12,12,12,12,12,12,12,12,12,12,12,12,12
Map_1381,18,41,11,11,11,12,11,11,11,11,11,11,11,11,11,11,11,11,11,11,11,11,11,11,11,11
Map_1382,8,173,7,7,7,15,7,7,7,7,7,7,7,7,7,7,7,7,8,7,8,7,7,7,7,7
Map_1383,17,113,17,17,17,17,17,17,17,17,17,17,17,17,17,17,15,17,15,15,15,15,15,17,15,17
Map_1384,7,19,8,7,7,10,7,7,7,7,7,7,7,7,7,7,8,7,8,7,8,7,7,7,7,7
Map_1385,16,36,11,11,11,12,11,11,11,11,11,11,11,11,11,11,11,11,11,11,11,11,11,11,11,11
Map_1386,12,33,12,12,12,13,12,12,12,12,12,12,12,12,12,12,11,11,11,11,11,11,11,11,11,11
Map_1387,12,74,12,12,12,12,12,12,12,12,12,12,12,12,12,12,12,12,12,12,12,12,12,12,12,12
Map_1388,22,78,18,18,18,24,15,15,15,15,15,15,15,15,15,15,15,15,15,15,15,15,15,15,15,15
Map_1389,57,63,21,20,21,26,20,20,20,20,20,20,20,20,20,20,27,20,27,20,27,20,20,20,20,20
Map_1390,6,13,6,6,6,7,6,6,6,6,6,6,6,6,6,6,6,6,6,6,6,6,6,6,6,6
Map_1391,8,94,8,8,8,8,8,8,8,8,8,8,8,8,8,8,8,8,8,8,8,8,8,8,8,8
Map_1392,7,11,6,6,6,7,6,6,6,6,6,6,6,6,6,6,6,6,6,6,6,6,6,6,6,6
Map_1393,10,24,10,10,10,10,10,10,10,10,10,10,10,10,10,10,10,10,10,10,10,10,10,10,10,10
Map_1394,10,15,8,8,8,9,8,8,8,8,8,8,8,8,8,8,8,8,8,8,8,8,8,8,8,8
Map_1395,8,52,7,7,7,7,7,7,7,7,7,7,7,7,7,7,7,7,7,7,7,7,7,7,7,7
Map_1396,21,84,15,15,15,18,15,15,15,15,15,15,15,15,15,15,20,15,20,15,20,15,15,15,15,15
Map_1397,42,236,21,21,21,26,21,21,21,21,21,21,21,21,21,21,21,21,21,21,21,21,21,21,21,21
Map_1398,100,79,35,35,35,41,35,33,35,33,35,33,33,33,33,33,35,19,35,19,35,19,35,19,35,19
Map_1399,24,42,22,22,22,28,22,15,22,15,22,15,22,15,22,15,25,15,26,15,26,15,23,15,23,15
Map_1400,70,62,17,17,15,24,17,17,17,17,17,17,17,17,17,17,17,15,17,15,17,15,17,15,17,15
Map_1401,27,220,21,21,43,21,21,21,21,21,21,21,21,21,21,21,23,21,23,21,23,21,23,21,23,21
Map_1402,6,171,6,6,6,7,6,6,6,6,6,6,6,6,6,6,7,6,7,6,7,6,6,6,6,6
Map_1403,6,50,6,6,6,10,7,6,7,6,7,6,7,6,7,6,7,6,7,6,7,6,7,6,7,6
Map_1404,90,61,10,10,10,10,10,10,10,10,10,10,10,10,10,10,10,10,11,10,11,10,10,10,10,10
Map_1405,7,83,7,7,7,7,7,7,7,7,7,7,7,7,7,7,7,7,7,7,7,7,7,7,7,7
Map_1406,22,47,17,15,16,22,15,15,15,15,15,15,15,15,15,15,15,10,15,10,15,10,15,10,15,10
Map_1407,14,61,16,16,16,25,13,12,13,12,13,12,13,12,13,12,13,12,13,12,13,12,13,12,13,12
Map_1408,23,105,24,24,24,28,20,20,20,20,20,20,20,20,20,20,20,20,20,20,20,20,20,20,20,20
Map_1409,17,37,19,19,19,24,23,19,23,19,23,19,23,19,23,19,23,19,23,19,23,19,23,19,23,19
Map_1410,36,117,14,14,14,15,14,14,14,14,14,14,14,16,16,16,14,13,14,13,14,13,14,13,14,13
Map_1411,11,21,9,9,9,11,9,9,9,9,9,9,9,9,9,9,11,9,11,9,11,9,9,9,9,9
Map_1412,46,130,26,26,29,26,26,26,26,26,26,26,26,26,26,26,26,25,26,25,28,28,26,25,26,25
Map_1413,13,32,13,13,13,13,13,13,13,13,13,13,13,13,13,13,14,13,15,13,15,13,14,13,14,13
Map_1414,19,28,20,19,19,20,19,19,19,19,19,19,19,19,19,19,19,19,18,17,18,17,19,19,19,19
Map_1415,6,28,6,6,6,6,6,6,6,6,6,6,6,6,6,6,6,6,6,6,6,6,6,6,6,6
Map_1416,18,30,14,13,13,15,13,13,13,13,13,13,13,13,13,13,13,13,13,13,13,13,13,13,13,13
Map_1417,40,38,14,14,14,14,12,12,12,12,12,12,12,12,12,12,12,12,12,12,12,12,12,12,12,12
Map_1418,6,16,6,6,6,6,6,6,6,6,6,6,6,6,6,6,6,6,6,6,6,6,6,6,6,6
Map_1419,18,216,10,10,10,10,10,10,10,10,10,10,10,10,10,10,10,10,10,10,10,10,10,10,10,10
Map_1420,35,68,16,16,16,16,16,16,16,16,16,16,16,16,16,16,16,16,16,16,16,16,16,16,16,16
Map_1421,5,12,5,5,5,5,5,5,5,5,5,5,5,5,5,5,5,5,5,5,5,5,5,5,5,5
Map_1422,22,44,20,20,20,26,20,20,20,20,20,20,20,20,20,20,21,18,21,18,21,18,20,18,20,18
Map_1423,17,26,13,13,13,13,13,13,13,13,13,13,13,13,13,13,13,13,13,13,13,13,13,13,13,13
Map_1424,35,68,27,26,27,28,28,26,28,26,28,26,26,28,28,28,29,26,28,26,28,26,28,26,28,26
Map_1425,4,6,4,4,4,4,4,4,4,4,4,4,4,4,4,4,4,4,4,4,4,4,4,4,4,4
Map_1426,52,229,29,28,28,29,28,28,28,28,28,28,28,28,28,28,29,28,29,28,29,28,28,28,28,28
Map_1427,8,15,7,7,7,9,7,7,7,7,7,7,7,7,7,7,7,7,7,7,7,7,7,7,7,7
Map_1428,35,26,18,18,18,18,18,18,18,18,18,18,18,18,18,18,17,17,17,17,17,17,17,17,18,17
Map_1429,10,88,9,9,9,9,9,9,9,9,9,9,9,9,9,9,9,9,9,9,9,9,9,9,9,9
Map_1430,14,36,13,13,13,16,13,13,13,13,13,13,13,13,13,13,12,12,12,12,12,12,12,12,12,12
Map_1431,47,157,40,32,41,50,37,37,37,37,37,37,37,37,37,37,37,35,33,35,33,35,37,37,37,37
Map_1432,43,62,12,12,12,12,12,12,12,12,12,12,12,12,12,12,12,12,12,12,12,12,12,12,12,12
Map_1433,14,31,11,11,14,15,11,11,11,11,11,11,11,11,11,11,11,11,11,11,11,11,11,11,11,11
Map_1434,19,69,11,11,11,12,11,11,11,11,11,11,11,11,11,11,11,11,11,11,11,11,11,11,11,11
Map_1435,15,31,15,15,14,17,15,15,15,15,15,15,15,15,15,15,17,13,17,13,17,13,15,13,15,13
Map_1436,9,27,9,9,9,9,9,9,9,9,9,9,9,9,9,9,9,9,9,9,9,9,9,9,9,9
Map_1437,13,77,12,12,11,12,11,12,11,12,11,12,11,12,11,12,11,12,11,12,11,12,11,12,11,12
Map_1438,45,138,21,21,13,22,18,18,18,18,18,18,18,18,18,18,18,13,18,13,18,13,18,13,18,13
Map_1439,16,100,13,13,13,13,13,13,13,13,13,13,13,13,13,13,13,13,13,13,13,13,13,13,13,13
Map_1440,7,35,11,11,7,11,7,7,7,7,7,7,7,7,7,7,7,7,7,7,7,7,7,7,7,7
Map_1441,10,13,9,9,9,9,10,9,10,9,10,9,10,9,10,9,10,9,10,9,10,9,10,9,10,9
Map_1442,18,42,18,18,17,18,17,17,17,17,17,17,17,17,17,17,17,17,17,17,17,17,17,17,17,17
Map_1443,9,23,10,9,10,14,9,9,9,9,9,9,9,9,9,9,13,9,13,9,13,9,9,9,9,9
Map_1444,7,19,7,7,7,9,7,7,7,7,7,7,7,7,7,7,7,7,7,7,7,7,7,7,7,7
Map_1445,19,31,11,11,11,12,11,11,11,11,11,11,11,11,11,11,11,11,11,11,11,11,11,11,11,11
Map_1446,18,102,16,13,16,16,16,13,16,13,16,13,13,13,13,13,14,13,14,14,14,14,14,13,14,13
Map_1447,49,113,17,17,17,17,17,17,17,17,17,17,17,17,17,17,17,17,17,17,17,17,17,17,17,17
Map_1448,188,214,23,23,23,23,22,21,22,21,22,21,21,21,21,21,23,21,23,21,23,21,22,21,22,21
Map_1449,6,21,6,6,6,7,6,6,6,6,6,6,6,6,6,6,6,6,6,6,6,6,6,6,6,6
Map_1450,14,29,11,11,10,11,10,10,10,10,10,10,10,10,10,10,10,10,10,10,10,10,10,10,10,10
Map_1451,18,47,12,12,12,12,12,12,12,12,12,12,12,12,12,12,12,12,12,12,12,12,12,12,12,12
Map_1452,17,34,18,18,18,20,18,17,18,17,18,17,18,17,18,17,12,12,12,12,12,12,12,12,12,12
Map_1453,15,84,10,10,10,10,10,10,10,10,10,10,10,10,10,10,10,10,10,10,10,10,10,10,10,10
Map_1454,13,73,12,11,12,12,13,13,13,13,13,13,13,13,13,13,13,12,13,12,13,12,13,12,13,13
Map_1455,5,13,5,5,5,11,5,5,5,5,5,5,5,5,5,5,5,5,5,5,5,5,5,5,5,5
Map_1456,13,20,11,10,10,18,11,11,11,11,11,11,11,11,11,11,10,10,10,10,10,10,10,10,10,10
Map_1457,144,147,27,27,27,29,26,26,26,26,26,26,26,26,26,26,27,16,29,16,29,16,27,16,16,16
Map_1458,13,30,12,12,12,12,11,11,11,11,11,11,11,11,11,11,10,10,10,10,10,10,10,10,10,10
Map_1459,10,39,10,10,10,11,10,10,10,10,10,10,10,10,10,10,10,10,10,10,10,10,10,10,10,10
Map_1460,31,58,12,12,22,15,12,12,12,12,12,12,12,12,12,12,12,12,12,12,12,12,12,12,12,12
Map_1461,7,51,7,7,7,7,7,7,7,7,7,7,7,7,7,7,7,7,7,7,7,7,7,7,7,7
Map_1462,75,103,41,41,41,46,41,36,41,36,41,36,32,36,32,36,30,24,32,24,32,24,24,24,24,24
Map_1463,446,56,27,25,28,28,25,25,25,25,25,25,25,25,25,25,30,25,30,25,30,25,28,25,28,25
Map_1464,9,122,10,10,10,14,10,9,10,9,10,9,9,9,9,9,9,9,13,9,13,9,9,9,9,9
Map_1465,11,175,7,7,7,7,7,7,7,7,7,7,7,7,7,7,7,7,7,7,7,7,7,7,7,7
Map_1466,17,108,17,17,17,30,17,17,17,17,17,17,17,17,17,17,17,17,17,17,17,17,17,17,17,17
Map_1467,7,33,7,7,7,7,7,7,7,7,7,7,7,7,7,7,7,7,7,7,7,7,7,7,7,7
Map_1468,15,45,9,9,9,17,9,9,9,9,9,9,9,9,9,9,9,9,9,9,9,9,9,9,9,9
Map_1469,22,33,19,19,19,19,18,18,18,18,18,18,18,18,18,18,20,18,20,18,20,18,19,18,19,18
Map_1470,9,28,9,9,9,11,9,9,9,9,9,9,9,9,9,9,9,9,11,9,11,9,9,9,9,9
Map_1471,19,56,15,15,15,15,15,15,15,15,15,15,15,15,15,15,16,16,16,16,16,16,16,15,16,15
Map_1472,18,40,23,23,23,23,26,22,26,22,26,22,26,22,26,22,23,22,23,22,23,22,23,22,23,22
Map_1473,5,16,5,5,5,5,5,5,5,5,5,5,5,5,5,5,5,5,5,5,5,5,5,5,5,5
Map_1474,8,17,8,8,8,8,8,8,8,8,8,8,8,8,8,8,8,8,8,8,8,8,8,8,8,8
Map_1475,7,18,7,7,7,9,7,7,7,7,7,7,7,7,7,7,7,7,7,7,7,7,7,7,7,7
Map_1476,11,17,11,11,11,11,11,11,11,11,11,11,11,11,11,11,11,11,11,11,11,11,11,11,11,11
Map_1477,9,44,9,9,9,12,9,9,9,9,9,9,9,9,9,9,9,9,9,9,9,9,9,9,9,9
Map_1478,57,184,33,26,23,22,26,23,26,23,26,23,26,26,26,26,20,26,20,24,20,24,21,27,21,23
Map_1479,13,29,12,12,12,13,12,12,12,12,12,12,12,12,12,12,12,12,12,12,12,12,12,12,12,12
Map_1480,11,66,11,11,11,28,11,11,11,11,11,11,11,11,11,11,11,11,11,11,11,11,11,11,11,11
Map_1481,7,32,7,7,7,7,7,7,7,7,7,7,7,7,7,7,7,7,7,7,7,7,7,7,7,7
Map_1482,6,62,6,6,6,6,6,6,6,6,6,6,6,6,6,6,8,6,10,6,10,6,6,6,6,6
Map_1483,17,55,12,12,12,12,12,12,12,12,12,12,12,12,12,12,12,12,12,12,12,12,12,12,12,12
Map_1484,152,284,129,127,127,109,101,101,60,60,60,60,101,101,101,101,34,34,34,34,34,34,34,34,34,34
Map_1485,20,58,20,20,20,20,20,21,20,21,20,21,20,21,20,21,20,17,20,17,22,17,20,17,20,17
Map_1486,27,29,12,12,12,12,12,12,12,12,12,12,12,12,12,12,12,12,12,12,12,12,12,12,12,12
Map_1487,5,9,5,5,5,5,5,5,5,5,5,5,5,5,5,5,5,5,5,5,5,5,5,5,5,5
Map_1488,39,46,23,23,23,23,23,23,23,23,23,23,23,23,23,23,24,20,24,20,24,20,23,20,23,20
Map_1489,18,109,11,11,11,11,11,11,11,11,11,11,11,11,11,11,11,11,13,11,13,11,11,11,11,11
Map_1490,56,94,38,50,38,38,43,46,43,46,43,46,43,46,43,46,38,43,39,38,39,38,43,43,43,43
Map_1491,42,151,35,35,35,48,22,32,22,32,22,32,22,32,22,32,20,23,20,20,20,20,20,32,20,32
Map_1492,14,323,14,13,14,18,13,13,13,13,13,13,13,13,13,13,14,13,14,13,14,13,13,13,13,13
Map_1493,6,102,6,6,6,28,6,6,6,6,6,6,6,6,6,6,6,6,6,6,6,6,6,6,6,6
Map_1494,28,52,23,23,23,23,24,24,24,24,24,24,24,24,24,24,15,11,15,11,15,11,15,11,15,11
Map_1495,5,9,5,5,5,6,5,5,5,5,5,5,5,5,5,5,5,5,5,5,5,5,5,5,5,5
Map_1496,5,16,5,5,5,7,5,5,5,5,5,5,5,5,5,5,5,5,5,5,5,5,5,5,5,5
Map_1497,10,31,10,9,10,10,9,9,9,9,9,9,9,9,9,9,10,9,12,9,12,9,9,9,9,9
Map_1498,26,31,15,15,15,15,15,15,15,15,15,15,15,15,15,15,15,15,15,15,19,15,15,15,15,15
Map_1499,8,170,6,6,6,6,6,8,6,8,6,8,6,8,6,8,6,6,8,6,8,6,6,6,6,6
Map_1500,15,38,10,10,10,13,9,9,9,9,9,9,9,9,9,9,10,9,16,9,16,9,9,9,9,9
Map_1501,18,57,16,16,16,27,19,19,19,19,19,19,19,19,19,19,19,18,18,18,18,18,19,18,19,18
Map_1502,16,79,15,15,14,15,15,14,15,14,15,14,15,14,15,14,15,14,16,14,16,14,15,14,15,14
Map_1503,13,22,12,12,12,12,13,12,13,12,13,12,13,12,13,12,13,12,13,12,13,12,13,12,13,12
Map_1504,421,189,33,33,33,41,41,41,41,41,41,41,41,41,41,41,40,37,40,36,40,36,37,33,37,33
Map_1505,39,42,16,16,16,25,16,16,16,16,16,16,16,16,16,16,16,16,16,11,16,11,16,16,16,16
Map_1506,12,17,9,9,9,9,9,9,9,9,9,9,9,9,9,9,11,9,11,9,11,9,9,9,9,9
Map_1507,12,56,11,11,11,11,11,11,11,11,11,11,11,11,11,11,11,11,11,11,14,11,11,11,11,11
Map_1508,16,36,13,13,13,17,13,15,13,15,13,15,13,15,13,15,13,13,13,13,13,13,13,13,13,13
Map_1509,6,16,6,6,6,7,6,6,6,6,6,6,6,6,6,6,6,6,6,6,6,6,6,6,6,6
Map_1510,7,11,7,6,7,9,6,6,6,6,6,6,6,6,6,6,6,6,6,6,6,6,6,6,6,6
Map_1511,21,67,18,18,18,19,16,16,16,16,16,16,16,16,16,16,13,13,13,13,13,13,13,13,13,13
Map_1512,29,72,31,31,31,32,31,36,31,36,31,36,49,49,49,49,18,18,18,18,18,18,18,18,18,18
Map_1513,10,161,10,10,10,10,10,10,10,10,10,10,10,10,10,10,10,10,10,10,10,10,10,10,10,10
Map_1514,14,255,9,9,9,11,9,9,9,9,9,9,9,9,9,9,9,9,9,9,9,9,9,9,9,9
Map_1515,14,28,14,14,14,21,19,14,19,14,19,14,19,14,19,14,20,14,24,14,24,14,19,14,19,14
Map_1516,5,22,5,5,5,5,5,5,5,5,5,5,5,5,5,5,5,5,5,5,5,5,5,5,5,5
Map_1517,21,49,15,15,15,24,15,14,15,14,15,14,15,14,15,14,15,14,15,14,15,14,15,14,15,14
Map_1518,11,23,10,10,10,13,10,10,10,10,10,10,10,10,10,10,10,10,10,10,10,10,10,10,10,10
Map_1519,55,86,21,21,21,29,22,22,22,22,22,22,22,22,22,22,22,22,22,22,22,22,22,22,22,22
Map_1520,268,203,33,27,33,47,24,27,24,27,24,27,24,27,24,27,26,24,28,24,28,24,24,27,24,27
Map_1521,7,58,7,7,7,7,7,7,7,7,7,7,7,7,7,7,7,7,7,7,7,7,7,7,7,7
Map_1522,73,102,27,27,27,29,27,27,27,27,27,27,27,27,27,27,22,26,22,26,22,26,22,26,22,26
Map_1523,41,41,16,16,16,16,16,16,16,16,16,16,16,16,16,16,16,16,16,16,16,16,16,16,16,16
Map_1524,46,177,34,32,34,43,29,29,29,29,29,29,29,29,29,29,31,29,36,29,36,29,29,29,29,29
Map_1525,26,52,33,33,33,36,22,22,22,22,22,22,22,22,22,22,22,22,22,22,22,22,22,22,22,22
Map_1526,13,37,9,9,8,9,8,8,8,8,8,8,8,8,8,8,8,8,8,9,8,9,8,8,8,8
Map_1527,54,60,26,26,26,26,26,26,26,26,26,26,26,26,32,36,17,17,17,17,17,17,17,17,17,17
Map_1528,13,17,8,8,8,8,8,8,8,8,8,8,8,8,8,8,8,8,8,8,8,8,8,8,8,8
Map_1529,10,25,8,8,8,12,8,8,8,8,8,8,8,8,8,8,8,8,8,8,8,8,8,8,8,8
Map_1530,12,40,10,10,10,10,10,10,10,10,10,10,10,10,10,10,10,10,10,10,10,10,10,10,10,10
Map_1531,17,43,21,21,23,21,14,14,14,14,14,14,14,14,14,14,15,14,15,14,15,14,15,14,14,14
Map_1532,17,19,18,16,18,12,12,12,12,12,12,12,12,12,12,12,12,12,12,12,12,12,12,12,12,12
Map_1533,14,35,14,14,14,14,15,14,15,14,15,14,14,14,14,14,15,14,15,14,15,14,15,14,15,14
Map_1534,13,87,19,17,19,22,17,17,17,17,17,17,17,17,17,17,12,11,12,11,12,11,12,11,12,11
Map_1535,5,12,5,5,5,9,5,5,5,5,5,5,5,5,5,5,5,5,5,5,5,5,5,5,5,5
Map_1536,13,119,13,12,13,20,12,9,12,9,12,9,12,9,12,9,12,9,12,9,12,9,12,9,12,9
Map_1537,10,20,9,9,9,13,9,9,9,9,9,9,9,9,9,9,9,8,9,8,9,8,9,8,9,8
Map_1538,19,78,17,17,17,17,16,16,16,16,16,16,16,16,16,16,16,15,16,15,16,15,16,15,16,15
Map_1539,15,56,16,13,16,16,16,13,16,13,16,13,16,13,13,13,16,13,16,13,16,13,16,13,16,13
Map_1540,75,125,47,47,47,72,44,58,44,58,44,58,44,58,44,58,44,58,44,58,44,58,44,58,44,58
Map_1541,100,118,43,49,41,47,39,42,39,42,39,42,42,42,42,42,39,42,39,42,39,42,39,42,39,42
Map_1542,15,20,11,10,11,13,11,10,11,10,11,10,10,10,10,10,11,10,11,10,11,10,11,10,11,10
Map_1543,6,18,6,6,6,6,6,6,6,6,6,6,6,6,6,6,6,6,8,6,8,6,6,6,6,6
Map_1544,82,207,58,57,58,70,59,57,59,57,59,57,59,57,59,57,25,25,25,25,25,25,25,25,25,25
Map_1545,12,39,13,12,9,15,11,9,11,9,11,9,11,9,11,9,18,9,18,9,18,9,11,9,11,9
Map_1546,10,15,6,6,6,11,6,6,6,6,6,6,6,6,6,6,6,6,6,6,6,6,6,6,6,6
Map_1547,4,6,4,4,4,4,4,4,4,4,4,4,4,4,4,4,4,4,4,4,4,4,4,4,4,4
Map_1548,9,34,9,9,9,9,9,9,9,9,9,9,9,9,9,9,11,9,11,9,11,9,9,9,9,9
Map_1549,18,26,19,19,19,19,16,16,16,16,16,16,16,16,16,16,18,16,18,16,18,16,16,16,16,16
Map_1550,18,43,16,16,13,16,16,13,16,13,16,13,16,13,16,13,16,13,16,13,16,13,16,13,16,13
Map_1551,15,22,15,15,15,15,15,15,15,15,15,15,15,15,15,15,15,14,15,14,15,14,15,14,15,14
Map_1552,21,110,27,27,27,28,18,18,18,18,18,18,18,18,18,18,17,17,17,17,17,17,17,17,17,17
Map_1553,58,170,20,20,20,21,20,15,20,15,20,15,20,15,20,15,15,15,15,15,15,15,15,15,21,15
Map_1554,6,12,6,6,6,6,6,6,6,6,6,6,6,6,6,6,6,6,6,6,6,6,6,6,6,6
Map_1555,14,34,13,13,13,14,13,14,13,14,13,14,13,14,13,14,13,12,13,12,13,12,13,12,13,12
Map_1556,19,58,19,19,19,19,19,19,19,19,19,19,19,19,19,19,28,19,28,19,28,19,28,19,27,19
Map_1557,54,163,35,35,36,18,16,16,16,16,16,16,16,16,16,16,17,16,17,16,17,16,17,16,17,16
Map_1558,11,19,10,10,10,10,10,10,10,10,10,10,10,10,10,10,10,10,10,10,10,10,10,10,10,10
Map_1559,15,91,12,12,12,12,12,12,12,12,12,12,12,12,12,12,12,12,12,12,12,12,12,12,12,12
Map_1560,6,10,7,6,6,8,6,6,6,6,6,6,6,6,6,6,6,6,6,6,6,6,6,6,6,6
Map_1561,20,36,13,13,17,13,13,13,13,13,13,13,13,13,13,13,13,13,13,13,13,13,13,13,13,13
Map_1562,9,22,7,7,7,7,7,7,7,7,7,7,7,7,7,7,7,7,7,7,7,7,7,7,7,7
Map_1563,13,27,9,9,9,9,9,9,9,9,9,9,9,9,9,9,9,9,9,9,9,9,9,9,9,9
Map_1564,67,80,16,14,16,16,16,14,16,14,16,14,14,14,14,14,16,14,16,14,16,14,16,14,16,14
Map_1565,59,190,16,16,16,34,16,16,16,16,16,16,16,16,16,16,16,16,16,16,16,16,16,16,16,16
Map_1566,6,33,6,6,6,10,6,6,6,6,6,6,6,6,6,6,6,6,6,6,6,6,6,6,6,6
Map_1567,87,256,18,18,18,23,18,18,18,18,18,18,18,18,18,18,18,18,29,18,29,18,18,18,18,18
Map_1568,35,39,30,30,30,30,31,30,31,30,31,30,30,30,30,30,31,26,31,26,31,26,31,26,28,26
Map_1569,27,30,12,12,12,15,12,12,12,12,12,12,12,12,12,12,11,11,11,11,11,11,11,11,11,11
Map_1570,8,48,8,7,8,8,7,7,7,7,7,7,7,7,7,7,7,7,7,7,7,7,7,7,7,7
Map_1571,16,127,13,13,13,13,13,13,13,13,13,13,13,13,13,13,13,13,13,13,13,13,13,13,13,13
Map_1572,14,108,10,10,10,10,10,10,10,10,10,10,10,10,10,10,10,10,10,10,10,10,10,10,10,10
Map_1573,27,64,23,21,21,22,21,21,21,21,21,21,21,21,21,21,20,21,20,21,20,21,20,21,20,21
Map_1574,9,15,9,8,8,10,8,8,8,8,8,8,8,8,8,8,8,8,8,8,8,8,8,8,8,8
Map_1575,26,123,24,24,24,32,20,25,20,25,20,25,20,25,20,25,20,19,20,19,20,19,20,19,20,24
Map_1576,11,28,9,9,9,9,9,9,9,9,9,9,9,9,9,9,9,9,9,9,9,9,9,9,9,9
Map_1577,143,44,16,16,16,17,16,16,16,16,16,16,16,16,16,16,16,16,16,16,16,16,16,16,16,16
Map_1578,10,67,10,10,10,10,10,10,10,10,10,10,10,10,10,10,10,10,10,10,10,10,10,10,10,10
Map_1579,122,138,13,13,13,13,13,13,13,13,13,13,13,13,13,13,13,13,13,13,13,13,13,13,13,13
Map_1580,34,82,18,18,25,21,19,18,19,18,19,18,19,18,19,18,19,16,19,16,19,16,19,16,19,16
Map_1581,9,52,7,7,7,7,7,7,7,7,7,7,7,7,7,7,9,7,11,7,11,7,7,7,7,7
Map_1582,33,56,21,22,22,15,15,15,15,15,15,15,15,15,15,15,16,15,16,15,16,15,16,15,16,15
Map_1583,9,102,9,8,9,9,8,8,8,8,8,8,8,8,8,8,9,8,9,8,9,8,8,8,8,8
Map_1584,6,41,6,6,6,6,6,6,6,6,6,6,6,6,6,6,6,6,6,6,6,6,6,6,6,6
Map_1585,6,9,6,6,6,7,6,6,6,6,6,6,6,6,6,6,6,6,6,6,6,6,6,6,6,6
Map_1586,28,33,15,15,15,19,15,15,15,15,15,15,15,15,15,15,16,10,16,10,16,10,15,10,15,10
Map_1587,11,20,9,9,9,9,9,9,9,9,9,9,9,9,9,9,9,9,9,9,9,9,9,9,9,9
Map_1588,52,121,35,35,35,37,37,37,37,37,37,37,37,37,37,37,38,34,38,34,38,34,37,34,37,34
Map_1589,16,49,15,15,15,16,15,15,15,15,15,15,15,15,15,15,15,15,15,15,15,15,15,15,15,15
Map_1590,13,38,11,11,11,15,11,11,11,11,11,11,11,11,11,11,10,10,10,10,10,10,10,10,10,10
Map_1591,6,17,6,6,6,6,6,6,6,6,6,6,6,6,6,6,6,6,6,6,6,6,6,6,6,6
Map_1592,7,37,7,7,7,7,7,7,7,7,7,7,7,7,7,7,7,7,7,7,7,7,7,7,7,7
Map_1593,13,28,12,12,13,13,12,12,12,12,12,12,12,12,12,12,12,12,12,12,12,12,12,12,12,12
Map_1594,145,50,17,17,17,20,17,17,17,17,17,17,17,17,17,17,18,18,18,18,18,18,18,18,18,18
Map_1595,10,100,10,10,10,10,10,10,10,10,10,10,10,10,10,10,10,10,18,10,18,10,10,10,10,10
Map_1596,22,34,8,8,8,12,8,8,8,8,8,8,8,8,8,8,11,8,11,8,11,8,8,8,8,8
Map_1597,14,63,10,10,10,14,10,10,10,10,10,10,10,10,10,10,10,10,10,10,10,10,10,10,10,10
Map_1598,13,35,7,7,7,7,7,7,7,7,7,7,7,7,7,7,7,7,7,7,7,7,7,7,7,7
Map_1599,17,134,13,13,13,13,13,13,13,13,13,13,13,13,13,13,14,13,14,13,14,13,14,13,14,13
Map_1600,30,82,18,18,19,20,15,15,15,15,15,15,15,15,15,15,15,15,15,15,15,15,15,15,15,15
Map_1601,17,65,9,8,9,9,9,8,9,8,9,8,8,8,8,8,9,8,9,8,9,8,9,8,9,8
Map_1602,21,37,11,11,11,11,11,11,11,11,11,11,11,11,11,11,11,11,11,11,11,11,11,11,11,11
Map_1603,19,121,15,14,15,14,14,14,14,14,14,14,14,14,14,14,14,12,14,12,14,12,14,12,14,12
Map_1604,60,72,9,9,9,8,8,8,8,8,8,8,8,8,8,8,8,8,9,8,9,8,8,8,8,8
Map_1605,163,191,35,25,35,15,15,14,15,14,15,14,14,14,14,14,15,14,15,14,15,14,15,14,15,14
Map_1606,26,80,23,23,23,22,23,19,23,19,23,19,22,25,22,25,19,22,19,19,19,19,20,22,23,22
Map_1607,36,46,26,15,26,26,15,15,15,15,15,15,15,15,15,15,15,15,15,15,21,15,15,15,15,15
Map_1608,11,41,11,11,11,11,11,11,11,11,11,11,11,11,11,11,11,11,11,11,11,11,11,11,11,11
Map_1609,11,121,7,7,7,10,7,7,7,7,7,7,7,7,7,7,7,7,7,7,7,7,7,7,7,7
Map_1610,6,12,6,6,6,6,6,6,6,6,6,6,6,6,6,6,6,6,6,6,6,6,6,6,6,6
Map_1611,29,95,23,21,22,23,20,20,20,20,20,20,20,20,20,20,21,20,21,20,21,20,20,20,20,20
Map_1612,8,57,8,8,8,19,8,8,8,8,8,8,8,8,8,8,8,8,8,8,8,8,8,8,8,8
Map_1613,12,19,9,9,9,9,9,9,9,9,9,9,9,9,9,9,9,9,9,9,9,9,9,9,9,9
Map_1614,9,30,9,9,9,15,9,9,9,9,9,9,9,9,9,9,9,9,9,9,9,9,9,9,9,9
Map_1615,6,109,6,6,6,6,6,6,6,6,6,6,6,6,6,6,6,6,6,6,6,6,6,6,6,6
Map_1616,34,68,30,30,47,33,30,24,30,24,30,24,29,24,29,24,30,18,25,18,25,18,30,18,30,18
Map_1617,11,148,6,6,6,6,6,6,6,6,6,6,6,6,6,6,6,6,8,6,8,6,6,6,6,6
Map_1618,35,34,22,17,17,22,17,17,17,17,17,17,17,17,17,17,19,17,23,17,23,17,19,17,19,17
Map_1619,8,46,6,6,6,6,6,6,6,6,6,6,6,6,6,6,6,6,6,6,6,6,6,6,6,6
Map_1620,48,156,35,35,36,35,23,23,23,23,23,23,23,23,23,23,23,23,23,23,23,23,23,23,23,23
Map_1621,71,74,32,31,32,82,30,31,30,31,30,31,30,31,35,31,29,23,29,23,29,23,29,23,29,23
Map_1622,49,66,23,23,23,28,23,23,23,23,23,23,23,23,23,23,23,23,23,23,23,23,23,23,23,23
Map_1623,12,70,12,12,12,12,11,11,11,11,11,11,11,11,11,11,11,11,11,11,11,11,11,11,11,11
Map_1624,147,129,13,13,13,13,13,13,13,13,13,13,13,13,13,13,13,13,13,13,13,13,13,13,13,13
Map_1625,22,78,14,12,14,24,14,12,14,12,14,12,12,12,12,12,14,12,14,12,14,12,14,12,14,12
Map_1626,28,57,17,17,17,20,17,17,17,17,17,17,17,17,17,17,18,17,18,17,18,17,18,17,18,17
Map_1627,10,16,10,10,10,14,10,10,10,10,10,10,10,10,10,10,10,10,10,10,10,10,10,10,10,10
Map_1628,20,53,19,19,19,19,19,17,19,17,19,17,19,17,19,17,15,15,15,15,15,15,15,15,15,15
Map_1629,7,13,7,7,7,8,7,7,7,7,7,7,7,7,7,7,8,7,8,7,8,7,7,7,7,7
Map_1630,33,66,26,26,26,26,26,24,26,24,26,24,26,24,26,24,21,21,21,21,21,21,21,21,21,21
Map_1631,9,24,9,9,9,16,9,9,9,9,9,9,9,9,9,9,9,9,9,9,9,9,9,9,9,9
Map_1632,17,165,16,16,16,16,17,16,17,16,17,16,17,16,17,16,17,16,17,16,17,16,17,16,17,16
Map_1633,30,73,32,32,32,36,22,32,22,32,22,32,22,32,22,32,25,22,25,22,25,22,25,22,22,32
Map_1634,9,66,7,7,7,9,7,7,7,7,7,7,7,7,7,7,7,7,7,7,7,7,7,7,7,7
Map_1635,12,40,12,12,12,25,12,12,12,12,12,12,12,12,12,12,14,12,14,12,14,12,14,12,14,12
Map_1636,39,95,16,16,16,16,16,16,16,16,16,16,16,16,16,16,16,16,16,16,16,16,16,16,16,16
Map_1637,12,17,11,11,11,11,11,9,11,9,11,9,11,9,11,9,11,9,11,9,11,9,11,9,11,9
Map_1638,25,47,24,23,24,24,11,11,11,11,11,11,11,11,11,11,11,11,11,11,11,11,11,11,11,11
Map_1639,21,41,11,11,11,25,11,11,11,11,11,11,11,11,11,11,11,11,11,11,11,11,11,11,11,11
Map_1640,8,38,8,8,8,36,8,8,8,8,8,8,8,8,8,8,8,8,8,8,8,8,8,8,8,8
Map_1641,46,110,33,33,33,53,32,32,32,32,32,32,32,32,32,32,36,32,36,32,36,30,36,32,36,32
Map_1642,9,61,9,9,9,9,9,9,9,9,9,9,9,9,9,9,9,9,9,9,9,9,9,9,9,9
Map_1643,33,135,13,13,13,12,12,12,12,12,12,12,12,12,12,12,12,12,12,12,12,12,12,12,12,12
Map_1644,39,139,16,16,16,16,16,16,16,16,16,16,16,16,16,16,20,16,20,16,20,16,16,16,16,16
Map_1645,17,30,18,18,18,22,17,17,17,17,17,17,17,17,17,17,17,18,17,18,17,18,17,17,17,17
Map_1646,18,167,17,17,17,19,17,17,17,17,17,17,17,18,18,18,22,17,22,17,22,17,22,17,22,17
Map_1647,16,60,17,17,17,17,17,16,17,16,17,16,17,16,16,16,17,16,19,16,19,17,17,16,17,16
Map_1648,16,48,17,17,17,17,17,16,17,16,17,16,16,16,16,16,17,13,17,13,17,13,17,13,17,13
Map_1649,9,32,9,9,9,9,9,9,9,9,9,9,9,9,9,9,9,9,9,9,9,9,9,9,9,9
Map_1650,21,26,20,17,17,29,17,17,17,17,17,17,17,17,17,17,20,17,24,17,24,17,17,17,17,17
Map_1651,21,31,11,11,11,12,11,11,11,11,11,11,11,11,11,11,11,11,11,11,11,11,11,11,11,11
Map_1652,11,65,11,11,11,11,11,11,11,11,11,11,11,11,11,11,11,11,11,11,11,11,11,11,11,11
Map_1653,6,25,6,6,6,15,6,6,6,6,6,6,6,6,6,6,8,6,8,6,8,6,6,6,6,6
Map_1654,8,20,8,8,8,8,8,8,8,8,8,8,8,8,8,8,8,8,8,8,8,8,8,8,8,8
Map_1655,14,24,12,12,12,13,11,12,11,12,11,12,11,12,11,12,12,11,12,11,12,11,11,11,11,11
Map_1656,25,58,19,19,19,20,23,19,23,19,23,19,23,19,23,19,23,13,23,13,23,13,23,13,23,13
Map_1657,14,33,8,8,8,8,8,8,8,8,8,8,8,8,8,8,8,8,8,8,8,8,8,8,8,8
Map_1658,10,17,10,10,10,15,10,10,10,10,10,10,10,10,10,10,12,10,12,10,12,10,10,10,10,10
Map_1659,8,17,8,8,8,11,8,8,8,8,8,8,8,8,8,8,8,8,8,8,8,8,8,8,8,8
Map_1660,18,81,16,16,16,14,11,11,11,11,11,11,11,11,11,11,11,11,11,11,13,11,11,11,11,11
Map_1661,17,62,24,24,24,24,18,17,18,17,18,17,17,17,17,17,18,17,18,17,18,17,18,17,18,17
Map_1662,17,29,12,12,12,12,12,12,12,12,12,12,12,12,12,12,12,12,12,12,20,12,12,12,12,12
Map_1663,40,69,12,12,12,12,12,12,12,12,12,12,12,12,12,12,12,12,12,12,12,12,12,12,12,12
Map_1664,12,37,8,8,8,8,11,8,11,8,11,8,11,8,11,8,11,8,11,8,11,8,11,8,11,8
Map_1665,5,25,5,5,5,5,5,5,5,5,5,5,5,5,5,5,5,5,5,5,5,5,5,5,5,5
Map_1666,7,100,7,7,7,10,7,7,7,7,7,7,7,7,7,7,7,7,7,7,7,7,7,7,7,7
Map_1667,12,21,12,12,12,12,11,11,11,11,11,11,11,11,11,11,11,11,11,11,11,11,11,11,11,11
Map_1668,35,65,23,23,23,25,23,23,23,23,23,23,23,23,23,23,14,14,14,14,14,14,14,14,14,14
Map_1669,7,97,7,7,7,7,7,7,7,7,7,7,7,7,7,7,7,7,7,7,7,7,7,7,7,7
Map_1670,16,34,12,12,12,16,12,12,12,12,12,12,12,12,12,12,12,12,12,12,12,12,12,12,12,12
Map_1671,132,256,15,14,15,15,14,14,14,14,14,14,14,14,14,14,15,14,15,14,15,14,14,14,14,14
Map_1672,8,16,6,6,6,6,6,6,6,6,6,6,6,6,6,6,6,6,6,6,6,6,6,6,6,6
Map_1673,12,88,12,11,11,12,11,11,11,11,11,11,11,11,11,11,11,11,11,11,11,11,11,11,11,11
Map_1674,341,43,46,46,46,43,35,41,35,41,35,41,42,41,42,41,16,16,16,16,16,16,16,16,16,16
Map_1675,108,119,14,14,14,14,14,14,14,14,14,14,14,14,14,14,16,14,16,14,16,14,14,14,14,14
Map_1676,10,21,9,9,9,10,9,9,9,9,9,9,9,9,9,9,9,9,10,9,10,9,9,9,9,9
Map_1677,9,15,8,8,8,9,8,8,8,8,8,8,8,8,8,8,8,8,8,8,8,8,8,8,8,8
Map_1678,29,120,13,13,13,15,13,13,13,13,13,13,13,13,13,13,15,13,15,13,15,13,13,13,13,13
Map_1679,14,115,12,11,14,12,11,11,11,11,11,11,11,11,11,11,11,11,11,11,11,11,11,11,11,11
Map_1680,19,26,15,15,19,19,14,14,14,14,14,14,14,14,14,14,14,14,14,14,14,14,14,14,14,14
Map_1681,20,138,14,14,14,32,14,11,14,11,14,11,14,11,14,11,14,11,14,11,14,11,14,11,14,11
Map_1682,277,291,23,23,23,47,23,23,23,23,23,23,23,23,23,23,23,23,30,23,30,23,23,23,23,23
Map_1683,25,207,13,13,13,15,13,13,13,13,13,13,13,13,13,13,13,13,13,13,13,13,13,13,13,13
Map_1684,14,57,11,11,11,16,10,11,10,11,10,11,10,11,10,11,10,10,10,10,10,10,10,10,10,10
Map_1685,8,70,8,8,8,20,8,8,8,8,8,8,8,8,8,8,8,8,8,8,8,8,8,8,8,8
Map_1686,11,50,14,14,14,11,10,10,10,10,10,10,10,10,10,10,10,10,10,10,10,10,10,10,10,10
Map_1687,6,14,8,8,6,8,6,6,6,6,6,6,6,6,6,6,8,6,8,6,8,6,6,6,6,6
Map_1688,31,147,8,8,8,8,8,8,8,8,8,8,8,8,8,8,8,8,8,8,8,8,8,8,8,8
Map_1689,9,14,9,9,9,9,8,8,8,8,8,8,8,8,8,8,9,8,9,8,9,8,8,8,8,8
Map_1690,12,32,12,12,12,12,12,12,12,12,12,12,12,12,12,12,21,12,19,12,19,12,21,12,21,12
Map_1691,9,14,9,9,9,12,9,8,9,8,9,8,9,8,9,8,10,8,10,8,10,8,9,8,9,8
Map_1692,10,52,11,11,11,11,11,11,11,11,11,11,11,11,11,11,11,10,11,10,11,10,11,10,11,10
Map_1693,12,44,11,11,11,11,11,11,11,11,11,11,11,11,11,11,11,11,11,11,11,11,11,11,11,11
Map_1694,73,149,27,27,27,33,27,28,27,28,27,28,27,28,27,28,34,27,31,27,31,27,34,27,34,27
Map_1695,11,26,11,11,11,15,11,11,11,11,11,11,11,11,11,11,11,11,11,11,11,11,11,11,11,11
Map_1696,30,29,20,20,21,27,20,20,20,20,20,20,20,20,20,20,15,15,15,15,15,15,15,15,15,15
Map_1697,71,81,33,33,33,34,34,26,34,26,34,26,34,26,34,26,31,26,28,26,28,26,31,26,33,26
Map_1698,16,29,19,16,19,22,16,16,16,16,16,16,16,16,16,16,16,16,16,16,16,16,16,16,16,16
Map_1699,5,16,5,5,5,7,5,5,5,5,5,5,5,5,5,5,5,5,5,5,5,5,5,5,5,5
Map_1700,6,10,6,6,6,6,6,6,6,6,6,6,6,6,6,6,6,6,6,6,6,6,6,6,6,6
Map_1701,20,59,18,18,18,25,19,17,19,17,19,17,19,17,19,17,21,19,19,19,19,19,20,19,20,19
Map_1702,11,22,10,10,10,13,10,10,10,10,10,10,10,10,10,10,10,10,10,10,10,10,10,10,10,10
Map_1703,36,57,24,24,24,24,24,24,24,24,24,24,24,24,24,24,24,24,24,24,27,24,24,24,24,24
Map_1704,8,205,9,9,9,9,9,8,9,8,9,8,8,8,8,8,9,8,9,8,9,8,9,8,9,8
Map_1705,4,20,4,4,4,4,4,4,4,4,4,4,4,4,4,4,4,4,4,4,4,4,4,4,4,4
Map_1706,13,89,14,12,12,14,13,12,13,12,13,12,12,12,12,12,11,13,11,13,11,13,11,12,11,12
Map_1707,52,120,14,14,14,14,14,14,14,14,14,14,14,14,14,14,14,14,14,14,14,14,14,14,14,14
Map_1708,9,25,10,7,7,10,7,6,7,6,7,6,6,6,6,6,6,6,6,6,6,6,6,6,6,6
Map_1709,22,21,18,22,18,18,16,18,16,18,16,18,22,22,22,22,15,16,15,15,15,15,15,16,15,16
Map_1710,18,76,12,12,12,12,12,12,12,12,12,12,12,12,12,12,12,12,12,12,12,12,12,12,12,12
Map_1711,91,61,18,18,18,19,18,18,18,18,18,18,18,18,18,18,18,18,18,18,18,18,18,18,18,18
Map_1712,271,149,44,43,43,44,38,16,38,16,38,16,38,16,38,95,36,16,32,16,32,16,38,38,38,38
Map_1713,7,14,7,7,7,11,7,7,7,7,7,7,7,7,7,7,7,7,7,7,7,7,7,7,7,7
Map_1714,15,47,13,13,13,16,15,13,15,13,15,13,15,13,15,13,18,15,18,15,18,15,15,13,15,13
Map_1715,43,59,25,25,22,25,22,21,22,21,22,21,22,31,27,26,22,21,22,15,22,15,22,21,22,21
Map_1716,9,25,9,9,9,9,9,9,9,9,9,9,9,9,9,9,9,9,9,9,9,9,9,9,9,9
Map_1717,13,22,13,13,13,19,13,13,13,13,13,13,13,13,13,13,13,13,22,13,22,13,13,13,13,13
Map_1718,9,80,9,9,9,9,9,9,9,9,9,9,9,9,9,9,9,8,9,8,9,8,9,8,9,8
Map_1719,11,27,12,12,12,11,11,11,11,11,11,11,11,11,11,11,11,11,11,11,11,11,11,11,11,11
Map_1720,20,47,11,11,11,11,11,11,11,11,11,11,11,11,11,11,11,11,11,11,11,11,11,11,11,11
Map_1721,21,70,26,27,26,26,27,26,27,26,27,26,27,27,27,27,21,21,21,22,21,22,27,21,27,21
Map_1722,33,27,15,15,15,16,15,15,15,15,15,15,15,15,15,15,15,15,15,15,15,15,15,15,15,15
Map_1723,9,17,11,10,10,10,10,9,10,9,10,9,9,9,9,9,10,9,10,9,10,9,10,9,10,9
Map_1724,7,23,7,7,7,17,7,7,7,7,7,7,7,7,7,7,7,7,7,7,7,7,7,7,7,7
Map_1725,24,83,22,22,22,22,18,18,18,18,18,18,18,18,18,18,18,18,18,18,18,18,18,18,18,18
Map_1726,7,31,7,7,7,9,7,7,7,7,7,7,7,7,7,7,7,7,7,7,7,7,7,7,7,7
Map_1727,7,68,7,7,7,7,7,7,7,7,7,7,7,7,7,7,7,7,7,7,7,7,7,7,7,7
Map_1728,8,150,8,8,8,12,8,8,8,8,8,8,8,8,8,8,10,8,10,8,10,8,10,8,10,8
Map_1729,7,52,7,7,7,7,7,7,7,7,7,7,7,7,7,7,7,7,7,7,7,7,7,7,7,7
Map_1730,11,34,7,7,7,7,7,7,7,7,7,7,7,7,7,7,7,7,7,7,7,7,7,7,7,7
Map_1731,10,27,11,10,11,15,10,10,10,10,10,10,10,10,10,10,16,10,16,10,16,10,12,10,12,10
Map_1732,9,29,14,9,9,55,9,9,9,9,9,9,9,9,9,9,9,9,9,9,9,9,9,9,9,9
Map_1733,33,63,30,29,30,37,29,29,27,29,27,29,29,29,29,29,20,20,20,20,20,20,20,20,20,29
Map_1734,37,42,25,25,37,25,25,22,25,22,25,22,25,22,25,22,25,22,25,22,25,22,25,22,25,22
Map_1735,8,249,8,8,8,10,8,8,8,8,8,8,8,8,8,8,8,8,8,8,8,8,8,8,8,8
Map_1736,7,12,9,7,7,9,7,7,7,7,7,7,7,7,7,7,9,7,9,7,9,7,7,7,7,7
Map_1737,11,28,9,9,9,11,9,9,9,9,9,9,9,9,9,9,9,9,9,9,9,9,9,9,9,9
Map_1738,6,21,6,6,6,10,6,6,6,6,6,6,6,6,6,6,6,6,6,6,6,6,6,6,6,6
Map_1739,24,78,17,17,17,17,17,16,17,16,17,16,16,16,16,16,16,16,17,16,17,16,16,16,16,16
Map_1740,21,147,19,19,19,19,19,17,19,17,19,17,19,17,19,17,19,17,19,17,19,17,19,17,19,17
Map_1741,42,107,18,18,18,18,18,18,18,18,18,18,18,18,18,18,18,18,18,18,18,18,18,18,18,18
Map_1742,56,105,20,20,20,35,20,20,20,20,20,20,20,20,20,20,20,20,20,20,20,20,20,20,20,20
Map_1743,6,24,6,6,6,6,6,6,6,6,6,6,6,6,6,6,6,6,6,6,6,6,6,6,6,6
Map_1744,207,358,101,113,85,23,16,16,16,16,16,16,16,16,16,16,16,16,16,16,16,16,16,16,16,16
Map_1745,47,53,28,25,27,28,24,24,24,24,24,24,24,24,24,24,25,24,27,24,27,24,24,24,24,24
Map_1746,9,17,9,9,9,9,9,9,9,9,9,9,9,9,9,9,9,9,9,9,9,9,9,9,9,9
Map_1747,11,28,11,11,11,18,12,11,12,11,12,11,12,11,12,11,12,11,12,11,12,11,12,11,12,11
Map_1748,46,53,24,24,24,24,23,23,23,23,23,23,23,23,23,23,22,22,22,22,22,22,22,22,22,22
Map_1749,44,119,9,9,9,9,9,9,9,9,9,9,9,9,9,9,9,9,9,9,9,9,9,9,9,9
Map_1750,62,131,23,23,23,32,23,23,23,23,23,23,23,23,23,23,20,20,20,20,20,20,20,20,20,20
Map_1751,31,46,43,251,43,56,32,32,32,32,32,32,32,32,32,32,28,28,29,28,29,28,28,28,28,28
Map_1752,13,38,12,12,12,12,16,12,16,12,16,12,16,12,16,12,13,11,13,11,13,11,13,11,13,11
Map_1753,51,74,23,23,23,25,25,23,25,23,25,23,25,23,25,23,31,23,31,23,31,23,27,23,27,23
Map_1754,8,23,8,8,8,10,8,8,8,8,8,8,8,8,8,8,8,8,8,8,8,8,8,8,8,8
Map_1755,16,40,19,19,16,20,16,16,16,16,16,16,16,16,16,16,12,12,12,12,12,12,12,12,12,12
Map_1756,39,231,31,30,31,23,23,23,23,23,23,23,23,23,23,23,23,23,23,23,23,23,23,23,23,23
Map_1757,9,19,8,7,7,9,7,7,7,7,7,7,7,7,7,7,7,7,7,7,7,7,7,7,7,7
Map_1758,39,149,27,27,27,27,27,27,27,27,27,27,27,27,27,27,27,27,27,27,27,27,27,27,27,27
Map_1759,55,124,20,20,20,27,17,20,17,20,17,20,17,20,17,20,17,17,17,17,17,17,17,17,17,17
Map_1760,17,102,16,14,16,18,13,13,13,13,13,13,13,13,13,13,13,13,13,13,13,13,13,13,13,13
Map_1761,153,151,34,34,34,100,21,31,21,31,21,31,21,31,21,31,22,22,22,22,22,22,21,22,21,22
Map_1762,6,15,7,6,7,7,6,6,6,6,6,6,6,6,6,6,6,6,6,6,6,6,6,6,6,6
Map_1763,7,15,6,6,6,6,6,6,6,6,6,6,6,6,6,6,6,6,6,6,6,6,6,6,6,6
Map_1764,9,33,10,10,10,10,10,9,10,9,10,9,10,9,9,9,10,9,10,9,10,9,10,9,10,9
Map_1765,43,91,9,9,9,9,9,9,9,9,9,9,9,9,9,9,9,9,9,9,9,9,9,9,9,9
Map_1766,14,25,13,13,13,10,10,10,10,10,10,10,10,10,10,10,10,10,10,10,10,10,10,10,10,10
Map_1767,39,186,15,15,12,19,15,15,12,12,12,12,15,15,15,15,12,12,12,12,12,12,12,12,12,12
Map_1768,116,77,17,17,32,17,17,17,17,17,17,17,17,17,17,17,17,17,17,17,17,17,17,17,17,17
Map_1769,23,58,14,14,14,21,13,14,13,14,13,14,13,13,13,13,13,13,13,13,13,13,13,13,13,13
Map_1770,13,27,13,13,13,13,13,13,13,13,13,13,13,13,13,13,13,13,13,13,13,13,13,13,13,13
Map_1771,13,34,12,12,12,13,12,12,12,12,12,12,12,12,12,12,13,12,13,12,13,12,13,12,13,12
Map_1772,6,10,6,6,6,7,6,6,6,6,6,6,6,6,6,6,6,6,6,6,6,6,6,6,6,6
Map_1773,7,27,6,6,6,6,6,6,6,6,6,6,6,6,6,6,6,6,6,6,6,6,6,6,6,6
Map_1774,11,36,10,10,10,10,10,10,10,10,10,10,10,10,10,10,10,10,10,10,10,10,10,10,10,10
Map_1775,14,194,11,11,11,16,11,11,11,11,11,11,11,11,11,11,11,11,11,11,11,11,11,11,11,11
Map_1776,16,49,16,16,16,17,16,16,16,16,16,16,16,16,16,16,16,16,16,16,16,16,16,16,16,16
Map_1777,8,78,8,8,8,9,8,8,8,8,8,8,8,8,8,8,8,8,8,8,8,8,8,8,8,8
Map_1778,9,23,9,9,9,9,9,9,9,9,9,9,9,9,9,9,9,9,10,9,10,9,9,9,9,9
Map_1779,16,25,14,14,14,14,14,12,14,12,14,12,14,12,14,12,12,12,14,12,14,12,12,12,12,12
Map_1780,53,68,19,16,16,19,16,16,16,16,16,16,16,16,16,16,16,16,16,16,16,16,16,16,16,16
Map_1781,22,115,11,11,11,11,11,11,11,11,11,11,11,11,11,11,11,11,11,11,11,11,11,11,11,11
Map_1782,26,65,11,11,11,12,11,11,11,11,11,11,11,11,11,11,11,11,11,11,11,11,11,11,11,11
Map_1783,5,14,5,5,5,6,6,5,6,5,6,5,6,5,6,5,6,5,6,5,6,5,6,5,6,5
Map_1784,6,20,6,6,6,6,6,6,6,6,6,6,6,6,6,6,6,6,6,6,6,6,6,6,6,6
Map_1785,164,74,33,33,33,47,25,25,25,25,25,25,25,25,25,25,25,25,25,25,25,25,25,25,25,25
Map_1786,10,14,8,8,8,8,8,8,8,8,8,8,8,8,8,8,8,8,8,8,8,8,8,8,8,8
Map_1787,233,175,37,37,37,39,40,27,40,27,40,27,40,27,40,27,28,27,28,27,28,27,27,27,39,27
Map_1788,10,43,9,9,9,13,9,9,9,9,9,9,9,9,9,9,9,9,9,9,9,9,9,9,9,9
Map_1789,21,47,18,18,18,18,17,15,17,15,17,15,16,15,16,15,16,15,16,15,16,15,16,15,16,15
Map_1790,65,77,23,23,32,35,23,23,23,23,23,23,23,23,23,23,26,23,24,23,24,23,26,23,26,23
Map_1791,8,18,10,8,8,10,8,8,8,8,8,8,8,8,8,8,8,8,8,8,8,8,8,8,8,8
Map_1792,19,31,10,10,10,11,10,10,10,10,10,10,10,10,10,10,10,10,10,10,10,10,10,10,10,10
Map_1793,10,31,10,10,10,11,9,9,9,9,9,9,9,9,9,9,11,9,11,9,11,9,9,9,9,9
Map_1794,127,312,15,15,15,68,15,15,15,15,15,15,15,15,15,15,17,14,17,14,17,14,17,14,17,14
Map_1795,16,24,8,8,8,12,8,8,8,8,8,8,8,8,8,8,8,8,8,8,8,8,8,8,8,8
Map_1796,66,58,34,33,33,34,33,35,33,35,33,35,33,35,33,35,30,35,30,35,30,35,30,35,30,35
Map_1797,6,21,6,6,6,9,6,6,6,6,6,6,6,6,6,6,6,6,7,6,7,6,6,6,6,6
Map_1798,76,317,117,138,117,242,33,32,33,32,33,32,32,32,46,46,33,28,33,28,33,28,33,28,33,28
Map_1799,18,56,14,11,12,14,12,11,12,11,12,11,11,11,11,11,12,11,12,11,12,11,12,11,12,11
Map_1800,16,46,15,15,15,16,15,15,15,15,15,15,15,15,15,15,15,15,15,15,15,15,15,15,15,15
Map_1801,14,28,11,11,15,13,11,14,11,14,11,14,11,15,11,15,11,11,11,11,11,11,11,13,11,14
Map_1802,16,20,11,11,11,11,11,12,11,12,11,12,11,12,11,12,11,11,11,11,11,11,11,11,11,11
Map_1803,19,27,14,14,14,14,14,14,14,14,14,14,14,14,14,14,14,14,20,14,20,14,14,14,14,14
Map_1804,8,18,9,8,9,9,8,8,8,8,8,8,8,8,8,8,8,8,8,8,8,8,8,8,8,8
Map_1805,6,14,6,6,6,9,6,6,6,6,6,6,6,6,6,6,6,6,6,6,6,6,6,6,6,6
Map_1806,9,196,9,9,9,9,9,9,9,9,9,9,9,9,9,9,9,9,9,9,9,9,9,9,9,9
Map_1807,17,24,11,9,11,15,9,9,9,9,9,9,9,9,9,9,9,9,9,9,9,9,9,9,9,9
Map_1808,42,140,32,28,28,48,32,28,32,28,32,28,28,28,28,28,32,28,33,19,33,19,32,28,32,28
Map_1809,18,23,15,13,13,15,13,13,13,13,13,13,13,13,13,13,13,13,13,13,13,13,13,13,13,13
Map_1810,9,82,10,9,9,17,9,9,9,9,9,9,9,9,9,9,9,9,9,9,9,9,9,9,9,9
Map_1811,19,24,19,19,19,19,15,15,15,15,15,15,15,15,15,15,15,15,15,15,15,15,15,15,15,15
Map_1812,29,95,20,20,19,26,20,20,20,20,20,20,20,20,20,20,20,20,20,20,20,20,20,20,20,20
Map_1813,7,14,7,6,6,7,6,6,6,6,6,6,6,6,6,6,6,6,6,6,6,6,6,6,6,6
Map_1814,227,165,52,50,58,33,29,29,29,29,29,29,29,29,29,29,29,29,32,29,32,29,29,29,29,29
Map_1815,19,106,15,15,15,21,14,14,14,14,14,14,14,14,14,14,13,12,13,12,13,12,13,12,13,12
Map_1816,18,29,12,12,12,12,12,15,12,15,12,15,12,15,12,15,12,12,12,12,12,12,12,12,12,12
Map_1817,10,54,7,7,7,8,7,7,7,7,7,7,7,7,7,7,7,7,7,7,7,7,7,7,7,7
Map_1818,8,14,8,8,8,8,8,8,8,8,8,8,8,8,8,8,8,8,10,8,10,8,8,8,8,8
Map_1819,12,38,15,15,14,24,15,15,15,15,15,15,21,21,21,21,12,11,12,11,12,11,12,11,12,11
Map_1820,8,12,8,8,8,9,8,8,8,8,8,8,8,8,8,8,8,8,8,8,8,8,8,8,8,8
Map_1821,20,51,15,15,15,16,15,15,15,15,15,15,15,15,15,15,15,15,16,15,16,15,15,15,15,15
Map_1822,7,141,7,7,7,7,7,7,7,7,7,7,7,7,7,7,7,7,7,7,7,7,7,7,7,7
Map_1823,7,71,7,7,7,10,7,7,7,7,7,7,7,7,7,7,7,7,7,7,7,7,7,7,7,7
Map_1824,14,79,9,9,9,9,9,9,9,9,9,9,9,9,9,9,9,9,9,9,9,9,9,9,9,9
Map_1825,8,16,6,6,6,6,6,6,6,6,6,6,6,6,6,6,6,6,6,6,6,6,6,6,6,6
Map_1826,17,38,15,15,15,15,17,15,17,15,17,15,17,15,17,15,17,15,19,15,19,15,17,15,17,15
Map_1827,7,14,7,7,7,12,7,7,7,7,7,7,7,7,7,7,9,7,9,7,9,7,7,7,7,7
Map_1828,19,35,18,18,18,18,18,18,18,18,18,18,18,18,18,18,19,18,19,18,19,18,18,18,18,18
Map_1829,50,49,18,18,30,23,18,18,18,18,18,18,18,18,18,18,21,18,21,18,21,18,21,18,21,18
Map_1830,14,161,7,7,7,7,7,7,7,7,7,7,7,7,7,7,7,7,7,7,7,7,7,7,7,7
Map_1831,28,34,19,19,19,29,19,19,19,19,19,19,19,19,19,19,19,19,21,19,21,19,19,19,19,19
Map_1832,76,215,14,14,14,16,14,14,14,14,14,14,14,14,14,14,15,14,15,14,15,14,14,14,14,14
Map_1833,209,99,63,63,63,69,57,57,57,57,57,57,57,65,65,65,59,51,59,45,59,45,58,60,58,60
Map_1834,12,42,12,12,12,12,12,12,12,12,12,12,12,12,12,12,14,11,14,11,14,11,11,11,11,11
Map_1835,18,245,10,10,10,25,10,10,10,10,10,10,10,10,10,10,10,10,10,10,10,10,10,10,10,10
Map_1836,12,35,12,12,12,12,12,12,12,12,12,12,12,12,12,12,12,12,12,12,12,12,12,12,12,12
Map_1837,15,21,13,13,13,13,13,13,13,13,13,13,13,13,13,13,13,13,13,13,13,13,13,13,13,13
Map_1838,25,78,16,16,16,19,16,16,16,16,16,16,16,16,16,16,16,16,16,16,16,16,16,16,16,16
Map_1839,16,24,19,19,12,15,15,19,15,19,15,19,19,19,19,19,15,12,14,12,14,12,15,12,15,12
Map_1840,31,36,16,16,16,29,15,15,15,15,15,15,15,15,15,15,15,15,15,15,19,15,15,15,15,15
Map_1841,71,51,19,19,19,14,14,14,14,14,14,14,14,14,14,14,14,14,14,14,14,14,14,14,14,14
Map_1842,14,36,12,12,12,12,12,14,12,14,12,14,12,14,12,14,12,12,12,12,12,12,12,12,12,12
Map_1843,13,31,19,16,18,20,14,16,14,16,14,16,14,16,14,16,14,13,14,13,14,13,14,16,14,16
Map_1844,23,210,13,13,13,14,13,13,13,13,13,13,13,13,13,13,13,13,13,13,13,13,13,13,13,13
Map_1845,10,218,9,9,9,9,9,9,9,9,9,9,9,9,9,9,9,9,9,9,9,9,9,9,9,9
Map_1846,10,39,9,9,9,11,9,9,9,9,9,9,9,9,9,9,9,9,9,9,9,9,9,9,9,9
Map_1847,10,50,10,10,10,10,10,10,10,10,10,10,10,10,10,10,10,10,10,10,10,10,10,10,10,10
Map_1848,4,12,4,4,4,4,4,4,4,4,4,4,4,4,4,4,4,4,4,4,4,4,4,4,4,4
Map_1849,29,124,15,14,15,15,12,12,12,12,12,12,12,12,12,12,12,12,12,12,12,12,12,12,12,12
Map_1850,25,47,14,14,14,31,14,14,14,14,14,14,14,14,14,14,14,14,14,14,14,14,14,14,14,14
Map_1851,211,380,83,81,89,82,42,42,42,42,42,42,42,42,42,42,62,63,62,63,62,63,47,42,47,42
Map_1852,7,25,6,6,6,6,6,6,6,6,6,6,6,6,6,6,6,6,6,6,6,6,6,6,6,6
Map_1853,53,162,54,54,54,65,54,63,54,63,54,63,54,58,54,58,29,29,29,29,29,29,29,29,29,29
Map_1854,21,94,19,19,19,19,27,17,27,17,27,17,27,17,27,17,22,17,22,17,22,17,22,17,19,17
Map_1855,19,139,16,16,17,19,16,16,16,16,16,16,16,16,16,16,14,14,14,14,14,14,14,14,14,14
Map_1856,137,112,51,27,50,18,18,18,18,18,18,18,18,18,18,18,18,18,18,18,18,18,18,18,18,18
Map_1857,9,13,8,8,8,9,7,7,7,7,7,7,7,7,7,7,7,7,7,7,7,7,7,7,7,7
Map_1858,13,74,10,10,10,10,10,10,10,10,10,10,10,10,10,10,10,10,10,10,10,10,10,10,10,10
Map_1859,4,8,4,4,4,4,4,4,4,4,4,4,4,4,4,4,4,4,4,4,4,4,4,4,4,4
Map_1860,5,32,5,5,5,5,5,5,5,5,5,5,5,5,5,5,5,5,5,5,5,5,5,5,5,5
Map_1861,43,100,21,21,21,21,21,21,21,21,21,21,21,21,21,21,25,23,25,23,25,23,21,21,21,21
Map_1862,82,63,21,21,21,24,17,17,17,17,17,17,17,17,17,17,17,17,17,17,17,17,17,17,17,17
Map_1863,19,102,14,14,14,14,14,14,14,14,14,14,14,14,14,14,14,14,14,14,14,14,14,14,14,14
Map_1864,14,156,12,12,12,18,12,12,12,12,12,12,12,12,12,12,12,12,17,12,17,12,12,12,12,12
Map_1865,11,27,9,9,9,12,9,9,9,9,9,9,9,9,9,9,9,9,12,9,12,9,9,9,9,9
Map_1866,12,27,7,7,7,13,7,7,7,7,7,7,7,7,7,7,7,7,7,7,7,7,7,7,7,7
Map_1867,10,59,11,9,11,11,9,9,9,9,9,9,9,9,9,9,10,9,10,9,10,9,10,9,10,9
Map_1868,38,26,14,14,14,14,14,14,14,14,14,14,14,14,14,14,14,14,18,14,18,14,14,14,14,14
Map_1869,18,35,10,10,10,10,10,10,10,10,10,10,10,10,10,10,10,10,10,10,10,10,10,10,10,10
Map_1870,8,27,8,8,8,8,8,8,8,8,8,8,8,8,8,8,8,8,8,8,8,8,8,8,8,8
Map_1871,43,54,11,11,11,11,11,11,11,11,11,11,11,11,11,11,11,11,11,11,11,11,11,11,11,11
Map_1872,7,51,7,7,7,7,7,7,7,7,7,7,7,7,7,7,7,7,7,7,7,7,7,7,7,7
Map_1873,40,91,11,11,11,11,11,11,11,11,11,11,11,11,11,11,11,11,11,11,11,11,11,11,11,11
Map_1874,8,21,8,8,8,11,8,8,8,8,8,8,8,8,8,8,8,8,8,8,8,8,8,8,8,8
Map_1875,5,45,5,5,5,5,5,5,5,5,5,5,5,5,5,5,6,5,6,5,6,5,5,5,5,5
Map_1876,11,15,10,10,10,10,10,10,10,10,10,10,10,10,10,10,10,10,10,10,10,10,10,10,10,10
Map_1877,9,66,7,7,7,7,7,7,7,7,7,7,7,7,7,7,7,7,7,7,7,7,7,7,7,7
Map_1878,7,21,7,7,7,7,7,7,7,7,7,7,7,7,7,7,7,7,7,7,7,7,7,7,7,7
Map_1879,10,16,10,10,10,10,9,9,9,9,9,9,9,9,9,9,9,9,9,9,9,9,9,9,9,9
Map_1880,6,20,6,6,6,22,6,6,6,6,6,6,6,6,6,6,6,6,8,6,8,6,6,6,6,6
Map_1881,14,144,13,11,13,13,13,11,13,11,13,11,11,11,11,11,13,11,13,11,13,11,13,11,13,11
Map_1882,11,28,8,8,8,10,8,8,8,8,8,8,8,8,8,8,10,8,10,8,10,8,8,8,8,8
Map_1883,20,26,19,19,20,24,20,20,20,20,20,20,20,20,20,20,20,17,20,17,20,17,20,17,20,17
Map_1884,54,100,34,28,34,34,34,28,34,28,34,28,28,28,28,28,35,26,28,26,28,26,35,26,28,26
Map_1885,5,17,5,5,5,11,5,5,5,5,5,5,5,5,5,5,5,5,5,5,5,5,5,5,5,5
Map_1886,10,83,10,10,10,24,11,10,11,10,11,10,11,10,11,10,11,10,11,10,11,10,11,10,11,10
Map_1887,22,44,20,13,13,22,13,13,13,13,13,13,13,13,13,13,17,13,17,13,17,13,17,13,13,13
Map_1888,27,181,14,14,14,44,23,25,23,25,23,25,23,25,23,25,23,15,23,15,23,15,23,15,23,15
Map_1889,35,64,25,23,25,31,23,22,23,22,23,22,23,22,23,22,23,22,23,22,23,22,23,22,23,22
Map_1890,5,46,5,5,5,5,5,5,5,5,5,5,5,5,5,5,5,5,5,5,5,5,5,5,5,5
Map_1891,7,33,8,7,8,13,7,7,7,7,7,7,7,7,7,7,7,7,7,7,7,7,7,7,7,7
Map_1892,36,89,27,26,26,30,27,26,27,26,27,26,26,26,26,26,23,26,26,26,26,26,24,26,24,26
Map_1893,12,44,10,10,10,15,10,10,10,10,10,10,10,10,10,10,10,10,10,10,10,10,10,10,10,10
Map_1894,12,24,11,11,11,14,11,11,11,11,11,11,11,11,11,11,11,11,11,11,11,11,11,11,11,11
Map_1895,6,101,6,6,6,6,6,6,6,6,6,6,6,6,6,6,6,6,6,6,6,6,6,6,6,6
Map_1896,62,86,27,27,27,35,28,42,28,42,28,42,28,42,28,42,47,28,47,28,47,28,47,28,47,28
Map_1897,24,57,24,24,24,24,24,24,24,24,24,24,24,23,23,23,28,24,28,24,28,24,28,24,28,24
Map_1898,5,19,4,4,4,4,4,4,4,4,4,4,4,4,4,4,4,4,4,4,4,4,4,4,4,4
Map_1899,11,41,10,10,10,14,10,10,10,10,10,10,10,10,10,10,13,10,13,10,13,10,10,10,10,10
Map_1900,8,17,9,8,8,9,8,8,8,8,8,8,8,8,8,8,9,8,9,8,9,8,8,8,8,8
Map_1901,7,16,9,8,9,10,8,8,8,8,8,8,8,7,7,7,8,7,8,7,8,7,8,7,8,7
Map_1902,63,108,37,34,39,37,37,34,37,34,37,34,34,34,34,34,34,32,36,32,36,32,37,32,37,32
Map_1903,58,67,26,26,26,18,18,18,18,18,18,18,18,18,18,18,18,18,20,18,21,18,18,18,18,18
Map_1904,17,24,13,13,13,13,13,13,13,13,13,13,13,13,13,13,13,13,13,13,13,13,13,13,13,13
Map_1905,11,21,12,12,11,14,11,11,11,11,11,11,11,11,11,11,11,11,11,11,11,11,11,11,11,11
Map_1906,8,67,8,8,8,8,8,8,8,8,8,8,8,8,8,8,8,8,8,8,8,8,8,8,8,8
Map_1907,14,24,11,11,11,11,12,11,12,11,12,11,12,11,12,11,12,11,12,11,12,11,12,11,12,11
Map_1908,18,40,19,19,19,21,18,16,18,16,18,16,18,18,18,18,20,16,20,16,20,16,19,16,19,16
Map_1909,27,65,17,17,17,22,17,15,17,15,17,15,17,15,17,15,15,15,15,15,15,15,15,15,15,15
Map_1910,6,14,6,6,6,6,6,6,6,6,6,6,6,6,6,6,6,6,6,6,6,6,6,6,6,6
Map_1911,30,97,21,21,21,21,21,21,21,21,21,21,21,21,21,21,21,21,21,21,21,21,21,21,21,21
Map_1912,9,43,9,9,9,12,9,9,9,9,9,9,9,9,9,9,9,9,9,9,9,9,9,9,9,9
Map_1913,21,49,12,12,12,16,12,12,12,12,12,12,12,12,12,12,12,12,15,12,15,12,12,12,12,12
Map_1914,13,28,10,10,10,15,13,9,13,9,13,9,13,9,13,9,12,9,12,9,12,9,10,9,10,9
Map_1915,22,53,21,21,21,21,21,21,21,21,21,21,21,21,21,21,20,20,20,20,20,20,20,20,20,20
Map_1916,66,70,23,23,23,23,23,23,23,23,23,23,23,23,23,23,23,23,23,23,23,23,23,23,23,23
Map_1917,17,202,20,20,20,23,16,20,16,20,16,20,16,20,16,20,16,16,16,16,16,16,16,20,16,20
Map_1918,16,27,10,10,10,10,10,10,10,10,10,10,10,10,10,10,10,10,10,10,10,10,10,10,10,10
Map_1919,13,338,25,25,25,31,22,13,22,13,22,13,22,13,22,13,22,13,24,13,24,13,22,13,22,13
Map_1920,20,269,20,20,20,36,37,31,37,31,37,31,37,31,37,31,28,20,28,20,28,20,37,20,37,20
Map_1921,7,17,7,7,7,11,7,7,7,7,7,7,7,7,7,7,7,7,7,7,7,7,7,7,7,7
Map_1922,10,48,7,7,7,7,7,7,7,7,7,7,7,7,7,7,7,7,7,7,7,7,7,7,7,7
Map_1923,8,40,8,8,8,16,8,8,8,8,8,8,8,8,8,8,8,8,13,8,13,8,8,8,8,8
Map_1924,8,13,6,6,6,6,6,6,6,6,6,6,6,6,6,6,6,6,6,6,6,6,6,6,6,6
Map_1925,25,45,9,9,9,14,9,9,9,9,9,9,9,9,9,9,9,9,9,9,9,9,9,9,9,9
Map_1926,7,19,7,7,7,8,7,7,7,7,7,7,7,7,7,7,7,7,7,7,7,7,7,7,7,7
Map_1927,15,24,12,12,12,13,12,12,12,12,12,12,12,12,12,12,12,11,12,11,12,11,12,11,11,11
Map_1928,30,33,21,19,22,22,19,19,19,19,19,19,19,19,19,19,19,19,19,19,19,19,19,19,19,19
Map_1929,14,40,11,10,12,11,10,10,10,10,10,10,10,10,10,10,10,10,10,10,10,10,10,10,10,10
Map_1930,8,18,8,8,8,8,8,8,8,8,8,8,8,8,8,8,8,8,8,8,8,8,8,8,8,8
Map_1931,32,38,17,17,17,17,19,19,19,19,19,19,19,19,19,19,19,19,19,19,19,19,19,19,19,19
Map_1932,27,45,23,20,21,23,20,20,21,21,21,21,20,20,20,20,17,15,17,15,17,15,17,15,17,15
Map_1933,60,64,21,21,32,21,21,23,21,23,21,23,21,23,21,23,21,19,21,19,21,19,21,19,21,19
Map_1934,20,55,10,10,10,11,10,10,10,10,10,10,10,10,10,10,10,10,10,10,10,10,10,10,10,10
Map_1935,14,47,14,12,14,12,12,12,12,12,12,12,12,12,12,12,12,12,12,12,12,12,12,12,12,12
Map_1936,8,69,8,8,8,9,8,8,8,8,8,8,8,8,8,8,8,8,8,8,8,8,8,8,8,8
Map_1937,6,24,6,6,6,21,6,6,6,6,6,6,6,6,6,6,6,6,6,6,6,6,6,6,6,6
Map_1938,9,16,10,9,10,10,9,9,9,9,9,9,9,9,9,9,9,9,9,9,9,9,9,9,9,9
Map_1939,19,69,12,12,12,12,12,12,12,12,12,12,12,12,12,12,12,12,12,12,12,12,12,12,12,12
Map_1940,9,116,6,6,6,6,6,6,6,6,6,6,6,6,6,6,6,6,6,6,6,6,6,6,6,6
Map_1941,170,40,24,24,24,28,23,24,23,24,23,24,23,24,23,24,24,22,24,22,24,22,23,22,23,22
Map_1942,6,47,6,6,6,6,6,6,6,6,6,6,6,6,6,6,6,6,6,6,6,6,6,6,6,6
Map_1943,10,82,10,10,10,11,10,10,10,10,10,10,10,10,10,10,9,8,9,8,9,8,9,8,9,8
Map_1944,117,92,12,12,12,12,12,12,12,12,12,12,12,12,12,12,13,12,13,12,13,12,13,12,13,12
Map_1945,15,29,12,12,12,14,12,12,12,12,12,12,12,12,12,12,12,12,12,12,12,12,12,12,12,12
Map_1946,21,127,16,16,21,16,16,16,16,16,16,16,16,16,16,16,16,16,17,16,17,16,16,16,16,16
Map_1947,91,59,71,67,67,62,31,32,31,32,31,32,30,32,30,32,25,24,25,24,25,24,24,24,24,24
Map_1948,28,52,19,19,19,19,19,19,19,19,19,19,19,19,19,19,19,19,19,19,19,19,19,19,19,19
Map_1949,48,135,16,16,16,20,16,16,16,16,16,16,16,16,16,16,16,16,16,16,16,16,16,16,16,16
Map_1950,24,75,49,31,49,43,26,26,26,26,26,26,26,26,26,26,27,33,27,26,27,26,27,33,27,33
Map_1951,8,21,8,8,8,8,8,8,8,8,8,8,8,8,8,8,8,8,8,8,8,8,8,8,8,8
Map_1952,7,53,7,7,7,7,7,7,7,7,7,7,7,7,7,7,7,7,7,7,7,7,7,7,7,7
Map_1953,18,54,16,16,16,12,12,12,12,12,12,12,12,12,12,12,12,12,12,12,12,12,12,12,12,12
Map_1954,24,287,25,23,25,25,22,19,22,19,22,19,23,19,23,19,22,19,22,19,22,19,22,19,22,19
Map_1955,11,18,14,11,14,14,10,10,10,10,10,10,10,10,10,10,10,10,10,10,10,10,10,10,10,10
Map_1956,13,35,9,9,9,9,9,10,9,10,9,10,9,10,9,10,9,10,13,10,13,10,9,10,9,10
Map_1957,12,27,12,11,11,15,11,11,11,11,11,11,11,11,11,11,11,10,11,10,11,10,11,10,11,10
Map_1958,8,40,9,9,9,36,9,8,9,8,9,8,9,8,9,8,9,8,11,8,11,8,9,8,9,8
Map_1959,23,39,15,15,15,15,20,15,20,15,20,15,20,15,20,15,21,15,21,15,21,15,20,15,20,15
Map_1960,25,54,11,11,11,11,11,11,11,11,11,11,11,11,11,11,11,11,11,11,11,11,11,11,11,11
Map_1961,17,26,18,17,18,18,13,13,13,13,13,13,13,13,13,13,14,12,14,12,14,12,13,12,13,12
Map_1962,7,15,7,7,7,7,7,7,7,7,7,7,7,7,7,7,7,7,7,7,7,7,7,7,7,7
Map_1963,19,84,15,15,15,15,15,15,15,15,15,15,15,15,15,15,15,15,15,15,15,15,15,15,15,15
Map_1964,73,75,17,15,17,12,11,10,11,10,11,10,10,10,10,10,11,10,11,10,11,10,11,10,11,10
Map_1965,8,37,8,8,8,8,8,8,8,8,8,8,8,8,8,8,8,8,8,8,8,8,8,8,8,8
Map_1966,153,156,111,111,90,72,86,55,86,55,86,55,74,54,74,54,47,55,47,54,47,54,56,55,54,55
Map_1967,12,19,9,9,9,10,9,9,9,9,9,9,9,9,9,9,9,9,9,9,9,9,9,9,9,9
Map_1968,53,50,40,40,39,47,34,35,34,35,34,35,34,35,34,35,29,29,29,29,29,29,29,29,29,29
Map_1969,24,94,20,22,20,20,15,22,15,22,15,22,15,22,15,22,15,15,15,15,15,15,15,15,15,15
Map_1970,7,28,7,7,7,7,7,7,7,7,7,7,7,7,7,7,8,7,8,7,8,7,8,7,8,7
Map_1971,6,13,6,6,6,8,6,6,6,6,6,6,6,6,6,6,6,6,6,6,6,6,6,6,6,6
Map_1972,56,82,39,31,26,47,31,19,31,19,31,19,31,19,31,19,19,19,19,19,19,19,19,19,19,19
Map_1973,8,25,8,8,8,8,8,7,8,7,8,7,7,7,7,7,8,7,8,7,8,7,8,7,8,7
Map_1974,14,32,14,14,14,21,14,14,14,14,14,14,14,14,14,14,17,14,17,14,17,14,14,14,14,14
Map_1975,21,29,18,18,18,18,14,14,14,14,14,14,14,14,14,14,14,14,15,14,15,14,14,14,14,14
Map_1976,9,80,10,9,10,10,9,9,9,9,9,9,9,9,9,9,9,9,9,9,9,9,9,9,9,9
Map_1977,22,169,12,12,12,12,13,12,13,12,13,12,12,12,12,12,13,12,13,12,13,12,13,12,13,12
Map_1978,91,134,43,43,43,43,33,33,40,33,40,33,33,42,42,42,33,33,34,33,34,33,33,33,33,33
Map_1979,16,50,16,15,15,17,17,17,17,17,17,17,17,17,17,17,17,17,17,17,17,17,17,17,17,17
Map_1980,20,38,13,13,13,19,14,12,14,12,14,12,14,12,14,12,14,12,14,12,14,12,14,12,14,12
Map_1981,35,146,32,35,32,33,32,35,32,35,32,35,35,35,35,35,33,26,33,26,33,26,33,26,33,26
Map_1982,25,37,19,19,19,23,19,19,19,19,19,19,19,19,19,19,19,19,19,19,19,19,19,19,19,19
Map_1983,43,57,9,9,9,9,9,9,9,9,9,9,9,9,9,9,9,9,9,9,9,9,9,9,9,9
Map_1984,6,25,6,6,6,7,6,6,6,6,6,6,6,6,6,6,6,6,6,6,6,6,6,6,6,6
Map_1985,8,39,8,8,8,8,8,7,8,7,8,7,7,7,7,7,8,7,8,7,8,7,8,7,8,7
Map_1986,29,63,9,9,9,9,9,9,9,9,9,9,9,9,9,9,9,9,9,9,9,9,9,9,9,9
Map_1987,15,64,15,15,15,16,13,15,13,15,13,15,13,15,13,15,13,13,13,13,13,13,13,13,13,13
Map_1988,36,162,31,31,31,31,31,30,31,30,31,30,30,30,30,30,30,29,30,29,30,29,30,29,30,29
Map_1989,33,38,28,28,28,37,28,27,28,27,28,27,27,27,27,27,29,27,29,25,29,25,29,27,29,27
Map_1990,40,135,26,40,26,26,26,25,26,25,26,25,25,25,59,59,25,25,25,25,25,25,25,24,25,24
Map_1991,55,70,28,28,53,30,28,31,28,31,28,31,28,31,28,31,33,28,33,28,33,28,31,31,31,31
Map_1992,9,29,8,8,8,9,8,8,8,8,8,8,8,8,8,8,8,8,8,8,8,8,8,8,8,8
Map_1993,23,69,18,18,18,18,18,18,18,18,18,18,18,18,18,18,16,16,21,16,21,16,16,16,16,16
Map_1994,27,82,24,24,24,28,24,26,24,26,24,26,24,26,24,26,22,20,22,19,22,19,22,20,22,20
Map_1995,13,19,9,8,7,13,8,7,8,7,8,7,8,7,8,7,9,7,9,7,9,7,8,7,8,7
Map_1996,21,35,8,8,8,8,8,8,8,8,8,8,8,8,8,8,8,8,8,8,8,8,8,8,8,8
Map_1997,10,256,7,7,7,7,7,7,7,7,7,7,7,7,7,7,7,7,7,7,7,7,7,7,7,7
Map_1998,10,45,8,8,8,8,8,8,8,8,8,8,8,8,8,8,8,8,8,8,8,8,8,8,8,8
Map_1999,20,32,19,19,20,19,19,19,19,19,19,19,19,19,19,19,16,16,16,16,16,16,16,16,16,16
Map_2000,9,19,7,7,7,7,7,7,7,7,7,7,7,7,7,7,7,7,7,7,7,7,7,7,7,7
Map_2001,9,21,8,8,8,8,8,8,8,8,8,8,8,8,8,8,9,8,9,8,9,8,8,8,8,8
Map_2002,50,117,10,10,10,11,10,10,10,10,10,10,10,10,10,10,11,10,11,10,11,10,10,10,10,10
Map_2003,36,161,23,20,23,26,20,20,20,20,20,20,20,20,20,20,22,15,23,15,23,15,22,15,20,15
Map_2004,8,20,8,8,8,14,8,8,8,8,8,8,8,8,8,8,8,8,8,8,8,8,8,8,8,8
Map_2005,15,74,10,10,10,11,10,10,10,10,10,10,10,10,10,10,11,10,11,10,11,10,10,10,10,10
Map_2006,4,11,4,4,4,4,4,4,4,4,4,4,4,4,4,4,4,4,4,4,4,4,4,4,4,4
Map_2007,28,41,17,17,18,20,17,17,17,17,17,17,17,17,17,17,17,17,17,17,17,17,17,17,17,17
Map_2008,49,40,25,25,27,45,25,26,25,26,25,26,25,26,24,26,24,23,26,23,26,23,21,26,21,26
Map_2009,5,19,5,5,5,10,5,5,5,5,5,5,5,5,5,5,5,5,8,5,8,5,5,5,5,5
Map_2010,27,52,21,21,21,21,20,20,20,20,20,20,20,20,20,20,21,20,20,20,23,20,21,20,21,20
Map_2011,107,50,33,33,33,33,28,33,28,33,28,33,29,38,29,38,34,26,34,26,34,26,29,33,29,33
Map_2012,18,110,8,8,8,11,8,8,8,8,8,8,8,8,8,8,8,8,8,8,8,8,8,8,8,8
Map_2013,23,42,21,21,22,14,14,14,14,14,14,14,14,14,14,14,14,14,14,14,14,14,14,14,14,14
Map_2014,19,43,20,19,20,53,29,19,29,19,29,19,28,19,28,19,44,19,44,19,44,19,29,19,29,19
Map_2015,10,35,9,9,9,9,9,8,9,8,9,8,9,8,8,8,9,8,9,8,9,8,9,8,9,8
Map_2016,236,121,64,63,64,118,25,31,25,31,25,31,25,31,25,31,26,24,31,24,31,24,26,24,26,24
Map_2017,26,29,13,13,13,14,14,14,14,14,14,14,14,14,14,14,14,14,14,12,14,12,14,14,14,14
Map_2018,22,61,20,19,20,21,19,18,19,18,19,18,18,18,18,18,21,18,21,18,21,18,19,18,19,18
Map_2019,54,99,23,23,23,23,21,21,21,21,21,21,21,21,21,21,21,21,21,21,21,21,21,21,21,21
Map_2020,6,80,6,6,6,8,6,6,6,6,6,6,6,6,6,6,6,6,6,6,6,6,6,6,6,6
Map_2021,33,88,36,36,36,38,36,36,36,36,36,36,36,36,39,39,32,31,32,31,32,31,32,31,32,32
Map_2022,16,90,24,22,16,27,20,16,20,16,20,16,20,16,20,16,20,16,20,16,22,16,20,16,20,16
Map_2023,16,22,10,10,10,10,10,10,10,10,10,10,10,10,10,10,10,10,15,10,15,10,10,10,10,10
Map_2024,30,53,23,23,26,26,26,26,26,26,26,26,26,25,26,25,23,25,23,25,23,25,23,25,23,25
Map_2025,10,20,9,8,8,9,8,8,8,8,8,8,8,8,8,8,8,8,8,8,8,8,8,8,8,8
Map_2026,28,81,8,8,8,8,8,8,8,8,8,8,8,8,8,8,8,8,8,8,8,8,8,8,8,8
Map_2027,28,52,14,13,36,14,13,13,13,13,13,13,13,13,13,13,13,13,13,13,13,13,13,13,13,13
Map_2028,8,24,10,8,10,11,8,8,8,8,8,8,8,8,8,8,8,8,8,8,8,8,8,8,8,8
Map_2029,19,327,12,10,12,12,12,10,12,10,12,10,10,10,10,10,12,10,12,10,12,10,12,10,12,10
Map_2030,19,37,14,12,12,18,12,12,12,12,12,12,12,12,12,12,13,12,15,12,15,12,13,12,12,12
Map_2031,11,96,9,9,9,10,10,9,10,9,10,9,10,9,10,9,10,9,11,9,11,9,9,9,9,9
Map_2032,8,88,8,8,8,8,8,8,8,8,8,8,8,8,8,8,8,8,8,8,8,8,8,8,8,8
Map_2033,25,75,16,16,16,16,16,16,16,16,16,16,16,16,16,16,16,16,16,16,16,16,16,16,16,16
Map_2034,47,51,20,20,20,20,17,17,17,17,17,17,17,17,17,17,17,17,23,17,23,17,17,17,17,17
Map_2035,10,22,8,8,8,10,8,8,8,8,8,8,8,8,8,8,8,8,8,8,8,8,8,8,8,8
Map_2036,19,54,15,15,15,15,15,15,15,15,15,15,15,15,15,15,13,13,13,13,13,13,13,13,13,13
Map_2037,35,62,14,14,14,17,14,14,14,14,14,14,14,14,14,14,14,14,16,14,18,14,14,14,14,14
Map_2038,5,67,5,5,5,5,5,5,5,5,5,5,5,5,5,5,5,5,5,5,5,5,5,5,5,5
Map_2039,5,8,5,5,5,6,5,5,5,5,5,5,5,5,5,5,5,5,5,5,5,5,5,5,5,5
Map_2040,7,28,7,7,7,8,7,7,7,7,7,7,7,7,7,7,7,7,7,7,7,7,7,7,7,7
Map_2041,18,69,10,10,13,14,10,10,10,10,10,10,10,10,10,10,10,10,10,10,10,10,10,10,10,10
Map_2042,17,88,16,16,16,22,16,16,16,16,16,16,16,16,16,16,16,16,18,16,18,16,16,16,16,16
Map_2043,33,79,20,20,20,23,22,22,22,22,22,22,22,22,22,22,20,20,20,20,20,20,22,20,22,20
Map_2044,9,32,10,9,10,10,9,9,9,9,9,9,9,9,9,9,10,9,10,9,10,9,10,9,9,9
Map_2045,67,58,34,33,41,34,33,33,33,33,33,33,33,33,33,33,33,32,33,32,33,32,33,32,33,32
Map_2046,18,72,13,13,13,16,13,13,13,13,13,13,13,13,13,13,16,13,16,13,16,13,16,13,16,13
Map_2047,29,264,8,8,8,12,8,8,8,8,8,8,8,8,8,8,8,8,8,8,8,8,8,8,8,8
Map_2048,12,18,11,11,11,11,11,11,11,11,11,11,11,11,11,11,11,11,11,11,11,11,11,11,11,11
Map_2049,46,91,34,33,37,23,21,28,21,28,21,28,21,31,21,31,22,21,22,21,22,21,22,21,22,21
Map_2050,159,105,25,25,41,26,25,25,25,25,25,25,25,25,25,25,17,17,17,17,17,17,17,17,17,17
Map_2051,114,75,17,17,17,22,17,17,17,17,17,17,17,17,17,17,17,17,20,17,20,17,17,17,17,17
Map_2052,39,84,22,22,22,23,22,22,22,22,22,22,22,22,22,22,21,20,21,20,21,20,21,20,21,20
Map_2053,26,37,19,19,19,27,22,19,22,19,22,19,22,19,22,19,22,19,22,19,22,19,22,19,22,19
Map_2054,11,16,11,11,11,11,11,11,11,11,11,11,11,11,11,11,11,11,11,11,11,11,11,11,11,11
Map_2055,40,39,35,35,35,40,26,26,26,26,26,26,26,26,26,26,26,26,26,26,26,26,26,26,26,26
Map_2056,38,178,30,29,28,31,28,26,28,26,28,26,28,26,28,26,26,26,26,34,26,34,26,26,28,26
Map_2057,32,106,17,17,17,27,17,17,17,17,17,17,17,17,17,17,19,17,22,15,22,15,19,17,19,17
Map_2058,21,51,19,19,17,19,19,19,19,19,19,19,19,19,19,19,19,19,21,19,21,19,19,19,19,19
Map_2059,246,102,32,32,23,34,24,24,24,24,24,24,24,24,24,24,24,22,24,22,24,22,24,22,24,22
Map_2060,7,19,7,7,7,7,7,7,7,7,7,7,7,7,7,7,7,7,7,7,7,7,7,7,7,7
Map_2061,54,53,20,19,19,20,16,16,16,16,16,16,16,16,16,16,16,16,21,16,21,16,16,16,16,16
Map_2062,25,119,24,24,24,24,19,19,19,19,19,19,19,19,19,19,14,14,14,14,14,14,14,14,14,14
Map_2063,90,237,9,9,9,9,9,9,9,9,9,9,9,9,9,9,9,9,9,9,9,9,9,9,9,9
Map_2064,14,79,13,13,14,13,12,13,12,13,12,13,12,13,12,13,13,12,13,12,13,12,13,12,12,12
Map_2065,11,26,10,10,10,14,10,10,10,10,10,10,10,10,10,10,10,10,10,11,10,11,10,10,10,10
Map_2066,7,30,7,7,7,7,7,7,7,7,7,7,7,7,7,7,7,7,7,7,7,7,7,7,7,7
Map_2067,11,38,11,11,11,11,11,11,11,11,11,11,11,11,11,11,11,11,11,11,11,11,11,11,11,11
Map_2068,13,42,10,10,10,10,10,10,10,10,10,10,10,10,10,10,10,10,10,10,14,10,10,10,10,10
Map_2069,10,26,8,8,8,11,8,8,8,8,8,8,8,8,8,8,8,8,8,8,8,8,8,8,8,8
Map_2070,22,93,18,18,18,33,22,18,22,18,22,18,18,18,18,18,15,14,15,14,15,14,15,14,15,14
Map_2071,15,159,15,15,15,18,15,15,15,15,15,15,15,15,15,15,14,13,14,13,14,13,14,13,14,13
Map_2072,125,240,30,29,30,31,28,28,28,28,28,28,28,28,28,28,28,27,28,27,28,27,28,27,28,27
Map_2073,6,11,7,6,7,8,6,6,6,6,6,6,6,6,6,6,6,6,6,6,6,6,6,6,6,6
Map_2074,21,35,20,20,20,22,17,20,17,20,17,20,17,20,17,20,15,15,15,15,15,15,15,15,15,15
Map_2075,34,52,17,16,17,16,16,16,16,16,16,16,16,16,16,16,16,16,16,16,16,16,16,16,16,16
Map_2076,27,72,22,22,22,22,15,15,15,15,15,15,15,15,15,15,15,15,15,15,15,15,15,15,15,15
Map_2077,14,27,11,11,11,11,11,11,11,11,11,11,11,11,11,11,11,11,11,11,11,11,11,11,11,11
Map_2078,23,63,14,14,14,16,14,14,14,14,14,14,14,14,14,14,14,14,17,14,17,14,14,14,14,14
Map_2079,11,98,11,11,11,11,11,11,11,11,11,11,11,11,11,11,11,11,11,11,11,11,11,11,11,11
Map_2080,11,72,15,11,15,15,11,11,11,11,11,11,11,11,11,11,12,11,14,11,14,11,11,11,11,11
Map_2081,163,93,23,23,20,24,21,23,21,23,21,23,21,24,21,24,21,21,21,21,21,21,21,21,21,23
Map_2082,9,20,10,10,10,13,9,9,9,9,9,9,9,9,9,9,9,9,9,9,9,9,9,9,9,9
Map_2083,27,53,12,12,12,12,12,12,12,12,12,12,12,12,12,12,15,12,15,12,15,12,12,12,12,12
Map_2084,17,29,14,14,15,15,14,14,14,14,14,14,14,14,14,14,14,13,14,14,14,14,14,13,14,13
Map_2085,8,40,8,8,8,8,8,8,8,8,8,8,8,8,8,8,8,8,8,8,8,8,8,8,8,8
Map_2086,46,49,33,33,33,42,29,20,29,20,29,20,33,20,33,20,24,20,24,20,24,20,24,20,24,20
Map_2087,12,69,10,9,10,10,10,9,10,9,10,9,9,9,9,9,10,9,10,9,10,9,10,9,10,9
Map_2088,283,195,49,49,49,60,46,31,46,31,46,31,46,31,46,31,47,27,47,27,47,27,47,27,46,27
Map_2089,8,26,8,8,8,8,8,8,8,8,8,8,8,8,8,8,8,8,8,8,8,8,8,8,8,8
Map_2090,22,28,13,13,13,16,14,13,14,13,14,13,14,13,14,13,14,13,14,13,14,13,14,13,14,13
Map_2091,10,99,10,10,10,14,10,10,10,10,10,10,10,10,10,10,10,10,10,10,10,10,10,10,10,10
Map_2092,84,38,29,28,29,28,31,19,31,19,31,19,31,19,31,19,27,19,27,19,27,19,27,19,27,19
Map_2093,57,76,26,26,26,37,38,26,38,26,38,26,37,26,37,26,28,25,33,25,33,25,28,25,28,25
Map_2094,21,33,14,14,18,14,14,14,14,14,14,14,14,14,14,14,14,14,14,14,14,14,14,14,14,14
Map_2095,8,22,8,8,8,10,8,8,8,8,8,8,8,8,8,8,8,8,8,8,8,8,8,8,8,8
Map_2096,11,29,11,11,11,13,11,11,11,11,11,11,11,11,11,11,12,11,12,11,12,11,12,11,12,11
Map_2097,14,33,14,14,14,14,14,12,14,12,14,12,14,12,14,12,13,12,13,12,13,12,13,12,13,12
Map_2098,5,15,5,5,5,5,5,5,5,5,5,5,5,5,5,5,5,5,5,5,5,5,5,5,5,5
Map_2099,19,35,13,13,12,13,13,12,13,12,13,12,13,12,13,12,13,12,13,12,13,12,13,12,13,12
Map_2100,13,47,9,9,10,9,9,9,9,9,9,9,9,9,9,9,9,9,9,9,9,9,9,9,9,9
Map_2101,15,272,16,15,16,18,15,15,15,15,15,15,15,15,15,15,14,14,14,14,14,14,14,14,15,14
Map_2102,55,61,10,10,11,11,10,10,10,10,10,10,10,10,10,10,10,10,10,10,10,10,10,10,10,10
Map_2103,58,140,19,15,19,20,15,15,15,15,15,15,15,15,15,15,15,15,15,15,15,15,15,15,15,15
Map_2104,8,24,6,6,6,6,6,6,6,6,6,6,6,6,6,6,6,6,6,6,6,6,6,6,6,6
Map_2105,13,18,8,8,8,8,8,8,8,8,8,8,8,8,8,8,8,8,8,8,8,8,8,8,8,8
Map_2106,111,119,73,73,73,72,27,72,27,64,27,64,27,72,27,72,26,34,26,34,26,34,26,64,27,64
Map_2107,6,39,6,6,6,11,6,6,6,6,6,6,6,6,6,6,6,6,6,6,6,6,6,6,6,6
Map_2108,28,75,18,18,18,20,18,13,18,13,18,13,18,13,18,13,20,13,20,13,20,13,18,13,18,13
Map_2109,8,34,6,6,6,6,6,6,6,6,6,6,6,6,6,6,6,6,6,6,6,6,6,6,6,6
Map_2110,8,14,7,7,7,7,7,7,7,7,7,7,7,7,7,7,7,7,7,7,7,7,7,7,7,7
Map_2111,9,17,9,9,9,15,9,9,9,9,9,9,9,9,9,9,9,9,9,9,9,9,9,9,9,9
Map_2112,17,49,17,16,17,27,16,16,17,16,17,16,16,16,16,16,17,16,17,16,17,16,17,16,17,16
Map_2113,24,31,22,22,22,26,22,22,22,22,22,22,22,22,22,22,21,22,21,21,21,21,21,22,21,22
Map_2114,25,80,41,23,28,41,23,19,23,19,23,19,19,19,19,19,20,19,20,19,20,19,19,19,19,19
Map_2115,21,37,16,16,16,16,16,12,16,12,16,12,16,12,16,12,16,12,16,12,16,12,16,12,16,12
Map_2116,47,167,53,52,53,60,53,51,53,51,53,51,51,51,51,51,37,37,37,37,37,37,64,54,64,54
Map_2117,20,24,17,17,17,20,17,17,17,17,17,17,17,17,17,17,17,17,17,17,17,17,17,17,17,17
Map_2118,12,16,10,10,10,13,10,10,10,10,10,10,10,10,10,10,10,10,10,10,10,10,10,10,10,10
Map_2119,6,18,6,6,6,6,6,6,6,6,6,6,6,6,6,6,6,6,6,6,6,6,6,6,6,6
Map_2120,15,100,13,13,13,13,13,13,13,13,13,13,13,13,13,13,13,13,13,13,13,13,13,13,13,13
Map_2121,350,146,19,17,19,17,13,13,13,13,13,13,13,13,13,13,13,13,17,13,17,13,13,13,13,13
Map_2122,27,187,23,23,23,23,22,22,22,22,22,22,22,22,22,22,22,22,22,22,22,22,22,22,22,22
Map_2123,12,19,10,10,10,10,10,11,10,11,10,11,10,11,10,11,10,10,10,10,10,10,10,10,10,10
Map_2124,16,241,17,15,17,29,12,12,12,12,12,12,12,12,12,12,12,12,12,12,12,12,12,12,12,12
Map_2125,20,32,14,14,14,16,14,14,14,14,14,14,14,14,14,14,14,14,14,14,14,14,14,14,14,14
Map_2126,3,18,3,3,3,5,3,3,3,3,3,3,3,3,3,3,3,3,3,3,3,3,3,3,3,3
Map_2127,21,35,17,17,17,21,15,15,15,15,15,15,15,15,15,15,17,15,17,15,17,15,15,15,15,15
Map_2128,12,155,9,9,9,12,9,9,9,9,9,9,9,9,9,9,11,9,11,9,11,9,9,9,9,9
Map_2129,7,44,7,7,7,10,9,7,9,7,9,7,9,7,9,7,7,7,7,7,7,7,7,7,7,7
Map_2130,13,202,12,12,12,12,12,11,12,11,12,11,12,11,11,11,12,11,12,11,12,11,12,11,12,11
Map_2131,11,21,12,14,12,12,12,11,12,11,12,11,11,11,11,11,12,11,12,11,12,11,12,11,12,11
Map_2132,8,16,7,7,7,7,7,7,7,7,7,7,7,7,7,7,7,7,7,7,7,7,7,7,7,7
Map_2133,11,35,11,11,11,17,11,11,11,11,11,11,11,11,11,11,11,11,11,11,11,11,11,11,11,11
Map_2134,12,30,10,10,10,10,10,10,10,10,10,10,10,10,10,10,10,10,10,10,10,10,10,10,10,10
Map_2135,19,51,16,16,16,16,14,16,14,16,14,16,14,16,14,16,14,14,14,14,14,14,14,16,14,16
Map_2136,21,53,13,13,13,14,13,13,13,13,13,13,13,13,13,13,13,13,13,13,13,13,13,13,13,13
Map_2137,26,90,22,22,22,18,15,15,15,15,15,15,15,15,15,15,15,15,22,15,22,15,15,15,15,15
Map_2138,9,50,12,12,9,14,14,12,14,12,14,12,14,12,14,12,18,9,18,9,18,9,16,9,14,9
Map_2139,75,108,39,36,37,39,45,42,42,42,42,42,42,42,42,42,34,42,34,42,34,42,34,42,34,42
Map_2140,28,40,23,21,24,23,23,21,23,21,23,21,21,21,21,21,22,21,24,21,24,22,23,21,23,21
Map_2141,7,14,7,7,7,7,7,7,7,7,7,7,7,7,7,7,7,7,7,7,7,7,7,7,7,7
Map_2142,6,10,6,6,6,6,6,6,6,6,6,6,6,6,6,6,6,6,6,6,6,6,6,6,6,6
Map_2143,55,114,16,16,16,16,14,16,14,16,14,16,14,16,14,16,16,14,16,14,16,14,16,14,14,14
Map_2144,46,210,22,22,22,22,29,22,29,22,29,22,22,22,26,26,25,22,25,24,25,24,25,22,25,22
Map_2145,17,58,21,20,21,26,18,20,18,20,18,20,18,20,18,20,18,16,18,16,18,16,18,16,18,16
Map_2146,20,68,21,20,20,33,14,14,14,14,14,14,14,14,14,14,14,14,14,14,14,14,14,14,14,14
Map_2147,9,70,11,11,11,11,11,11,11,11,11,11,11,11,11,11,11,9,11,9,11,9,11,9,11,9
Map_2148,112,284,59,59,70,61,59,43,59,43,59,43,59,43,59,43,52,43,52,43,52,43,52,43,52,43
Map_2149,46,52,37,34,35,31,28,29,28,29,28,29,28,29,28,29,28,28,29,28,29,21,28,28,28,28
Map_2150,8,82,8,8,8,10,8,8,8,8,8,8,8,8,8,8,8,8,8,8,8,8,8,8,8,8
Map_2151,11,16,10,10,10,10,10,10,10,10,10,10,10,10,10,10,10,10,10,10,10,10,10,10,10,10
Map_2152,9,66,9,9,9,9,10,10,10,10,10,10,10,10,10,10,10,9,10,9,10,9,10,10,10,10
Map_2153,23,41,23,23,23,25,23,23,23,23,23,23,23,23,23,23,23,18,24,18,24,18,23,18,23,18
Map_2154,16,20,13,13,13,14,13,13,13,13,13,13,13,13,13,13,13,12,13,12,15,12,13,12,13,12
Map_2155,10,15,10,10,10,11,11,10,11,10,11,10,11,10,11,10,11,10,11,10,11,10,11,10,11,10
Map_2156,21,34,14,14,14,23,14,14,14,14,14,14,14,14,14,14,14,14,20,14,20,14,14,14,14,14
Map_2157,17,30,15,15,15,15,17,17,17,17,17,17,17,17,17,17,15,15,15,15,15,15,15,15,15,15
Map_2158,30,96,19,19,29,20,18,18,18,18,18,18,18,18,18,18,18,11,19,11,19,11,18,11,18,11
Map_2159,9,40,7,7,7,7,7,7,7,7,7,7,7,7,7,7,7,7,10,7,10,7,7,7,7,7
Map_2160,23,54,16,20,16,16,20,20,20,20,20,20,20,20,20,20,16,16,16,16,16,16,16,20,20,20
Map_2161,6,45,7,7,7,7,7,6,7,6,7,6,7,6,6,6,7,6,7,6,7,6,7,6,7,6
Map_2162,38,70,32,32,33,35,40,32,40,32,40,32,40,32,40,32,42,32,42,32,42,32,41,32,41,32
Map_2163,8,32,8,8,8,17,8,8,8,8,8,8,8,8,8,8,8,8,8,8,8,8,8,8,8,8
Map_2164,118,171,9,9,9,10,9,9,9,9,9,9,9,9,9,9,9,9,9,9,9,9,9,9,9,9
Map_2165,24,32,21,21,21,24,21,21,21,21,21,21,21,21,21,21,21,21,21,21,21,21,21,21,21,21
Map_2166,54,174,19,18,19,22,19,18,19,18,19,18,18,18,18,18,19,18,19,18,25,18,19,18,19,18
Map_2167,12,49,17,16,17,18,13,12,13,12,13,12,13,12,13,12,13,12,13,12,13,12,13,12,13,12
Map_2168,6,14,6,6,6,7,6,6,6,6,6,6,6,6,6,6,6,6,6,6,6,6,6,6,6,6
Map_2169,10,34,10,10,10,10,13,10,13,10,13,10,13,10,13,10,13,10,13,10,13,10,13,10,13,10
Map_2170,12,95,12,12,12,15,12,12,12,12,12,12,12,12,12,12,12,12,12,12,12,12,12,12,12,12
Map_2171,7,10,8,7,8,8,7,7,7,7,7,7,7,7,7,7,7,7,7,7,7,7,7,7,7,7
Map_2172,25,110,21,20,21,22,20,15,20,15,20,15,20,15,20,15,15,15,15,15,15,15,20,15,20,15
Map_2173,9,18,7,7,7,7,7,7,7,7,7,7,7,7,7,7,7,7,7,7,7,7,7,7,7,7
Map_2174,12,102,16,16,16,42,16,16,17,16,17,16,16,16,16,16,19,12,15,12,15,12,19,16,17,16
Map_2175,4,6,4,4,4,4,4,4,4,4,4,4,4,4,4,4,4,4,4,4,4,4,4,4,4,4
Map_2176,155,76,18,18,18,25,18,18,18,18,18,18,18,18,18,18,18,18,18,18,18,18,18,18,18,18
Map_2177,41,98,26,26,32,26,26,26,26,26,26,26,26,26,26,26,26,19,27,19,27,19,26,19,26,19
Map_2178,49,197,39,39,39,48,39,39,39,39,39,39,39,39,39,39,24,24,24,24,24,24,24,24,24,24
Map_2179,38,49,34,33,28,35,30,27,30,27,30,27,30,27,30,27,25,25,25,25,25,25,25,25,25,25
Map_2180,12,28,12,12,12,17,12,12,12,12,12,12,12,12,12,12,12,12,12,12,12,12,12,12,12,12
Map_2181,12,98,11,11,11,11,11,11,11,11,11,11,11,11,11,11,12,11,12,11,12,11,12,11,12,11
Map_2182,9,21,9,9,9,9,9,8,9,8,9,8,9,8,9,8,9,8,9,8,9,8,9,8,9,8
Map_2183,14,65,15,13,13,15,13,13,13,13,13,13,13,13,13,13,14,13,14,13,14,13,13,13,13,13
Map_2184,29,66,14,14,14,19,14,14,14,14,14,14,14,14,14,14,14,14,14,14,14,14,14,14,14,14
Map_2185,41,52,20,20,20,20,20,20,20,20,20,20,20,20,20,20,20,20,20,20,20,20,20,20,20,20
Map_2186,24,23,15,15,15,21,15,15,17,15,17,15,15,15,15,15,18,15,19,15,19,15,18,15,18,15
Map_2187,12,38,12,12,10,15,12,12,12,12,12,12,12,12,12,12,12,10,12,10,12,10,12,10,12,10
Map_2188,25,114,22,29,22,27,22,26,22,26,22,26,26,26,26,26,24,21,24,21,24,21,24,21,24,21
Map_2189,22,52,14,14,14,19,14,14,14,14,14,14,14,14,14,14,14,14,14,14,14,14,14,14,14,14
Map_2190,17,120,18,18,18,20,20,17,20,17,20,17,20,17,20,17,22,17,22,17,22,17,22,17,18,17
Map_2191,8,17,10,10,8,13,8,8,8,8,8,8,8,8,8,8,8,8,8,8,8,8,8,8,8,8
Map_2192,5,7,5,5,5,5,5,5,5,5,5,5,5,5,5,5,5,5,5,5,5,5,5,5,5,5
Map_2193,97,135,40,26,40,40,33,26,33,26,33,26,26,26,26,26,28,26,28,26,28,26,27,26,27,26
Map_2194,9,39,9,9,10,10,9,9,9,9,9,9,9,9,9,9,9,9,9,9,9,9,9,9,9,9
Map_2195,18,122,18,18,18,18,18,17,18,17,18,17,17,17,17,17,16,16,17,16,17,16,16,17,16,17
Map_2196,6,35,6,6,6,6,6,6,6,6,6,6,6,6,6,6,6,6,6,6,6,6,6,6,6,6
Map_2197,58,56,27,27,48,27,22,21,22,21,22,21,21,21,21,21,21,21,21,21,21,21,21,21,21,21
Map_2198,4,6,4,4,4,4,4,4,4,4,4,4,4,4,4,4,4,4,4,4,4,4,4,4,4,4
Map_2199,20,57,24,24,24,29,25,20,25,20,25,20,26,20,26,20,23,21,23,21,23,21,21,20,21,20
Map_2200,54,49,22,22,29,28,20,20,20,20,20,20,20,20,20,20,20,20,20,20,20,20,20,20,20,20
Map_2201,11,52,8,8,8,8,8,8,8,8,8,8,8,8,8,8,8,8,8,8,8,8,8,8,8,8
Map_2202,17,47,18,15,18,18,15,15,15,15,15,15,15,15,15,15,14,14,14,14,14,14,14,14,14,14
Map_2203,9,43,9,9,9,10,9,9,9,10,9,10,9,9,9,9,9,9,9,9,9,9,9,9,9,9
Map_2204,22,46,16,16,16,16,16,17,16,17,16,17,16,20,15,20,15,14,15,14,15,14,15,14,16,14
Map_2205,30,45,26,25,25,26,25,25,25,25,25,25,25,25,25,25,25,22,25,22,25,22,25,22,25,22
Map_2206,17,187,20,19,20,20,14,14,14,14,14,14,14,14,14,14,13,13,13,13,13,13,13,13,13,13
Map_2207,21,33,21,21,21,21,21,21,21,21,21,21,21,21,21,21,21,21,21,21,21,21,21,21,21,21
Map_2208,10,74,12,12,12,14,10,10,10,10,10,10,10,10,10,10,11,10,11,10,11,10,10,10,10,10
Map_2209,6,16,6,6,6,6,6,6,6,6,6,6,6,6,6,6,6,6,6,6,6,6,6,6,6,6
Map_2210,8,30,8,8,8,8,8,8,8,8,8,8,8,8,8,8,8,8,8,8,8,8,8,8,8,8
Map_2211,43,51,28,26,41,17,17,17,17,17,17,17,17,17,17,17,15,15,15,15,15,15,15,15,15,15
Map_2212,18,127,18,18,18,19,18,17,18,17,18,17,18,17,18,17,16,16,16,16,16,16,16,16,16,16
Map_2213,15,30,15,15,15,18,15,15,15,15,15,15,15,15,15,15,17,15,17,15,17,15,17,15,17,15
Map_2214,13,88,8,8,7,8,8,7,8,7,8,7,8,7,8,7,8,7,8,7,8,7,8,7,8,7
Map_2215,6,24,7,7,6,7,7,6,7,6,7,6,7,6,7,6,7,6,7,6,7,6,7,6,7,6
Map_2216,12,35,12,10,10,12,10,10,10,10,10,10,10,10,10,10,12,10,13,10,13,10,10,10,10,10
Map_2217,14,50,14,14,14,14,14,14,14,14,14,14,14,14,14,14,14,14,14,14,14,14,14,14,14,14
Map_2218,264,331,25,24,24,25,21,21,21,21,21,21,21,21,21,21,21,21,23,21,23,21,21,21,21,21
Map_2219,6,18,6,6,6,6,6,6,6,6,6,6,6,6,6,6,6,6,6,6,6,6,6,6,6,6
Map_2220,12,59,14,12,14,10,12,10,12,10,12,10,12,10,12,10,13,8,13,8,13,8,11,8,11,8
Map_2221,13,22,12,12,12,16,12,12,12,12,12,12,12,12,12,12,12,12,12,12,12,12,12,12,12,12
Map_2222,8,24,8,8,8,8,8,8,8,8,8,8,8,8,8,8,8,8,8,8,8,8,8,8,8,8
Map_2223,14,312,14,14,14,14,14,14,14,14,14,14,14,14,14,14,14,14,14,14,14,14,14,14,14,14
Map_2224,9,106,10,10,10,14,9,9,9,9,9,9,9,9,9,9,10,9,10,9,10,9,10,9,10,9
Map_2225,16,41,17,17,17,18,15,15,15,15,15,15,15,15,15,15,17,15,17,15,17,15,15,15,15,15
Map_2226,11,68,11,11,11,11,11,11,11,11,11,11,11,11,11,11,11,11,11,11,11,11,11,11,11,11
Map_2227,11,28,13,11,13,13,11,11,11,11,11,11,11,11,11,11,14,11,14,11,14,11,11,11,11,11
Map_2228,6,12,6,6,6,6,6,6,6,6,6,6,6,6,6,6,6,6,6,6,6,6,6,6,6,6
Map_2229,31,97,11,11,11,11,11,11,11,11,11,11,11,11,11,11,11,11,11,11,11,11,11,11,11,11
Map_2230,25,25,17,17,19,22,15,15,15,15,15,15,15,15,15,15,18,15,18,15,18,15,15,15,15,15
Map_2231,8,83,8,8,8,8,8,7,8,7,8,7,7,7,7,7,8,7,8,7,8,7,8,7,8,7
Map_2232,7,23,7,7,7,13,9,7,9,7,9,7,9,7,9,7,9,7,9,7,9,7,9,7,9,7
Map_2233,11,20,11,11,11,11,9,9,9,9,9,9,9,9,9,9,9,9,9,9,9,9,9,9,9,9
Map_2234,9,56,6,6,6,6,6,6,6,6,6,6,6,6,6,6,6,6,6,6,6,6,6,6,6,6
Map_2235,121,76,38,38,60,46,30,30,30,30,30,30,30,30,30,30,39,27,39,27,39,27,35,27,30,27
Map_2236,13,96,11,11,11,13,11,11,11,11,11,11,11,11,11,11,10,10,10,10,10,10,10,10,10,10
Map_2237,27,62,22,20,14,25,15,14,15,14,15,14,15,14,15,14,15,14,15,14,15,14,15,14,15,14
Map_2238,11,53,10,9,10,10,10,9,10,9,10,9,9,9,9,9,9,9,15,9,15,9,9,9,9,9
Map_2239,14,33,15,14,14,15,14,14,14,14,14,14,14,14,14,14,14,14,14,14,14,14,14,14,14,14
Map_2240,148,188,66,48,66,155,75,48,75,48,75,48,47,51,51,51,56,42,55,42,55,42,55,48,55,48
Map_2241,31,94,27,23,21,33,23,23,21,21,21,21,23,23,23,23,17,17,17,17,17,17,17,17,17,21
Map_2242,7,15,9,8,8,10,8,7,8,7,8,7,8,7,8,7,8,7,8,7,8,7,8,7,8,7
Map_2243,19,78,15,15,15,14,14,14,14,14,14,14,14,14,14,14,14,13,14,13,14,13,14,13,14,13
Map_2244,8,70,8,8,8,8,8,8,8,8,8,8,8,8,8,8,8,8,8,8,8,8,8,8,8,8
Map_2245,10,18,10,10,10,13,10,10,10,10,10,10,10,10,10,10,11,10,11,10,11,10,10,10,10,10
Map_2246,11,74,10,10,10,12,9,10,9,10,9,10,9,10,9,10,9,9,9,9,9,9,9,9,9,9
Map_2247,32,101,19,19,19,19,19,19,19,19,19,19,19,19,19,19,19,19,26,19,26,19,19,19,19,19
Map_2248,20,57,10,11,11,12,11,11,11,10,11,10,11,11,11,11,10,9,10,9,10,9,11,9,11,9
Map_2249,15,147,10,10,10,15,10,10,10,10,10,10,10,10,10,10,10,10,10,10,12,10,10,10,10,10
Map_2250,25,36,12,12,15,12,12,12,12,12,12,12,12,12,12,12,13,12,13,12,13,12,13,12,13,12
Map_2251,11,204,9,9,9,9,9,9,9,9,9,9,9,9,9,9,9,9,9,9,9,9,9,9,9,9
Map_2252,10,94,11,11,11,11,10,10,10,10,10,10,10,10,10,10,10,10,10,10,10,10,10,10,10,10
Map_2253,11,84,7,7,7,7,7,7,7,7,7,7,7,7,7,7,7,7,7,7,7,7,7,7,7,7
Map_2254,19,27,14,14,14,15,13,13,13,13,13,13,13,13,13,13,13,13,13,13,13,13,13,13,13,13
Map_2255,9,70,10,9,10,10,7,7,7,7,7,7,7,7,7,7,7,7,7,7,7,7,7,7,7,7
Map_2256,67,189,10,10,10,11,10,10,10,10,10,10,10,10,10,10,10,10,18,10,18,10,10,10,10,10
Map_2257,21,36,15,14,14,15,14,14,14,14,14,14,14,14,14,14,15,14,15,14,15,14,14,14,14,14
Map_2258,328,198,16,16,16,16,16,16,16,15,16,15,16,16,16,16,16,15,16,15,16,15,16,15,16,15
Map_2259,16,50,14,14,14,17,14,14,14,14,14,14,14,14,14,14,14,14,14,14,14,14,14,14,14,14
Map_2260,13,99,13,13,13,34,26,13,26,13,26,13,26,13,26,13,15,13,15,13,15,13,13,13,13,13
Map_2261,36,52,31,31,31,35,26,26,26,26,26,26,26,26,26,26,26,26,27,26,27,26,26,26,26,26
Map_2262,4,10,4,4,4,4,4,4,4,4,4,4,4,4,4,4,4,4,4,4,4,4,4,4,4,4
Map_2263,45,67,23,23,21,26,23,23,23,23,23,23,23,23,23,23,21,23,26,23,26,23,21,23,21,23
Map_2264,30,78,35,35,35,34,23,23,23,23,23,23,23,23,23,23,27,23,34,23,34,23,27,23,27,23
Map_2265,20,50,14,14,14,14,14,14,14,14,14,14,14,14,14,14,14,14,14,14,14,14,14,14,14,14
Map_2266,27,41,15,15,15,18,15,15,15,15,15,15,15,15,15,15,18,15,18,15,18,15,18,15,15,15
Map_2267,10,26,9,9,9,10,9,9,9,9,9,9,9,9,9,9,10,9,10,9,10,9,9,9,9,9
Map_2268,40,64,23,23,23,22,22,22,22,22,22,22,22,22,22,22,23,22,27,22,27,22,22,22,22,22
Map_2269,8,16,8,8,8,11,9,8,9,8,9,8,9,8,9,8,9,8,9,8,9,8,9,8,9,8
Map_2270,13,21,11,11,11,12,11,11,11,11,11,11,11,11,11,11,11,11,11,11,11,11,11,11,11,11
Map_2271,11,52,8,8,8,12,8,8,8,8,8,8,8,8,8,8,8,8,8,8,8,8,8,8,8,8
Map_2272,48,94,17,17,21,23,17,17,17,17,17,17,17,17,17,17,19,17,19,17,19,17,19,17,19,17
Map_2273,11,17,11,11,11,11,11,10,11,10,11,10,11,10,11,10,11,10,11,10,11,10,11,10,11,10
Map_2274,27,42,26,24,26,32,22,21,22,21,22,21,24,24,24,24,17,17,17,17,17,17,17,17,17,21
Map_2275,15,79,18,18,18,18,16,14,16,14,16,14,14,14,14,14,16,14,16,14,16,14,16,14,16,14
Map_2276,31,38,25,25,25,29,25,24,25,24,25,24,24,24,24,24,23,16,16,16,16,16,24,24,24,24
Map_2277,8,59,5,5,5,6,5,5,5,5,5,5,5,5,5,5,5,5,5,5,5,5,5,5,5,5
Map_2278,5,9,5,5,5,6,5,5,5,5,5,5,5,5,5,5,5,5,5,5,5,5,5,5,5,5
Map_2279,12,41,12,12,12,15,15,15,15,15,15,15,15,15,15,15,13,12,13,12,13,12,13,12,13,12
Map_2280,18,106,18,18,18,18,18,18,18,18,18,18,18,18,18,18,23,18,23,18,23,18,17,18,17,18
Map_2281,17,110,17,17,17,18,18,20,18,20,18,20,17,17,17,17,17,18,17,17,17,17,18,18,18,17
Map_2282,19,46,15,15,15,16,15,15,15,15,15,15,15,15,15,15,15,15,15,15,15,15,15,15,15,15
Map_2283,9,231,11,11,11,11,11,11,11,11,11,11,11,11,11,11,10,9,10,9,10,9,10,9,10,9
Map_2284,12,30,12,12,12,12,12,12,12,12,12,12,12,12,12,12,12,12,12,12,12,12,12,12,12,12
Map_2285,8,95,8,8,8,8,8,8,8,8,8,8,8,8,8,8,8,8,8,8,8,8,8,8,8,8
Map_2286,12,20,13,13,13,13,12,12,12,12,12,12,12,12,12,12,14,12,14,12,14,12,14,12,12,12
Map_2287,8,17,8,8,8,13,8,8,8,8,8,8,8,8,8,8,8,8,8,8,8,8,8,8,8,8
Map_2288,13,53,14,13,14,13,13,13,13,13,13,13,13,13,13,13,13,13,13,13,13,13,14,13,14,13
Map_2289,12,22,11,9,11,16,12,9,12,9,12,9,12,9,12,9,12,9,12,9,12,9,12,9,12,9
Map_2290,118,77,11,11,12,13,11,11,11,11,11,11,11,11,11,11,13,11,13,11,13,11,11,11,11,11
Map_2291,64,81,31,31,31,33,27,24,27,24,27,24,27,27,27,27,27,24,27,25,27,25,27,24,27,24
Map_2292,20,54,20,12,20,29,12,12,12,12,12,12,12,13,13,13,12,12,12,12,12,12,12,12,12,12
Map_2293,34,128,18,18,18,25,18,20,18,20,18,20,18,20,18,20,18,20,18,20,18,20,18,20,18,20
Map_2294,43,104,21,21,21,31,21,21,21,21,21,21,21,21,21,21,21,21,21,21,21,21,21,21,21,21
Map_2295,7,50,6,6,6,8,6,6,6,6,6,6,6,6,6,6,6,6,6,6,6,6,6,6,6,6
Map_2296,20,54,13,13,13,24,13,16,13,16,13,16,13,20,13,24,13,13,13,13,13,13,13,13,13,13
Map_2297,86,269,52,52,88,87,49,43,49,43,49,43,49,43,43,43,49,52,58,52,58,52,49,52,49,52
Map_2298,10,58,10,10,10,16,10,10,10,10,10,10,10,10,10,10,10,10,16,10,16,10,10,10,10,10
Map_2299,38,51,17,17,17,17,17,17,17,17,17,17,17,17,17,17,17,17,17,17,17,17,17,17,17,17
Map_2300,7,23,7,7,7,7,7,7,7,7,7,7,7,7,7,7,7,7,8,7,8,7,7,7,7,7
Map_2301,12,140,12,10,12,12,10,10,10,10,10,10,10,10,10,10,10,10,10,10,10,10,10,10,10,10
Map_2302,5,15,5,5,5,8,5,5,5,5,5,5,5,5,5,5,5,5,5,5,5,5,5,5,5,5
Map_2303,15,25,14,14,14,15,14,13,14,13,14,13,13,13,13,13,14,13,14,13,14,13,14,13,14,13
Map_2304,9,46,9,9,9,9,9,9,9,9,9,9,9,9,9,9,9,9,9,9,9,9,9,9,9,9
Map_2305,72,135,11,11,11,11,11,11,11,11,11,11,11,11,11,11,14,11,16,11,16,11,14,11,11,11
Map_2306,14,27,16,16,16,16,14,14,14,14,14,14,14,14,14,14,14,14,14,14,14,14,14,14,14,14
Map_2307,15,41,15,15,15,15,15,15,15,15,15,15,15,15,15,15,15,14,15,14,15,14,15,14,15,14
Map_2308,14,28,11,11,11,11,11,11,11,11,11,11,11,11,11,11,11,11,11,11,11,11,11,11,11,11
Map_2309,12,52,12,12,12,25,12,12,12,12,12,12,12,12,12,12,14,12,14,12,14,12,12,12,12,12
Map_2310,18,84,12,12,12,12,12,12,12,12,12,12,12,12,12,12,13,12,13,12,13,12,12,12,12,12
Map_2311,19,41,17,17,17,17,19,17,19,17,19,17,19,17,19,17,19,17,22,17,22,17,19,17,19,17
Map_2312,9,18,10,9,9,9,9,9,9,9,9,9,9,9,9,9,9,9,9,9,9,9,9,9,9,9
Map_2313,17,27,15,15,15,15,15,15,15,15,15,15,15,15,15,15,16,15,16,15,16,15,15,15,15,15
Map_2314,18,47,16,10,10,16,10,11,10,11,10,11,10,11,10,11,10,10,10,10,10,10,10,10,10,10
Map_2315,6,40,6,6,6,6,6,6,6,6,6,6,6,6,6,6,6,6,6,6,6,6,6,6,6,6
Map_2316,21,68,18,18,16,17,17,15,17,15,17,15,17,15,17,15,16,15,16,15,16,15,16,15,16,15
Map_2317,37,37,13,13,13,13,13,13,13,13,13,13,13,13,13,13,13,13,13,13,13,13,13,13,13,13
Map_2318,18,281,18,18,18,39,19,18,19,18,19,18,19,18,19,20,14,18,14,18,14,18,14,18,14,18
Map_2319,14,46,14,14,14,21,14,14,14,14,14,14,17,17,17,17,14,14,14,14,14,14,14,14,14,14
Map_2320,7,31,7,7,7,11,7,7,7,7,7,7,7,7,7,7,7,7,7,7,7,7,7,7,7,7
Map_2321,14,33,11,11,11,11,11,11,11,11,11,11,11,11,11,11,11,11,11,11,11,11,11,11,11,11
Map_2322,17,62,12,12,12,12,12,12,12,12,12,12,12,12,12,12,12,12,12,12,12,12,12,12,12,12
Map_2323,6,13,6,6,6,11,6,6,6,6,6,6,6,6,6,6,6,6,6,6,6,6,6,6,6,6
Map_2324,14,36,14,14,14,17,20,14,20,14,20,14,20,14,20,14,20,14,22,14,22,14,20,14,20,14
Map_2325,46,124,19,18,19,21,18,18,18,18,18,18,18,18,18,18,19,18,19,19,19,19,18,18,18,18
Map_2326,9,82,7,7,7,9,7,7,7,7,7,7,7,7,7,7,7,7,7,7,7,7,7,7,7,7
Map_2327,5,25,5,5,5,5,5,5,5,5,5,5,5,5,5,5,5,5,5,5,5,5,5,5,5,5
Map_2328,15,32,17,16,15,19,16,16,16,16,16,16,16,16,16,16,19,15,19,15,19,15,15,15,15,15
Map_2329,23,164,32,32,32,41,18,18,18,18,18,18,18,18,18,18,20,18,20,18,20,18,18,18,18,18
Map_2330,57,60,22,22,22,22,22,22,22,22,22,22,22,22,22,22,22,22,29,22,29,22,22,22,22,22
Map_2331,5,79,5,5,5,5,5,5,5,5,5,5,5,5,5,5,6,5,6,5,6,5,6,5,6,5
Map_2332,100,102,44,44,44,48,29,29,29,29,29,29,29,29,29,29,27,27,27,27,27,27,27,27,27,27
Map_2333,59,37,21,21,29,19,19,29,19,29,19,29,19,29,19,29,19,18,20,18,20,18,19,29,19,29
Map_2334,11,57,10,10,10,10,10,10,10,10,10,10,10,10,10,10,10,10,10,10,10,10,10,10,10,10
Map_2335,9,19,9,9,9,13,9,9,9,9,9,9,9,9,9,9,9,9,9,9,9,9,9,9,9,9
Map_2336,87,123,38,38,35,21,21,21,21,21,21,21,21,21,21,21,21,21,21,21,21,21,21,21,21,21
Map_2337,59,70,18,18,18,20,18,18,18,18,18,18,18,18,18,18,18,18,18,18,18,18,18,18,18,18
Map_2338,18,80,12,12,12,17,12,12,12,12,12,12,12,12,12,12,17,12,17,12,17,12,12,12,12,12
Map_2339,10,17,9,9,9,12,9,9,9,9,9,9,9,9,9,9,9,9,9,9,9,9,9,9,9,9
Map_2340,25,71,11,11,11,28,11,11,11,11,11,11,11,11,11,11,11,10,10,10,10,10,11,10,11,10
Map_2341,12,77,9,9,9,12,9,9,9,9,9,9,9,9,9,9,9,9,9,9,9,9,9,9,9,9
Map_2342,20,30,11,11,11,11,11,11,11,11,11,11,11,11,11,11,11,11,11,11,11,11,11,11,11,11
Map_2343,64,125,13,13,13,15,13,13,13,13,13,13,13,13,13,13,13,13,13,13,13,13,13,13,13,13
Map_2344,11,18,9,9,9,9,9,9,9,9,9,9,9,9,9,9,9,9,9,9,9,9,9,9,9,9
Map_2345,30,49,13,13,13,13,13,13,13,13,13,13,13,13,13,13,13,13,13,13,13,13,13,13,13,13
Map_2346,8,12,6,6,6,8,6,6,6,6,6,6,6,6,6,6,6,6,6,6,6,6,6,6,6,6
Map_2347,8,19,7,7,7,13,7,7,7,7,7,7,7,7,7,7,7,7,7,7,7,7,7,7,7,7
Map_2348,6,12,7,6,6,7,6,6,6,6,6,6,6,6,6,6,6,6,6,6,6,6,6,6,6,6
Map_2349,19,110,19,19,19,19,19,19,19,19,19,19,19,19,19,19,19,16,19,16,19,16,19,16,19,16
Map_2350,38,309,27,27,27,43,21,21,21,21,21,21,21,21,21,21,22,21,22,21,22,21,21,21,21,21
Map_2351,18,62,16,16,16,16,13,13,13,13,13,13,13,13,13,13,13,13,13,13,13,13,13,13,13,13
Map_2352,14,52,14,14,15,15,14,14,14,14,14,14,14,14,14,14,13,14,13,14,13,14,13,14,13,15
Map_2353,14,39,14,14,14,14,14,14,14,14,14,14,14,14,14,14,14,14,14,14,14,14,14,14,14,14
Map_2354,10,123,10,10,10,13,10,10,10,10,10,10,10,10,10,10,13,10,13,10,13,10,10,10,10,10
Map_2355,36,51,26,22,26,26,21,23,21,23,21,23,21,23,21,23,21,17,21,17,21,17,21,17,21,17
Map_2356,13,23,13,13,13,14,13,13,13,13,13,13,13,13,13,13,13,12,13,13,13,13,13,12,13,12
Map_2357,12,18,10,10,10,9,9,9,9,9,9,9,9,9,9,9,9,9,9,9,9,9,9,9,9,9
Map_2358,30,36,20,20,14,21,21,14,21,14,21,14,21,14,21,14,24,14,24,14,24,14,21,14,21,14
Map_2359,35,49,25,25,25,35,21,21,21,21,21,21,21,21,21,21,24,21,24,22,24,22,22,21,22,21
Map_2360,16,47,16,16,16,21,15,13,15,13,15,13,15,13,15,13,15,13,17,13,17,13,15,13,15,13
Map_2361,60,61,19,19,19,19,19,19,19,19,19,19,19,19,19,19,21,19,21,19,21,19,19,19,19,19
Map_2362,8,15,8,7,8,9,7,7,7,7,7,7,7,7,7,7,7,7,7,7,7,7,7,7,7,7
Map_2363,6,15,6,6,6,10,6,6,6,6,6,6,6,6,6,6,6,6,6,6,6,6,6,6,6,6
Map_2364,20,51,11,11,11,13,12,11,12,11,12,11,11,11,11,11,17,11,17,13,17,13,14,11,11,11
Map_2365,9,60,8,8,8,8,8,8,8,8,8,8,8,8,8,8,8,8,8,8,8,8,8,8,8,8
Map_2366,19,67,15,14,11,15,11,11,11,11,11,11,11,11,11,11,12,10,12,10,12,10,10,10,10,10
Map_2367,7,136,7,7,7,8,7,7,7,7,7,7,7,7,7,7,7,7,7,7,7,7,7,7,7,7
Map_2368,17,52,10,10,10,10,10,10,10,10,10,10,10,10,10,10,10,10,10,10,10,10,10,10,10,10
Map_2369,68,89,11,11,11,13,11,11,11,11,11,11,11,11,11,11,11,11,11,11,11,11,11,11,11,11
Map_2370,8,26,8,8,8,10,10,8,10,8,10,8,10,8,10,8,10,8,10,8,10,8,10,8,10,8
Map_2371,24,55,11,11,15,29,11,11,11,11,11,11,11,11,11,11,11,11,11,11,11,11,11,11,11,11
Map_2372,44,45,14,14,14,14,14,14,14,14,14,14,14,14,14,14,14,14,14,14,14,14,14,14,14,14
Map_2373,25,86,18,17,17,23,17,17,17,17,17,17,17,17,17,17,17,18,17,18,17,18,17,17,17,17
Map_2374,17,63,19,19,19,20,19,19,19,19,19,19,19,19,19,19,19,17,19,17,19,17,19,17,19,17
Map_2375,27,141,12,12,12,15,12,12,12,12,12,12,12,12,12,12,12,12,12,12,12,12,12,12,12,12
Map_2376,6,125,6,6,6,7,6,6,6,6,6,6,6,6,6,6,6,6,6,6,6,6,6,6,6,6
Map_2377,10,44,10,9,9,10,9,9,9,9,9,9,9,9,9,9,9,9,9,9,9,9,9,9,9,9
Map_2378,17,18,9,9,9,9,9,9,9,9,9,9,9,9,9,9,9,9,11,9,11,9,9,9,9,9
Map_2379,23,52,18,18,18,18,18,18,18,18,18,18,18,18,18,18,18,18,18,18,18,18,18,18,18,18
Map_2380,9,17,6,6,6,9,6,6,6,6,6,6,6,6,6,6,6,6,6,6,6,6,6,6,6,6
Map_2381,146,87,26,25,37,24,25,22,25,22,25,22,25,22,25,22,28,22,28,22,28,22,28,22,28,22
Map_2382,14,126,19,17,19,16,17,17,17,17,17,17,17,17,17,17,14,17,14,17,14,17,14,17,17,17
Map_2383,34,116,19,16,18,19,16,16,16,16,16,16,16,16,16,16,17,16,17,16,17,16,17,16,17,16
Map_2384,131,98,20,20,20,20,20,20,20,20,20,20,20,20,20,20,23,20,23,20,23,20,23,20,23,20
Map_2385,12,26,14,12,14,14,11,12,11,12,11,12,11,12,11,12,11,11,11,11,11,11,11,11,11,11
Map_2386,9,20,8,8,8,10,8,8,8,8,8,8,8,8,8,8,8,8,8,8,8,8,8,8,8,8
Map_2387,10,18,10,10,10,13,12,10,12,10,12,10,12,10,12,10,12,10,12,10,12,10,12,10,12,10
Map_2388,7,32,8,8,8,8,8,7,8,7,8,7,8,7,7,7,8,7,8,7,8,7,8,7,8,7
Map_2389,16,40,9,9,9,11,9,9,9,9,9,9,9,9,9,9,9,9,9,9,9,9,9,9,9,9
Map_2390,183,97,22,20,22,22,20,20,20,20,20,20,20,20,20,20,20,20,20,20,20,20,20,20,20,20
Map_2391,27,43,20,20,20,20,20,20,20,20,20,20,20,20,20,20,18,20,18,20,18,20,18,20,18,20
Map_2392,31,38,20,20,20,34,20,29,20,29,20,29,20,29,20,29,20,27,20,27,20,27,20,27,20,27
Map_2393,15,58,13,14,13,16,13,14,13,14,13,14,14,14,14,14,14,10,14,10,14,10,14,10,14,10
Map_2394,48,88,25,25,25,28,25,22,25,22,25,22,25,22,25,22,22,21,21,21,21,21,28,21,25,21
Map_2395,5,128,5,5,5,5,5,5,5,5,5,5,5,5,5,5,5,5,5,5,5,5,5,5,5,5
Map_2396,37,75,19,19,19,27,19,19,19,19,19,19,19,19,19,19,19,19,19,19,19,19,19,19,19,19
Map_2397,35,88,27,27,32,32,25,25,25,25,25,25,25,25,25,25,29,25,29,25,29,25,28,25,28,25
Map_2398,260,159,35,34,35,55,34,34,34,34,34,34,34,34,34,34,46,34,46,34,50,34,46,34,46,34
Map_2399,12,160,12,12,12,12,12,12,12,12,12,12,12,12,12,12,23,12,23,12,23,12,17,12,17,12
Map_2400,7,37,9,9,9,9,9,7,9,7,9,7,9,7,9,7,7,7,7,7,7,7,7,7,7,7
Map_2401,7,112,7,7,7,9,7,7,7,7,7,7,7,7,7,7,9,7,9,7,9,7,9,7,7,7
Map_2402,12,60,12,12,12,15,12,12,12,12,12,12,12,12,12,12,12,12,12,12,12,12,12,12,12,12
Map_2403,6,14,9,6,6,9,8,6,8,6,8,6,8,6,8,6,8,6,9,6,9,6,8,6,8,6
Map_2404,25,152,13,13,13,23,13,12,13,12,13,12,13,12,13,12,12,12,12,12,12,12,13,12,13,12
Map_2405,23,28,21,21,25,23,13,13,13,13,13,13,13,13,13,13,13,13,15,13,15,13,13,13,13,13
Map_2406,26,61,15,15,15,15,15,15,15,15,15,15,15,15,15,15,15,15,17,15,17,15,15,15,15,15
Map_2407,78,141,23,23,23,25,23,23,23,23,23,23,23,23,23,23,23,23,30,23,30,23,23,23,23,23
Map_2408,12,122,12,12,12,20,12,12,12,12,12,12,12,12,12,12,12,12,12,12,12,12,12,12,12,12
Map_2409,13,31,11,11,11,11,11,11,11,11,11,11,11,11,11,11,11,11,11,11,11,11,11,11,11,11
Map_2410,32,130,22,22,22,22,28,24,28,24,28,24,28,24,28,24,22,21,23,21,23,21,22,22,22,22
Map_2411,38,62,32,20,16,52,16,19,16,19,16,19,16,24,16,24,15,15,15,15,15,15,15,15,15,15
Map_2412,11,65,10,10,10,12,10,10,10,10,10,10,10,10,10,10,10,10,10,10,10,10,10,10,10,10
Map_2413,23,34,15,15,16,15,15,15,15,16,15,16,15,15,15,15,15,10,15,10,15,10,15,10,15,10
Map_2414,46,88,12,12,11,13,13,11,13,11,13,11,13,11,13,11,13,11,13,11,13,11,13,11,13,11
Map_2415,12,23,12,12,12,13,12,12,12,12,12,12,12,12,12,12,12,12,13,12,13,12,12,12,12,12
Map_2416,18,158,10,10,10,10,10,10,10,10,10,10,10,10,10,10,10,10,10,10,10,10,10,10,10,10
Map_2417,32,43,14,13,14,14,14,13,14,13,14,13,13,13,13,13,15,13,15,13,15,13,14,13,14,13
Map_2418,11,95,8,8,8,8,8,8,8,8,8,8,8,8,8,8,8,8,8,8,8,8,8,8,8,8
Map_2419,68,48,16,16,16,16,16,16,16,16,16,16,16,16,16,16,18,16,18,16,18,16,18,16,16,16
Map_2420,8,49,8,8,8,8,8,8,8,8,8,8,8,8,8,8,8,8,8,8,8,8,8,8,8,8
Map_2421,10,59,10,10,10,12,10,10,10,10,10,10,10,10,10,10,11,11,11,11,11,11,10,10,10,10
Map_2422,123,185,36,36,36,23,27,18,27,18,27,18,18,18,18,18,27,18,32,18,32,18,27,18,27,18
Map_2423,8,99,8,8,8,8,8,8,8,8,8,8,8,8,8,8,8,8,8,8,8,8,8,8,8,8
Map_2424,31,129,17,17,17,19,16,16,16,16,16,16,16,16,16,16,16,16,18,15,18,15,16,16,16,16
Map_2425,9,53,9,9,9,9,9,8,9,8,9,8,8,8,8,8,9,8,9,8,9,8,9,8,9,8
Map_2426,24,62,25,25,25,25,24,24,24,24,24,24,24,24,24,24,24,24,30,20,30,20,24,24,24,24
Map_2427,42,181,42,42,42,45,29,29,29,29,29,29,29,34,34,34,29,29,29,28,29,28,29,29,29,29
Map_2428,344,178,26,26,26,29,18,22,18,22,18,22,18,22,18,22,18,18,18,18,18,18,18,18,18,18
Map_2429,68,138,18,15,18,37,15,14,15,14,15,14,14,14,14,14,15,14,22,14,22,14,15,14,15,14
Map_2430,6,13,8,6,6,8,6,6,6,6,6,6,6,6,6,6,8,6,8,6,8,6,6,6,6,6
Map_2431,20,48,13,13,13,13,13,10,13,10,13,10,13,10,13,15,10,10,10,10,10,10,10,10,10,10
Map_2432,7,26,10,7,7,10,7,7,7,7,7,7,7,7,7,7,7,7,7,7,7,7,7,7,7,7
Map_2433,25,52,16,16,16,16,10,16,10,16,10,16,10,16,10,16,10,10,10,10,10,10,10,10,10,10
Map_2434,9,91,9,9,9,10,9,8,9,8,9,8,8,8,8,8,9,8,9,8,9,8,9,8,9,8
Map_2435,8,111,8,8,8,8,8,8,8,8,8,8,8,8,8,8,8,8,8,8,8,8,8,8,8,8
Map_2436,11,71,10,10,10,11,11,10,11,10,11,10,10,10,10,10,11,10,11,10,11,10,11,10,11,10
Map_2437,31,35,25,25,25,26,25,21,25,21,25,21,25,21,25,21,23,21,28,21,28,21,23,21,23,21
Map_2438,23,76,24,24,24,28,19,19,19,19,19,19,19,19,19,19,20,19,20,19,20,19,19,19,19,19
Map_2439,58,115,15,15,15,17,15,15,15,15,15,15,15,15,15,15,15,15,15,15,15,15,15,15,15,15
Map_2440,8,25,8,8,8,8,8,8,8,8,8,8,8,8,8,8,8,8,8,8,8,8,8,8,8,8
Map_2441,8,14,8,8,8,12,9,8,9,8,9,8,9,8,9,8,10,8,10,8,10,8,9,8,9,8
Map_2442,23,79,24,24,24,40,22,22,22,22,22,22,23,23,23,23,22,22,22,22,22,22,22,22,22,22
Map_2443,6,41,6,6,6,10,6,6,6,6,6,6,6,6,6,6,6,6,6,6,6,6,6,6,6,6
Map_2444,16,31,12,12,12,14,12,12,12,12,12,12,12,12,12,12,12,12,12,12,12,12,12,12,12,12
Map_2445,10,27,10,10,10,12,10,10,10,10,10,10,10,10,10,10,13,10,13,10,13,10,10,10,10,10
Map_2446,13,28,14,14,14,14,14,13,14,13,14,13,14,13,14,13,17,13,17,13,17,13,14,13,14,13
Map_2447,9,76,9,9,9,10,9,9,9,9,9,9,9,9,9,9,9,9,9,9,9,9,9,9,9,9
Map_2448,36,121,11,11,11,22,14,13,14,13,14,13,13,13,13,13,15,13,15,13,15,13,14,13,14,13
Map_2449,7,14,7,7,7,9,7,7,7,7,7,7,7,7,7,7,7,7,7,7,7,7,7,7,7,7
Map_2450,9,25,9,9,9,16,9,9,9,9,9,9,9,9,9,9,10,9,10,9,10,9,10,9,10,9
Map_2451,10,17,12,12,12,13,12,10,12,10,12,10,12,10,12,10,13,10,13,10,13,10,13,10,13,10
Map_2452,358,243,11,11,11,11,11,11,11,11,11,11,11,11,11,11,11,11,11,11,11,11,11,11,11,11
Map_2453,119,384,31,31,31,31,31,27,31,27,31,27,31,27,31,27,31,27,31,27,31,27,31,27,31,27
Map_2454,32,36,28,21,28,21,18,18,18,18,18,18,18,18,18,18,18,18,18,18,18,18,18,18,18,18
Map_2455,8,74,8,8,8,8,8,8,8,8,8,8,8,8,8,8,8,8,8,8,8,8,8,8,8,8
Map_2456,33,67,28,28,28,40,24,20,24,20,24,20,24,20,24,20,24,20,24,20,24,20,24,20,24,20
Map_2457,9,18,8,8,8,11,8,8,8,8,8,8,8,8,8,8,8,8,8,8,8,8,8,8,8,8
Map_2458,10,33,9,9,8,13,8,8,8,8,8,8,8,8,8,8,8,8,8,8,8,8,8,8,8,8
Map_2459,32,64,12,12,12,12,12,12,12,12,12,12,12,12,12,12,12,12,12,12,12,12,12,12,12,12
Map_2460,21,66,22,22,22,34,22,21,22,21,22,21,22,21,22,21,23,21,23,21,23,21,22,21,22,21
Map_2461,17,37,9,9,9,14,8,8,8,8,8,8,8,8,8,8,8,8,8,8,8,8,8,8,8,8
Map_2462,15,44,15,15,15,15,15,15,15,15,15,15,15,15,15,15,15,15,15,15,15,15,15,15,15,15
Map_2463,8,51,8,8,8,13,8,8,8,8,8,8,8,8,8,8,10,8,10,8,10,8,10,8,8,8
Map_2464,6,11,8,8,8,8,6,6,6,6,6,6,6,6,6,6,6,6,6,6,6,6,6,6,6,6
Map_2465,22,82,20,20,20,26,20,20,20,20,20,20,20,20,22,22,19,19,19,19,19,19,19,19,19,19
Map_2466,33,60,15,15,28,16,15,16,15,16,15,16,15,16,15,16,15,15,15,15,15,15,15,16,15,16
Map_2467,27,53,11,11,16,11,11,11,11,11,11,11,11,11,11,11,11,11,11,11,11,11,11,11,11,11
Map_2468,23,31,19,19,19,19,19,19,19,19,19,19,19,19,19,19,19,19,21,19,21,19,19,19,19,19
Map_2469,29,50,12,12,12,12,12,12,12,12,12,12,12,12,12,12,12,12,12,12,12,12,12,12,12,12
Map_2470,15,22,8,8,8,20,8,8,8,8,8,8,8,8,8,8,14,8,14,8,14,8,8,8,8,8
Map_2471,22,64,10,10,10,10,10,10,10,10,10,10,10,10,10,10,10,10,10,10,10,10,10,10,10,10
Map_2472,6,14,5,5,5,5,5,5,5,5,5,5,5,5,5,5,5,5,5,5,5,5,5,5,5,5
Map_2473,14,138,12,12,12,13,12,12,12,12,12,12,12,12,12,12,12,12,12,12,12,12,12,12,12,12
Map_2474,13,22,8,8,10,8,8,8,8,8,8,8,8,8,8,8,11,8,11,8,11,8,8,8,8,8
Map_2475,10,27,10,10,10,10,10,10,10,10,10,10,10,10,10,10,10,9,10,9,10,9,9,9,9,9
Map_2476,58,105,12,11,12,15,11,11,11,11,11,11,11,11,11,11,11,11,11,11,11,11,11,11,11,11
Map_2477,32,70,20,20,21,23,19,20,19,20,19,20,19,20,19,20,19,19,19,19,19,19,19,19,19,19
Map_2478,18,158,11,11,11,11,11,11,11,11,11,11,11,11,11,11,11,11,11,11,11,11,11,11,11,11
Map_2479,5,24,5,5,5,5,5,5,5,5,5,5,5,5,5,5,5,5,5,5,5,5,5,5,5,5
Map_2480,17,43,11,11,11,11,13,11,13,11,13,11,13,11,13,11,13,11,13,11,13,11,13,11,13,11
Map_2481,9,19,9,9,9,10,9,9,9,9,9,9,9,9,9,9,9,9,9,9,9,9,9,9,9,9
Map_2482,72,72,18,18,18,19,18,18,18,18,18,18,18,18,18,18,18,18,18,18,18,18,18,18,18,18
Map_2483,18,42,13,13,13,13,13,13,13,13,13,13,13,13,13,13,13,13,13,13,13,13,13,13,13,13
Map_2484,67,145,16,16,16,25,17,17,17,17,17,17,17,17,17,17,17,17,17,17,17,17,17,17,17,17
Map_2485,6,12,6,6,6,9,6,6,6,6,6,6,6,6,6,6,7,6,9,6,9,6,6,6,6,6
Map_2486,13,60,10,10,10,10,10,10,10,10,10,10,10,10,10,10,10,10,10,10,10,10,10,10,10,10
Map_2487,11,63,13,13,11,18,14,11,14,11,14,11,14,11,14,11,14,11,14,11,14,11,14,11,14,11
Map_2488,5,15,5,5,5,7,7,5,7,5,7,5,7,5,7,5,7,5,7,5,7,5,7,5,7,5
Map_2489,9,21,8,8,8,8,8,8,8,8,8,8,8,8,8,8,8,8,8,8,8,8,8,8,8,8
Map_2490,12,28,11,10,11,12,10,10,10,10,10,10,10,10,10,10,10,10,10,10,10,10,10,10,10,10
Map_2491,5,20,5,5,5,6,6,5,6,5,6,5,6,5,6,5,6,5,6,5,6,5,6,5,6,5
Map_2492,9,58,9,9,9,18,12,9,12,9,12,9,12,9,12,9,12,9,13,9,13,9,12,9,12,9
Map_2493,242,120,33,33,40,62,23,22,23,22,23,22,22,22,22,22,23,21,23,20,23,20,23,21,23,21
Map_2494,17,58,17,17,17,25,19,17,19,17,19,17,19,17,19,17,21,16,21,16,21,16,21,16,21,16
Map_2495,20,38,8,8,8,8,8,8,8,8,8,8,8,8,8,8,8,8,8,8,8,8,8,8,8,8
Map_2496,4,8,4,4,4,4,4,4,4,4,4,4,4,4,4,4,4,4,4,4,4,4,4,4,4,4
Map_2497,13,44,11,11,11,13,11,11,11,11,11,11,11,11,11,11,11,11,11,11,11,11,11,11,11,11
Map_2498,10,118,10,10,10,10,10,10,10,10,10,10,10,10,10,10,11,10,11,10,11,10,10,10,10,10
Map_2499,7,13,7,7,7,7,7,7,7,7,7,7,7,7,7,7,7,7,7,7,7,7,7,7,7,7
Map_2500,34,100,23,22,23,23,20,20,20,20,20,20,20,20,20,20,16,16,16,16,20,16,16,16,16,16
Map_2501,13,25,13,13,13,15,13,13,13,13,13,13,13,13,13,13,11,11,11,11,11,11,12,11,12,11
Map_2502,6,10,7,6,6,7,6,6,6,6,6,6,6,6,6,6,7,6,7,6,7,6,6,6,6,6
Map_2503,36,65,24,24,24,28,16,16,16,16,16,16,16,16,16,16,17,16,17,16,17,16,17,16,17,16
Map_2504,26,46,16,15,18,20,15,15,15,15,15,15,15,15,15,15,15,15,15,15,15,15,15,15,15,15
Map_2505,24,49,16,16,16,16,16,16,16,16,16,16,16,16,16,16,16,16,16,16,16,16,16,16,16,16
Map_2506,11,87,9,9,9,9,9,8,9,8,9,8,9,8,9,8,11,8,11,8,11,8,9,8,9,8
Map_2507,15,120,15,15,15,19,12,12,12,12,12,12,12,12,12,12,13,12,13,12,13,12,13,12,13,12
Map_2508,11,34,11,11,11,12,11,11,11,11,11,11,11,11,11,11,11,11,11,11,11,11,11,11,11,11
Map_2509,64,52,33,33,33,43,33,33,33,33,33,33,33,33,33,33,33,25,33,25,33,25,33,25,33,25
Map_2510,45,227,54,36,36,57,31,31,31,31,31,31,38,37,37,37,26,26,26,26,26,26,26,26,26,26
Map_2511,42,162,9,9,9,9,9,9,9,9,9,9,9,9,9,9,9,9,9,9,9,9,9,9,9,9
Map_2512,37,165,45,45,41,45,26,26,26,26,26,26,26,26,26,26,26,26,26,26,26,26,26,26,26,26
Map_2513,8,40,8,8,8,8,8,8,8,8,8,8,8,8,8,8,8,8,8,8,10,8,8,8,8,8
Map_2514,14,44,12,12,12,12,12,12,12,12,12,12,12,12,12,12,12,12,12,12,12,12,12,12,12,12
Map_2515,26,66,21,12,21,17,12,12,12,12,12,12,12,12,12,12,12,12,12,12,15,12,12,12,12,12
Map_2516,34,134,16,16,16,20,17,16,17,16,17,16,17,16,17,16,17,16,17,16,17,16,17,16,17,16
Map_2517,16,80,16,16,16,32,16,16,16,16,16,16,16,16,16,16,15,16,15,16,15,16,15,16,15,16
Map_2518,11,16,9,9,9,10,9,9,9,9,9,9,9,9,9,9,9,9,9,9,9,9,9,9,9,9
Map_2519,46,120,24,24,24,31,24,24,24,24,24,24,24,24,24,24,18,19,18,19,18,19,18,19,18,19
Map_2520,20,65,20,19,20,20,20,18,20,18,20,18,19,19,19,19,19,15,16,15,16,15,18,15,18,15
Map_2521,30,79,16,16,16,16,16,16,16,16,16,16,16,16,16,18,16,16,19,16,19,16,16,16,16,16
Map_2522,8,19,7,7,7,7,7,7,7,7,7,7,7,7,7,7,7,7,7,7,7,7,7,7,7,7
Map_2523,18,82,18,18,18,18,18,18,18,18,18,18,18,18,18,18,17,17,17,17,17,17,18,17,18,17
Map_2524,10,25,8,8,8,8,8,8,8,8,8,8,8,8,8,8,8,8,8,8,8,8,8,8,8,8
Map_2525,15,32,12,12,13,12,12,11,12,11,12,11,12,11,12,11,12,11,12,11,12,11,12,11,12,11
Map_2526,22,91,21,21,22,22,21,21,21,21,21,21,21,21,21,21,21,13,19,13,19,13,21,13,21,13
Map_2527,33,58,26,29,26,29,25,21,25,21,25,21,21,21,21,21,25,19,24,19,24,19,25,19,25,19
Map_2528,28,59,24,24,24,28,23,23,23,23,23,23,23,23,23,23,23,23,25,24,25,24,23,23,23,23
Map_2529,12,31,11,11,11,13,11,11,11,11,11,11,11,11,11,11,13,11,13,11,13,11,11,11,11,11
Map_2530,12,27,9,9,8,9,9,8,9,8,9,8,8,8,8,8,9,8,9,8,9,8,9,8,9,8
Map_2531,11,53,12,11,12,14,12,11,12,11,12,11,11,11,11,11,12,11,17,11,17,11,12,11,12,11
Map_2532,6,110,6,6,6,6,6,6,6,6,6,6,6,6,6,6,6,6,6,6,6,6,6,6,6,6
Map_2533,37,74,19,19,19,19,22,19,22,19,22,19,22,19,22,19,23,19,24,19,24,19,22,19,22,19
Map_2534,36,74,27,27,27,25,27,25,27,25,27,25,27,25,27,25,25,25,25,25,25,25,26,25,26,25
Map_2535,30,267,16,16,20,20,17,16,17,16,17,16,17,16,17,16,17,16,17,16,17,16,17,16,17,16
Map_2536,40,108,14,14,14,14,14,14,14,14,14,14,14,14,14,14,14,14,14,14,14,14,14,14,14,14
Map_2537,109,104,63,63,63,63,63,63,63,63,63,63,63,64,63,64,44,39,45,39,45,39,44,39,44,39
Map_2538,9,123,11,11,11,14,9,9,9,9,9,9,9,9,9,9,9,9,9,9,9,9,9,9,9,9
Map_2539,41,76,39,39,39,40,37,19,37,19,37,19,35,19,36,19,34,18,34,18,34,18,34,18,34,18
Map_2540,35,26,11,11,11,11,13,11,13,11,13,11,13,11,13,11,13,11,13,11,13,11,13,11,13,11
Map_2541,124,209,30,30,69,24,24,24,24,24,24,24,24,24,24,24,24,24,24,24,24,24,24,24,24,24
Map_2542,41,45,28,26,28,28,26,24,26,24,26,24,26,24,26,24,26,24,26,24,26,24,26,24,26,24
Map_2543,24,68,20,25,29,20,20,21,20,21,20,21,20,21,20,21,17,16,17,16,17,16,17,16,17,16
Map_2544,74,102,26,26,26,31,26,26,26,26,26,26,26,26,26,26,20,21,20,21,20,21,20,23,20,23
Map_2545,14,33,14,14,14,14,14,14,14,14,14,14,14,14,14,14,14,14,14,14,14,14,14,14,14,14
Map_2546,45,47,35,33,35,38,30,33,30,33,30,33,33,33,33,33,34,30,34,30,34,30,33,33,33,33
Map_2547,17,25,16,16,16,16,14,12,14,12,14,12,14,12,14,12,14,12,14,12,14,12,14,12,14,12
Map_2548,11,38,10,10,10,10,10,10,10,10,10,10,10,10,10,10,10,10,10,10,10,10,10,10,10,10
Map_2549,20,45,17,17,17,18,17,17,17,17,17,17,17,17,17,17,16,17,16,17,16,17,16,17,16,17
Map_2550,105,206,21,21,18,21,18,13,18,13,18,13,18,13,18,13,17,13,17,13,17,13,17,13,17,13
Map_2551,31,97,24,24,24,22,15,16,15,15,15,15,15,16,15,16,15,15,15,15,15,15,15,15,15,15
Map_2552,9,19,8,8,8,8,8,8,8,8,8,8,8,8,8,8,8,8,8,8,8,8,8,8,8,8
Map_2553,13,32,13,13,13,20,13,12,13,12,13,12,12,12,12,12,14,12,14,12,14,12,13,12,13,12
Map_2554,9,39,6,6,6,6,6,6,6,6,6,6,6,6,6,6,6,6,6,6,6,6,6,6,6,6
Map_2555,24,65,13,13,13,13,13,13,13,13,13,13,13,13,13,13,13,13,13,13,14,13,13,13,13,13
Map_2556,11,30,9,9,9,10,9,9,9,9,9,9,9,9,9,9,9,9,9,9,9,9,9,9,9,9
Map_2557,37,137,24,24,24,24,24,24,24,24,24,24,24,24,24,24,24,24,24,24,24,24,24,24,24,24
Map_2558,11,67,11,11,11,12,12,11,12,11,12,11,12,11,12,11,12,11,12,11,12,11,12,11,12,11
Map_2559,46,177,34,34,38,34,35,27,35,27,35,27,28,28,28,28,35,27,35,27,37,27,35,27,35,27
Map_2560,43,38,12,11,11,12,11,11,11,11,11,11,11,11,11,11,12,11,12,11,12,11,11,11,11,11
Map_2561,16,71,15,14,13,16,14,15,14,15,14,15,14,15,14,15,13,13,13,13,13,13,13,13,13,13
Map_2562,8,57,7,7,7,7,7,8,7,8,7,8,7,8,7,8,7,7,7,7,7,7,7,7,7,7
Map_2563,11,43,11,11,11,15,11,11,11,11,11,11,11,11,11,11,11,11,11,11,11,11,11,11,11,11
Map_2564,5,9,5,5,5,7,5,5,5,5,5,5,5,5,5,5,5,5,5,5,5,5,5,5,5,5
Map_2565,44,85,24,24,24,24,21,23,21,23,21,23,21,23,21,23,21,21,21,21,21,21,21,23,21,23
Map_2566,19,26,13,13,13,15,13,13,13,13,13,13,13,13,13,13,13,13,13,13,13,13,13,13,13,13
Map_2567,49,77,41,41,41,46,29,35,29,35,29,35,29,35,29,35,30,26,27,26,27,26,30,26,29,26
Map_2568,7,33,7,7,7,7,7,7,7,7,7,7,7,7,7,7,7,7,7,7,7,7,7,7,7,7
Map_2569,54,69,20,25,20,20,13,13,13,13,13,13,13,13,13,13,13,13,13,13,13,13,13,13,13,13
Map_2570,41,155,19,19,19,20,19,19,19,19,19,19,19,19,19,19,14,13,14,13,14,13,14,13,14,13
Map_2571,29,86,9,9,9,11,9,9,9,9,9,9,9,9,9,9,9,9,9,9,9,9,9,9,9,9
Map_2572,15,92,15,15,15,17,15,15,15,15,15,15,15,15,15,15,15,16,17,16,17,16,15,16,15,16
Map_2573,12,40,10,10,10,11,11,10,11,10,11,10,10,10,10,10,11,10,11,10,11,10,11,10,11,10
Map_2574,11,81,19,19,19,29,16,16,16,16,16,16,16,16,16,16,15,11,15,11,15,11,15,11,15,11
Map_2575,17,45,13,13,13,13,13,12,13,12,13,12,12,12,12,12,13,12,13,12,13,12,12,12,12,12
Map_2576,6,40,6,6,6,6,6,6,6,6,6,6,6,6,6,6,6,6,6,6,6,6,6,6,6,6
Map_2577,8,45,8,8,8,8,8,8,8,8,8,8,8,8,8,8,8,8,8,8,11,8,8,8,8,8
Map_2578,5,18,5,5,5,5,5,5,5,5,5,5,5,5,5,5,5,5,5,5,5,5,5,5,5,5
Map_2579,8,34,8,8,8,8,8,8,8,8,8,8,8,8,8,8,8,8,8,8,8,8,8,8,8,8
Map_2580,11,27,12,11,12,12,11,11,11,11,11,11,11,11,11,11,11,10,12,10,12,10,11,10,11,10
Map_2581,70,77,44,44,44,45,31,38,31,38,31,38,31,38,31,38,30,24,33,24,33,24,29,24,29,24
Map_2582,62,75,14,14,14,13,13,13,13,13,13,13,13,13,13,13,13,13,13,13,13,13,13,13,13,13
Map_2583,52,161,18,18,16,18,16,15,16,15,16,15,15,15,15,15,18,15,18,15,18,15,16,15,16,15
Map_2584,31,176,26,26,26,32,22,24,22,24,22,24,24,24,24,24,21,18,21,18,21,18,20,18,20,18
Map_2585,15,33,11,11,11,13,11,11,11,11,11,11,11,11,11,11,11,11,11,11,11,11,11,11,11,11
Map_2586,5,45,6,6,6,9,6,5,6,5,6,5,5,5,5,5,6,5,6,5,6,5,6,5,6,5
Map_2587,33,57,12,12,12,12,12,12,12,12,12,12,12,12,12,12,12,12,12,12,12,12,12,12,12,12
Map_2588,11,26,12,12,12,15,12,11,12,11,12,11,12,11,12,11,12,11,12,11,12,11,12,11,12,11
Map_2589,33,49,26,26,26,27,25,24,25,24,25,24,24,24,24,24,16,16,16,16,16,16,24,24,24,24
Map_2590,12,65,11,11,11,11,11,11,11,11,11,11,11,11,11,11,11,12,11,12,11,12,11,11,11,11
Map_2591,7,36,7,7,7,8,7,7,7,7,7,7,7,7,7,7,7,7,7,7,7,7,7,7,7,7
Map_2592,8,15,8,8,8,8,8,8,8,8,8,8,8,8,8,8,8,8,8,8,8,8,8,8,8,8
Map_2593,22,38,14,14,14,14,15,14,15,14,15,14,15,15,15,15,15,14,15,14,15,14,15,14,15,14
Map_2594,46,140,54,54,56,71,46,51,46,51,46,51,51,51,51,51,39,46,40,46,43,46,39,51,39,51
Map_2595,17,31,18,18,18,18,13,12,13,12,13,12,13,12,13,12,13,12,13,12,13,12,13,12,13,12
Map_2596,259,270,20,20,20,63,20,20,20,20,20,20,20,20,20,20,20,20,20,20,20,20,20,20,20,20
Map_2597,20,29,17,17,17,17,17,17,17,17,17,17,17,17,17,17,17,17,17,17,17,17,17,17,17,17
Map_2598,88,81,31,31,20,39,31,31,31,31,31,31,31,31,31,31,29,20,29,20,29,20,29,20,29,20
Map_2599,8,13,6,6,6,7,6,6,6,6,6,6,6,6,6,6,6,6,6,6,6,6,6,6,6,6
Map_2600,7,22,7,7,7,7,7,7,7,7,7,7,7,7,7,7,7,7,7,7,7,7,7,7,7,7
Map_2601,8,18,12,8,8,12,8,8,8,8,8,8,8,8,8,8,14,8,14,8,14,8,8,8,8,8
Map_2602,8,249,9,9,9,10,9,8,9,8,9,8,9,8,8,8,9,8,9,8,9,8,9,8,9,8
Map_2603,7,38,7,7,7,7,7,7,7,7,7,7,7,7,7,7,7,7,7,7,7,7,7,7,7,7
Map_2604,22,87,19,19,19,19,19,20,19,20,19,20,19,20,19,20,20,20,20,20,20,20,20,20,20,20
Map_2605,8,15,9,7,7,9,7,7,7,7,7,7,7,7,7,7,7,7,7,7,7,7,7,7,7,7
Map_2606,4,19,4,4,4,8,4,4,4,4,4,4,4,4,4,4,4,4,4,4,4,4,4,4,4,4
Map_2607,10,16,8,8,8,11,8,8,8,8,8,8,8,8,8,8,8,8,9,9,9,9,8,8,8,8
Map_2608,13,41,12,12,12,12,11,11,11,11,11,11,11,11,11,11,11,11,11,11,11,11,11,11,11,11
Map_2609,11,74,11,11,11,17,11,11,11,11,11,11,11,11,11,11,11,11,11,11,11,11,11,11,11,11
Map_2610,6,12,6,6,6,6,6,6,6,6,6,6,6,6,6,6,6,6,6,6,6,6,6,6,6,6
Map_2611,7,12,7,7,7,9,7,7,7,7,7,7,7,7,7,7,7,7,7,7,7,7,7,7,7,7
Map_2612,14,49,15,15,15,22,12,12,12,12,12,12,12,12,12,12,12,12,12,12,12,12,12,12,12,12
Map_2613,28,85,35,35,35,32,23,23,23,23,23,23,23,23,23,23,23,23,23,23,23,23,23,35,23,35
Map_2614,48,86,42,42,42,37,30,30,30,30,30,30,30,30,30,30,23,22,23,22,23,22,22,22,22,22
Map_2615,11,28,10,10,10,13,10,10,10,10,10,10,10,10,10,10,10,10,10,10,10,10,10,10,10,10
Map_2616,18,138,17,17,17,28,13,13,13,13,13,13,13,13,13,13,13,13,16,13,16,13,13,13,13,13
Map_2617,21,43,15,15,15,18,15,15,15,15,15,15,15,15,15,15,15,15,15,15,15,15,15,15,15,15
Map_2618,16,20,13,13,13,15,13,13,13,13,13,13,13,13,13,13,13,13,13,13,13,13,13,13,13,13
Map_2619,12,37,10,10,10,12,12,12,12,12,12,12,12,12,12,12,14,10,14,10,14,10,14,10,14,10
Map_2620,61,148,23,23,23,23,23,23,23,23,23,23,23,23,23,23,23,16,23,16,23,16,23,16,23,16
Map_2621,15,71,10,10,10,11,10,10,10,10,10,10,10,10,10,10,10,10,10,10,10,10,10,10,10,10
Map_2622,14,93,14,14,14,11,11,11,11,11,11,11,11,11,11,11,11,11,11,11,11,11,11,11,11,11
Map_2623,28,39,10,10,14,14,10,10,10,10,10,10,10,10,10,10,10,10,10,10,10,10,10,10,10,10
Map_2624,18,172,9,9,9,9,9,9,9,9,9,9,9,9,9,9,9,9,9,9,9,9,9,9,9,9
Map_2625,9,13,8,7,7,8,7,7,7,7,7,7,7,7,7,7,7,7,7,7,7,7,7,7,7,7
Map_2626,12,92,14,14,14,14,14,14,14,14,14,14,14,14,14,14,14,12,14,12,14,12,12,12,12,12
Map_2627,16,45,16,14,15,16,14,14,14,14,14,14,14,14,14,14,14,12,16,12,16,12,14,14,14,14
Map_2628,13,19,10,10,10,13,10,10,10,10,10,10,10,10,10,10,10,10,10,10,10,10,10,10,10,10
Map_2629,13,36,10,10,10,13,9,9,9,9,9,9,9,9,9,9,9,9,9,9,9,9,9,9,9,9
Map_2630,10,26,10,10,10,10,10,10,10,10,10,10,10,10,10,10,13,10,13,10,13,10,10,10,10,10
Map_2631,7,19,7,7,7,7,7,7,7,7,7,7,7,7,7,7,8,7,8,7,8,7,8,7,8,7
Map_2632,9,54,9,8,8,9,8,8,8,8,8,8,8,8,8,8,8,8,8,8,8,8,8,8,8,8
Map_2633,35,86,15,15,15,15,15,15,15,15,15,15,15,15,15,15,15,12,12,12,12,12,15,12,15,12
Map_2634,82,69,21,21,25,23,22,19,22,19,22,19,22,19,22,19,28,19,29,19,29,19,22,19,22,19
Map_2635,56,164,24,19,24,33,18,16,18,16,18,16,16,16,16,16,17,16,17,16,17,16,17,16,17,16
Map_2636,16,92,14,14,14,14,14,16,14,16,14,16,14,16,14,16,14,13,13,13,13,13,14,13,14,13
Map_2637,12,46,11,11,9,11,9,9,9,9,9,9,9,9,9,9,9,9,9,9,9,9,9,9,9,9
Map_2638,8,23,8,8,8,10,8,8,8,8,8,8,8,8,8,8,8,8,8,8,8,8,8,8,8,8
Map_2639,12,23,10,10,10,12,10,10,10,10,10,10,10,10,10,10,9,9,9,9,9,9,9,9,9,9
Map_2640,14,33,14,14,14,19,14,14,14,14,14,14,14,14,14,14,14,14,19,14,19,14,14,14,14,14
Map_2641,5,50,5,5,5,5,5,5,5,5,5,5,5,5,5,5,5,5,5,5,5,5,5,5,5,5
Map_2642,45,38,18,18,18,18,18,18,18,18,18,18,18,18,18,18,24,18,26,18,26,18,18,18,18,18
Map_2643,212,104,50,17,17,43,17,17,17,17,17,17,17,17,17,17,23,17,23,17,23,17,23,17,23,17
Map_2644,10,106,9,9,9,14,9,9,9,9,9,9,9,9,9,9,9,9,9,9,9,9,9,9,9,9
Map_2645,201,112,50,50,50,50,50,50,50,50,50,50,50,50,50,50,53,50,53,50,50,50,53,50,53,50
Map_2646,12,22,11,11,11,11,11,11,11,11,11,11,11,11,11,11,11,11,11,11,11,11,11,11,11,11
Map_2647,37,87,11,11,11,11,11,11,11,11,11,11,11,11,11,11,11,11,11,11,11,11,11,11,11,11
Map_2648,25,34,10,10,13,10,10,10,10,10,10,10,10,10,10,10,10,10,14,10,14,10,10,10,10,10
Map_2649,244,100,21,21,21,23,20,19,20,19,20,19,19,19,19,19,20,17,20,17,20,17,20,17,20,17
Map_2650,23,73,23,23,23,27,23,23,23,23,23,23,23,23,23,23,14,14,14,14,14,14,14,14,14,14
Map_2651,13,31,11,11,11,16,11,11,11,11,11,11,11,11,11,11,11,11,11,11,11,11,11,11,11,11
Map_2652,15,71,11,11,11,15,12,11,12,11,12,11,12,11,12,11,12,11,12,11,12,11,12,11,12,11
Map_2653,87,143,14,14,14,14,14,14,14,14,14,14,14,14,14,14,14,14,14,14,14,14,14,14,14,14
Map_2654,37,41,15,15,15,16,15,15,15,15,15,15,15,15,15,15,14,12,14,12,14,12,17,12,15,12
Map_2655,18,91,11,11,11,11,11,11,11,11,11,11,11,11,11,11,11,11,11,11,11,11,11,11,11,11
Map_2656,13,61,23,23,23,31,23,13,23,13,23,13,23,13,23,13,18,13,18,13,18,13,18,13,18,13
Map_2657,19,34,9,9,13,11,9,9,9,9,9,9,9,9,9,9,9,9,9,9,9,9,9,9,9,9
Map_2658,10,21,9,9,9,9,9,9,9,9,9,9,9,9,9,9,9,9,9,9,9,9,9,9,9,9
Map_2659,49,55,25,25,33,28,25,25,25,25,25,25,25,25,25,25,27,27,27,27,27,27,28,27,28,28
Map_2660,22,60,16,16,16,16,16,16,16,16,16,16,16,16,16,16,15,14,16,14,16,14,15,14,15,14
Map_2661,223,205,88,134,88,173,76,79,76,79,76,79,81,78,81,78,63,64,63,64,63,64,71,64,71,64
Map_2662,7,16,7,7,7,7,7,7,7,7,7,7,7,7,7,7,7,7,7,7,7,7,7,7,7,7
Map_2663,24,51,9,9,9,15,9,9,9,9,9,9,9,9,9,9,9,9,9,9,9,9,9,9,9,9
Map_2664,144,309,60,55,43,114,55,55,55,55,55,55,55,55,55,55,38,55,38,55,38,55,38,55,38,55
Map_2665,9,19,9,9,9,9,9,9,9,9,9,9,9,9,9,9,9,9,9,9,9,9,9,9,9,9
Map_2666,57,56,46,46,61,65,30,30,30,30,30,30,29,29,29,29,30,29,30,29,30,29,30,29,30,29
Map_2667,98,63,16,16,18,18,16,16,16,16,16,16,16,16,16,16,20,16,25,16,25,16,20,16,20,16
Map_2668,95,115,23,23,23,27,23,23,23,23,23,23,23,23,23,23,23,23,23,23,23,23,23,23,23,23
Map_2669,16,26,13,13,14,13,13,13,13,13,13,13,13,13,13,13,13,11,11,11,11,11,13,13,13,13
Map_2670,58,61,21,21,21,21,21,21,21,21,21,21,21,21,21,21,18,18,18,18,18,18,18,18,18,18
Map_2671,79,47,26,26,26,27,26,21,26,21,26,21,25,21,25,21,23,21,23,21,23,21,23,21,23,21
Map_2672,66,157,23,23,23,26,23,34,23,34,23,34,23,34,23,34,23,31,23,28,23,28,23,31,23,31
Map_2673,16,18,10,10,11,13,10,10,10,10,10,10,10,10,10,10,10,10,10,10,10,10,10,10,10,10
Map_2674,14,50,13,13,13,13,13,13,13,13,13,13,13,13,13,13,13,13,13,13,13,13,13,13,13,13
Map_2675,52,260,15,15,15,15,15,15,15,15,15,15,15,15,15,15,15,15,15,15,15,15,15,15,15,15
Map_2676,11,15,10,10,10,11,10,10,10,10,10,10,10,10,10,10,10,10,10,10,10,10,10,10,10,10
Map_2677,7,22,7,7,7,14,7,7,7,7,7,7,7,7,7,7,7,7,7,7,7,7,7,7,7,7
Map_2678,8,57,15,14,15,26,9,8,9,8,9,8,8,8,8,8,9,8,9,8,9,8,9,8,9,8
Map_2679,29,65,13,13,13,25,13,15,13,15,13,15,13,15,13,15,13,13,13,13,13,13,13,13,13,13
Map_2680,9,35,9,9,9,9,9,9,9,9,9,9,9,9,9,9,9,9,9,9,9,9,9,9,9,9
Map_2681,7,111,7,7,7,10,7,7,7,7,7,7,7,7,7,7,7,7,7,7,7,7,7,7,7,7
Map_2682,9,65,9,9,9,9,9,9,9,9,9,9,9,9,9,9,9,9,9,9,9,9,9,9,9,9
Map_2683,47,90,13,12,13,14,13,12,13,12,13,12,12,12,12,12,13,12,13,12,13,12,13,12,13,12
Map_2684,8,23,8,8,8,8,8,8,8,8,8,8,8,8,8,8,8,8,8,8,8,8,8,8,8,8
Map_2685,11,18,11,11,11,15,11,11,11,11,11,11,11,11,11,11,11,11,13,11,13,11,11,11,11,11
Map_2686,14,65,14,14,14,17,13,14,13,14,13,14,13,14,13,14,13,13,13,13,13,13,13,14,13,14
Map_2687,15,31,12,12,12,11,11,11,11,11,11,11,11,11,11,11,11,11,11,11,11,11,11,11,11,11
Map_2688,22,50,13,13,12,13,13,13,13,13,13,13,13,13,13,13,13,12,13,12,13,12,13,12,13,12
Map_2689,7,25,7,7,7,7,7,7,7,7,7,7,7,7,7,7,8,7,8,7,8,7,8,7,8,7
Map_2690,7,20,5,5,5,5,5,5,5,5,5,5,5,5,5,5,5,5,5,5,5,5,5,5,5,5
Map_2691,9,39,9,9,9,9,9,9,9,9,9,9,9,9,9,9,9,9,9,9,9,9,9,9,9,9
Map_2692,6,212,6,6,6,7,6,6,6,6,6,6,6,6,6,6,6,6,6,6,6,6,6,6,6,6
Map_2693,18,69,18,18,25,19,18,15,18,15,18,15,18,15,18,15,18,15,18,15,18,15,18,15,18,15
Map_2694,24,52,17,17,17,17,17,17,17,17,17,17,17,17,22,19,25,17,25,17,25,17,25,17,25,17
Map_2695,10,14,9,9,9,9,9,9,9,9,9,9,9,9,9,9,9,9,9,9,9,9,9,9,9,9
Map_2696,12,47,12,12,12,15,12,12,12,12,12,12,12,12,12,12,12,12,12,12,12,12,12,12,12,12
Map_2697,51,133,38,37,38,30,38,30,38,30,38,30,37,30,37,30,30,35,30,34,30,34,30,35,30,35
Map_2698,10,22,10,10,10,10,10,10,10,10,10,10,10,10,10,10,10,10,10,10,10,10,10,10,10,10
Map_2699,9,24,10,10,9,21,10,9,10,9,10,9,10,9,10,9,10,9,10,9,10,9,10,9,10,9
Map_2700,3,6,3,3,3,3,3,3,3,3,3,3,3,3,3,3,3,3,3,3,3,3,3,3,3,3
Map_2701,19,44,25,25,25,29,25,25,25,25,25,25,25,25,25,25,27,23,27,19,27,19,27,25,27,25
Map_2702,31,93,21,21,32,21,20,21,20,21,20,21,20,21,20,21,20,20,20,20,20,20,20,21,20,21
Map_2703,23,34,20,20,20,20,20,20,20,20,20,20,20,20,20,20,21,20,21,20,21,20,21,20,21,20
Map_2704,21,167,10,10,10,10,10,10,10,10,10,10,10,10,10,10,10,10,10,10,10,10,10,10,10,10
Map_2705,12,34,12,12,10,16,12,10,12,10,12,10,12,10,12,10,12,10,12,10,12,10,12,10,12,10
Map_2706,12,27,13,13,13,14,13,13,13,13,13,13,13,13,13,13,13,12,17,12,17,12,13,12,13,12
Map_2707,15,73,16,16,16,16,16,15,16,15,16,15,16,15,15,15,16,15,16,15,16,15,16,15,16,15
Map_2708,14,70,14,14,14,14,14,14,14,14,14,14,14,14,14,14,14,14,14,14,14,14,14,14,14,14
Map_2709,32,67,17,16,17,18,16,16,16,16,16,16,16,16,16,16,16,16,16,16,16,16,16,16,16,16
Map_2710,8,18,6,6,6,6,6,6,6,6,6,6,6,6,6,6,6,6,6,6,6,6,6,6,6,6
Map_2711,16,30,17,14,14,17,14,14,14,14,14,14,14,14,14,14,14,14,14,14,14,14,14,14,14,14
Map_2712,8,18,9,9,9,9,8,8,8,8,8,8,8,8,8,8,8,8,8,8,8,8,8,8,8,8
Map_2713,16,41,16,16,16,16,15,15,15,15,15,15,15,15,15,15,15,15,15,15,15,15,15,15,15,15
Map_2714,7,22,7,7,7,11,7,7,7,7,7,7,7,7,7,7,9,7,9,7,9,7,7,7,7,7
Map_2715,17,314,16,17,17,21,17,17,17,17,17,17,17,17,17,17,16,15,16,15,16,15,16,15,17,15
Map_2716,13,92,10,10,10,10,10,10,10,10,10,10,10,10,10,10,10,10,11,10,11,10,10,10,10,10
Map_2717,8,12,8,7,8,8,7,7,7,7,7,7,7,7,7,7,7,7,7,7,7,7,7,7,7,7
Map_2718,17,20,9,9,9,23,9,9,9,9,9,9,9,9,9,9,9,9,17,9,17,9,9,9,9,9
Map_2719,29,52,22,22,22,22,22,22,22,22,22,22,22,22,22,22,21,15,15,15,15,15,21,15,21,15
Map_2720,12,92,9,9,9,9,9,9,9,9,9,9,9,9,9,9,9,9,9,9,9,9,9,9,9,9
Map_2721,129,103,30,30,30,31,26,26,26,26,26,26,26,26,26,26,25,25,38,25,38,25,25,25,25,25
Map_2722,13,22,10,10,10,10,10,10,10,10,10,10,10,10,10,10,10,10,10,10,10,10,10,10,10,10
Map_2723,10,19,10,10,10,11,10,10,10,10,10,10,10,10,10,10,10,10,10,10,10,10,10,10,10,10
Map_2724,17,32,13,13,16,16,13,15,13,15,13,15,13,17,13,17,13,12,13,12,13,12,13,12,13,14
Map_2725,9,213,9,9,9,9,9,9,9,9,9,9,9,9,9,9,9,9,9,9,9,9,9,9,9,9
Map_2726,72,120,22,22,22,22,33,34,33,34,33,34,33,34,33,34,33,33,40,33,40,33,33,33,33,33
Map_2727,15,61,11,11,11,14,12,11,12,11,12,11,12,11,12,11,12,11,12,11,12,11,12,11,12,11
Map_2728,18,48,14,14,14,15,14,14,14,14,14,14,14,21,21,21,14,14,14,14,14,14,14,14,14,14
Map_2729,7,10,6,6,6,7,6,6,6,6,6,6,6,6,6,6,6,6,6,6,6,6,6,6,6,6
Map_2730,19,84,11,11,11,19,11,11,11,11,11,11,11,11,11,11,11,11,11,11,11,11,11,11,11,11
Map_2731,126,146,22,22,22,28,22,22,22,22,22,22,22,22,22,22,24,22,24,22,24,22,22,22,22,22
Map_2732,8,52,8,8,8,8,8,8,8,8,8,8,8,8,8,8,8,8,8,8,8,8,8,8,8,8
Map_2733,11,23,10,10,11,10,10,10,10,10,10,10,10,10,10,10,10,10,10,10,10,10,10,10,10,10
Map_2734,13,16,10,10,10,10,9,9,9,9,9,9,9,9,9,9,9,9,9,9,9,9,9,9,9,9
Map_2735,21,47,19,19,19,19,19,19,19,19,19,19,19,19,19,19,19,19,19,19,21,19,19,19,19,19
Map_2736,132,99,29,29,29,29,28,29,28,29,28,29,28,29,28,29,28,28,42,28,42,28,28,28,28,28
Map_2737,19,38,16,16,16,16,16,10,16,10,16,10,16,10,16,10,16,10,16,10,16,10,16,10,16,10
Map_2738,16,82,13,13,13,14,13,13,13,13,13,13,13,13,13,13,15,13,15,13,15,13,15,13,13,13
Map_2739,28,57,16,16,16,17,13,13,13,13,13,13,13,13,13,13,13,13,13,13,13,13,13,13,13,13
Map_2740,14,29,14,14,12,17,14,14,14,14,14,14,14,14,14,14,14,12,14,12,14,12,12,12,12,12
Map_2741,9,13,9,9,9,10,9,9,9,9,9,9,9,9,9,9,9,9,9,9,9,9,9,9,9,9
Map_2742,7,32,7,7,7,11,7,7,7,7,7,7,7,7,7,7,7,7,7,7,7,7,7,7,7,7
Map_2743,5,92,5,5,5,5,5,5,5,5,5,5,5,5,5,5,5,5,5,5,5,5,5,5,5,5
Map_2744,19,175,9,9,9,19,9,9,9,9,9,9,9,9,9,9,9,9,9,9,9,9,9,9,9,9
Map_2745,8,17,7,7,7,12,7,8,7,8,7,8,7,8,7,8,7,7,7,7,7,7,7,7,7,7
Map_2746,23,216,15,15,17,15,15,15,15,15,15,15,15,15,15,15,15,15,15,15,15,15,15,15,15,15
Map_2747,71,177,25,22,25,38,25,22,25,22,25,22,25,22,25,22,23,22,28,22,28,22,23,22,23,22
Map_2748,21,29,13,13,13,13,13,13,13,13,13,13,13,13,13,13,18,13,18,13,18,13,13,13,13,13
Map_2749,10,22,10,10,10,18,10,10,10,10,10,10,10,10,10,10,11,10,11,10,11,10,10,10,10,10
Map_2750,9,17,10,10,10,10,10,9,10,9,10,9,10,9,10,9,10,9,10,9,10,9,10,9,10,9
Map_2751,8,16,10,8,10,10,8,8,8,8,8,8,8,8,8,8,9,8,10,8,10,8,9,8,8,8
Map_2752,20,31,22,20,22,23,20,13,20,13,20,13,20,13,20,13,17,13,17,13,17,13,19,13,19,13
Map_2753,9,15,10,9,9,13,9,9,9,9,9,9,9,9,9,9,9,9,9,9,9,9,9,9,9,9
Map_2754,9,92,9,9,9,9,9,9,9,9,9,9,9,9,9,9,11,9,11,9,11,9,9,9,9,9
Map_2755,9,46,9,9,9,17,12,9,12,9,12,9,12,9,12,9,12,9,12,9,12,9,12,9,12,9
Map_2756,9,28,9,9,9,10,10,10,10,10,10,10,10,10,10,10,9,9,9,9,9,9,9,9,9,9
Map_2757,9,42,7,7,7,10,7,7,7,7,7,7,7,7,7,7,7,7,7,7,7,7,7,7,7,7
Map_2758,30,45,19,19,19,19,19,23,19,23,19,23,19,23,19,23,24,19,26,19,26,19,24,22,24,22
Map_2759,8,96,7,7,7,7,7,7,7,7,7,7,7,7,7,7,7,7,7,7,7,7,7,7,7,7
Map_2760,43,82,19,19,19,19,19,19,19,19,19,19,19,19,19,19,19,19,21,19,21,19,19,19,19,19
Map_2761,18,115,21,21,29,21,21,21,21,21,21,21,21,21,21,21,21,12,20,12,20,12,21,12,21,12
Map_2762,6,60,6,6,6,11,6,6,6,6,6,6,6,6,6,6,6,6,6,6,6,6,6,6,6,6
Map_2763,9,15,10,9,9,12,9,9,9,9,9,9,9,9,9,9,9,9,9,9,9,9,9,9,9,9
Map_2764,8,25,8,8,8,8,8,8,8,8,8,8,8,8,8,8,8,8,8,8,8,8,8,8,8,8
Map_2765,16,250,21,21,22,26,20,20,20,20,20,20,20,20,20,20,20,16,16,16,16,16,20,16,20,16
Map_2766,10,17,9,9,9,9,9,9,9,9,9,9,9,9,9,9,9,9,9,9,9,9,9,9,9,9
Map_2767,13,230,14,14,14,14,13,14,13,14,13,14,13,15,13,15,13,13,13,13,13,13,13,13,13,14
Map_2768,35,106,12,12,12,12,12,12,12,12,12,12,12,12,12,12,12,12,12,12,12,12,12,12,12,12
Map_2769,13,42,10,10,13,10,10,10,10,10,10,10,10,10,10,10,10,10,10,10,10,10,10,10,10,10
Map_2770,9,63,9,9,9,9,9,9,9,9,9,9,9,9,9,9,9,9,9,9,9,9,9,9,9,9
Map_2771,9,31,9,9,9,9,9,9,9,9,9,9,9,9,9,9,9,9,9,9,9,9,9,9,9,9
Map_2772,6,27,6,6,6,10,6,6,6,6,6,6,6,6,6,6,7,6,7,6,7,6,6,6,6,6
Map_2773,15,26,12,12,12,18,16,16,16,16,16,16,16,16,16,16,15,12,15,12,15,12,15,12,15,12
Map_2774,14,43,16,16,16,16,16,13,16,13,16,13,13,13,13,13,13,13,13,13,13,13,13,13,13,13
Map_2775,11,48,11,11,11,11,11,11,11,11,11,11,11,11,11,11,11,11,11,11,11,11,11,11,11,11
Map_2776,7,156,6,6,6,7,6,6,6,6,6,6,6,6,6,6,6,6,6,6,6,6,6,6,6,6
Map_2777,9,50,8,8,8,9,8,8,8,8,8,8,8,8,8,8,8,8,8,8,8,8,8,8,8,8
Map_2778,8,144,6,6,6,6,6,6,6,6,6,6,6,6,6,6,7,6,7,6,7,6,6,6,6,6
Map_2779,11,27,9,9,9,11,9,9,9,9,9,9,9,9,9,9,10,9,13,9,13,9,10,9,9,9
Map_2780,8,17,8,8,8,13,8,8,8,8,8,8,8,8,8,8,8,8,12,8,12,8,8,8,8,8
Map_2781,5,15,5,5,5,5,5,5,5,5,5,5,5,5,5,5,5,5,5,5,5,5,5,5,5,5
Map_2782,19,117,12,12,16,12,12,12,12,12,12,12,12,12,12,12,12,12,12,12,12,12,12,12,12,12
Map_2783,7,11,7,6,7,8,6,6,6,6,6,6,6,6,6,6,6,6,6,6,6,6,6,6,6,6
Map_2784,21,55,28,27,22,28,22,22,22,22,22,22,27,27,27,27,22,24,22,24,22,24,22,24,22,24
Map_2785,81,152,11,11,11,12,11,11,11,11,11,11,11,11,11,11,11,11,11,11,11,11,11,11,11,11
Map_2786,7,43,7,7,7,7,7,7,7,7,7,7,7,7,7,7,7,7,7,7,7,7,7,7,7,7
Map_2787,5,37,5,5,5,5,5,5,5,5,5,5,5,5,5,5,5,5,5,5,5,5,5,5,5,5
Map_2788,17,30,15,15,15,26,15,9,15,9,15,9,15,9,15,9,12,9,12,9,12,9,15,9,15,9
Map_2789,42,116,31,34,18,44,14,14,14,14,14,14,14,14,14,14,14,14,14,14,14,14,14,14,14,14
Map_2790,10,29,10,10,10,10,10,10,10,10,10,10,10,10,10,10,11,10,11,10,11,10,11,10,11,10
Map_2791,9,32,8,8,8,8,8,8,8,8,8,8,8,8,8,8,8,8,8,8,8,8,8,8,8,8
Map_2792,34,90,19,19,27,23,18,18,18,18,18,18,18,18,18,18,18,18,18,18,18,18,18,18,18,18
Map_2793,9,14,7,7,7,7,7,7,7,7,7,7,7,7,7,7,7,7,7,7,11,7,7,7,7,7
Map_2794,29,250,18,18,18,18,16,18,16,18,16,18,16,18,16,18,16,16,16,16,16,16,16,16,16,16
Map_2795,17,107,9,9,9,9,9,9,9,9,9,9,9,9,9,9,9,9,9,9,9,9,9,9,9,9
Map_2796,10,26,8,8,8,8,8,8,8,8,8,8,8,8,8,8,8,8,8,8,8,8,8,8,8,8
Map_2797,27,55,19,19,20,19,19,19,19,19,19,19,19,19,19,19,19,19,25,19,25,19,19,19,19,19
Map_2798,15,52,17,17,17,26,15,15,15,15,15,15,15,15,15,15,16,15,18,15,18,15,15,15,15,15
Map_2799,30,60,22,22,30,24,13,12,13,12,13,12,13,12,12,12,13,12,13,12,13,12,13,12,13,12
Map_2800,29,107,17,16,17,46,16,16,16,16,16,16,16,16,16,16,15,15,15,15,15,15,15,15,15,15
Map_2801,44,97,62,54,61,40,59,39,59,39,59,39,52,52,52,52,21,39,21,21,21,21,21,39,21,39
Map_2802,106,64,36,36,36,50,36,36,36,36,36,36,36,36,36,36,36,35,36,36,36,36,36,35,36,35
Map_2803,14,34,12,11,11,14,11,11,11,11,11,11,11,11,11,11,11,10,11,10,11,10,11,10,11,10
Map_2804,12,45,10,10,10,10,10,10,10,10,10,10,10,10,10,10,10,10,10,10,10,10,10,10,10,10
Map_2805,36,33,16,14,15,16,14,14,14,14,14,14,14,14,14,14,14,14,14,14,14,14,14,14,14,14
Map_2806,14,30,12,12,12,19,12,12,12,12,12,12,12,12,12,12,12,12,12,12,12,12,12,12,12,12
Map_2807,7,47,7,7,7,18,7,7,7,7,7,7,7,7,7,7,7,7,7,7,7,7,7,7,7,7
Map_2808,44,72,25,25,25,25,24,24,24,24,24,24,24,24,24,24,24,24,36,24,36,24,24,24,24,24
Map_2809,52,49,27,27,27,28,19,26,19,26,19,26,19,26,19,26,19,19,19,19,19,19,19,19,19,19
Map_2810,9,77,9,9,9,9,9,9,9,9,9,9,9,9,9,9,9,9,9,9,9,9,9,9,9,9
Map_2811,11,28,9,9,9,9,9,9,9,9,9,9,9,9,9,9,9,9,9,9,9,9,9,9,9,9
Map_2812,12,138,12,12,12,17,13,12,13,12,13,12,13,12,13,12,13,12,13,12,13,12,13,12,13,12
Map_2813,27,38,23,36,36,25,23,23,23,23,23,23,36,36,36,36,23,18,23,18,23,18,19,23,19,23
Map_2814,13,29,14,14,14,12,12,13,12,13,12,13,12,13,12,13,12,12,12,12,12,12,12,13,12,13
Map_2815,30,78,13,13,13,13,13,13,13,13,13,13,13,13,13,13,13,13,14,13,14,13,13,13,13,13
Map_2816,9,52,5,5,5,5,5,5,5,5,5,5,5,5,5,5,5,5,5,5,5,5,5,5,5,5
Map_2817,26,198,15,15,15,18,15,15,15,15,15,15,15,15,15,15,15,14,15,14,15,14,15,14,15,14
Map_2818,11,30,11,11,11,11,11,11,11,11,11,11,11,11,11,11,14,11,14,11,14,11,11,11,11,11
Map_2819,202,139,14,14,14,16,14,14,14,14,14,14,14,15,15,15,17,14,17,14,17,14,17,14,17,14
Map_2820,133,171,34,34,34,40,39,34,39,34,39,34,34,34,34,34,31,30,31,30,31,30,31,30,31,30
Map_2821,12,18,8,8,8,11,8,8,8,8,8,8,8,8,8,8,8,8,8,8,8,8,8,8,8,8
Map_2822,30,47,14,14,13,16,14,13,14,13,14,13,14,13,14,13,16,13,16,13,16,13,14,13,14,13
Map_2823,12,92,12,12,12,12,12,12,12,12,12,12,12,12,12,12,12,12,12,12,12,12,12,12,12,12
Map_2824,16,29,20,20,20,23,16,12,16,12,16,12,16,12,16,12,16,12,19,12,19,12,16,12,16,12
Map_2825,39,49,27,25,27,20,20,19,20,19,20,19,19,19,19,19,22,19,22,19,22,19,19,19,19,19
Map_2826,29,65,19,19,19,19,18,19,18,19,18,19,18,19,18,19,18,18,18,18,18,18,18,18,18,18
Map_2827,27,147,14,14,14,22,13,14,13,14,13,14,13,14,13,14,13,14,13,14,13,15,13,14,13,14
Map_2828,13,26,13,13,13,34,13,13,13,13,13,13,13,13,13,13,13,13,13,13,13,13,13,13,13,13
Map_2829,16,35,11,9,11,12,9,8,9,8,9,8,9,8,9,8,11,8,11,8,11,8,10,8,10,8
Map_2830,16,43,15,15,15,15,15,15,15,15,15,15,15,15,15,15,15,15,15,15,15,15,15,15,15,15
Map_2831,7,18,7,7,7,10,7,7,7,7,7,7,7,7,7,7,7,7,7,7,7,7,7,7,7,7
Map_2832,26,115,12,12,12,12,12,12,12,12,12,12,12,12,12,12,12,12,12,12,12,12,12,12,12,12
Map_2833,33,46,17,17,23,29,17,17,17,17,17,17,17,17,17,17,17,17,20,17,20,17,17,17,17,17
Map_2834,11,18,10,10,10,12,10,10,10,10,10,10,10,10,10,10,10,10,10,10,10,10,10,10,10,10
Map_2835,10,34,9,9,9,12,8,8,8,8,8,8,8,8,8,8,8,8,8,8,8,8,8,8,8,8
Map_2836,15,33,13,13,13,16,14,13,14,13,14,13,14,13,14,13,14,13,14,13,14,13,14,13,14,13
Map_2837,152,94,43,39,32,43,33,25,33,25,33,25,25,25,25,25,26,22,26,22,26,22,26,22,26,22
Map_2838,42,110,32,32,32,44,38,44,38,44,38,44,38,44,38,67,35,31,35,31,35,31,38,31,38,31
Map_2839,63,229,32,32,32,32,24,24,24,24,24,24,24,24,24,24,24,24,24,24,24,24,24,24,24,24
Map_2840,11,38,11,11,11,14,11,10,11,10,11,10,11,10,11,10,12,10,12,10,12,10,11,10,11,10
Map_2841,31,111,18,14,18,18,14,14,14,14,14,14,14,14,14,14,14,14,14,14,14,14,14,14,14,14
Map_2842,8,26,8,8,8,8,8,8,8,8,8,8,8,8,8,8,8,8,8,8,8,8,8,8,8,8
Map_2843,9,124,11,11,11,11,11,9,11,9,11,9,9,9,9,9,11,9,11,9,11,9,11,9,11,9
Map_2844,111,124,41,39,41,57,52,42,52,42,52,42,54,42,53,42,43,27,43,27,43,27,43,27,43,27
Map_2845,30,51,18,16,18,18,15,16,15,16,15,16,15,16,15,16,15,16,15,13,15,13,15,16,15,16
Map_2846,43,92,16,16,16,19,16,16,16,16,16,16,16,16,16,16,17,16,17,16,17,16,17,16,16,16
Map_2847,9,17,7,7,7,7,7,7,7,7,7,7,7,7,7,7,7,7,7,7,7,7,7,7,7,7
Map_2848,19,115,22,18,22,22,16,16,16,16,16,16,16,16,16,16,21,16,21,16,21,16,16,16,16,16
Map_2849,20,39,17,17,17,23,17,17,17,17,17,17,17,17,17,17,17,17,17,17,17,17,17,17,17,17
Map_2850,8,54,6,6,6,6,6,6,6,6,6,6,6,6,6,6,6,6,6,6,6,6,6,6,6,6
Map_2851,6,12,6,6,6,7,6,6,6,6,6,6,6,6,6,6,6,6,6,6,6,6,6,6,6,6
Map_2852,6,25,6,6,6,6,6,6,6,6,6,6,6,6,6,6,6,6,6,6,6,6,6,6,6,6
Map_2853,4,11,4,4,4,4,4,4,4,4,4,4,4,4,4,4,4,4,4,4,4,4,4,4,4,4
Map_2854,11,111,16,16,16,16,16,11,16,11,16,11,11,11,11,11,16,11,16,11,16,11,16,11,16,11
Map_2855,36,87,17,17,17,17,17,17,17,17,17,17,17,17,17,17,17,17,17,17,17,17,17,17,17,17
Map_2856,6,19,7,6,6,7,6,6,6,6,6,6,6,6,6,6,6,6,6,6,6,6,6,6,6,6
Map_2857,18,25,16,16,16,17,17,14,17,14,17,14,16,14,16,14,17,14,17,14,17,14,17,14,17,14
Map_2858,8,21,8,8,8,8,8,8,8,8,8,8,8,8,8,8,8,8,8,8,8,8,8,8,8,8
Map_2859,6,21,6,6,6,9,6,6,6,6,6,6,6,6,6,6,6,5,6,5,6,5,6,5,6,5
Map_2860,19,57,10,10,10,17,10,10,10,10,10,10,10,10,10,10,10,10,10,10,10,10,10,10,10,10
Map_2861,8,18,8,8,9,10,8,8,9,8,9,8,8,8,8,8,9,8,9,9,9,9,9,8,9,8
Map_2862,12,37,9,8,9,9,9,8,9,8,9,8,8,8,8,8,9,8,9,8,9,8,9,8,9,8
Map_2863,13,32,13,13,13,13,13,13,13,13,13,13,13,13,13,13,11,11,11,11,11,11,14,11,14,11
Map_2864,11,56,9,9,9,9,9,9,9,9,9,9,9,9,9,9,9,9,9,9,9,9,9,9,9,9
Map_2865,21,56,15,15,15,15,14,14,14,14,14,14,14,14,14,14,14,14,14,14,14,14,14,14,14,14
Map_2866,19,51,15,15,15,15,16,14,16,14,16,14,16,14,16,14,15,14,15,14,15,14,15,14,15,14
Map_2867,47,154,12,12,16,13,12,12,12,12,12,12,12,12,12,12,12,12,12,12,12,12,12,12,12,12
Map_2868,8,13,9,8,8,9,8,8,8,8,8,8,8,8,8,8,9,8,9,8,9,8,9,8,8,8
Map_2869,42,114,27,27,27,33,32,32,32,32,32,32,32,33,33,33,19,19,19,19,19,19,19,32,19,32
Map_2870,19,44,25,25,25,20,19,19,19,19,19,19,19,19,19,19,19,18,19,18,19,18,19,18,19,18
Map_2871,13,55,11,11,11,14,11,11,11,11,11,11,11,11,11,11,11,11,11,11,11,11,11,11,11,11
Map_2872,12,93,10,10,10,10,10,10,10,10,10,10,10,10,10,10,10,10,10,10,10,10,10,10,10,10
Map_2873,17,73,10,10,10,10,10,10,10,10,10,10,10,10,10,10,10,10,10,10,10,10,10,10,10,10
Map_2874,4,9,4,4,4,6,4,4,4,4,4,4,4,4,4,4,4,4,4,4,4,4,4,4,4,4
Map_2875,94,38,17,16,17,17,16,16,16,16,16,16,16,16,16,16,16,16,16,16,16,16,16,16,16,16
Map_2876,17,290,8,8,8,8,8,8,8,8,8,8,8,8,8,8,8,8,8,8,8,8,8,8,8,8
Map_2877,15,29,12,12,12,21,12,12,12,12,12,12,12,12,12,12,12,12,12,12,12,12,12,12,12,12
Map_2878,13,67,12,12,12,16,12,13,12,13,12,13,12,13,12,13,12,13,12,13,12,13,12,13,12,13
Map_2879,7,10,8,7,7,8,7,7,7,7,7,7,7,7,7,7,7,7,7,7,7,7,7,7,7,7
Map_2880,15,47,14,14,14,14,14,14,14,14,14,14,14,14,14,14,14,14,14,14,14,14,14,14,14,14
Map_2881,16,55,7,7,7,7,7,7,7,7,7,7,7,7,7,7,10,7,10,7,10,7,7,7,7,7
Map_2882,16,27,19,17,16,19,13,13,13,13,13,13,13,13,13,13,13,13,13,13,13,13,13,13,13,13
Map_2883,6,14,6,6,6,6,6,6,6,6,6,6,6,6,6,6,6,6,6,6,6,6,6,6,6,6
Map_2884,9,19,9,9,9,12,9,9,9,9,9,9,9,9,9,9,9,9,9,9,9,9,9,9,9,9
Map_2885,14,36,13,12,13,13,12,12,12,12,12,12,12,12,12,12,12,12,12,12,12,12,12,12,12,12
Map_2886,14,36,12,12,12,24,12,12,12,12,12,12,12,12,12,12,12,12,12,12,13,12,12,12,12,12
Map_2887,12,44,10,10,10,11,10,10,10,10,10,10,10,10,10,10,10,10,10,10,10,10,10,10,10,10
Map_2888,11,40,9,9,9,9,10,10,10,10,10,10,10,10,10,10,11,9,11,9,11,9,10,9,10,9
Map_2889,9,62,7,7,7,9,7,7,7,7,7,7,7,7,7,7,7,7,7,7,7,7,7,7,7,7
Map_2890,13,208,11,11,11,13,11,11,11,11,11,11,11,11,11,11,11,11,11,11,11,11,11,11,11,11
Map_2891,17,29,17,17,17,17,17,16,17,16,17,16,16,16,16,16,17,17,17,17,17,17,17,16,17,16
Map_2892,9,116,9,9,9,9,9,9,9,9,9,9,9,9,9,9,9,9,9,9,9,9,9,9,9,9
Map_2893,12,53,12,12,12,17,12,12,12,12,12,12,12,12,12,12,12,12,12,12,12,12,12,12,12,12
Map_2894,17,27,18,18,18,20,14,14,14,14,14,14,14,14,14,14,15,14,21,14,21,14,14,14,14,14
Map_2895,20,158,13,13,13,13,13,13,13,13,13,13,13,13,13,13,13,11,14,11,14,11,13,11,13,11
Map_2896,18,46,15,14,14,15,14,14,14,14,14,14,14,14,14,14,15,14,15,14,15,14,14,14,14,14
Map_2897,11,15,10,10,10,10,10,9,10,9,10,9,10,9,9,9,10,9,10,9,10,9,10,9,10,9
Map_2898,40,49,22,22,22,22,20,20,20,20,20,20,20,20,20,20,16,16,16,16,16,16,16,16,16,16
Map_2899,40,186,19,19,19,27,23,19,23,19,23,19,19,19,19,19,20,19,20,19,21,19,20,19,20,19
Map_2900,10,104,12,12,12,13,10,10,10,10,10,10,10,10,10,10,10,10,10,10,10,10,10,10,10,10
Map_2901,8,224,8,8,8,8,8,8,8,8,8,8,8,8,8,8,8,8,8,8,8,8,8,8,8,8
Map_2902,36,30,22,22,22,22,22,18,22,18,22,18,22,18,22,18,18,18,18,18,18,18,22,18,22,18
Map_2903,18,45,23,23,23,23,16,17,16,17,16,17,16,17,16,17,16,16,16,16,16,16,16,16,16,17
Map_2904,9,25,16,16,16,17,16,9,16,9,16,9,16,9,16,9,9,9,9,9,9,9,9,9,9,9
Map_2905,11,195,13,11,13,13,13,11,13,11,13,11,11,11,11,11,13,11,13,11,13,11,13,11,13,11
Map_2906,8,15,9,9,9,9,9,8,9,8,9,8,9,8,9,8,9,9,9,9,9,9,9,8,9,8
Map_2907,16,41,15,15,15,33,15,15,15,15,15,15,15,15,14,15,15,15,15,15,15,15,15,15,15,15
Map_2908,23,61,15,15,15,15,15,15,15,15,15,15,15,15,15,15,15,15,15,15,15,15,15,15,15,15
Map_2909,14,35,17,17,17,18,18,18,18,18,18,18,18,18,18,18,14,14,14,14,14,14,14,14,14,14
Map_2910,20,27,11,11,11,20,11,11,11,11,11,11,11,11,11,11,10,10,10,10,10,10,10,11,10,11
Map_2911,8,13,8,8,8,8,8,8,8,8,8,8,8,8,8,8,8,8,8,8,8,8,8,8,8,8
Map_2912,7,21,7,7,7,7,7,7,7,7,7,7,7,7,7,7,7,7,7,7,7,7,7,7,7,7
Map_2913,9,24,7,7,7,7,7,7,7,7,7,7,7,7,7,7,7,7,7,7,7,7,7,7,7,7
Map_2914,123,104,38,38,38,24,24,25,24,25,24,25,24,39,24,39,21,24,21,21,21,21,24,24,24,24
Map_2915,14,48,17,17,17,19,14,14,14,14,14,14,14,14,14,14,17,14,17,14,17,14,14,14,14,14
Map_2916,30,234,20,20,20,20,20,19,20,19,20,19,20,19,19,19,20,19,20,19,20,19,20,19,20,19
Map_2917,8,21,8,7,8,8,7,7,7,7,7,7,7,7,7,7,8,7,9,7,9,7,7,7,7,7
Map_2918,10,53,10,10,10,10,10,10,10,10,10,10,10,10,10,10,10,10,11,10,11,10,10,10,10,10
Map_2919,14,51,12,12,12,14,12,12,12,12,12,12,12,12,12,12,12,12,12,12,12,12,12,12,12,12
Map_2920,9,31,7,7,7,10,7,7,7,7,7,7,7,7,7,7,7,7,7,7,9,7,7,7,7,7
Map_2921,18,95,18,18,18,20,18,18,18,18,18,18,18,18,18,18,19,18,21,18,21,18,19,18,19,18
Map_2922,14,38,11,11,11,13,11,11,11,11,11,11,11,11,11,11,11,11,11,11,11,11,11,11,11,11
Map_2923,127,138,26,26,26,26,26,26,26,26,26,26,26,26,26,26,26,26,28,26,28,26,26,26,26,26
Map_2924,7,33,7,7,7,7,7,7,7,7,7,7,7,7,7,7,7,7,7,7,7,7,7,7,7,7
Map_2925,15,41,10,10,10,10,8,8,8,8,8,8,8,8,8,8,8,8,8,8,8,8,8,8,8,8
Map_2926,11,22,10,10,10,15,10,10,10,10,10,10,10,10,10,10,11,10,11,10,11,10,10,10,10,10
Map_2927,168,214,281,308,311,21,21,21,21,21,21,21,21,21,21,21,21,21,21,21,21,21,21,21,21,21
Map_2928,13,103,13,13,13,14,11,11,11,11,11,11,11,11,11,11,11,11,11,11,11,11,11,11,11,11
Map_2929,9,62,12,12,12,12,12,12,12,12,12,12,12,12,12,12,12,10,12,10,12,10,12,10,12,10
Map_2930,11,77,11,11,11,11,11,11,11,11,11,11,11,11,11,11,12,11,12,11,12,11,12,11,12,11
Map_2931,6,27,6,6,6,6,6,6,6,6,6,6,6,6,6,6,6,6,6,6,6,6,6,6,6,6
Map_2932,17,74,15,15,15,23,16,14,16,14,16,14,16,14,16,14,17,14,17,14,17,14,16,14,16,14
Map_2933,21,32,11,11,11,11,11,11,11,11,11,11,11,11,11,11,11,11,11,11,11,11,11,11,11,11
Map_2934,6,13,5,5,5,5,5,5,5,5,5,5,5,5,5,5,5,5,5,5,5,5,5,5,5,5
Map_2935,9,16,9,9,9,10,9,9,9,9,9,9,9,9,9,9,9,9,10,10,10,10,9,9,9,9
Map_2936,8,28,8,8,8,8,8,8,8,8,8,8,8,7,7,7,8,7,8,7,8,7,8,7,8,7
Map_2937,25,174,15,15,15,15,15,15,15,15,15,15,15,15,15,15,15,15,15,15,15,15,15,15,15,15
Map_2938,7,20,7,7,7,9,7,7,7,7,7,7,7,7,7,7,7,7,7,7,7,7,7,7,7,7
Map_2939,8,15,8,8,8,8,8,8,8,8,8,8,8,8,8,8,8,8,8,8,8,8,8,8,8,8
Map_2940,7,11,8,7,7,8,7,7,7,7,7,7,7,7,7,7,7,7,7,7,7,7,7,7,7,7
Map_2941,24,42,23,28,20,28,21,21,21,21,21,21,21,21,21,21,17,17,17,17,17,17,17,17,17,17
Map_2942,8,71,8,8,8,8,8,8,8,8,8,8,8,8,8,8,8,8,8,8,8,8,8,8,8,8
Map_2943,36,58,27,27,27,28,20,20,20,20,20,20,20,20,20,20,20,20,20,20,20,20,20,20,20,20
Map_2944,30,41,26,26,26,35,26,26,26,26,26,26,26,26,26,26,26,26,30,26,30,26,26,26,26,26
Map_2945,13,45,12,12,12,12,12,11,12,11,12,11,11,11,11,11,12,11,12,11,12,11,12,11,12,11
Map_2946,7,19,7,7,7,8,7,7,7,7,7,7,7,7,7,7,8,7,8,7,8,7,7,7,7,7
Map_2947,8,19,9,9,9,9,9,8,9,8,9,8,9,8,8,8,9,8,9,8,9,8,9,8,9,8
Map_2948,11,49,9,9,9,9,9,9,9,9,9,9,9,9,9,9,9,9,9,9,9,9,9,9,9,9
Map_2949,6,20,6,6,6,8,6,6,6,6,6,6,6,6,6,6,6,6,6,6,6,6,6,6,6,6
Map_2950,9,16,8,8,8,8,8,8,8,8,8,8,8,8,8,8,9,8,9,8,9,8,9,8,9,8
Map_2951,217,209,40,40,37,40,31,32,31,32,31,32,31,32,31,32,18,18,18,18,18,18,18,18,18,18
Map_2952,8,25,12,12,8,13,8,8,8,8,8,8,8,8,8,8,8,8,8,8,8,8,8,8,8,8
Map_2953,8,22,6,6,6,6,6,6,6,6,6,6,6,6,6,6,6,6,6,6,6,6,6,6,6,6
Map_2954,14,103,14,14,14,34,14,14,14,14,14,14,14,14,14,14,14,14,14,14,14,14,14,14,14,14
Map_2955,7,10,8,7,7,8,7,7,7,7,7,7,7,7,7,7,7,7,7,7,7,7,7,7,7,7
Map_2956,17,88,42,42,14,35,14,14,14,14,14,14,14,14,14,14,14,14,14,14,14,14,14,14,14,14
Map_2957,10,30,10,10,10,10,10,10,10,10,10,10,10,10,10,10,10,10,10,10,10,10,10,10,10,10
Map_2958,17,36,9,9,9,11,9,9,9,9,9,9,9,9,9,9,9,9,9,9,9,9,9,9,9,9
Map_2959,170,130,9,9,9,9,9,9,9,9,9,9,9,9,9,9,9,9,9,9,9,9,9,9,9,9
Map_2960,60,63,18,16,18,19,16,16,16,16,16,16,16,16,16,16,16,16,16,16,16,16,16,16,16,16
Map_2961,7,12,6,6,6,6,6,6,6,6,6,6,6,6,6,6,6,6,6,6,6,6,6,6,6,6
Map_2962,29,75,16,16,16,16,16,16,16,16,16,16,16,16,16,16,16,16,16,16,16,16,16,16,16,16
Map_2963,10,41,11,10,10,11,10,10,10,10,10,10,10,10,10,10,11,10,13,10,13,10,10,10,10,10
Map_2964,16,90,16,16,16,19,16,16,16,16,16,16,16,16,16,16,17,16,17,16,17,16,16,16,16,16
Map_2965,26,35,23,23,26,26,23,23,23,23,23,23,23,23,23,23,22,21,22,21,22,21,21,21,21,21
Map_2966,12,32,19,18,19,19,18,12,18,12,18,12,18,12,18,12,12,12,12,12,12,12,12,12,12,12
Map_2967,13,42,13,13,13,22,13,13,13,13,13,13,13,13,13,13,13,13,13,13,13,13,13,13,13,13
Map_2968,13,51,11,11,11,12,11,11,11,11,11,11,11,11,11,11,10,10,10,10,10,10,11,10,11,10
Map_2969,28,68,13,13,13,13,13,13,13,13,13,13,13,13,13,13,13,13,13,13,13,13,13,13,13,13
Map_2970,63,148,16,16,17,16,16,16,16,16,16,16,16,16,16,16,16,14,16,14,16,14,16,14,16,14
Map_2971,6,14,6,6,6,8,6,6,6,6,6,6,6,6,6,6,6,6,6,6,6,6,6,6,6,6
Map_2972,54,75,34,34,34,41,34,34,34,34,34,34,34,34,34,34,32,29,32,29,32,29,32,29,32,29
Map_2973,142,209,25,24,25,25,24,24,24,24,24,24,24,24,24,24,20,24,20,20,20,20,20,24,20,24
Map_2974,7,19,5,5,5,6,5,5,5,5,5,5,5,5,5,5,6,5,6,5,6,5,6,5,5,5
Map_2975,137,104,32,29,29,32,24,24,24,24,24,24,24,24,24,24,24,24,24,24,24,24,24,24,24,24
Map_2976,24,63,21,21,21,21,21,21,21,21,21,21,21,21,21,21,18,19,18,19,18,19,18,19,18,19
Map_2977,15,49,11,11,11,11,11,9,11,9,11,9,11,9,11,9,11,9,11,9,11,9,11,9,11,9
Map_2978,27,85,14,14,14,28,14,14,14,14,14,14,14,14,14,14,17,14,17,14,17,14,14,14,14,14
Map_2979,14,48,9,9,9,9,9,9,9,9,9,9,9,9,9,9,9,9,9,9,9,9,9,9,9,9
Map_2980,11,60,8,8,8,11,8,8,8,8,8,8,8,8,8,8,11,8,11,8,11,8,8,8,8,8
Map_2981,15,136,15,15,15,20,15,15,15,15,15,15,15,15,15,15,15,15,17,15,17,15,15,15,15,15
Map_2982,18,78,14,14,14,17,15,14,15,14,15,14,15,13,14,13,15,13,15,13,15,13,15,13,15,13
Map_2983,10,37,8,8,8,8,8,8,8,8,8,8,8,8,8,8,8,8,8,8,8,8,8,8,8,8
Map_2984,12,35,15,15,15,15,13,12,13,12,13,12,12,12,12,12,12,12,12,12,12,12,12,12,12,12
Map_2985,6,73,7,6,6,7,6,6,6,6,6,6,6,6,6,6,6,6,6,6,6,6,6,6,6,6
Map_2986,20,67,18,18,19,20,15,17,15,17,15,17,15,17,15,17,16,15,16,15,16,15,16,15,15,15
Map_2987,19,28,14,14,14,16,14,14,14,14,14,14,14,14,14,14,14,14,14,14,14,14,14,14,14,14
Map_2988,31,183,29,29,29,41,29,29,29,29,29,29,29,29,29,29,18,18,18,18,18,18,18,19,18,19
Map_2989,29,140,15,15,15,15,15,15,15,15,15,15,15,15,15,15,15,15,15,15,15,15,15,15,15,15
Map_2990,11,60,14,14,14,14,14,14,14,14,14,14,14,14,14,14,14,13,14,13,14,13,14,13,14,13
Map_2991,74,68,23,23,23,30,23,22,23,22,23,22,22,22,22,22,23,22,23,22,23,22,23,23,23,23
Map_2992,8,28,7,7,7,7,7,7,7,7,7,7,7,7,7,7,7,7,7,7,7,7,7,7,7,7
Map_2993,12,149,12,12,12,12,12,12,12,12,12,12,12,12,12,12,12,12,12,12,12,12,12,12,12,12
Map_2994,18,162,21,18,21,25,20,13,20,13,20,13,18,13,18,13,18,13,18,13,18,13,18,13,18,13
Map_2995,8,21,8,8,8,8,8,8,8,8,8,8,8,8,8,8,8,8,8,8,8,8,8,8,8,8
Map_2996,9,152,9,9,9,9,9,8,9,8,9,8,8,8,8,8,9,8,9,8,9,8,9,8,9,8
Map_2997,48,54,16,16,16,20,20,19,20,19,20,19,20,19,19,19,16,16,16,16,16,16,16,16,16,16
Map_2998,5,93,5,5,5,5,5,5,5,5,5,5,5,5,5,5,5,5,5,5,5,5,5,5,5,5
Map_2999,36,169,17,17,17,20,17,17,17,17,17,17,17,17,17,17,17,17,17,17,17,17,17,17,17,17
Map_3000,35,95,17,17,17,15,17,15,17,15,17,15,17,15,17,15,15,12,15,12,15,12,15,12,17,12
Map_3001,15,18,11,11,11,11,10,10,10,10,10,10,10,10,10,10,10,10,10,10,10,10,10,10,10,10
Map_3002,43,79,24,21,24,24,18,21,18,21,18,21,18,21,18,21,18,18,18,18,18,18,18,21,18,21
Map_3003,23,29,23,23,23,25,23,21,23,21,23,21,23,21,23,21,22,21,22,21,22,21,22,21,22,21
Map_3004,20,38,14,14,15,14,14,14,14,14,14,14,14,14,14,14,14,14,14,14,14,14,14,14,14,14
Map_3005,22,54,20,20,21,23,20,19,20,19,20,19,20,19,20,19,20,17,20,17,20,17,20,17,20,17
Map_3006,14,75,10,10,10,10,10,10,10,10,10,10,10,10,10,10,10,10,10,10,10,10,10,10,10,10
Map_3007,8,25,8,8,8,8,8,8,8,8,8,8,8,8,8,8,8,8,8,8,8,8,8,8,8,8
Map_3008,26,37,23,23,23,23,26,26,26,26,26,26,26,26,26,26,24,23,24,23,24,23,24,23,24,23
Map_3009,5,13,5,5,5,5,5,5,5,5,5,5,5,5,5,5,5,5,5,5,5,5,5,5,5,5
Map_3010,23,178,16,16,16,17,15,15,15,15,15,15,15,15,15,15,15,15,15,15,15,15,15,15,15,15
Map_3011,11,79,10,10,10,10,10,10,10,10,10,10,10,10,10,10,10,10,10,10,10,10,10,10,10,10
Map_3012,7,11,8,7,7,8,7,7,7,7,7,7,7,7,7,7,7,7,7,7,7,7,7,7,7,7
Map_3013,8,12,9,8,8,11,8,8,8,8,8,8,8,8,8,8,8,8,8,8,8,8,8,8,8,8
Map_3014,12,16,11,10,11,13,9,10,9,10,9,10,9,10,9,10,9,9,9,9,9,9,9,9,9,9
Map_3015,20,35,21,21,21,26,21,21,21,21,21,21,21,21,21,21,20,18,20,18,20,18,20,18,20,18
Map_3016,11,34,11,11,11,11,11,11,11,11,11,11,11,11,11,11,11,11,11,11,11,11,11,11,11,11
Map_3017,11,32,9,9,9,9,9,9,9,9,9,9,9,9,9,9,10,9,10,9,10,9,9,9,9,9
Map_3018,4,17,4,4,4,4,4,4,4,4,4,4,4,4,4,4,4,4,4,4,4,4,4,4,4,4
Map_3019,187,226,26,20,26,26,19,19,19,19,19,19,20,20,20,20,19,19,19,19,19,19,19,19,19,19
Map_3020,42,110,33,33,33,49,33,33,33,33,33,33,33,33,33,33,33,33,33,27,33,27,33,33,33,33
Map_3021,42,261,35,35,35,35,35,35,35,35,35,35,35,35,35,35,43,24,30,24,30,24,35,24,66,24
Map_3022,11,32,11,11,11,11,11,11,11,11,11,11,11,11,11,11,11,11,11,11,11,11,11,11,11,11
Map_3023,14,76,10,10,10,11,10,10,10,10,10,10,10,10,10,10,10,10,10,10,10,10,10,10,10,10
Map_3024,11,39,10,10,10,13,10,10,10,10,10,10,10,10,10,10,11,10,11,10,11,10,10,10,10,10
Map_3025,11,20,11,11,11,16,11,11,11,11,11,11,11,11,11,11,12,11,12,11,12,11,11,11,11,11
Map_3026,38,52,32,32,32,47,37,32,37,33,37,33,37,32,37,32,27,28,27,28,27,28,27,28,27,28
Map_3027,13,91,12,12,12,13,12,12,12,12,12,12,12,12,12,12,12,12,12,12,12,12,12,12,12,12
Map_3028,34,41,18,18,18,22,18,18,18,18,18,18,18,18,18,18,18,18,20,18,20,18,18,18,18,18
Map_3029,11,45,11,11,11,12,11,11,11,11,11,11,11,11,11,11,11,11,11,11,11,11,11,11,11,11
Map_3030,12,28,8,8,8,14,8,8,8,8,8,8,8,8,8,8,9,8,9,8,9,8,9,8,9,8
Map_3031,12,54,9,9,9,10,9,9,9,9,9,9,9,9,9,9,9,9,9,9,9,9,9,9,9,9
Map_3032,13,23,11,11,11,16,11,11,11,11,11,11,11,11,11,11,11,11,11,11,11,11,11,11,11,11
Map_3033,13,47,15,15,15,18,15,18,15,18,15,18,15,18,15,18,15,13,15,13,15,13,15,13,15,13
Map_3034,8,11,6,6,6,8,6,6,6,6,6,6,6,6,6,6,6,6,6,6,6,6,6,6,6,6
Map_3035,9,30,8,8,8,11,8,8,8,8,8,8,8,8,8,8,8,8,8,8,8,8,8,8,8,8
Map_3036,19,88,15,15,15,19,15,15,15,15,15,15,15,15,15,15,15,15,15,15,15,15,15,15,15,15
Map_3037,5,65,5,5,5,5,5,5,5,5,5,5,5,5,5,5,5,5,5,5,5,5,5,5,5,5
Map_3038,23,108,42,30,39,20,17,17,17,17,17,17,17,17,17,17,17,17,17,17,17,17,17,17,17,17
Map_3039,112,105,29,29,29,29,29,29,29,29,29,29,29,29,29,29,26,29,26,26,26,26,26,29,29,29
Map_3040,18,75,12,12,12,14,13,12,13,12,13,12,13,12,13,12,13,12,13,12,13,12,13,12,13,12
Map_3041,71,146,25,25,25,25,17,17,17,17,17,17,20,20,20,20,18,17,18,17,18,17,17,17,17,17
Map_3042,13,100,14,14,14,14,14,14,14,14,14,14,14,14,14,14,14,14,14,14,14,14,14,13,14,13
Map_3043,30,61,26,26,30,38,27,22,27,22,27,22,27,22,27,22,25,22,25,22,25,22,25,22,25,22
Map_3044,53,56,31,31,31,36,27,31,27,31,27,31,27,31,27,31,26,25,26,25,26,25,26,25,26,25
Map_3045,7,21,9,9,9,9,9,7,9,7,9,7,7,7,7,7,9,7,10,7,10,7,9,7,9,7
Map_3046,9,32,8,8,8,8,8,8,8,8,8,8,8,8,8,8,8,8,8,8,8,8,8,8,8,8
Map_3047,11,18,10,10,10,10,11,10,11,10,11,10,11,10,11,10,11,10,11,10,11,10,11,10,11,10
Map_3048,9,120,7,7,7,7,7,9,7,9,7,9,7,9,7,9,7,7,7,7,7,7,7,7,7,7
Map_3049,52,50,21,21,21,27,21,21,21,21,21,21,21,21,21,21,29,19,29,19,29,19,29,19,21,19
Map_3050,9,123,8,8,8,8,8,8,8,8,8,8,8,8,8,8,8,8,8,8,8,8,8,8,8,8
Map_3051,59,215,21,21,21,21,21,21,21,21,21,21,21,21,21,21,23,21,23,21,23,21,21,21,21,21
Map_3052,14,28,12,12,14,17,14,12,14,12,14,12,14,12,14,12,16,12,16,12,16,12,15,12,14,12
Map_3053,78,139,18,18,18,18,18,18,18,18,18,18,18,18,18,18,19,18,19,18,19,18,19,18,19,18
Map_3054,10,48,10,10,10,13,10,10,10,10,10,10,10,10,10,10,9,9,9,9,9,9,9,9,9,9
Map_3055,24,93,16,16,16,16,16,16,16,16,16,16,16,16,16,16,14,14,14,14,14,14,14,14,14,14
Map_3056,42,56,35,35,22,35,14,32,14,22,14,22,14,38,14,38,14,14,14,14,18,14,14,14,14,14
Map_3057,7,11,7,7,7,7,7,7,7,7,7,7,7,7,7,7,7,7,7,7,7,7,7,7,7,7
Map_3058,19,43,14,14,14,22,14,14,14,14,14,14,14,14,14,14,14,14,14,14,14,14,14,14,14,14
Map_3059,50,69,33,33,33,34,29,29,29,29,29,29,29,29,29,29,30,29,30,29,30,29,29,29,29,29
Map_3060,21,218,12,12,12,13,13,12,13,12,13,12,13,12,13,12,13,12,13,12,13,12,13,12,13,12
Map_3061,47,80,56,57,54,56,39,44,39,44,39,44,44,44,44,44,34,34,37,34,37,34,34,34,34,34
Map_3062,55,78,29,29,30,27,19,19,19,19,19,19,19,19,19,19,19,19,19,19,19,19,19,19,19,19
Map_3063,10,60,9,9,9,9,9,9,9,9,9,9,9,9,9,9,9,9,9,9,9,9,9,9,9,9
Map_3064,11,19,8,8,8,10,8,8,8,8,8,8,8,8,8,8,8,8,8,8,8,8,8,8,8,8
Map_3065,5,9,5,5,5,5,5,5,5,5,5,5,5,5,5,5,5,5,5,5,5,5,5,5,5,5
Map_3066,325,112,22,22,28,26,22,15,22,15,22,15,22,15,24,15,22,15,22,15,25,15,22,15,22,15
Map_3067,10,54,10,10,10,10,10,10,10,10,10,10,10,10,10,10,10,10,17,10,17,10,10,10,10,10
Map_3068,67,129,57,55,57,104,53,65,53,65,53,65,65,65,65,65,52,56,45,32,49,32,56,56,56,56
Map_3069,12,28,11,11,11,15,11,11,11,11,11,11,11,11,11,11,12,11,12,11,12,11,12,11,11,11
Map_3070,5,9,5,5,5,6,5,5,5,5,5,5,5,5,5,5,5,5,5,5,5,5,5,5,5,5
Map_3071,7,67,7,6,7,7,6,6,6,6,6,6,6,6,6,6,6,6,6,6,6,6,6,6,6,6
Map_3072,26,69,15,15,15,19,16,16,16,16,16,16,15,16,15,16,12,12,12,12,12,12,12,12,12,12
Map_3073,8,21,11,11,8,11,11,8,11,8,11,8,11,8,11,8,11,8,11,8,11,8,11,8,11,8
Map_3074,5,25,6,5,5,7,5,5,5,5,5,5,5,5,5,5,5,5,5,5,5,5,5,5,5,5
Map_3075,22,39,12,12,12,12,12,14,12,14,12,14,12,14,12,14,13,12,13,12,13,12,12,12,12,12
Map_3076,10,15,8,8,8,8,8,8,8,8,8,8,8,8,8,8,8,8,8,8,8,8,8,8,8,8
Map_3077,86,197,39,39,39,50,47,50,47,50,47,50,47,57,57,57,31,34,31,34,31,34,31,34,31,34
Map_3078,51,48,11,11,11,11,11,11,11,11,11,11,11,11,11,11,11,11,11,11,14,11,11,11,11,11
Map_3079,18,53,12,12,12,12,12,12,12,12,12,12,12,12,12,12,12,12,12,12,12,12,12,12,12,12
Map_3080,16,60,15,15,17,15,15,13,15,13,15,13,15,13,15,13,14,13,14,13,14,13,14,13,14,13
Map_3081,9,38,9,9,9,9,9,9,9,9,9,9,9,13,13,13,10,9,10,9,10,9,10,9,9,9
Map_3082,9,20,9,9,9,9,9,9,9,9,9,9,9,9,9,9,9,9,9,9,9,9,9,9,9,9
Map_3083,7,26,7,7,7,7,7,7,7,7,7,7,7,7,7,7,7,7,7,7,7,7,7,7,7,7
Map_3084,41,62,13,13,13,34,13,13,13,13,13,13,13,13,13,13,13,13,13,13,13,13,13,13,13,13
Map_3085,148,62,40,40,40,41,40,40,40,40,40,40,40,40,40,40,34,30,30,30,33,30,40,30,40,30
Map_3086,27,88,30,29,30,30,26,25,26,25,26,25,26,25,25,25,29,25,29,26,29,26,29,25,29,25
Map_3087,136,150,27,26,27,27,23,23,23,23,23,23,23,23,23,23,23,23,26,23,26,23,23,23,23,23
Map_3088,33,29,13,13,13,13,13,13,13,13,13,13,13,13,13,13,13,13,13,13,13,13,13,13,13,13
Map_3089,16,251,15,14,14,15,14,14,14,14,14,14,14,14,14,14,15,14,15,14,15,14,14,14,14,14
Map_3090,10,27,9,9,9,13,9,9,9,9,9,9,9,9,9,9,10,9,10,9,10,9,9,9,9,9
Map_3091,17,24,9,9,9,9,9,9,9,9,9,9,9,9,9,9,9,9,9,9,9,9,9,9,9,9
Map_3092,5,24,5,5,5,5,5,5,5,5,5,5,5,5,5,5,5,5,5,5,5,5,5,5,5,5
Map_3093,21,42,12,12,12,12,12,12,12,12,12,12,12,12,12,12,12,12,12,12,12,12,12,12,12,12
Map_3094,30,33,13,13,13,14,13,13,13,13,13,13,13,13,13,13,13,13,13,13,13,13,13,13,13,13
Map_3095,7,43,7,7,7,7,7,7,7,7,7,7,7,7,7,7,7,7,7,7,7,7,7,7,7,7
Map_3096,14,51,16,16,16,25,16,16,16,16,16,16,16,16,16,16,14,12,14,12,14,12,14,12,16,12
Map_3097,8,16,8,8,8,8,6,6,6,6,6,6,6,6,6,6,6,6,6,6,6,6,6,6,6,6
Map_3098,16,83,9,9,9,9,9,9,9,9,9,9,9,9,9,9,12,9,12,9,12,9,9,9,9,9
Map_3099,8,13,8,8,8,10,8,8,8,8,8,8,8,8,8,8,8,8,8,8,8,8,8,8,8,8
Map_3100,11,156,10,10,10,11,10,10,10,10,10,10,10,10,10,10,10,10,10,10,10,10,10,10,10,10
Map_3101,14,71,9,9,9,10,9,9,9,9,9,9,9,9,9,9,9,9,9,9,9,9,9,9,9,9
Map_3102,9,28,8,8,8,8,8,8,8,8,8,8,8,8,8,8,8,8,8,8,8,8,8,8,8,8
Map_3103,10,52,10,10,10,10,9,10,9,10,9,10,9,10,9,10,9,9,9,9,9,9,9,9,9,9
Map_3104,6,10,6,6,6,6,6,6,6,6,6,6,6,6,6,6,6,6,6,6,6,6,6,6,6,6
Map_3105,7,18,7,7,7,10,7,7,7,7,7,7,7,7,7,7,7,7,10,7,10,7,7,7,7,7
Map_3106,8,32,11,11,11,11,11,12,11,12,11,12,11,12,11,12,10,8,10,8,10,8,10,8,10,8
Map_3107,23,42,25,24,19,25,21,24,21,24,21,24,21,24,21,24,23,19,23,19,23,19,21,19,21,19
Map_3108,8,33,9,8,9,13,9,8,9,8,9,8,8,8,8,8,8,8,8,8,8,8,8,8,8,8
Map_3109,21,30,16,16,16,22,15,14,15,14,15,14,15,14,15,14,15,14,18,14,18,14,15,14,15,14
Map_3110,11,26,13,13,12,16,11,13,11,13,11,13,11,13,11,13,11,11,11,11,11,11,11,11,11,11
Map_3111,50,85,21,21,21,23,21,21,21,21,21,21,21,21,21,21,22,21,23,23,23,23,22,21,22,21
Map_3112,9,23,9,8,9,9,8,8,8,8,8,8,8,8,8,8,8,8,8,8,8,8,8,8,8,8
Map_3113,24,35,15,15,15,15,13,13,13,13,13,13,13,13,13,13,13,13,13,13,13,13,13,13,13,13
Map_3114,22,86,7,7,7,9,7,7,7,7,7,7,7,7,7,7,7,7,7,7,7,7,7,7,7,7
Map_3115,5,12,5,5,5,5,5,5,5,5,5,5,5,5,5,5,5,5,5,5,5,5,5,5,5,5
Map_3116,14,180,9,9,9,9,9,9,9,9,9,9,9,9,9,9,9,9,9,9,9,9,9,9,9,9
Map_3117,8,36,8,8,8,8,8,8,8,8,8,8,8,8,8,8,8,8,8,8,8,8,8,8,8,8
Map_3118,14,62,10,10,10,14,10,10,10,10,10,10,10,10,10,10,11,10,11,10,11,10,11,10,11,10
Map_3119,9,34,7,7,7,9,7,7,7,7,7,7,7,7,7,7,7,7,7,7,7,7,7,7,7,7
Map_3120,8,51,8,7,8,8,7,7,7,7,7,7,7,7,7,7,7,7,7,7,7,7,7,7,7,7
Map_3121,14,38,12,12,12,14,12,12,12,12,12,12,12,12,12,12,12,12,12,12,12,12,12,12,12,12
Map_3122,8,25,7,7,7,11,7,7,7,7,7,7,7,7,7,7,7,7,7,7,7,7,7,7,7,7
Map_3123,82,121,18,18,18,21,18,18,18,18,18,18,18,18,18,18,18,18,18,18,18,18,18,18,18,18
Map_3124,5,61,5,5,5,5,5,5,5,5,5,5,5,5,5,5,5,5,5,5,5,5,5,5,5,5
Map_3125,8,48,8,8,8,48,8,8,8,8,8,8,8,8,8,8,8,8,8,8,8,8,8,8,8,8
Map_3126,28,231,21,21,21,31,24,21,24,21,24,21,21,28,28,28,20,20,20,20,20,20,20,20,20,20
Map_3127,10,113,12,11,10,12,10,10,10,10,10,10,10,10,10,10,10,10,10,10,10,10,10,10,10,10
Map_3128,11,19,8,8,8,8,8,8,8,8,8,8,8,8,8,8,8,8,8,8,8,8,8,8,8,8
Map_3129,6,17,6,6,6,6,6,6,6,6,6,6,6,6,6,6,6,6,6,6,6,6,6,6,6,6
Map_3130,28,40,30,28,30,27,27,25,27,25,27,25,27,25,27,25,24,24,24,24,24,24,24,24,24,24
Map_3131,17,66,17,17,17,17,17,17,17,17,17,17,17,17,17,17,18,16,25,16,25,16,17,16,17,16
Map_3132,13,65,10,10,10,17,10,10,10,10,10,10,10,10,10,10,10,10,10,10,10,10,10,10,10,10
Map_3133,13,24,11,11,11,15,11,11,11,11,11,11,11,11,11,11,11,11,15,11,15,11,11,11,11,11
Map_3134,25,41,16,16,16,18,16,16,16,16,16,16,16,20,20,20,16,16,16,16,16,16,16,16,16,16
Map_3135,7,23,6,6,6,6,6,6,6,6,6,6,6,6,6,6,6,6,6,6,6,6,6,6,6,6
Map_3136,37,69,14,14,14,14,17,14,17,14,17,14,17,14,17,14,14,14,14,14,14,14,14,14,14,14
Map_3137,26,25,18,18,16,17,17,17,17,17,17,17,17,17,17,17,16,14,16,14,16,14,14,14,14,14
Map_3138,29,142,26,26,26,39,21,26,21,26,21,26,21,26,21,26,21,21,21,21,21,21,21,21,21,21
Map_3139,11,52,10,10,11,15,11,10,11,10,11,10,11,10,11,10,11,10,11,10,11,10,11,10,11,10
Map_3140,25,30,17,17,17,34,17,17,17,17,17,17,17,17,17,17,17,17,19,17,19,18,17,17,17,17
Map_3141,10,304,10,9,10,10,9,9,9,9,9,9,9,9,9,9,9,9,9,9,9,9,9,9,9,9
Map_3142,62,204,15,15,15,19,15,15,15,15,15,15,15,15,15,15,15,15,15,15,15,15,15,15,15,15
Map_3143,12,45,11,11,11,15,11,9,11,9,11,9,11,9,11,9,9,9,11,9,11,9,9,9,9,9
Map_3144,14,32,14,14,14,17,14,14,14,14,14,14,14,14,14,14,14,14,14,14,14,14,14,14,14,14
Map_3145,15,197,12,12,13,13,12,11,12,11,12,11,12,12,12,12,11,11,11,11,11,11,12,11,12,11
Map_3146,14,19,11,11,11,11,11,11,11,11,11,11,11,11,11,11,11,11,11,11,11,11,11,11,11,11
Map_3147,8,21,9,8,8,9,8,8,8,8,8,8,8,8,8,8,9,9,9,9,9,9,8,8,8,8
Map_3148,27,41,24,18,18,24,11,11,11,11,11,11,11,11,11,11,14,11,14,11,14,11,11,11,11,11
Map_3149,7,16,7,7,7,8,7,7,7,7,7,7,7,7,7,7,7,7,7,7,7,7,7,7,7,7
Map_3150,15,61,12,12,12,12,12,12,12,12,12,12,12,12,12,12,12,12,13,12,13,12,12,12,12,12
Map_3151,32,38,19,19,19,19,19,21,19,21,19,21,19,21,19,21,21,21,21,21,21,21,19,21,19,21
Map_3152,52,102,20,20,18,20,20,18,20,18,20,18,18,18,18,18,20,18,20,18,20,18,20,18,20,18
Map_3153,12,22,8,8,8,10,8,8,8,8,8,8,8,8,8,8,8,8,10,8,10,8,8,8,8,8
Map_3154,54,112,74,74,74,68,49,37,49,37,49,37,49,37,49,37,53,37,53,37,53,37,53,37,53,37
Map_3155,10,19,10,10,10,14,10,10,10,10,10,10,10,10,10,10,12,10,12,10,12,10,10,10,10,10
Map_3156,12,53,7,7,7,7,7,7,7,7,7,7,7,7,7,7,7,7,7,7,7,7,7,7,7,7
Map_3157,11,23,11,11,11,15,11,11,11,11,11,11,11,11,11,11,11,11,11,11,11,11,11,11,11,11
Map_3158,150,146,17,17,17,62,16,21,16,21,16,21,16,21,16,21,14,14,14,14,14,14,16,14,16,14
Map_3159,367,165,27,27,27,31,30,28,30,28,30,28,30,28,30,28,23,24,23,24,23,24,23,40,23,40
Map_3160,26,77,15,15,15,18,15,15,15,15,15,15,15,15,15,15,15,15,15,15,15,15,15,15,15,15
Map_3161,22,50,22,22,20,22,20,20,20,20,20,20,20,20,20,20,20,20,22,20,22,20,20,20,20,20
Map_3162,47,53,20,20,20,42,29,31,29,31,29,31,29,31,29,31,20,20,20,20,20,20,20,20,20,20
Map_3163,16,124,16,16,16,16,16,16,16,16,16,16,16,16,16,16,18,16,18,16,18,16,18,16,16,16
Map_3164,6,20,6,6,6,6,6,6,6,6,6,6,6,6,6,6,6,6,6,6,6,6,6,6,6,6
Map_3165,12,65,12,12,12,12,12,12,12,12,12,12,12,12,12,12,12,11,12,11,12,11,12,11,12,11
Map_3166,32,38,23,20,23,37,20,25,20,24,20,24,20,25,20,25,20,21,20,21,20,21,20,25,20,25
Map_3167,6,31,6,6,6,6,6,6,6,6,6,6,6,6,6,6,6,6,6,6,6,6,6,6,6,6
Map_3168,21,26,18,18,22,19,18,12,18,12,18,12,18,12,18,12,21,12,21,12,21,12,21,12,21,12
Map_3169,131,104,16,16,30,16,16,16,16,16,16,16,16,16,16,16,16,16,16,16,16,16,16,16,16,16
Map_3170,19,87,16,16,16,18,16,16,16,16,16,16,16,16,16,16,16,16,16,16,16,16,16,16,16,16
Map_3171,310,169,95,95,95,167,77,77,77,77,77,77,77,77,77,77,78,85,76,85,95,91,77,85,77,91
Map_3172,21,69,18,17,17,18,17,17,17,17,17,17,17,17,17,17,18,17,18,17,18,17,17,17,17,17
Map_3173,12,30,9,9,9,9,9,9,9,9,9,9,9,9,9,9,9,9,9,9,9,9,9,9,9,9
Map_3174,49,45,31,28,28,32,28,28,28,28,28,28,28,28,28,28,28,24,28,24,28,24,28,24,28,24
Map_3175,14,111,20,20,20,20,14,14,14,14,14,14,14,14,14,14,14,14,14,14,14,14,14,14,14,14
Map_3176,25,129,20,20,20,20,20,20,20,20,20,20,20,20,20,20,22,20,22,20,22,20,20,20,20,20
Map_3177,27,58,15,15,15,15,16,14,16,14,16,14,16,14,16,14,14,14,14,14,14,14,14,14,14,14
Map_3178,6,10,6,5,6,8,5,5,5,5,5,5,5,5,5,5,6,5,6,5,6,5,5,5,5,5
Map_3179,33,72,18,17,18,18,17,17,17,17,17,17,17,17,17,17,17,17,17,17,17,17,17,17,17,17
Map_3180,5,16,5,5,5,5,5,5,5,5,5,5,5,5,5,5,5,5,5,5,5,5,5,5,5,5
Map_3181,8,46,8,8,8,8,8,8,8,8,8,8,8,8,8,8,8,8,8,8,8,8,8,8,8,8
Map_3182,5,18,5,5,5,5,5,5,5,5,5,5,5,5,5,5,5,5,5,5,5,5,5,5,5,5
Map_3183,8,34,8,8,8,8,8,8,8,8,8,8,8,8,8,8,8,8,8,8,8,8,8,8,8,8
Map_3184,6,102,6,6,6,6,6,6,6,6,6,6,6,6,6,6,6,6,6,6,6,6,6,6,6,6
Map_3185,14,28,13,13,13,14,13,13,13,13,13,13,13,13,13,13,13,13,13,13,13,13,13,13,13,13
Map_3186,45,116,17,13,13,19,13,13,13,13,13,13,13,13,13,13,17,13,17,13,17,13,13,13,13,13
Map_3187,48,128,41,41,41,72,41,41,41,41,41,41,41,47,47,47,29,41,29,48,29,48,29,41,29,41
Map_3188,43,119,36,36,37,43,42,42,42,42,42,42,42,42,42,42,32,32,32,32,32,32,32,32,32,32
Map_3189,9,14,10,8,8,10,8,8,8,8,8,8,8,8,8,8,8,8,8,8,8,8,8,8,8,8
Map_3190,11,68,11,11,11,13,11,11,11,11,11,11,11,11,11,11,12,11,12,11,12,11,11,11,11,11
Map_3191,54,65,25,26,25,28,16,25,16,25,16,25,16,26,16,26,16,16,16,16,16,16,16,16,16,16
Map_3192,122,307,13,12,16,28,13,12,13,12,13,12,12,12,12,12,13,12,13,12,13,12,13,12,13,12
Map_3193,215,120,19,19,25,20,18,19,18,19,18,19,18,19,18,19,18,18,18,18,18,18,18,18,18,18
Map_3194,5,13,4,4,4,4,4,4,4,4,4,4,4,4,4,4,4,4,4,4,4,4,4,4,4,4
Map_3195,66,73,39,38,38,39,39,39,39,39,39,39,39,39,39,39,34,33,34,33,34,33,34,33,34,33
Map_3196,10,27,9,9,9,9,9,9,9,9,9,9,9,9,9,9,9,9,9,9,9,9,9,9,9,9
Map_3197,13,46,12,12,12,12,12,12,12,12,12,12,12,12,12,12,12,12,12,12,12,12,12,12,12,12
Map_3198,19,87,13,12,13,12,12,12,12,12,12,12,12,12,12,12,12,12,12,12,12,12,12,12,12,12
Map_3199,15,76,16,16,16,16,15,15,15,15,15,15,15,15,15,15,15,15,15,15,15,15,15,15,15,15
Map_3200,25,27,12,12,12,16,12,12,12,12,12,12,12,12,12,12,12,12,12,12,12,12,12,12,12,12
Map_3201,55,57,30,30,30,30,30,30,30,30,30,30,30,30,30,30,26,26,26,26,26,26,26,26,26,26
Map_3202,32,175,30,30,30,30,29,29,29,29,29,29,29,29,29,29,45,29,37,29,37,29,47,29,47,29
Map_3203,12,95,10,10,10,14,10,10,10,10,10,10,10,10,10,10,10,10,10,10,10,10,10,10,10,10
Map_3204,7,95,7,7,7,7,7,7,7,7,7,7,7,7,7,7,7,7,7,7,7,7,7,7,7,7
Map_3205,13,148,12,12,9,12,12,9,12,9,12,9,12,9,12,9,12,9,12,9,12,9,12,9,12,9
Map_3206,313,87,16,16,16,17,17,16,17,16,17,16,17,16,17,16,17,16,17,16,17,16,17,16,17,16
Map_3207,121,286,25,25,25,25,25,26,25,26,25,26,25,26,25,26,25,25,25,25,25,25,25,26,25,26
Map_3208,347,308,56,56,56,64,29,28,29,28,29,28,28,28,28,28,29,28,29,28,29,28,29,28,29,28
Map_3209,9,27,9,9,9,9,9,9,9,9,9,9,9,9,9,9,9,9,9,9,9,9,9,9,9,9
Map_3210,18,33,18,15,18,18,15,15,15,15,15,15,15,15,15,15,18,15,18,15,18,15,18,15,18,15
Map_3211,27,56,27,27,27,25,20,23,20,23,20,23,20,23,20,23,23,22,23,22,23,22,23,22,23,22
Map_3212,83,75,34,34,35,37,28,28,28,28,28,28,28,28,28,28,33,28,33,28,33,28,29,28,29,28
Map_3213,19,139,13,13,13,16,13,13,13,13,13,13,13,13,13,13,13,13,13,13,13,13,13,13,13,13
Map_3214,10,161,10,10,10,14,10,10,10,10,10,10,10,10,10,10,10,10,10,10,10,10,10,10,10,10
Map_3215,17,67,14,14,14,14,14,13,14,13,14,13,13,13,13,13,14,13,14,13,14,13,14,13,14,13
Map_3216,18,32,13,11,13,13,11,11,11,11,11,11,11,11,11,11,11,11,11,11,11,11,11,11,11,11
Map_3217,7,16,7,7,7,7,7,7,7,7,7,7,7,7,7,7,9,7,9,7,9,7,7,7,7,7
Map_3218,27,212,33,33,33,33,17,17,17,17,17,17,17,17,17,17,17,17,23,17,23,17,17,17,17,17
Map_3219,41,62,29,29,29,44,29,25,29,25,29,25,29,24,29,24,29,25,25,25,25,25,29,25,29,25
Map_3220,39,110,29,29,29,43,26,26,26,26,26,26,26,26,26,26,26,24,26,24,26,24,26,24,26,24
Map_3221,5,17,5,5,5,5,5,5,5,5,5,5,5,5,5,5,5,5,5,5,5,5,5,5,5,5
Map_3222,10,57,11,11,11,11,11,11,11,11,11,11,11,11,11,11,11,10,11,10,11,10,11,10,11,10
Map_3223,32,47,15,15,16,15,15,15,15,15,15,15,15,15,15,15,15,15,15,15,15,15,15,15,15,15
Map_3224,10,29,9,9,9,9,9,9,9,9,9,9,9,9,9,9,10,9,10,9,10,9,9,9,9,9
Map_3225,13,37,13,13,13,13,10,10,10,10,10,10,10,10,10,10,10,10,10,10,10,10,10,10,10,10
Map_3226,10,71,14,10,14,10,10,11,10,11,10,11,10,10,10,10,10,10,10,10,10,10,10,10,10,10
Map_3227,31,43,12,12,12,12,12,12,12,12,12,12,12,12,12,12,12,12,12,12,12,12,12,12,12,12
Map_3228,103,52,29,29,29,29,28,29,28,29,28,29,28,29,28,29,27,27,27,27,27,27,27,27,27,27
Map_3229,9,24,9,9,9,9,9,9,9,9,9,9,9,9,9,9,9,9,9,9,9,9,9,9,9,9
Map_3230,17,56,17,17,17,17,17,17,17,17,17,17,17,17,17,17,17,17,19,17,19,17,17,17,17,17
Map_3231,23,33,23,23,24,25,23,22,23,22,23,22,22,22,22,22,21,21,21,21,21,21,21,21,21,21
Map_3232,9,27,9,9,9,11,8,8,8,8,8,8,8,8,8,8,10,8,10,8,10,8,8,8,8,8
Map_3233,33,39,19,18,19,20,19,18,19,18,19,18,18,18,18,18,20,18,20,18,20,18,18,18,18,18
Map_3234,12,63,8,8,8,8,8,8,8,8,8,8,8,8,8,8,8,8,8,8,8,8,8,8,8,8
Map_3235,28,35,13,13,13,13,13,13,13,13,13,13,13,13,13,13,13,13,13,13,13,13,13,13,13,13
Map_3236,8,34,8,8,8,22,8,8,8,8,8,8,8,8,8,8,8,8,8,8,8,8,8,8,8,8
Map_3237,12,29,12,12,12,13,12,12,12,12,12,12,12,12,12,12,12,12,12,12,12,12,12,12,12,12
Map_3238,12,130,8,8,8,11,8,8,8,8,8,8,8,8,8,8,8,8,8,8,8,8,8,8,8,8
Map_3239,49,71,63,60,46,45,49,61,49,61,49,61,49,61,49,61,46,44,26,44,26,44,46,44,46,44
Map_3240,27,84,25,25,25,25,23,25,23,25,23,25,23,25,23,25,23,23,23,23,23,23,23,25,23,25
Map_3241,12,93,10,10,10,13,10,10,10,10,10,10,10,10,10,10,12,10,12,10,12,10,12,10,10,10
Map_3242,13,20,9,9,9,9,9,9,9,9,9,9,9,9,9,9,9,9,9,9,9,9,9,9,9,9
Map_3243,14,49,13,13,13,13,13,11,13,11,13,11,13,11,13,11,14,11,14,11,14,11,14,11,14,11
Map_3244,20,57,24,20,24,24,20,20,20,20,20,20,23,23,23,23,18,18,18,18,18,18,18,18,18,18
Map_3245,47,139,18,18,18,18,18,18,18,18,18,18,18,18,18,18,18,18,18,18,18,18,18,18,18,18
Map_3246,12,23,11,11,11,12,11,11,11,11,11,11,11,11,11,11,11,10,11,10,11,10,11,10,11,10
Map_3247,130,72,45,43,43,38,24,30,24,30,24,30,24,36,24,36,22,22,23,22,23,22,22,22,22,22
Map_3248,24,50,13,13,19,13,13,13,13,13,13,13,13,13,13,13,13,13,13,13,13,13,13,13,13,13
Map_3249,12,37,12,12,12,30,12,12,12,12,12,12,12,12,12,12,12,12,15,12,15,12,12,12,12,12
Map_3250,5,12,5,5,5,5,5,5,5,5,5,5,5,5,5,5,5,5,5,5,5,5,5,5,5,5
Map_3251,6,41,6,6,6,6,6,6,6,6,6,6,6,6,6,6,6,6,6,6,6,6,6,6,6,6
Map_3252,62,180,22,22,41,28,22,22,22,22,22,22,22,22,22,22,22,22,22,22,22,22,22,22,22,22
Map_3253,8,62,6,6,6,6,6,6,6,6,6,6,6,6,6,6,6,6,6,6,6,6,6,6,6,6
Map_3254,9,34,9,9,9,9,9,9,9,9,9,9,9,9,9,9,9,9,9,9,9,9,9,9,9,9
Map_3255,7,55,7,7,7,7,7,7,7,7,7,7,7,7,7,7,7,7,7,7,7,7,7,7,7,7
Map_3256,41,134,39,55,39,39,28,32,28,32,28,32,32,32,32,32,28,22,28,22,28,22,28,32,28,32
Map_3257,239,232,13,13,13,14,13,13,13,13,13,13,13,13,13,13,13,13,13,13,13,13,13,13,13,13
Map_3258,20,36,15,15,15,15,15,15,15,15,15,15,15,15,15,15,15,15,15,15,17,15,15,15,15,15
Map_3259,17,58,10,10,10,10,10,10,10,10,10,10,10,10,10,10,10,10,10,10,10,10,10,10,10,10
Map_3260,46,56,27,22,39,27,22,29,22,29,22,29,22,29,22,31,24,22,24,22,24,22,24,29,24,29
Map_3261,15,33,7,7,7,9,7,7,7,7,7,7,7,7,7,7,7,7,7,7,7,7,7,7,7,7
Map_3262,11,76,7,7,7,7,7,7,7,7,7,7,7,7,7,7,7,7,7,7,7,7,7,7,7,7
Map_3263,8,37,10,8,10,20,10,8,10,8,10,8,8,8,8,8,10,8,10,8,10,8,10,8,10,8
Map_3264,10,26,6,6,6,15,6,6,6,6,6,6,6,6,6,6,6,6,6,6,6,6,6,6,6,6
Map_3265,32,65,12,12,12,12,12,12,12,12,12,12,12,12,12,12,12,12,12,12,12,12,12,12,12,12
Map_3266,11,136,12,10,11,20,10,10,10,10,10,10,10,10,10,10,11,10,11,10,11,10,11,10,11,10
Map_3267,15,30,13,13,13,14,13,13,13,13,13,13,13,13,13,13,13,13,13,13,13,13,13,13,13,13
Map_3268,36,96,23,16,23,27,16,16,16,16,16,16,16,16,16,16,16,16,16,16,16,16,16,16,16,16
Map_3269,11,20,11,11,11,13,13,11,13,11,13,11,13,11,13,11,13,11,13,11,13,11,13,11,13,11
Map_3270,8,22,8,8,8,12,10,8,10,8,10,8,10,8,10,8,10,8,10,8,10,8,10,8,10,8
Map_3271,4,21,4,4,4,4,4,4,4,4,4,4,4,4,4,4,4,4,4,4,4,4,4,4,4,4
Map_3272,4,6,4,4,4,4,4,4,4,4,4,4,4,4,4,4,4,4,4,4,4,4,4,4,4,4
Map_3273,117,124,17,16,34,17,16,21,16,21,16,21,16,21,21,21,16,16,16,16,16,16,16,16,16,21
Map_3274,46,63,40,37,40,35,36,33,36,33,36,33,33,33,33,33,32,33,32,33,32,33,31,33,31,33
Map_3275,8,86,8,8,8,8,8,8,8,8,8,8,8,8,8,8,8,8,8,8,8,8,8,8,8,8
Map_3276,12,18,11,11,11,11,11,12,11,12,11,12,11,12,11,12,11,11,11,11,14,11,11,11,11,11
Map_3277,7,29,7,7,7,10,7,7,7,7,7,7,7,7,7,7,7,7,7,7,7,7,7,7,7,7
Map_3278,53,90,20,20,20,20,20,19,20,19,20,19,20,19,20,19,20,20,20,20,20,20,20,19,20,19
Map_3279,26,180,31,25,25,37,25,25,25,25,25,25,24,24,24,24,25,24,25,24,25,24,28,24,28,24
Map_3280,9,46,11,9,11,14,11,9,11,9,11,9,10,9,10,9,11,9,12,9,12,9,11,9,11,9
Map_3281,148,66,20,20,20,17,16,16,16,16,16,16,16,16,16,16,16,16,20,16,20,16,16,16,16,16
Map_3282,15,160,20,20,19,18,19,17,19,17,19,17,19,17,19,17,17,14,17,14,17,14,17,14,19,14
Map_3283,30,47,17,17,17,25,17,17,17,17,17,17,17,17,17,17,17,17,17,17,17,17,17,17,17,17
Map_3284,10,22,10,8,9,10,8,8,8,8,8,8,8,8,8,8,8,8,8,8,8,8,8,8,8,8
Map_3285,9,73,8,8,8,9,8,8,8,8,8,8,8,8,8,8,8,8,8,8,8,8,8,8,8,8
Map_3286,21,50,21,21,23,26,21,21,21,21,21,21,21,21,21,21,29,20,29,20,29,20,21,21,21,21
Map_3287,12,94,12,12,12,15,12,12,12,12,12,12,12,12,12,12,12,12,12,12,12,12,12,12,12,12
Map_3288,17,38,14,13,14,13,11,11,11,11,11,11,11,11,11,11,11,11,11,11,11,11,11,11,11,11
Map_3289,4,11,4,4,4,6,4,4,4,4,4,4,4,4,4,4,4,4,4,4,4,4,4,4,4,4
Map_3290,15,72,14,14,14,14,14,14,14,14,14,14,14,14,14,14,14,14,14,14,14,14,14,14,14,14
Map_3291,18,26,16,16,19,16,16,16,16,16,16,16,16,16,16,16,18,16,18,16,18,16,18,16,18,16
Map_3292,7,24,7,7,7,8,7,7,7,7,7,7,7,7,7,7,8,7,8,7,8,7,7,7,7,7
Map_3293,9,34,9,9,9,11,9,9,9,9,9,9,9,9,9,9,9,9,9,9,9,9,9,9,9,9
Map_3294,42,55,30,30,30,33,30,29,30,29,30,29,30,29,30,29,41,27,41,27,41,27,30,27,30,29
Map_3295,39,66,26,26,26,27,14,14,14,14,14,14,14,14,14,14,14,14,14,14,14,14,14,14,14,14
Map_3296,5,8,5,5,5,5,5,5,5,5,5,5,5,5,5,5,5,5,5,5,5,5,5,5,5,5
Map_3297,21,58,15,14,14,15,14,14,14,14,14,14,14,14,14,14,14,14,14,14,14,14,14,14,14,14
Map_3298,5,10,6,6,6,8,6,5,6,5,6,5,5,5,5,5,7,5,7,5,7,5,6,5,6,5
Map_3299,51,72,13,11,11,19,13,12,13,12,13,12,12,12,12,12,13,11,13,11,13,11,13,11,13,11
Map_3300,19,152,12,12,12,32,29,12,29,12,29,12,28,12,28,12,12,10,12,10,12,10,12,10,12,10
Map_3301,7,12,5,5,5,8,5,5,5,5,5,5,5,5,5,5,5,5,5,5,5,5,5,5,5,5
Map_3302,12,30,9,9,9,8,8,8,8,8,8,8,8,8,8,8,9,8,9,8,9,8,9,8,9,8
Map_3303,13,19,12,12,12,13,12,12,12,12,12,12,12,12,12,12,12,12,12,12,12,12,12,12,12,12
Map_3304,21,35,11,11,11,11,11,11,11,11,11,11,11,11,11,11,11,11,11,11,11,11,11,11,11,11
Map_3305,9,24,10,10,10,16,10,9,10,9,10,9,9,9,9,9,10,9,10,9,10,9,10,9,10,9
Map_3306,29,134,17,17,16,17,17,15,17,15,17,15,15,15,15,15,15,15,15,15,15,15,15,15,15,15
Map_3307,24,64,17,17,17,24,18,17,18,17,18,17,18,17,18,17,21,17,21,17,21,17,17,17,15,17
Map_3308,61,51,32,21,35,32,32,21,32,21,32,21,21,21,21,21,21,21,21,21,21,21,21,21,21,21
Map_3309,8,73,8,8,8,33,8,8,8,8,8,8,8,8,8,8,8,8,8,8,8,8,8,8,8,8
Map_3310,68,42,20,20,20,30,20,20,20,20,20,20,20,20,20,20,25,20,25,20,25,20,20,20,20,20
Map_3311,9,67,8,8,8,8,8,8,8,8,8,8,8,8,8,8,8,8,8,8,8,8,8,8,8,8
Map_3312,22,26,14,14,14,14,14,14,14,14,14,14,14,14,14,14,14,14,14,14,14,14,14,14,14,14
Map_3313,52,295,35,35,35,105,40,35,40,35,40,35,40,35,40,35,41,40,41,18,41,18,41,35,41,35
Map_3314,12,19,13,12,13,13,12,11,12,11,12,11,11,11,11,11,12,11,12,12,12,12,12,11,12,11
Map_3315,27,101,21,21,17,35,20,20,20,20,20,20,20,20,20,20,21,17,21,17,21,17,20,17,20,17
Map_3316,9,46,7,7,7,10,7,7,7,7,7,7,7,7,7,7,7,7,7,7,7,7,7,7,7,7
Map_3317,59,103,22,22,22,31,26,26,26,26,26,26,26,26,26,26,26,22,26,22,26,22,26,22,26,22
Map_3318,16,73,15,15,15,19,15,15,15,15,15,15,15,15,15,15,15,13,15,13,15,13,15,13,15,13
Map_3319,141,202,30,29,30,30,30,29,30,29,30,29,29,29,29,29,30,29,30,30,30,30,29,29,29,29
Map_3320,17,30,13,13,13,13,13,13,13,13,13,13,13,13,13,13,13,13,13,13,13,13,13,13,13,13
Map_3321,68,134,65,65,65,65,21,21,21,21,21,21,21,21,21,21,21,26,21,26,21,26,21,46,21,46
Map_3322,11,132,11,11,11,11,11,11,11,11,11,11,11,11,11,11,11,11,11,10,11,10,11,11,11,11
Map_3323,43,41,11,11,11,11,11,11,11,11,11,11,11,11,11,11,11,11,11,11,11,11,11,11,11,11
Map_3324,25,54,13,13,13,13,13,13,13,13,13,13,13,13,13,13,13,13,13,13,13,13,13,13,13,13
Map_3325,4,6,4,4,4,4,4,4,4,4,4,4,4,4,4,4,4,4,4,4,4,4,4,4,4,4
Map_3326,19,55,15,15,15,18,15,15,15,15,15,15,15,15,15,15,14,14,14,14,14,14,14,14,14,14
Map_3327,86,72,17,17,17,13,13,14,13,14,13,14,14,14,14,14,13,13,13,13,13,13,13,14,13,14
Map_3328,26,98,17,17,13,20,13,13,13,13,13,13,13,13,13,13,13,13,13,13,13,13,13,13,13,13
Map_3329,6,13,6,6,6,6,6,6,6,6,6,6,6,6,6,6,6,6,6,6,6,6,6,6,6,6
Map_3330,21,60,14,14,14,14,14,14,14,14,14,14,14,14,14,14,14,14,14,14,14,14,14,14,14,14
Map_3331,17,38,12,12,17,15,12,12,12,12,12,12,12,12,12,12,13,12,13,12,13,12,13,12,13,12
Map_3332,15,61,13,13,13,15,13,13,13,13,13,13,13,13,13,13,15,13,15,13,15,13,13,13,13,13
Map_3333,79,70,29,29,29,32,20,21,20,21,20,21,20,21,20,21,21,21,21,21,21,21,21,21,21,21
Map_3334,13,28,13,13,13,14,10,10,10,10,10,10,10,10,10,10,10,10,10,10,10,10,10,10,10,10
Map_3335,15,35,11,11,11,11,11,11,11,11,11,11,11,11,11,11,11,11,11,11,11,11,11,11,11,11
Map_3336,7,26,7,7,7,12,7,7,7,7,7,7,7,7,7,7,7,7,7,7,9,7,7,7,7,7
Map_3337,11,73,11,11,11,18,9,9,9,9,9,9,9,9,9,9,9,9,9,9,9,9,9,9,9,9
Map_3338,31,25,11,11,11,10,10,9,10,9,10,9,9,9,9,9,10,9,10,9,10,9,10,9,10,9
Map_3339,48,169,23,23,23,25,21,21,21,21,21,21,21,21,21,21,22,21,22,21,22,21,22,21,22,21
Map_3340,6,14,6,6,6,6,6,6,6,6,6,6,6,6,6,6,6,6,6,6,6,6,6,6,6,6
Map_3341,51,57,37,37,37,37,37,29,37,29,37,29,37,29,37,29,31,26,31,26,31,26,31,26,31,26
Map_3342,11,70,9,9,9,9,9,9,9,9,9,9,9,9,9,9,9,9,9,9,9,9,9,9,9,9
Map_3343,12,28,14,13,12,18,12,12,12,12,12,12,12,12,12,12,14,12,14,12,14,12,14,12,14,12
Map_3344,14,28,10,10,10,10,10,10,10,10,10,10,10,10,10,10,10,10,10,10,10,10,10,10,10,10
Map_3345,5,170,7,5,5,7,5,5,5,5,5,5,5,5,5,5,7,5,7,5,7,5,5,5,5,5
Map_3346,25,101,21,20,21,24,21,17,21,17,21,17,20,17,20,17,21,17,21,17,21,17,22,17,22,17
Map_3347,14,241,13,10,13,14,10,10,10,10,10,10,10,10,10,10,10,10,13,10,13,10,10,10,10,10
Map_3348,11,57,12,12,12,12,11,11,11,11,11,11,11,11,11,11,11,11,11,11,11,11,11,11,11,11
Map_3349,27,34,36,36,36,36,33,36,33,36,33,36,33,39,33,39,28,22,28,22,28,22,28,23,28,23
Map_3350,55,215,39,39,46,39,39,39,39,39,39,39,39,39,39,39,31,31,34,31,34,31,31,31,31,31
Map_3351,21,22,13,13,13,13,13,13,13,13,13,13,13,13,13,13,16,13,16,13,16,13,13,13,13,13
Map_3352,23,55,14,14,14,15,14,14,14,14,14,14,14,14,14,14,14,14,14,14,14,14,14,14,14,14
Map_3353,21,60,22,22,22,32,18,21,18,21,18,21,18,21,18,21,18,18,18,18,18,18,18,18,18,18
Map_3354,24,66,20,20,20,23,20,20,20,20,20,20,20,20,20,20,14,14,18,14,18,14,14,14,14,14
Map_3355,18,202,31,27,30,29,18,17,18,17,18,17,18,17,18,17,17,17,20,17,20,17,17,17,17,17
Map_3356,24,62,20,20,20,20,18,18,18,18,18,18,18,18,18,18,18,18,18,18,18,18,18,18,18,18
Map_3357,47,54,28,28,28,28,35,28,35,28,35,28,35,28,35,28,33,30,33,30,33,30,32,30,29,30
Map_3358,8,15,6,6,6,8,6,6,6,6,6,6,6,6,6,6,6,6,6,6,6,6,6,6,6,6
Map_3359,13,46,12,12,12,12,12,12,12,12,12,12,12,12,12,12,12,12,12,12,12,12,12,12,12,12
Map_3360,21,42,16,16,16,16,16,16,16,16,16,16,16,16,16,16,16,16,22,16,22,16,16,16,16,16
Map_3361,7,18,7,7,7,7,7,7,7,7,7,7,7,7,7,7,8,7,8,7,8,7,7,7,7,7
Map_3362,7,12,7,7,7,7,7,7,7,7,7,7,7,7,7,7,7,7,8,7,8,7,7,7,7,7
Map_3363,71,64,26,26,26,26,27,27,27,27,27,27,27,27,27,27,21,21,21,21,21,21,21,26,21,26
Map_3364,10,18,9,9,9,10,9,9,9,9,9,9,9,9,9,9,9,9,9,9,9,9,9,9,9,9
Map_3365,4,20,4,4,4,4,4,4,4,4,4,4,4,4,4,4,4,4,4,4,4,4,4,4,4,4
Map_3366,12,49,10,10,10,10,10,10,10,10,10,10,10,10,10,10,10,10,10,10,10,10,10,10,10,10
Map_3367,8,49,7,7,7,7,7,7,7,7,7,7,7,7,7,7,7,7,7,7,7,7,7,7,7,7
Map_3368,5,24,5,5,5,5,5,5,5,5,5,5,5,5,5,5,5,5,5,5,5,5,5,5,5,5
Map_3369,12,42,11,11,11,11,11,11,11,11,11,11,11,11,11,11,11,11,11,11,11,11,11,11,11,11
Map_3370,74,94,36,36,32,38,24,24,24,24,24,24,24,24,24,24,19,19,19,19,19,19,19,19,19,19
Map_3371,11,19,8,8,8,11,8,8,8,8,8,8,8,8,8,8,8,8,8,8,8,8,8,8,8,8
Map_3372,16,67,16,16,16,16,15,16,15,16,15,16,15,16,15,16,15,16,15,16,15,16,15,16,15,16
Map_3373,7,13,6,6,6,6,6,6,6,6,6,6,6,6,6,6,6,6,6,6,6,6,6,6,6,6
Map_3374,6,11,6,6,6,8,6,6,6,6,6,6,6,6,6,6,6,6,9,6,9,6,6,6,6,6
Map_3375,13,53,11,11,11,11,11,11,11,11,11,11,11,11,11,11,11,11,11,11,11,11,11,11,11,11
Map_3376,9,38,9,9,9,11,9,9,9,9,9,9,9,9,9,9,9,9,9,9,9,9,9,9,9,9
Map_3377,12,31,7,7,7,23,7,7,7,7,7,7,7,7,7,7,7,7,7,7,7,7,7,7,7,7
Map_3378,7,42,7,7,7,9,7,7,7,7,7,7,7,7,7,7,7,7,7,7,7,7,7,7,7,7
Map_3379,16,102,14,14,15,14,14,14,14,14,14,14,14,14,14,14,14,14,14,14,14,14,14,14,14,14
Map_3380,25,33,17,17,17,17,17,13,17,13,17,13,17,13,17,13,17,13,17,13,17,13,17,13,17,13
Map_3381,16,34,16,16,16,27,16,16,16,16,16,16,16,16,16,16,13,13,13,13,13,13,13,13,13,13
Map_3382,137,150,34,34,34,40,38,38,34,34,34,34,38,38,38,38,38,34,38,34,47,34,38,34,38,34
Map_3383,107,109,16,16,16,16,16,16,16,16,16,16,16,16,16,16,16,16,16,16,16,16,16,16,16,16
Map_3384,46,176,31,30,58,31,30,30,30,30,30,30,30,30,30,30,33,30,33,30,33,30,30,30,30,30
Map_3385,8,34,9,9,9,24,9,8,9,8,9,8,8,8,8,8,9,8,9,8,9,8,9,8,9,8
Map_3386,21,60,8,8,8,10,8,8,8,8,8,8,8,8,8,8,9,8,9,8,9,8,8,8,8,8
Map_3387,11,245,8,8,8,8,8,8,8,8,8,8,8,8,8,8,8,8,8,8,8,8,8,8,8,8
Map_3388,22,57,18,18,18,24,17,17,17,17,17,17,17,17,17,17,20,17,20,17,20,17,20,17,17,17
Map_3389,17,27,18,18,18,20,17,16,17,16,17,16,17,16,17,16,18,16,18,16,18,16,18,16,18,16
Map_3390,9,197,9,9,9,10,9,9,9,9,9,9,9,9,9,9,13,9,13,9,13,9,9,9,9,9
Map_3391,120,229,24,14,24,24,14,14,14,14,14,14,14,14,14,14,14,14,16,14,16,14,14,14,14,14
Map_3392,21,58,14,14,14,20,15,14,15,14,15,14,15,14,15,14,15,12,15,12,15,12,15,12,15,12
Map_3393,6,31,7,7,7,7,6,6,6,6,6,6,6,6,6,6,6,6,6,6,6,6,6,6,6,6
Map_3394,10,27,10,10,10,16,10,10,10,10,10,10,10,10,10,10,10,10,10,10,10,10,10,10,10,10
Map_3395,24,40,17,17,17,25,17,17,17,17,17,17,17,17,17,17,18,17,18,17,18,17,17,17,17,17
Map_3396,4,11,4,4,4,6,4,4,4,4,4,4,4,4,4,4,4,4,4,4,4,4,4,4,4,4
Map_3397,78,248,13,13,13,13,13,13,13,13,13,13,13,13,13,13,13,13,13,13,13,13,13,13,13,13
Map_3398,260,180,45,44,46,44,36,41,36,41,36,41,40,41,40,41,36,36,36,36,36,36,36,40,36,40
Map_3399,56,170,18,18,17,32,17,18,17,18,17,18,17,18,17,18,17,17,17,17,17,17,17,17,17,17
Map_3400,21,47,14,14,18,15,14,13,14,13,14,13,13,13,13,13,14,13,14,13,14,13,14,13,14,13
Map_3401,251,174,33,24,29,52,21,21,21,21,21,21,21,21,21,21,21,21,21,21,21,21,21,21,21,21
Map_3402,7,16,7,7,7,10,7,7,7,7,7,7,7,7,7,7,7,7,7,7,7,7,7,7,7,7
Map_3403,17,24,17,17,17,17,18,17,18,17,18,17,17,17,17,17,16,16,16,16,16,16,16,16,16,16
Map_3404,7,15,7,7,7,14,7,7,7,7,7,7,7,7,7,7,7,7,7,7,7,7,7,7,7,7
Map_3405,12,24,13,13,13,15,13,13,13,13,13,13,13,14,14,14,14,12,14,12,14,12,12,12,12,12
Map_3406,11,85,11,11,11,11,11,11,11,11,11,11,11,11,11,11,11,11,11,11,11,11,11,11,11,11
Map_3407,20,64,15,15,15,15,15,15,15,15,15,15,15,15,15,15,15,14,15,14,15,14,15,14,15,14
Map_3408,15,107,11,11,11,18,11,11,11,11,11,11,11,11,11,11,11,11,11,11,11,11,11,11,11,11
Map_3409,34,42,13,13,14,16,13,13,13,14,13,14,13,13,13,13,13,13,13,13,13,13,13,13,13,13
Map_3410,30,146,13,13,13,13,13,13,13,13,13,13,13,13,13,13,13,13,13,13,13,13,13,13,13,13
Map_3411,15,49,15,15,15,15,15,15,15,15,15,15,15,15,15,15,17,15,17,15,17,15,17,15,17,15
Map_3412,24,26,11,11,11,11,11,11,11,11,11,11,11,11,11,11,11,11,11,11,11,11,11,11,11,11
Map_3413,11,32,9,9,9,9,9,9,9,9,9,9,9,9,9,9,10,9,10,9,10,9,10,9,10,9
Map_3414,16,66,16,16,16,16,16,16,16,16,16,16,16,16,16,16,16,16,16,16,16,16,16,16,16,16
Map_3415,54,61,18,18,19,19,18,18,19,18,19,18,18,18,18,18,16,15,16,15,16,15,19,15,19,15
Map_3416,6,33,11,6,6,13,8,6,8,6,8,6,8,6,8,6,9,6,9,6,9,6,8,6,8,6
Map_3417,17,140,19,19,19,23,19,18,19,18,19,18,19,18,19,18,18,17,18,17,18,17,19,17,19,17
Map_3418,21,46,15,15,14,15,15,15,15,15,15,15,15,15,15,15,15,15,15,15,15,15,15,15,15,15
Map_3419,21,26,23,22,23,23,21,16,21,16,21,16,21,16,21,16,16,16,16,16,16,16,16,16,16,16
Map_3420,55,32,20,20,20,19,13,13,13,13,13,13,13,13,13,13,13,13,14,13,14,13,13,13,13,13
Map_3421,6,12,6,6,6,6,6,6,6,6,6,6,6,6,6,6,6,6,6,6,6,6,6,6,6,6
Map_3422,9,66,9,9,9,19,9,9,9,9,9,9,9,9,9,9,9,9,9,9,9,9,9,9,9,9
Map_3423,17,85,13,13,13,14,13,13,13,13,13,13,13,13,13,13,13,13,13,13,13,13,13,13,13,13
Map_3424,9,95,9,9,9,9,9,9,9,9,9,9,9,9,9,9,9,9,9,9,9,9,9,9,9,9
Map_3425,7,124,7,7,7,7,7,7,7,7,7,7,7,7,7,7,7,7,7,7,7,7,7,7,7,7
Map_3426,9,15,9,9,9,9,9,9,9,9,9,9,9,9,9,9,9,9,9,9,9,9,9,9,9,9
Map_3427,30,33,12,12,12,12,12,12,12,12,12,12,12,12,12,12,12,12,12,12,12,12,12,12,12,12
Map_3428,11,141,11,11,11,11,11,11,11,11,11,11,11,11,11,11,11,11,11,11,11,11,11,11,11,11
Map_3429,16,310,9,9,9,10,9,9,9,9,9,9,9,9,9,9,9,9,12,9,12,9,9,9,9,9
Map_3430,6,45,5,5,5,5,5,5,5,5,5,5,5,5,5,5,5,5,5,5,5,5,5,5,5,5
Map_3431,30,26,20,20,20,26,20,20,20,20,20,20,20,20,20,20,21,16,21,16,21,16,21,16,21,16
Map_3432,13,24,13,13,13,14,13,13,13,13,13,13,13,13,13,13,13,13,13,13,13,13,13,13,13,13
Map_3433,12,56,11,11,11,11,11,11,11,11,11,11,11,10,10,10,11,10,11,10,11,10,11,10,11,10
Map_3434,9,40,10,10,10,21,10,10,10,10,10,10,10,10,10,10,10,9,10,9,10,9,10,9,10,9
Map_3435,27,76,18,18,18,15,19,15,19,15,19,15,19,15,19,15,17,15,17,15,17,15,19,15,19,15
Map_3436,10,157,10,10,12,15,10,10,10,10,10,10,10,10,10,10,10,10,10,10,10,10,10,10,10,10
Map_3437,10,19,11,11,11,11,11,10,11,10,11,10,10,10,10,10,11,10,13,10,13,10,11,10,11,10
Map_3438,6,14,6,6,6,9,6,6,6,6,6,6,6,6,6,6,6,6,9,6,9,6,6,6,6,6
Map_3439,4,51,4,4,4,4,4,4,4,4,4,4,4,4,4,4,4,4,4,4,4,4,4,4,4,4
Map_3440,14,29,13,13,13,16,12,12,12,12,12,12,12,12,12,12,12,12,12,12,12,12,12,12,12,12
Map_3441,6,10,7,6,6,7,6,6,6,6,6,6,6,6,6,6,6,6,6,6,6,6,6,6,6,6
Map_3442,11,18,11,11,11,11,11,11,11,11,11,11,11,11,11,11,11,11,11,11,11,11,11,11,11,11
Map_3443,10,18,10,10,10,15,10,10,10,10,10,10,10,10,10,10,10,10,10,10,10,10,10,10,10,10
Map_3444,6,12,6,6,6,9,7,6,7,6,7,6,7,6,7,6,6,6,6,6,6,6,6,6,6,6
Map_3445,8,17,7,7,7,9,7,7,7,7,7,7,7,7,7,7,7,7,7,7,7,7,7,7,7,7
Map_3446,69,53,16,16,16,16,16,16,16,16,16,16,16,16,16,16,16,16,16,16,16,16,16,16,16,16
Map_3447,13,29,10,9,9,10,9,9,9,9,9,9,9,9,9,9,9,8,9,8,9,8,9,8,9,8
Map_3448,7,62,7,7,7,8,7,7,7,7,7,7,7,7,7,7,7,7,7,7,7,7,7,7,7,7
Map_3449,8,16,7,7,7,8,7,7,7,7,7,7,7,7,7,7,7,7,7,7,7,7,7,7,7,7
Map_3450,6,16,6,6,6,6,6,6,6,6,6,6,6,6,6,6,6,6,6,6,6,6,6,6,6,6
Map_3451,8,41,8,8,8,8,8,8,8,8,8,8,8,8,8,8,12,8,12,8,12,8,8,8,8,8
Map_3452,304,246,20,21,17,26,17,17,17,17,17,17,21,21,21,21,26,17,26,17,26,17,17,17,17,17
Map_3453,7,28,5,5,5,5,5,5,5,5,5,5,5,5,5,5,5,5,5,5,5,5,5,5,5,5
Map_3454,18,46,10,10,10,12,10,10,10,10,10,10,10,10,10,10,15,10,15,10,15,10,10,10,10,10
Map_3455,5,15,5,5,5,5,5,5,5,5,5,5,5,5,5,5,5,5,5,5,5,5,5,5,5,5
Map_3456,34,69,12,12,12,14,12,12,12,12,12,12,12,12,12,12,12,12,12,12,12,12,12,12,12,12
Map_3457,11,96,8,8,8,9,8,8,8,8,8,8,8,8,8,8,9,8,9,8,9,8,8,8,8,8
Map_3458,22,107,14,14,14,14,14,13,14,13,14,13,14,14,14,14,13,13,17,13,17,13,13,13,13,13
Map_3459,8,43,8,8,8,8,8,8,8,8,8,8,8,8,8,8,8,8,8,8,8,8,8,8,8,8
Map_3460,6,8,6,6,6,6,6,6,6,6,6,6,6,6,6,6,6,6,6,6,6,6,6,6,6,6
Map_3461,6,13,6,6,6,6,6,6,6,6,6,6,6,6,6,6,6,6,9,6,9,6,6,6,6,6
Map_3462,33,124,13,12,13,13,12,12,12,12,12,12,12,12,12,12,12,12,17,12,17,12,12,12,12,12
Map_3463,40,114,11,11,32,11,11,11,11,11,11,11,11,11,11,11,11,11,11,11,11,11,11,11,11,11
Map_3464,10,27,10,10,10,10,10,10,10,10,10,10,10,10,10,10,10,10,10,10,13,10,10,10,10,10
Map_3465,36,60,11,11,11,11,23,11,23,11,23,11,23,11,23,11,23,11,23,11,23,11,23,11,23,11
Map_3466,19,25,15,15,15,17,15,15,15,15,15,15,15,15,15,15,15,15,15,15,15,15,15,15,15,15
Map_3467,60,45,17,17,17,17,15,17,15,17,15,17,15,17,15,17,15,15,15,15,15,15,15,17,15,17
Map_3468,19,28,25,13,25,17,11,11,11,11,11,11,11,11,11,11,11,11,11,11,11,11,11,11,11,11
Map_3469,24,65,13,13,13,16,13,13,13,13,13,13,13,13,13,13,13,13,13,13,13,13,13,13,13,13
Map_3470,13,83,14,13,13,17,13,13,13,13,13,13,13,13,13,13,13,13,13,13,13,13,13,13,13,13
Map_3471,32,49,27,27,27,29,27,27,27,27,27,27,27,27,27,27,26,26,26,26,26,26,30,27,30,27
Map_3472,6,38,6,6,6,6,6,6,6,6,6,6,6,6,6,6,6,6,6,6,6,6,6,6,6,6
Map_3473,39,77,31,31,31,31,31,31,31,31,31,31,31,31,31,31,31,31,31,31,31,31,31,31,31,31
Map_3474,7,23,7,7,7,7,7,7,7,7,7,7,7,7,7,7,7,7,7,7,7,7,7,7,7,7
Map_3475,5,9,5,5,5,6,5,5,5,5,5,5,5,5,5,5,5,5,5,5,5,5,5,5,5,5
Map_3476,5,30,5,5,5,5,5,5,5,5,5,5,5,5,5,5,5,5,5,5,5,5,5,5,5,5
Map_3477,7,71,7,7,7,7,7,7,7,7,7,7,7,7,7,7,7,7,7,7,7,7,7,7,7,7
Map_3478,62,53,39,39,39,65,30,30,30,30,30,30,30,30,30,30,34,30,34,30,34,30,34,30,34,30
Map_3479,37,86,25,25,25,28,25,20,25,20,25,20,25,20,25,20,25,20,25,20,25,20,25,20,25,20
Map_3480,6,16,6,6,6,9,6,6,6,6,6,6,6,6,6,6,6,6,6,6,6,6,6,6,6,6
Map_3481,74,59,59,50,59,17,17,17,17,17,17,17,17,17,17,17,17,17,17,17,17,17,17,17,17,17
Map_3482,10,22,10,10,10,9,9,10,9,10,9,10,9,10,9,10,9,9,14,9,14,9,9,10,9,10
Map_3483,32,143,30,30,30,30,30,31,30,31,30,31,30,31,30,31,21,18,21,18,21,18,21,18,21,18
Map_3484,12,32,12,12,12,12,12,12,12,12,12,12,12,12,12,12,12,12,12,12,12,12,12,12,12,12
Map_3485,5,10,5,5,5,6,5,5,5,5,5,5,5,5,5,5,5,5,5,5,5,5,5,5,5,5
Map_3486,10,55,10,10,10,10,15,12,15,12,15,12,15,12,15,12,16,10,16,10,16,10,15,10,15,10
Map_3487,33,109,30,21,30,15,15,15,15,15,15,15,15,15,15,15,15,15,15,15,15,15,15,15,15,15
Map_3488,27,35,23,22,22,23,22,18,22,18,22,18,18,18,18,18,22,17,22,17,21,17,22,17,22,17
Map_3489,9,136,9,9,9,17,9,9,9,9,9,9,9,9,9,9,9,9,9,9,9,9,9,9,9,9
Map_3490,39,205,17,17,17,29,17,17,17,17,17,17,17,17,17,17,15,15,15,15,15,15,15,15,15,15
Map_3491,17,23,9,9,9,9,9,9,9,9,9,9,9,9,9,9,9,9,9,9,9,9,9,9,9,9
Map_3492,34,72,13,13,13,14,13,13,13,13,13,13,13,13,13,13,13,13,16,13,16,13,13,13,13,13
Map_3493,15,23,15,15,15,15,15,15,15,15,15,15,15,15,15,15,15,15,15,15,15,15,15,15,15,15
Map_3494,19,54,12,12,12,12,12,12,12,12,12,12,12,12,12,12,12,12,12,12,12,12,12,12,12,12
Map_3495,13,35,8,8,8,10,8,8,8,8,8,8,8,8,8,8,9,8,9,8,9,8,8,8,8,8
Map_3496,26,47,13,13,13,25,13,13,13,13,13,13,13,13,13,13,11,12,11,11,11,11,11,12,11,12
Map_3497,27,76,15,15,15,15,15,15,15,15,15,15,15,17,17,17,14,15,14,15,14,15,14,15,14,15
Map_3498,13,41,11,11,11,13,11,13,11,13,11,13,11,13,11,13,11,13,11,13,11,13,11,13,11,13
Map_3499,63,209,31,31,31,31,31,31,31,31,31,31,31,31,31,31,31,31,33,31,33,31,31,31,31,31
Map_3500,9,38,6,6,6,7,7,6,7,6,7,6,7,6,7,6,7,6,7,6,7,6,7,6,7,6
Map_3501,16,53,12,12,15,20,12,12,12,12,12,12,12,12,12,12,12,12,12,12,12,12,12,12,12,12
Map_3502,11,22,11,11,11,13,11,11,11,11,11,11,11,11,11,11,12,11,13,11,13,11,12,11,12,11
Map_3503,11,183,13,13,13,13,11,11,11,11,11,11,11,11,11,11,11,11,13,11,13,11,11,11,11,11
Map_3504,58,53,22,22,22,35,35,22,35,22,35,22,35,22,35,22,34,22,30,22,30,22,34,22,34,22
Map_3505,43,68,34,30,31,41,31,31,31,31,31,31,30,30,30,30,15,15,15,15,15,15,15,15,15,15
Map_3506,10,45,10,10,10,11,9,9,9,9,9,9,9,9,9,9,9,9,9,9,9,9,9,9,9,9
Map_3507,16,104,15,15,15,15,15,15,15,15,15,15,15,14,14,14,15,14,15,14,15,14,15,14,15,14
Map_3508,27,158,20,19,20,20,20,20,20,20,20,20,19,20,19,20,24,19,26,19,26,19,19,20,19,20
Map_3509,49,212,24,24,24,24,24,24,24,24,24,24,24,24,24,24,26,24,26,25,26,25,25,24,24,24
Map_3510,8,13,8,7,8,8,7,7,7,7,7,7,7,7,7,7,8,7,8,7,8,7,7,7,7,7
Map_3511,231,131,18,17,18,21,17,17,17,17,17,17,17,17,17,17,17,17,17,17,17,17,17,17,17,17
Map_3512,9,84,10,10,10,16,10,10,10,10,10,10,10,10,10,10,11,9,11,9,11,9,10,9,10,9
Map_3513,12,57,10,10,10,10,9,9,9,9,9,9,9,9,9,9,9,9,9,9,9,9,9,9,9,9
Map_3514,23,48,17,13,13,52,13,13,13,13,13,13,13,13,13,13,12,12,12,12,12,12,12,12,12,12
Map_3515,22,24,9,9,9,9,9,9,9,9,9,9,9,9,9,9,9,10,9,10,9,10,9,9,9,9
Map_3516,7,60,7,7,7,7,7,7,7,7,7,7,7,7,7,7,7,7,7,7,7,7,7,7,7,7
Map_3517,40,204,33,33,33,37,25,26,25,26,25,26,25,26,25,26,26,26,26,26,26,26,25,26,25,26
Map_3518,15,230,15,15,15,25,17,17,17,17,17,17,17,17,17,17,17,15,17,15,17,15,17,15,17,15
Map_3519,90,114,69,69,80,90,41,44,41,44,41,44,44,44,44,44,41,41,41,41,41,41,41,41,41,41
Map_3520,299,124,13,13,13,22,13,13,13,13,13,13,13,13,13,13,14,13,14,13,14,13,13,13,13,13
Map_3521,12,25,10,10,10,12,10,10,10,10,10,10,10,10,10,10,12,10,12,10,12,10,12,10,12,10
Map_3522,32,49,21,37,22,21,39,29,39,29,39,29,39,29,39,29,17,17,17,17,17,17,17,17,17,20
Map_3523,50,38,13,13,13,15,13,13,13,13,13,13,13,13,13,13,14,13,14,13,14,13,13,13,13,13
Map_3524,16,48,15,15,15,15,15,15,15,15,15,15,15,15,15,15,15,15,15,15,17,15,15,15,15,15
Map_3525,7,82,7,7,7,7,7,7,7,7,7,7,7,7,7,7,7,7,7,7,7,7,7,7,7,7
Map_3526,42,46,17,17,17,19,16,16,16,16,16,16,16,16,16,16,16,16,16,16,16,16,16,16,16,16
Map_3527,143,86,36,29,34,27,21,18,21,18,21,18,18,18,18,18,21,18,21,18,21,18,21,18,21,18
Map_3528,11,31,11,11,11,11,11,11,11,11,11,11,11,11,11,11,11,11,11,11,11,11,11,11,11,11
Map_3529,21,31,18,18,18,18,18,11,18,11,18,11,18,11,18,11,18,11,18,11,18,11,18,11,18,11
Map_3530,43,30,12,13,12,12,12,12,12,12,12,12,12,13,13,13,12,12,12,12,12,12,12,12,12,12
Map_3531,34,55,28,25,27,31,27,25,27,25,27,25,27,27,27,27,26,18,26,18,26,18,25,18,25,18
Map_3532,15,42,11,11,11,11,11,11,11,11,11,11,11,11,11,11,11,11,11,11,11,11,11,11,11,11
Map_3533,35,41,21,21,21,21,21,21,21,21,21,21,21,21,21,21,22,21,22,21,22,21,22,21,22,21
Map_3534,80,39,15,15,15,15,14,14,14,14,14,14,15,15,15,15,14,14,14,14,14,14,14,14,14,14
Map_3535,6,18,6,6,6,6,6,6,6,6,6,6,6,6,6,6,6,6,6,6,6,6,6,6,6,6
Map_3536,8,14,7,7,7,7,7,7,7,7,7,7,7,7,7,7,7,7,7,7,7,7,7,7,7,7
Map_3537,39,98,12,12,12,13,12,12,12,12,12,12,12,12,12,12,11,10,11,10,11,10,11,10,11,10
Map_3538,22,34,11,11,11,11,11,11,11,11,11,11,11,11,11,11,10,10,10,10,10,10,10,10,10,10
Map_3539,16,23,15,15,15,15,13,13,13,13,13,13,13,13,13,13,14,12,14,12,14,12,13,12,13,12
Map_3540,5,24,5,5,5,5,5,5,5,5,5,5,5,5,5,5,5,5,5,5,5,5,5,5,5,5
Map_3541,21,105,11,11,21,11,11,11,11,11,11,11,11,11,11,11,11,11,11,11,11,11,11,11,11,11
Map_3542,30,85,16,16,16,48,16,16,16,16,16,16,16,16,16,16,14,14,14,14,14,14,14,14,14,14
Map_3543,16,24,11,11,11,11,11,11,11,11,11,11,14,11,14,13,11,11,11,11,11,11,11,11,11,11
Map_3544,5,21,5,5,5,5,5,5,5,5,5,5,5,5,5,5,5,5,5,5,5,5,5,5,5,5
Map_3545,11,36,12,12,12,12,10,10,10,10,10,10,10,10,10,10,10,10,10,10,10,10,10,10,10,10
Map_3546,54,104,14,14,14,24,14,14,14,14,14,14,14,14,14,14,19,14,22,14,22,14,14,14,14,14
Map_3547,7,219,8,8,8,8,8,7,8,7,8,7,8,7,8,7,7,7,7,7,7,7,7,7,7,7
Map_3548,20,38,9,9,9,9,9,9,9,9,9,9,9,9,9,9,9,9,9,9,9,9,9,9,9,9
Map_3549,109,112,54,54,61,30,29,29,29,29,29,29,29,29,29,29,28,28,28,28,28,28,28,28,28,28
Map_3550,20,42,17,16,16,17,16,16,16,16,16,16,16,16,16,16,19,14,19,14,19,14,16,14,16,14
Map_3551,15,38,11,11,11,15,11,11,11,11,11,11,11,11,11,11,11,11,11,11,11,11,11,11,11,11
Map_3552,11,59,7,7,7,7,7,7,7,7,7,7,7,7,7,7,7,7,7,7,7,7,7,7,7,7
Map_3553,11,19,12,11,12,12,11,11,11,11,11,11,11,11,11,11,12,11,12,11,12,11,12,11,12,11
Map_3554,35,111,28,28,28,28,28,20,28,20,28,20,28,19,28,19,30,19,30,19,30,19,30,19,30,19
Map_3555,29,49,15,15,17,16,15,15,15,15,15,15,15,15,15,15,15,14,15,14,15,14,15,14,15,14
Map_3556,25,82,11,11,11,11,11,11,11,11,11,11,11,11,11,11,11,11,11,11,11,11,11,11,11,11
Map_3557,74,241,54,54,99,55,50,54,50,54,50,54,54,53,53,53,39,36,39,36,39,36,36,36,36,36
Map_3558,14,35,12,12,12,12,12,12,12,12,12,12,12,12,12,12,12,12,12,14,14,14,12,12,12,12
Map_3559,16,28,13,13,13,13,13,13,13,13,13,13,13,13,13,13,13,13,13,13,13,13,13,13,13,13
Map_3560,9,12,8,8,8,8,8,8,8,8,8,8,8,8,8,8,10,8,10,8,10,8,8,8,8,8
Map_3561,7,56,7,7,7,7,7,7,7,7,7,7,7,7,7,7,9,7,9,7,9,7,9,7,9,7
Map_3562,26,59,26,28,26,26,27,27,26,26,26,26,28,27,27,27,19,19,19,19,19,19,19,19,19,19
Map_3563,13,28,13,13,13,14,13,13,13,13,13,13,13,13,13,13,16,13,19,13,19,13,13,13,13,13
Map_3564,134,107,31,31,31,25,16,16,16,16,16,16,16,16,16,16,16,16,16,16,16,16,16,16,16,16
Map_3565,43,232,24,24,24,23,20,20,20,20,20,20,20,20,20,20,20,20,20,20,20,20,20,20,20,20
Map_3566,42,34,19,19,20,22,14,14,14,14,14,14,14,14,14,14,16,14,16,14,16,14,16,14,16,14
Map_3567,46,65,20,20,20,20,20,20,20,20,20,20,20,20,20,20,20,20,20,20,20,20,20,20,20,20
Map_3568,141,134,35,24,77,37,24,24,24,24,24,24,24,24,24,24,24,24,24,24,24,24,24,24,24,24
Map_3569,16,66,12,12,12,12,12,12,12,12,12,12,12,12,12,12,12,12,12,12,12,12,12,12,12,12
Map_3570,193,136,37,27,28,35,28,27,28,27,28,27,27,27,27,27,33,27,33,27,33,27,28,27,28,27
Map_3571,21,171,21,21,21,21,21,21,21,21,21,21,21,21,21,21,21,21,21,21,21,21,21,21,21,21
Map_3572,11,23,7,7,7,13,7,7,7,7,7,7,7,7,7,7,8,7,8,7,8,7,8,7,7,7
Map_3573,14,86,14,14,14,14,14,14,14,14,14,14,14,14,14,14,14,14,14,14,14,14,14,14,14,14
Map_3574,10,22,8,8,8,8,8,8,8,8,8,8,8,8,8,8,8,8,8,8,8,8,8,8,8,8
Map_3575,11,26,7,7,7,7,7,7,7,7,7,7,7,7,7,7,7,7,7,7,7,7,7,7,7,7
Map_3576,7,16,7,7,7,7,7,7,7,7,7,7,7,7,7,7,7,7,7,7,7,7,7,7,7,7
Map_3577,8,37,8,8,8,8,8,8,8,8,8,8,8,8,8,8,8,8,8,8,8,8,8,8,8,8
Map_3578,36,110,16,15,16,19,15,15,15,15,15,15,15,15,15,15,15,15,15,15,15,15,15,15,15,15
Map_3579,101,103,21,21,21,38,21,21,21,21,21,21,21,21,21,21,15,15,15,15,15,15,15,15,15,15
Map_3580,69,220,41,41,41,47,29,26,29,26,29,26,29,26,29,26,26,26,26,26,26,26,29,26,29,26
Map_3581,80,87,39,39,40,39,38,38,38,38,38,38,38,38,38,38,28,24,28,24,28,24,28,24,28,24
Map_3582,12,27,11,11,11,15,11,11,11,11,11,11,11,11,11,11,11,11,11,11,11,11,11,11,11,11
Map_3583,17,143,10,10,10,11,10,10,10,10,10,10,10,10,10,10,10,10,10,10,10,10,10,10,10,10
Map_3584,16,39,11,11,11,14,11,11,11,11,11,11,11,11,11,11,13,11,13,11,13,11,13,11,13,11
Map_3585,5,22,5,5,5,5,5,5,5,5,5,5,5,5,5,5,5,5,5,5,5,5,5,5,5,5
Map_3586,40,163,19,19,19,21,19,14,19,14,19,14,19,14,19,14,19,14,19,14,23,14,19,14,19,14
Map_3587,15,35,11,11,11,11,11,11,11,11,11,11,11,11,11,11,12,11,12,11,12,11,12,11,12,11
Map_3588,25,124,26,26,26,32,26,26,26,26,26,26,26,26,26,26,31,26,31,28,31,28,30,26,30,26
Map_3589,63,74,19,19,19,19,19,19,19,19,19,19,19,19,19,19,19,19,19,19,19,19,19,19,19,19
Map_3590,7,17,7,7,7,8,7,7,7,7,7,7,7,7,7,7,7,7,7,7,7,7,7,7,7,7
Map_3591,15,20,14,12,12,14,12,12,12,12,12,12,12,12,12,12,11,11,11,11,11,11,11,11,11,11
Map_3592,19,26,16,15,16,14,12,12,12,12,12,12,12,12,12,12,12,12,12,12,12,12,12,12,12,12
Map_3593,20,77,35,27,22,20,18,10,18,10,18,10,18,10,18,10,10,10,10,10,10,10,10,10,10,10
Map_3594,19,30,19,19,19,20,19,15,19,15,19,15,19,15,19,15,15,15,22,15,22,15,15,15,19,15
Map_3595,23,40,16,16,16,17,14,14,14,14,14,14,14,14,14,14,14,14,14,14,14,14,14,14,14,14
Map_3596,36,104,13,13,15,20,13,13,13,13,13,13,13,13,13,13,13,12,13,12,13,12,13,12,13,12
Map_3597,27,114,16,16,16,16,16,16,16,16,16,16,16,16,16,16,15,16,15,15,15,15,16,16,16,16
Map_3598,30,55,15,15,15,23,17,15,17,15,17,15,17,15,17,15,17,15,17,15,17,15,17,15,17,15
Map_3599,17,47,18,18,18,18,13,13,13,13,13,13,13,13,13,13,13,13,13,13,13,13,13,13,13,13
Map_3600,15,92,21,21,15,21,21,21,21,21,21,21,21,21,21,21,22,20,22,18,22,18,22,20,22,20
Map_3601,78,102,44,38,44,43,35,35,35,35,35,35,35,35,35,35,39,35,39,35,39,35,37,35,37,35
Map_3602,16,38,17,17,17,18,17,16,17,16,17,16,17,16,16,16,16,16,19,16,19,16,17,16,17,16
Map_3603,7,94,8,7,7,8,7,7,7,7,7,7,7,7,7,7,7,7,7,7,7,7,7,7,7,7
Map_3604,26,163,16,16,16,16,16,16,16,16,16,16,16,16,16,16,16,15,16,15,16,15,16,15,15,15
Map_3605,11,23,7,7,7,7,7,7,7,7,7,7,7,7,7,7,7,7,7,7,7,7,7,7,7,7
Map_3606,31,161,32,30,31,31,26,26,26,26,26,26,26,26,26,26,22,22,22,22,22,22,22,22,22,22
Map_3607,12,163,12,10,12,12,10,10,10,10,10,10,10,10,10,10,10,10,10,10,10,10,10,10,10,10
Map_3608,11,25,9,9,9,10,9,9,9,9,9,9,9,9,9,9,9,9,9,9,9,9,9,9,9,9
Map_3609,8,28,11,8,8,14,11,8,11,8,11,8,8,8,8,8,12,8,12,8,12,8,10,8,10,8
Map_3610,9,31,12,12,15,12,12,9,12,9,12,9,12,9,12,9,12,9,12,9,12,9,12,9,12,9
Map_3611,23,31,13,13,13,14,13,13,13,13,13,13,13,13,13,13,13,13,13,13,13,13,13,13,13,13
Map_3612,12,92,9,9,9,9,9,9,9,9,9,9,9,9,9,9,9,9,9,9,9,9,9,9,9,9
Map_3613,14,26,11,11,11,11,11,11,11,11,11,11,11,11,11,11,11,11,11,11,11,11,11,11,11,11
Map_3614,11,196,13,13,13,24,13,11,13,11,13,11,11,11,11,11,11,10,11,10,11,10,11,10,11,11
Map_3615,28,36,9,9,9,24,9,9,9,9,9,9,9,9,9,9,9,9,9,9,9,9,9,9,9,9
Map_3616,5,15,5,5,5,5,5,5,5,5,5,5,5,5,5,5,5,5,5,5,5,5,5,5,5,5
Map_3617,9,32,8,8,8,13,8,8,8,8,8,8,8,8,8,8,9,8,9,8,9,8,9,8,9,8
Map_3618,9,21,7,7,7,23,7,7,7,7,7,7,7,7,7,7,7,7,7,7,7,7,7,7,7,7
Map_3619,9,28,7,7,7,7,7,7,7,7,7,7,7,7,7,7,7,7,7,7,7,7,7,7,7,7
Map_3620,15,105,14,14,14,14,14,15,14,15,14,15,14,15,14,15,14,15,14,15,14,15,14,15,14,15
Map_3621,21,51,16,16,16,18,16,16,16,16,16,16,16,18,19,18,16,16,16,16,16,16,16,16,16,16
Map_3622,25,46,10,10,10,10,10,10,10,10,10,10,10,10,10,10,10,10,10,10,10,10,10,10,10,10
Map_3623,33,83,26,26,28,26,18,18,18,18,18,18,18,18,18,18,23,18,23,18,23,18,23,18,23,18
Map_3624,8,59,14,14,8,12,12,8,12,8,12,8,12,8,12,8,8,8,8,8,8,8,8,8,8,8
Map_3625,18,33,11,11,11,16,12,12,12,12,12,12,12,12,12,12,12,12,12,12,12,12,12,12,12,12
Map_3626,13,24,13,13,13,13,13,12,13,12,13,12,12,12,12,12,13,12,13,12,13,12,13,12,13,12
Map_3627,11,22,10,10,10,13,10,10,10,10,10,10,10,10,10,10,11,10,12,10,12,10,10,10,10,10
Map_3628,14,27,14,14,14,14,14,14,14,14,14,14,14,14,14,14,15,14,15,14,15,14,15,14,14,14
Map_3629,6,11,8,8,8,9,7,6,7,6,7,6,6,6,6,6,7,6,7,6,7,6,7,6,7,6
Map_3630,16,45,18,18,18,21,18,19,18,19,18,19,18,19,19,19,18,18,18,18,18,18,18,19,18,19
Map_3631,29,107,36,35,34,36,35,17,35,17,35,17,35,17,35,17,31,17,31,17,31,17,31,17,31,17
Map_3632,10,33,10,8,9,11,8,8,8,8,8,8,8,8,8,8,8,8,8,8,8,8,8,8,8,8
Map_3633,9,29,9,9,9,9,9,9,9,9,9,9,9,9,9,9,9,9,9,9,9,9,9,9,9,9
Map_3634,15,178,14,14,14,18,14,14,14,14,14,14,14,14,14,14,14,11,14,11,14,11,14,11,14,11
Map_3635,21,161,17,17,17,16,17,17,17,17,17,17,17,17,17,17,17,16,17,16,17,16,17,17,17,17
Map_3636,31,211,31,31,31,28,28,23,28,23,28,23,28,23,28,23,25,23,24,24,24,24,27,23,27,23
Map_3637,13,17,8,8,8,10,8,8,8,8,8,8,8,8,8,8,8,8,8,8,8,8,8,8,8,8
Map_3638,10,17,9,9,9,9,9,9,9,9,9,9,9,9,9,9,9,9,9,9,9,9,9,9,9,9
Map_3639,53,83,16,16,16,25,16,16,16,16,16,16,16,16,16,16,16,15,16,15,16,15,16,15,16,15
Map_3640,9,21,7,7,7,7,7,7,7,7,7,7,7,7,7,7,7,7,7,7,7,7,7,7,7,7
Map_3641,37,109,18,16,23,22,16,16,16,16,16,16,16,16,16,16,16,17,16,18,16,18,18,17,18,17
Map_3642,10,48,13,13,13,13,10,10,12,10,12,10,10,10,10,10,13,10,13,10,13,10,13,10,10,10
Map_3643,8,22,9,8,8,10,8,8,8,8,8,8,8,8,8,8,8,8,8,8,8,8,8,8,8,8
Map_3644,16,24,12,11,12,18,12,11,12,11,12,11,11,11,11,11,12,11,12,11,12,11,12,11,12,11
Map_3645,6,83,6,6,6,12,6,6,6,6,6,6,6,6,6,6,6,6,6,6,6,6,6,6,6,6
Map_3646,32,137,22,15,23,22,15,15,15,15,15,15,15,15,15,15,15,14,15,14,15,14,15,14,15,14
Map_3647,5,93,5,5,5,5,5,5,5,5,5,5,5,5,5,5,5,5,5,5,5,5,5,5,5,5
Map_3648,60,66,47,34,57,38,31,30,31,30,31,30,30,30,30,30,30,30,33,30,33,30,30,30,30,30
Map_3649,29,57,36,36,36,44,30,30,30,30,30,30,30,30,30,30,20,19,20,19,20,20,20,19,20,19
Map_3650,10,41,11,11,11,14,10,11,10,11,10,11,10,11,10,11,9,9,9,9,9,9,9,9,9,9
Map_3651,8,14,8,8,8,8,8,8,8,8,8,8,8,8,8,8,8,8,8,8,8,8,8,8,8,8
Map_3652,13,36,15,14,14,15,14,13,14,13,14,13,13,13,13,13,16,13,16,13,16,13,16,13,16,13
Map_3653,8,16,8,8,8,13,8,8,8,8,8,8,8,8,8,8,8,8,8,8,8,8,8,8,8,8
Map_3654,9,22,9,9,9,9,9,9,9,9,9,9,9,9,9,9,9,9,9,9,9,9,9,9,9,9
Map_3655,25,27,8,8,8,13,8,8,8,8,8,8,8,8,8,8,8,8,8,8,8,8,8,8,8,8
Map_3656,41,133,11,11,11,13,11,11,11,11,11,11,11,11,11,11,11,11,11,11,11,11,11,11,11,11
Map_3657,29,152,9,9,9,14,9,9,9,9,9,9,9,9,9,9,9,9,13,9,13,9,9,9,9,9
Map_3658,40,39,16,12,12,17,12,12,12,12,12,12,12,12,12,12,16,12,16,12,16,12,12,12,12,12
Map_3659,6,12,6,6,6,8,6,6,6,6,6,6,6,6,6,6,6,6,6,6,6,6,6,6,6,6
Map_3660,21,35,16,16,16,17,14,12,14,12,14,12,12,12,12,12,14,12,14,12,14,12,14,12,14,12
Map_3661,14,41,13,13,13,13,13,13,13,13,13,13,13,13,13,13,13,13,13,13,13,13,13,13,13,13
Map_3662,11,92,11,11,11,11,11,11,11,11,11,11,11,11,11,11,11,11,13,11,13,11,11,11,11,11
Map_3663,81,41,24,24,27,30,24,24,24,24,24,24,24,24,24,24,28,24,25,24,25,24,28,24,28,24
Map_3664,20,95,16,16,16,20,16,18,16,18,16,18,16,18,16,18,20,13,20,13,20,13,17,13,17,13
Map_3665,19,45,8,8,8,8,8,8,8,8,8,8,8,8,8,8,8,8,8,8,8,8,8,8,8,8
Map_3666,15,28,10,10,9,10,10,9,10,9,10,9,10,9,10,9,10,9,10,9,10,9,10,9,10,9
Map_3667,13,146,10,10,10,10,15,10,15,10,15,10,15,10,15,10,14,10,14,10,14,10,14,10,14,10
Map_3668,6,12,6,6,6,7,6,6,6,6,6,6,6,6,6,6,6,6,6,6,6,6,6,6,6,6
Map_3669,10,29,9,9,9,9,9,9,9,9,9,9,9,9,9,9,9,9,9,9,9,9,9,9,9,9
Map_3670,19,246,16,16,18,16,16,14,16,14,16,14,16,14,16,14,16,14,16,14,16,14,16,14,16,14
Map_3671,68,91,30,26,26,30,26,26,26,26,26,26,26,26,26,26,23,24,25,24,28,24,23,26,23,26
Map_3672,18,25,9,9,9,20,9,9,9,9,9,9,9,9,9,9,9,9,9,9,9,9,9,9,9,9
Map_3673,23,39,22,22,22,22,22,22,22,22,22,22,22,22,22,22,22,22,22,22,22,22,22,22,22,22
Map_3674,13,82,13,13,13,14,13,13,13,13,13,13,13,13,13,13,13,13,13,13,13,13,13,13,13,13
Map_3675,16,40,9,9,11,10,9,9,9,9,9,9,9,9,9,9,9,9,9,9,9,9,9,9,9,9
Map_3676,7,21,7,7,7,10,7,7,7,7,7,7,7,7,7,7,7,7,7,7,7,7,7,7,7,7
Map_3677,18,29,15,14,15,17,14,14,14,14,14,14,14,14,14,14,11,11,11,11,11,11,11,11,11,11
Map_3678,14,221,14,14,14,16,14,14,14,14,14,14,14,14,14,14,16,14,16,14,16,14,16,14,16,14
Map_3679,5,34,5,5,5,10,5,5,5,5,5,5,5,5,5,5,5,5,5,5,5,5,5,5,5,5
Map_3680,16,93,13,13,13,13,13,12,13,12,13,12,13,12,13,12,13,12,13,12,13,12,13,12,13,12
Map_3681,48,112,19,19,19,23,19,19,19,19,19,19,19,19,19,19,20,19,20,20,20,20,20,19,20,19
Map_3682,4,7,4,4,4,5,4,4,4,4,4,4,4,4,4,4,4,4,4,4,4,4,4,4,4,4
Map_3683,11,31,11,11,11,11,11,11,11,11,11,11,11,11,11,11,11,11,14,11,14,11,11,11,11,11
Map_3684,31,47,9,9,9,13,9,9,9,9,9,9,9,9,9,9,9,9,9,9,20,9,9,9,9,9
Map_3685,32,78,18,18,18,15,14,18,14,18,14,18,14,18,14,18,14,14,14,14,14,14,14,14,14,18
Map_3686,15,60,9,9,9,9,9,9,9,9,9,9,9,9,9,9,10,9,10,9,10,9,9,9,9,9
Map_3687,18,24,8,8,9,8,8,8,9,8,9,8,8,8,8,8,9,8,9,8,9,8,9,8,9,8
Map_3688,19,64,21,21,16,26,16,15,16,15,16,15,15,15,15,15,16,15,16,15,16,15,16,15,16,15
Map_3689,5,13,5,5,5,5,5,5,5,5,5,5,5,5,5,5,5,5,6,5,6,5,5,5,5,5
Map_3690,30,59,14,13,14,14,14,13,14,13,14,13,13,13,13,13,14,13,14,13,14,13,14,13,14,13
Map_3691,7,23,7,7,7,7,7,7,7,7,7,7,7,7,7,7,7,7,7,7,7,7,7,7,7,7
Map_3692,22,36,9,9,9,9,9,9,9,9,9,9,9,9,9,9,9,9,9,9,9,9,9,9,9,9
Map_3693,15,42,14,14,14,21,14,14,14,14,14,14,14,14,14,14,11,11,11,11,11,11,11,11,11,11
Map_3694,41,91,27,27,27,23,20,20,20,20,20,20,20,20,20,20,20,20,20,20,20,20,20,20,20,20
Map_3695,101,152,22,22,16,24,22,16,22,16,22,16,22,16,22,16,23,16,23,16,23,16,22,16,22,16
Map_3696,16,134,13,13,13,19,19,13,19,13,19,13,19,13,19,13,19,13,21,13,21,13,19,13,19,13
Map_3697,23,73,11,11,11,11,11,11,11,11,11,11,11,11,11,11,11,11,11,11,11,11,11,11,11,11
Map_3698,21,38,10,10,9,10,10,9,10,9,10,9,10,9,10,9,10,9,10,9,10,9,10,9,10,9
Map_3699,13,56,9,9,9,9,9,9,9,9,9,9,9,9,9,9,9,9,9,9,9,9,9,9,9,9
Map_3700,31,56,25,25,25,35,28,31,28,31,28,31,28,31,28,31,27,25,30,25,30,25,28,25,28,25
Map_3701,31,43,11,11,11,14,11,11,11,11,11,11,11,11,11,11,11,11,11,11,11,11,11,11,11,11
Map_3702,10,21,8,8,8,8,8,8,8,8,8,8,8,8,8,8,9,8,9,8,9,8,8,8,8,8
Map_3703,11,114,9,9,9,12,12,9,12,9,12,9,12,9,12,9,12,9,12,9,12,9,12,9,12,9
Map_3704,16,20,10,10,10,10,10,10,10,10,10,10,10,10,10,10,10,10,10,10,10,10,10,10,10,10
Map_3705,177,127,21,21,21,22,21,21,21,21,21,21,29,29,29,29,24,16,24,16,24,16,24,16,26,16
Map_3706,289,207,44,37,40,45,20,20,20,20,20,20,20,20,20,20,20,20,20,20,20,20,20,20,20,20
Map_3707,12,59,12,12,12,15,13,12,13,12,13,12,13,12,13,12,13,12,13,12,13,12,13,12,13,12
Map_3708,41,99,17,17,17,21,19,19,19,19,19,19,19,19,19,19,19,19,19,19,19,19,19,19,19,19
Map_3709,5,28,5,5,5,5,5,5,5,5,5,5,5,5,5,5,5,5,5,5,5,5,5,5,5,5
Map_3710,16,36,11,11,11,11,11,11,11,11,11,11,11,11,11,11,11,11,11,11,11,11,11,11,11,11
Map_3711,24,79,20,21,20,30,18,22,18,22,18,22,18,21,18,21,19,20,19,16,19,16,19,21,19,21
Map_3712,7,92,7,7,7,12,8,7,8,7,8,7,7,7,7,7,7,7,7,7,7,7,7,7,7,7
Map_3713,52,46,29,29,30,32,27,27,27,27,27,27,27,27,27,27,28,27,28,26,28,26,28,27,28,27
Map_3714,25,61,19,19,19,19,19,19,19,19,19,19,19,19,19,19,25,19,25,19,25,19,19,19,19,19
Map_3715,13,20,13,13,13,14,13,13,13,13,13,13,13,13,13,13,16,13,16,14,16,14,13,13,13,13
Map_3716,16,77,15,15,15,15,15,15,15,15,15,15,15,15,15,15,15,15,15,15,15,15,15,15,15,15
Map_3717,9,138,7,7,7,11,7,7,7,7,7,7,7,7,7,7,7,7,7,7,7,7,7,7,7,7
Map_3718,12,34,10,10,10,10,10,10,10,10,10,10,10,10,10,10,10,10,10,10,10,10,10,10,10,10
Map_3719,12,38,10,10,10,10,12,9,12,9,12,9,12,9,12,9,12,9,12,9,12,9,12,9,12,9
Map_3720,15,94,10,10,10,13,10,10,10,10,10,10,10,10,10,10,10,10,10,10,10,10,10,10,10,10
Map_3721,27,146,17,17,20,17,17,17,17,17,17,17,17,17,17,17,17,17,17,17,17,17,17,17,17,17
Map_3722,456,185,22,22,22,22,22,22,22,22,22,22,22,22,22,22,22,22,22,22,22,22,22,22,22,22
Map_3723,22,110,18,18,18,18,15,15,15,15,15,15,15,15,15,15,16,15,16,15,16,15,15,15,15,15
Map_3724,99,91,52,45,50,52,41,46,41,46,41,46,41,46,41,46,39,22,39,22,39,22,36,22,36,22
Map_3725,25,135,7,7,7,7,7,7,7,7,7,7,7,7,7,7,7,7,7,7,7,7,7,7,7,7
Map_3726,11,173,8,8,8,9,8,8,8,8,8,8,8,8,8,8,8,8,8,8,8,8,8,8,8,8
Map_3727,12,31,10,10,10,17,11,10,11,10,11,10,11,10,11,10,13,10,13,10,13,10,11,10,11,10
Map_3728,4,23,4,4,4,4,4,4,4,4,4,4,4,4,4,4,4,4,4,4,4,4,4,4,4,4
Map_3729,5,12,5,5,5,7,5,5,5,5,5,5,5,5,5,5,5,5,5,5,5,5,5,5,5,5
Map_3730,11,39,6,6,6,6,6,5,6,5,6,5,5,5,5,5,5,5,5,5,5,5,5,5,5,5
Map_3731,13,122,11,11,11,12,11,11,11,11,11,11,11,11,11,11,11,11,11,11,11,11,11,11,11,11
Map_3732,64,65,10,10,10,10,10,10,10,10,10,10,10,10,10,10,10,10,10,10,10,10,10,10,10,10
Map_3733,15,44,15,13,15,17,13,13,13,13,13,13,13,13,13,13,13,13,13,13,13,13,13,13,13,13
Map_3734,21,149,17,17,17,23,13,13,13,13,13,13,13,13,13,13,16,13,16,13,16,13,13,13,13,13
Map_3735,10,23,11,10,11,11,9,9,9,9,9,9,9,9,9,9,9,9,9,9,9,9,9,9,9,9
Map_3736,16,53,12,12,12,19,12,12,12,12,12,12,12,12,12,12,12,12,12,12,12,12,12,12,12,12
Map_3737,26,78,11,11,11,11,11,11,11,11,11,11,11,11,11,11,11,11,11,11,11,11,11,11,11,11
Map_3738,17,95,18,17,18,18,15,15,15,15,15,15,15,15,15,15,15,15,15,15,15,15,15,15,15,15
Map_3739,24,75,26,25,25,26,20,19,20,19,20,19,19,19,19,19,16,16,18,16,18,16,16,19,16,19
Map_3740,14,183,11,11,11,11,11,11,11,11,11,11,11,11,11,11,11,11,11,11,11,11,11,11,11,11
Map_3741,6,22,7,7,7,10,7,6,7,6,7,6,6,6,6,6,7,6,7,6,9,6,7,6,7,6
Map_3742,11,45,11,11,11,11,11,11,11,11,11,11,11,11,11,11,11,11,11,11,11,11,11,11,11,11
Map_3743,28,35,12,12,12,13,12,11,12,11,12,11,12,11,12,11,14,11,14,11,14,11,14,11,14,11
Map_3744,6,31,6,6,6,9,6,6,6,6,6,6,6,6,6,6,6,6,6,6,6,6,6,6,6,6
Map_3745,6,21,6,6,6,6,6,6,6,6,6,6,6,6,6,6,6,6,6,6,6,6,6,6,6,6
Map_3746,5,9,5,5,5,7,5,5,5,5,5,5,5,5,5,5,5,5,5,5,5,5,5,5,5,5
Map_3747,41,43,13,13,16,13,13,13,13,13,13,13,13,13,13,13,14,13,14,13,14,13,13,13,13,13
Map_3748,42,146,24,24,24,24,24,24,24,24,24,24,24,24,24,24,24,24,30,24,30,24,24,24,24,24
Map_3749,11,61,10,10,10,12,10,10,10,10,10,10,10,10,10,10,10,10,10,10,10,10,10,10,10,10
Map_3750,22,47,15,15,15,15,15,14,15,14,15,14,15,14,14,14,14,14,14,14,14,14,14,14,14,14
Map_3751,5,10,7,5,5,7,5,5,5,5,5,5,5,5,5,5,5,5,5,5,5,5,5,5,5,5
Map_3752,11,41,10,10,10,10,10,10,10,10,10,10,10,10,10,10,10,10,10,10,10,10,10,10,10,10
Map_3753,7,16,7,7,7,9,7,7,7,7,7,7,7,7,7,7,7,7,7,7,7,7,7,7,7,7
Map_3754,25,75,16,16,16,16,16,16,16,16,16,16,16,16,16,16,23,16,23,16,23,16,23,16,23,16
Map_3755,16,34,10,10,10,10,10,10,10,10,10,10,10,10,10,10,10,10,10,10,10,10,10,10,10,10
Map_3756,7,31,7,7,7,13,7,7,7,7,7,7,7,7,7,7,7,7,7,7,7,7,7,7,7,7
Map_3757,57,81,51,47,46,51,46,34,46,34,46,34,47,34,47,34,34,34,34,34,36,34,34,34,34,34
Map_3758,111,88,8,8,8,8,8,8,8,8,8,8,8,8,8,8,8,8,8,8,8,8,8,8,8,8
Map_3759,8,135,9,9,9,9,9,8,9,8,9,8,8,8,8,8,9,8,9,8,9,8,9,8,9,8
Map_3760,8,49,8,8,8,8,8,8,8,8,8,8,8,8,8,8,8,8,8,8,8,8,8,8,8,8
Map_3761,15,62,13,13,13,13,13,13,13,13,13,13,13,13,13,13,13,10,13,10,13,10,13,10,13,10
Map_3762,11,16,11,11,11,11,11,11,11,11,11,11,11,11,11,11,10,10,10,10,10,10,10,10,10,10
Map_3763,11,19,7,7,7,8,7,7,7,7,7,7,7,7,7,7,7,7,7,7,7,7,7,7,7,7
Map_3764,15,25,10,10,10,10,10,10,10,10,10,10,10,10,10,10,10,10,10,10,10,10,10,10,10,10
Map_3765,19,26,16,16,16,16,16,16,16,16,16,16,16,16,16,16,15,14,15,14,15,14,14,14,14,14
Map_3766,25,82,24,24,24,24,19,19,19,19,19,19,19,19,19,19,19,19,21,19,21,19,19,19,19,19
Map_3767,14,77,13,13,13,15,15,13,15,13,15,13,15,13,15,13,15,13,15,13,15,13,15,13,15,13
Map_3768,13,110,9,9,9,18,11,9,11,9,11,9,11,9,11,9,11,9,11,9,11,9,11,9,11,9
Map_3769,173,126,16,16,16,16,16,16,16,16,16,16,16,16,16,16,16,16,16,16,16,16,16,16,16,16
Map_3770,10,27,9,9,9,10,9,9,9,9,9,9,9,9,9,9,10,9,10,9,10,9,10,9,9,9
Map_3771,13,25,8,8,8,9,8,8,8,8,8,8,8,8,8,8,8,8,11,8,11,8,8,8,8,8
Map_3772,9,25,9,8,9,14,9,8,9,8,9,8,9,8,9,8,9,8,9,8,9,8,9,8,9,8
Map_3773,24,41,20,16,20,21,16,16,16,16,16,16,16,16,16,16,16,16,16,16,19,16,16,16,16,16
Map_3774,91,75,31,36,31,42,31,30,31,30,31,30,30,30,30,30,31,30,31,30,31,30,31,30,31,30
Map_3775,4,22,4,4,4,5,4,4,4,4,4,4,4,4,4,4,4,4,4,4,4,4,4,4,4,4
Map_3776,15,81,15,15,15,18,14,15,14,15,14,15,14,15,14,15,15,14,15,14,15,14,15,14,15,14
Map_3777,12,60,8,8,8,8,8,8,8,8,8,8,8,8,8,8,9,8,9,8,9,8,8,8,8,8
Map_3778,63,97,59,59,59,64,50,37,50,37,50,37,50,37,50,37,38,27,38,27,38,27,38,37,38,37
Map_3779,7,22,7,7,7,7,7,7,7,7,7,7,7,7,7,7,7,7,7,7,7,7,7,7,7,7
Map_3780,7,36,5,5,5,5,5,5,5,5,5,5,5,5,5,5,5,5,5,5,5,5,5,5,5,5
Map_3781,12,18,10,9,9,10,9,9,9,9,9,9,9,9,9,9,9,9,9,9,9,9,9,9,9,9
Map_3782,37,58,18,18,18,22,18,18,18,18,18,18,18,18,18,18,18,18,18,18,18,18,18,18,18,18
Map_3783,27,70,12,12,12,12,12,12,12,12,12,12,12,12,12,12,14,12,14,12,14,12,12,12,12,12
Map_3784,14,25,13,13,13,13,13,13,13,13,13,13,13,13,13,13,13,13,13,13,13,13,13,13,13,13
Map_3785,6,44,6,6,6,8,6,6,6,6,6,6,6,6,6,6,6,6,6,6,6,6,6,6,6,6
Map_3786,20,62,13,13,13,13,11,11,11,11,11,11,11,11,11,11,11,11,11,11,11,11,11,11,11,11
Map_3787,47,75,14,14,14,17,14,14,14,14,14,14,14,14,14,14,18,14,18,14,18,14,18,14,14,14
Map_3788,13,20,10,10,10,13,10,10,10,10,10,10,10,10,10,10,10,10,10,10,10,10,10,10,10,10
Map_3789,142,69,32,32,31,32,30,31,30,31,30,31,30,31,30,31,30,30,30,30,30,30,30,30,30,30
Map_3790,34,93,17,15,17,17,15,15,15,15,15,15,15,15,15,15,15,15,15,15,15,15,15,15,15,15
Map_3791,20,50,24,24,24,24,24,22,24,22,24,22,24,22,24,22,24,21,24,21,24,21,24,21,24,21
Map_3792,51,40,18,18,18,29,12,12,12,12,12,12,12,12,12,12,12,12,12,12,12,12,12,12,12,12
Map_3793,30,67,21,21,21,34,21,21,21,21,21,21,21,21,21,21,19,21,19,21,19,21,19,21,19,21
Map_3794,11,54,10,10,11,15,10,11,10,11,10,11,10,11,10,11,10,10,10,10,10,10,10,11,10,11
Map_3795,7,155,7,7,7,7,7,7,7,7,7,7,7,7,7,7,7,7,7,7,7,7,7,7,7,7
Map_3796,8,15,8,8,8,9,8,8,8,8,8,8,8,8,8,8,8,8,8,8,8,8,8,8,8,8
Map_3797,9,57,9,9,9,13,9,9,9,9,9,9,9,9,9,9,11,9,11,9,11,9,9,9,9,9
Map_3798,12,30,11,11,11,11,9,9,9,9,9,9,9,9,9,9,9,9,9,9,9,9,9,9,9,9
Map_3799,13,28,10,10,10,14,10,10,10,10,10,10,10,10,10,10,13,10,13,10,13,10,11,10,11,10
Map_3800,39,75,40,39,28,44,33,28,33,28,33,28,33,28,33,28,32,28,32,28,32,28,32,28,32,28
Map_3801,12,38,16,12,12,27,12,12,12,12,12,12,12,12,12,12,12,12,12,12,12,12,12,12,12,12
Map_3802,9,24,9,9,9,9,9,8,9,8,9,8,9,8,9,8,9,8,9,8,9,8,9,8,9,8
Map_3803,8,18,9,9,9,12,9,8,9,8,9,8,9,8,8,8,8,8,8,8,8,8,8,8,8,8
Map_3804,27,46,10,10,10,10,10,10,10,10,10,10,10,10,10,10,10,10,10,10,10,10,10,10,10,10
Map_3805,44,49,15,15,15,15,15,15,15,15,15,15,15,15,15,15,18,15,19,15,19,15,17,15,17,15
Map_3806,7,11,7,7,7,7,7,7,7,7,7,7,7,7,7,7,7,7,7,7,7,7,7,7,7,7
Map_3807,9,17,11,10,9,12,9,9,9,9,9,9,9,9,9,9,9,9,9,9,9,9,9,9,9,9
Map_3808,12,22,10,10,10,15,10,10,10,10,10,10,10,10,10,10,10,10,10,10,10,10,10,10,10,10
Map_3809,41,115,22,22,22,22,22,22,22,22,22,22,22,22,22,22,24,22,24,22,24,22,24,22,24,22
Map_3810,25,45,10,10,10,10,10,10,10,10,10,10,10,10,10,10,10,10,10,10,10,10,10,10,10,10
Map_3811,30,82,21,21,21,21,20,20,20,20,20,20,20,20,20,20,17,17,17,17,17,17,17,17,17,17
Map_3812,44,72,14,14,14,14,14,14,14,14,14,14,14,14,14,14,14,14,14,14,14,14,14,14,14,14
Map_3813,9,24,12,9,12,15,14,9,14,9,14,9,11,9,11,9,11,9,11,9,11,9,11,9,11,9
Map_3814,34,80,25,25,25,25,14,14,14,14,14,14,14,14,14,14,14,14,14,14,14,14,14,14,14,14
Map_3815,30,38,16,16,16,16,16,16,16,16,16,16,17,17,17,17,16,16,16,16,16,16,16,16,16,16
Map_3816,11,17,11,10,10,11,10,10,10,10,10,10,10,10,10,10,11,10,11,10,11,10,10,10,10,10
Map_3817,18,31,13,12,13,13,12,12,12,12,12,12,12,12,12,12,12,12,17,12,17,12,12,12,12,12
Map_3818,14,217,14,14,14,14,14,14,14,14,14,14,14,14,14,14,14,14,14,14,14,14,14,14,14,14
Map_3819,13,32,10,10,10,10,10,10,10,10,10,10,10,10,10,10,10,10,10,10,10,10,10,10,10,10
Map_3820,24,50,31,26,26,35,26,26,26,26,26,26,26,26,26,26,18,18,18,18,18,18,18,18,18,18
Map_3821,10,85,10,10,10,10,11,10,11,10,11,10,10,10,10,10,11,10,11,10,11,10,11,10,11,10
Map_3822,9,28,8,8,8,8,8,8,8,8,8,8,8,8,8,8,8,8,8,8,8,8,8,8,8,8
Map_3823,5,25,5,5,5,5,5,5,5,5,5,5,5,5,5,5,5,5,5,5,5,5,5,5,5,5
Map_3824,25,54,13,13,13,13,13,13,13,13,13,13,13,13,13,13,16,13,16,13,16,13,13,13,13,13
Map_3825,93,57,14,14,14,15,13,13,13,13,13,13,13,13,13,13,14,13,14,13,14,13,14,13,14,13
Map_3826,9,15,7,7,7,8,7,7,7,7,7,7,7,7,7,7,7,7,7,7,7,7,7,7,7,7
Map_3827,406,156,41,40,56,42,35,31,35,31,35,31,35,31,35,31,35,31,39,31,39,31,35,31,35,31
Map_3828,24,75,20,20,20,23,20,20,20,20,20,20,20,20,20,20,15,13,17,13,17,13,15,13,15,13
Map_3829,18,93,18,18,18,37,19,18,19,18,19,18,19,18,19,18,17,19,17,19,17,19,17,19,17,19
Map_3830,20,39,14,14,14,14,14,11,14,11,14,11,14,11,14,11,14,11,14,11,15,11,14,11,14,11
Map_3831,19,48,25,25,25,25,19,19,19,19,19,19,19,19,19,19,19,19,19,19,19,19,19,19,19,19
Map_3832,59,77,15,15,15,15,13,15,13,15,13,15,13,15,13,15,13,13,13,13,13,13,13,13,13,13
Map_3833,22,109,14,14,17,18,14,14,14,14,14,14,14,14,14,14,17,14,17,14,17,14,14,14,14,14
Map_3834,19,56,13,13,13,16,13,13,13,13,13,13,13,13,13,13,13,13,13,13,13,13,13,13,13,13
Map_3835,20,64,16,16,16,15,13,13,13,13,13,13,13,13,13,13,13,13,13,13,13,13,13,13,13,13
Map_3836,15,74,7,7,7,9,7,7,7,7,7,7,7,7,7,7,7,7,7,7,7,7,7,7,7,7
Map_3837,5,11,5,5,5,7,5,5,5,5,5,5,5,5,5,5,5,5,5,5,5,5,5,5,5,5
Map_3838,11,32,10,10,10,16,11,11,11,11,11,11,11,11,11,11,11,10,11,10,11,10,11,10,11,10
Map_3839,51,170,36,36,36,38,36,29,36,29,36,29,43,37,43,37,33,29,33,29,33,29,33,29,33,29
Map_3840,10,16,10,10,10,10,9,9,9,9,9,9,9,9,9,9,10,9,10,9,10,9,9,9,9,9
Map_3841,15,60,10,10,10,10,10,10,10,10,10,10,10,10,10,10,10,10,13,10,13,10,10,10,10,10
Map_3842,6,12,6,6,6,10,6,6,6,6,6,6,6,6,6,6,6,6,9,6,9,6,6,6,6,6
Map_3843,11,21,8,8,8,8,8,8,8,8,8,8,8,8,8,8,8,8,8,8,8,8,8,8,8,8
Map_3844,11,333,11,11,11,12,11,11,11,11,11,11,11,11,11,11,14,11,14,11,14,11,14,11,11,11
Map_3845,11,21,8,8,8,8,8,8,8,8,8,8,8,8,8,8,8,8,8,9,8,9,8,8,8,8
Map_3846,10,18,8,8,8,9,8,8,8,8,8,8,8,8,8,8,8,8,8,8,14,8,8,8,8,8
Map_3847,6,11,8,6,6,9,6,6,6,6,6,6,6,6,6,6,8,6,8,6,8,6,6,6,6,6
Map_3848,42,53,37,37,37,42,17,17,17,17,17,17,17,17,17,17,17,17,17,17,17,17,17,17,17,17
Map_3849,20,168,13,13,13,16,13,13,13,13,13,13,13,13,13,13,13,13,13,13,13,13,13,13,13,13
Map_3850,13,39,13,13,13,13,13,13,13,13,13,13,13,13,13,13,13,13,13,13,13,13,13,13,13,13
Map_3851,8,13,8,8,8,9,8,8,8,8,8,8,8,8,8,8,8,8,8,8,8,8,8,8,8,8
Map_3852,6,12,6,6,6,6,6,6,6,6,6,6,6,6,6,6,6,6,6,6,6,6,6,6,6,6
Map_3853,6,17,6,6,6,6,6,6,6,6,6,6,6,6,6,6,6,6,6,6,6,6,6,6,6,6
Map_3854,17,31,13,13,13,18,13,12,13,12,13,12,13,17,13,17,12,12,12,12,12,12,12,12,12,12
Map_3855,95,161,25,24,25,15,15,15,15,15,15,15,15,15,15,15,18,15,18,15,18,15,18,15,18,15
Map_3856,29,38,24,33,31,24,24,24,24,24,24,24,26,26,29,29,23,14,23,14,23,14,24,14,24,14
Map_3857,5,13,5,5,5,5,5,5,5,5,5,5,5,5,5,5,5,5,5,5,5,5,5,5,5,5
Map_3858,14,83,6,6,6,6,6,6,6,6,6,6,6,6,6,6,6,6,6,6,6,6,6,6,6,6
Map_3859,31,45,40,40,35,46,28,24,28,24,28,24,28,24,28,24,24,23,24,23,24,23,22,23,22,23
Map_3860,17,35,13,13,13,23,13,13,13,13,13,13,13,13,13,13,11,11,11,11,11,11,11,11,11,11
Map_3861,20,32,13,13,13,20,13,13,13,13,13,13,13,13,13,13,20,13,23,13,23,13,13,13,13,13
Map_3862,22,36,11,11,11,21,13,11,13,11,13,11,13,11,13,11,13,11,13,11,13,11,13,11,13,11
Map_3863,31,59,17,17,17,17,17,16,17,16,17,16,16,16,16,16,16,16,16,16,16,16,16,16,16,16
Map_3864,14,77,10,10,10,23,10,10,10,10,10,10,10,10,10,10,10,10,10,10,10,10,10,10,10,10
Map_3865,25,214,17,15,17,19,15,15,15,15,15,15,15,15,15,15,15,15,15,15,15,15,15,15,15,15
Map_3866,21,114,13,13,13,13,12,13,12,13,12,13,12,13,12,13,12,14,12,14,12,14,12,14,12,14
Map_3867,7,11,9,7,7,9,7,7,7,7,7,7,7,7,7,7,7,7,7,7,7,7,7,7,7,7
Map_3868,8,21,8,8,8,8,8,8,8,8,8,8,8,8,8,8,8,8,8,8,8,8,8,8,8,8
Map_3869,11,19,10,9,10,10,9,9,9,9,9,9,9,9,9,9,9,9,9,9,9,9,9,9,9,9
Map_3870,11,18,12,12,12,12,11,11,11,11,11,11,11,11,11,11,11,11,13,11,13,11,11,11,11,11
Map_3871,25,40,16,16,16,20,17,15,17,15,17,15,15,15,15,15,17,15,18,15,18,15,17,15,17,15
Map_3872,13,26,12,12,12,12,12,11,12,11,12,11,11,11,11,11,12,11,12,11,12,11,12,11,12,11
Map_3873,8,177,10,8,10,11,8,8,8,8,8,8,8,8,8,8,8,8,11,8,11,8,8,8,8,8
Map_3874,15,56,13,13,13,13,13,15,13,15,13,15,15,15,15,15,13,13,13,13,13,13,13,15,13,15
Map_3875,9,14,9,9,9,9,9,9,9,9,9,9,9,9,9,9,9,9,9,9,9,9,9,9,9,9
Map_3876,14,26,13,14,13,19,13,13,13,13,13,13,14,14,14,14,13,13,13,14,13,14,13,13,13,13
Map_3877,31,72,23,22,23,26,23,22,23,22,23,22,22,22,22,22,24,22,24,22,24,22,24,22,24,22
Map_3878,47,83,12,12,12,12,17,12,17,12,17,12,16,12,16,12,18,12,18,12,18,12,17,12,17,12
Map_3879,14,38,16,14,16,16,14,14,14,14,14,14,14,14,14,14,14,14,14,14,14,14,14,14,14,14
Map_3880,13,20,11,11,11,11,11,10,11,10,11,10,11,10,11,10,11,10,11,10,11,10,11,10,11,10
Map_3881,114,177,36,53,83,50,52,22,52,22,52,22,52,22,52,22,37,22,31,22,31,22,37,22,37,22
Map_3882,11,35,10,9,10,12,9,9,9,9,9,9,9,9,9,9,10,9,10,9,10,9,10,9,9,9
Map_3883,42,114,44,44,44,49,43,40,43,40,43,40,40,40,44,42,36,43,36,42,36,36,43,40,43,40
Map_3884,8,84,8,8,8,8,8,8,8,8,8,8,8,8,8,8,8,8,11,8,11,8,8,8,8,8
Map_3885,5,20,5,5,5,5,5,5,5,5,5,5,5,5,5,5,5,5,5,5,5,5,5,5,5,5
Map_3886,7,18,7,7,7,7,7,7,7,7,7,7,7,7,7,7,9,7,9,7,9,7,7,7,7,7
Map_3887,32,23,16,16,25,16,16,16,16,16,16,16,16,16,16,16,16,16,21,16,21,16,16,16,16,16
Map_3888,12,24,9,9,9,9,9,9,9,9,9,9,9,9,9,9,10,9,10,9,10,9,9,9,9,9
Map_3889,15,181,11,11,11,11,11,16,11,16,11,16,11,16,11,16,11,11,11,11,11,11,11,11,11,11
Map_3890,85,108,23,23,23,23,21,21,21,21,21,21,21,21,21,21,21,21,21,21,21,21,21,21,21,21
Map_3891,12,39,8,8,8,8,8,8,8,8,8,8,8,8,8,8,8,8,8,8,8,8,8,8,8,8
Map_3892,21,61,15,15,15,15,21,21,21,21,21,21,21,21,21,21,23,28,23,18,23,18,23,28,23,28
Map_3893,28,67,12,12,12,12,12,12,12,12,12,12,12,12,12,12,12,12,12,12,12,12,12,12,12,12
Map_3894,20,56,16,16,16,20,15,14,15,14,15,14,15,14,15,14,14,14,14,14,14,14,15,14,15,14
Map_3895,12,119,10,10,10,16,10,10,10,10,10,10,10,10,10,10,10,10,10,10,10,10,10,10,10,10
Map_3896,10,27,8,8,8,8,8,8,8,8,8,8,8,8,8,8,8,8,8,8,8,8,8,8,8,8
Map_3897,28,81,31,31,31,32,28,28,28,28,28,28,28,28,28,28,28,28,28,28,28,28,28,28,28,28
Map_3898,12,19,9,9,9,10,9,9,9,9,9,9,9,9,9,9,9,9,9,9,9,9,9,9,9,9
Map_3899,132,67,19,19,23,19,19,19,19,19,19,19,19,19,19,19,31,19,31,19,31,19,31,19,31,19
Map_3900,8,16,8,8,8,8,8,8,8,8,8,8,8,8,8,8,8,8,8,8,8,8,8,8,8,8
Map_3901,9,42,12,9,12,14,12,9,12,9,12,9,9,9,9,9,9,9,12,9,12,9,9,9,9,9
Map_3902,16,94,12,12,12,14,12,12,12,12,12,12,12,12,12,12,12,12,12,12,12,12,12,12,12,12
Map_3903,18,30,14,14,14,22,13,13,13,13,13,13,13,13,13,13,13,13,13,13,13,13,13,13,13,13
Map_3904,4,7,4,4,4,5,4,4,4,4,4,4,4,4,4,4,4,4,4,4,4,4,4,4,4,4
Map_3905,25,42,16,16,20,32,29,16,29,16,29,16,29,16,29,16,16,16,16,16,16,16,22,16,22,16
Map_3906,20,103,17,17,17,18,16,11,16,11,16,11,16,11,16,11,15,11,15,11,15,11,15,11,15,11
Map_3907,7,22,5,5,5,6,5,5,5,5,5,5,5,5,5,5,5,5,5,5,5,5,5,5,5,5
Map_3908,12,17,9,9,9,9,9,9,9,9,9,9,9,9,9,9,9,9,9,9,9,9,9,9,9,9
Map_3909,36,94,37,37,37,38,37,28,37,28,37,28,37,28,36,28,35,27,35,27,35,27,35,27,36,27
Map_3910,296,89,35,35,35,38,37,35,37,35,37,35,35,35,35,35,20,17,20,17,20,17,19,17,19,17
Map_3911,15,76,12,12,15,12,12,15,12,15,12,15,12,14,12,14,12,12,12,12,12,12,12,12,12,14
Map_3912,46,51,14,14,16,15,14,14,14,14,14,14,14,14,14,14,14,14,14,14,14,14,14,14,14,14
Map_3913,51,174,51,51,54,83,50,27,50,27,50,27,51,27,51,27,37,27,37,27,37,27,37,27,37,27
Map_3914,23,77,11,10,11,11,10,10,10,10,10,10,10,10,10,10,12,8,12,8,12,8,8,8,8,8
Map_3915,136,106,32,32,32,32,32,32,32,32,32,32,32,32,32,32,32,32,32,32,32,32,32,32,32,32
Map_3916,13,94,7,7,7,16,9,7,9,7,9,7,9,7,9,7,7,7,7,7,7,7,7,7,7,7
Map_3917,16,19,13,13,13,13,12,13,12,13,12,13,12,13,12,13,12,12,12,12,12,12,12,12,12,12
Map_3918,33,114,41,41,112,60,31,41,31,41,31,41,31,41,31,41,46,32,38,32,38,32,44,32,44,32
Map_3919,6,12,6,6,6,6,6,6,6,6,6,6,6,6,6,6,6,6,6,6,6,6,6,6,6,6
Map_3920,6,13,6,6,6,7,6,6,6,6,6,6,6,6,6,6,6,6,6,6,6,6,6,6,6,6
Map_3921,62,93,41,32,45,111,32,18,32,18,32,18,32,18,32,18,18,18,18,18,18,18,18,18,18,18
Map_3922,5,11,5,5,5,9,6,5,6,5,6,5,6,5,6,5,6,5,6,5,6,5,6,5,6,5
Map_3923,8,25,8,8,8,9,7,7,7,7,7,7,7,7,7,7,7,7,7,7,7,7,7,7,7,7
Map_3924,32,35,11,11,11,28,15,15,15,15,15,15,15,15,15,15,15,11,15,11,15,11,15,11,15,11
Map_3925,7,19,7,7,7,9,7,7,7,7,7,7,7,7,7,7,7,7,7,7,7,7,7,7,7,7
Map_3926,7,20,7,7,7,14,7,7,7,7,7,7,7,7,7,7,8,7,8,7,8,7,7,7,7,7
Map_3927,12,92,12,12,12,12,12,12,12,12,12,12,12,12,12,12,12,12,12,12,12,12,12,12,12,12
Map_3928,7,54,7,7,7,8,7,7,7,7,7,7,7,7,7,7,7,7,7,7,7,7,7,7,7,7
Map_3929,45,121,14,14,14,14,14,14,14,14,14,14,14,14,14,14,14,14,15,14,15,14,14,14,14,14
Map_3930,24,65,13,13,13,14,13,13,13,13,13,13,13,13,13,13,14,13,14,13,14,13,14,13,13,13
Map_3931,7,11,7,7,7,9,7,7,7,7,7,7,7,7,7,7,7,7,7,7,7,7,7,7,7,7
Map_3932,8,27,8,8,8,8,8,8,8,8,8,8,8,8,8,8,8,8,8,8,8,8,8,8,8,8
Map_3933,8,32,7,7,7,11,7,7,7,7,7,7,7,7,7,7,7,7,7,7,7,7,7,7,7,7
Map_3934,137,156,13,13,13,15,14,13,14,13,14,13,14,13,14,13,14,13,14,13,14,13,14,13,14,13
Map_3935,8,20,8,8,8,9,8,8,8,8,8,8,8,8,8,8,8,8,8,8,8,8,8,8,8,8
Map_3936,11,19,10,10,10,11,10,10,10,10,10,10,10,10,10,10,11,10,11,10,11,10,11,10,11,10
Map_3937,128,169,18,18,38,24,18,18,18,18,18,18,18,18,18,18,18,18,23,18,23,18,18,18,18,18
Map_3938,33,207,23,23,29,28,23,28,23,28,23,28,23,28,23,28,24,23,24,23,24,23,23,21,23,21
Map_3939,9,58,9,9,9,17,9,9,9,9,9,9,9,9,9,9,9,9,9,9,9,9,9,9,9,9
Map_3940,15,108,15,15,15,15,15,15,15,15,15,15,15,15,15,15,15,15,15,15,15,15,15,15,15,15
Map_3941,20,49,12,12,12,12,12,12,12,12,12,12,12,12,12,12,12,12,12,12,12,12,12,12,12,12
Map_3942,14,29,12,12,12,16,14,14,14,14,14,14,14,14,14,14,14,11,14,11,14,11,14,11,14,11
Map_3943,29,69,14,14,13,15,14,13,14,13,14,13,14,13,14,13,14,13,14,13,14,13,14,13,14,13
Map_3944,9,102,11,11,11,11,11,11,11,11,11,11,11,11,11,11,11,9,11,9,11,9,11,9,11,9
Map_3945,263,121,31,31,29,48,31,31,31,31,31,31,31,31,31,31,28,28,45,28,45,28,28,28,28,28
Map_3946,14,40,11,11,11,11,11,11,11,11,11,11,11,11,11,11,11,11,11,11,11,11,11,11,11,11
Map_3947,10,160,9,9,11,9,9,9,9,9,9,9,9,9,9,9,9,9,9,9,9,9,9,9,9,9
Map_3948,18,42,13,13,13,16,13,13,13,13,13,13,13,13,13,13,13,13,15,13,15,13,13,13,13,13
Map_3949,9,58,9,9,9,9,9,9,9,9,9,9,9,9,9,9,9,9,13,9,13,9,9,9,9,9
Map_3950,30,35,19,19,20,30,19,15,19,15,19,15,19,15,19,15,16,15,16,15,16,15,16,15,16,15
Map_3951,9,38,9,9,9,12,8,9,8,9,8,9,8,9,8,9,8,8,8,8,8,8,8,8,8,8
Map_3952,16,120,13,13,13,14,13,14,13,14,13,14,13,14,13,14,14,14,14,14,14,14,12,14,12,14
Map_3953,30,51,32,32,21,27,27,21,27,21,27,21,27,21,27,21,21,21,21,21,21,21,21,21,21,21
Map_3954,9,40,11,11,11,11,11,9,11,9,11,9,11,9,11,9,11,9,11,9,11,9,11,9,11,9
Map_3955,11,72,11,11,11,11,11,11,11,11,11,11,11,11,11,11,11,11,11,11,11,11,11,11,11,11
Map_3956,8,38,8,8,7,8,8,7,8,7,8,7,8,7,8,7,8,7,8,7,8,7,8,7,8,7
Map_3957,20,76,12,12,12,13,12,12,12,12,12,12,12,12,12,12,13,12,13,12,13,12,12,12,12,12
Map_3958,6,15,6,5,6,9,5,5,5,5,5,5,5,5,5,5,5,5,5,5,5,5,5,5,5,5
Map_3959,21,67,10,10,10,19,10,10,10,10,10,10,10,10,10,10,10,10,10,10,10,10,10,10,10,10
Map_3960,18,94,12,12,12,28,12,12,12,12,12,12,12,12,12,12,12,12,25,12,25,12,12,12,12,12
Map_3961,13,109,9,9,9,13,9,9,9,9,9,9,9,9,9,9,9,9,9,9,9,9,9,9,9,9
Map_3962,195,183,71,31,46,31,22,22,22,22,22,22,22,22,22,22,21,22,21,22,21,22,21,22,21,22
Map_3963,26,39,15,15,15,15,15,15,15,15,15,15,15,15,15,15,15,15,15,15,20,15,15,15,15,15
Map_3964,30,45,21,18,21,23,13,17,13,17,13,17,13,17,13,17,13,13,13,13,13,13,13,14,13,14
Map_3965,5,27,5,5,5,5,5,5,5,5,5,5,5,5,5,5,5,5,5,5,5,5,5,5,5,5
Map_3966,72,85,19,19,19,26,19,19,19,19,19,19,19,19,19,19,19,19,19,19,19,19,19,19,19,19
Map_3967,15,84,19,19,19,26,19,18,19,18,19,18,19,18,18,18,16,14,16,14,16,15,16,14,14,14
Map_3968,45,137,25,20,25,25,19,19,19,19,19,19,19,19,19,19,19,19,19,19,19,19,19,19,19,19
Map_3969,143,87,45,45,45,33,26,32,26,32,26,32,26,32,26,32,25,21,25,21,34,21,25,21,25,21
Map_3970,8,185,8,8,8,8,10,8,10,8,10,8,10,8,10,8,10,8,10,8,10,8,10,8,10,8
Map_3971,29,66,28,42,44,32,27,27,27,27,27,27,41,41,41,41,28,27,28,27,28,27,27,29,31,29
Map_3972,22,108,16,16,25,18,16,16,16,16,16,16,16,16,16,16,22,16,22,16,22,16,17,16,17,16
Map_3973,26,36,15,14,14,15,14,14,14,14,14,14,14,14,14,14,14,14,14,14,14,14,14,14,14,14
Map_3974,12,20,13,11,13,16,11,11,11,11,11,11,11,11,11,11,16,11,16,11,16,11,11,11,11,11
Map_3975,31,66,23,23,23,30,23,21,23,21,23,21,21,21,21,21,22,21,22,21,22,21,22,21,22,21
Map_3976,9,67,11,9,11,11,9,9,9,9,9,9,9,9,9,9,9,9,9,9,9,9,9,9,9,9
Map_3977,30,81,17,17,17,30,17,13,17,13,17,13,17,13,17,13,17,13,17,13,17,13,17,13,17,13
Map_3978,10,27,6,6,6,11,6,6,6,6,6,6,6,6,6,6,6,6,6,6,6,6,6,6,6,6
Map_3979,25,89,18,18,18,21,18,18,18,18,18,18,18,18,18,18,18,18,18,18,18,18,18,18,18,18
Map_3980,22,104,16,16,16,16,19,16,19,16,19,16,19,16,19,16,20,16,20,16,20,16,20,16,20,16
Map_3981,8,31,8,8,8,9,7,7,7,7,7,7,7,7,7,7,7,7,7,7,7,7,7,7,7,7
Map_3982,8,38,8,8,8,11,8,8,8,8,8,8,8,8,8,8,8,8,8,8,8,8,8,8,8,8
Map_3983,67,55,30,30,31,30,30,30,33,30,33,30,30,30,30,30,26,32,26,26,26,26,26,30,26,30
Map_3984,25,204,22,22,20,24,22,22,22,22,22,22,22,22,22,22,23,21,23,17,23,17,23,21,23,21
Map_3985,10,106,7,7,7,10,7,7,7,7,7,7,7,7,7,7,7,7,7,7,7,7,7,7,7,7
Map_3986,13,22,14,14,14,18,9,9,9,9,9,9,9,9,9,9,9,9,9,9,9,9,9,9,9,9
Map_3987,29,47,34,34,34,48,24,23,24,23,24,23,23,23,23,23,24,23,25,23,25,23,24,23,24,23
Map_3988,33,55,18,17,19,18,17,17,17,17,17,17,17,17,17,17,18,17,18,17,18,17,17,17,17,17
Map_3989,33,68,19,19,19,30,19,19,19,19,19,19,19,19,19,19,19,19,19,19,19,19,19,19,19,19
Map_3990,6,12,6,6,6,6,6,6,6,6,6,6,6,6,6,6,6,6,6,6,6,6,6,6,6,6
Map_3991,17,40,19,18,18,19,17,18,17,18,17,18,16,18,16,18,17,18,17,18,17,18,17,18,17,18
Map_3992,14,192,14,14,14,14,14,14,14,14,14,14,14,14,14,14,14,14,14,14,14,14,14,14,14,14
Map_3993,13,46,8,8,8,8,8,8,8,8,8,8,8,8,8,8,8,8,8,8,8,8,8,8,8,8
Map_3994,172,95,6,6,6,6,6,6,6,6,6,6,6,6,6,6,6,6,6,6,6,6,6,6,6,6
Map_3995,48,48,13,13,13,12,12,12,12,12,12,12,12,12,12,12,12,12,12,12,12,12,12,12,12,12
Map_3996,29,34,20,20,20,27,21,23,21,23,21,23,21,23,21,23,21,20,21,20,21,20,21,20,21,20
Map_3997,23,86,23,21,23,23,21,21,21,21,21,21,21,21,21,21,22,21,22,21,22,22,21,21,21,21
Map_3998,12,23,9,9,9,9,9,9,9,9,9,9,9,9,9,9,9,9,9,9,9,9,9,9,9,9
Map_3999,7,19,8,8,8,8,7,7,7,7,7,7,7,7,7,7,8,7,8,7,8,7,7,7,7,7
Map_4000,10,23,10,10,10,12,10,10,10,10,10,10,10,10,10,10,10,9,10,9,10,9,10,9,10,9
Map_4001,9,13,8,8,8,8,8,8,8,8,8,8,8,8,8,8,8,8,8,8,8,8,8,8,8,8
Map_4002,47,88,50,49,50,50,54,43,54,43,54,43,53,39,53,39,51,34,51,34,54,37,48,34,46,34
Map_4003,9,16,9,9,9,9,9,9,9,9,9,9,9,9,9,9,9,9,9,9,9,9,9,9,9,9
Map_4004,14,27,11,11,11,13,11,11,11,11,11,11,11,11,11,11,11,10,11,10,11,10,11,10,11,10
Map_4005,24,32,20,20,20,20,20,20,20,20,20,20,20,20,20,20,20,20,20,18,20,18,20,20,20,20
Map_4006,45,39,20,19,20,21,18,18,18,22,18,22,18,18,18,18,19,18,21,18,21,18,18,18,18,18
Map_4007,6,9,6,6,6,6,6,6,6,6,6,6,6,6,6,6,6,6,6,6,6,6,6,6,6,6
Map_4008,37,37,33,32,33,39,24,24,24,24,24,24,24,24,24,24,24,24,24,24,24,24,24,24,24,24
Map_4009,17,183,9,9,9,16,9,9,9,9,9,9,9,9,9,9,9,9,9,9,9,9,9,9,9,9
Map_4010,14,38,11,11,11,11,11,11,11,11,11,11,11,11,11,11,11,11,12,11,12,11,11,11,11,11
Map_4011,14,37,15,14,14,15,14,14,14,14,14,14,14,14,14,14,14,14,14,14,14,14,14,14,14,14
Map_4012,11,21,11,11,11,12,11,11,11,11,11,11,11,11,11,11,10,10,10,10,10,10,11,10,11,10
Map_4013,11,135,24,13,24,20,13,12,13,12,13,12,12,12,12,12,11,11,11,11,11,11,13,12,13,12
Map_4014,24,91,21,21,21,24,16,21,16,21,16,21,16,21,16,21,16,16,16,16,16,16,16,16,16,16
Map_4015,8,26,9,9,9,13,9,9,9,9,9,9,9,9,9,9,8,8,8,8,8,8,8,8,8,8
Map_4016,96,199,14,14,16,16,14,14,14,14,14,14,14,14,14,14,16,14,17,14,17,14,14,14,14,14
Map_4017,16,302,13,13,13,16,15,15,15,15,15,15,15,15,15,15,15,13,15,13,15,13,15,13,15,13
Map_4018,60,108,22,22,27,25,22,22,22,22,22,22,22,22,22,22,25,22,25,22,25,22,22,22,22,22
Map_4019,11,27,11,11,11,11,10,11,10,11,10,11,10,11,10,11,10,10,10,10,10,10,10,10,10,10
Map_4020,30,67,12,12,12,12,12,12,12,12,12,12,12,12,12,12,12,12,12,12,12,12,12,12,12,12
Map_4021,7,12,7,7,7,9,7,7,7,7,7,7,7,7,7,7,7,7,7,7,7,7,7,7,7,7
Map_4022,18,107,20,20,20,20,20,20,20,20,20,20,20,20,20,20,20,20,20,20,20,20,20,20,18,20
Map_4023,13,170,13,13,13,13,13,13,13,13,13,13,13,13,13,13,13,13,13,13,13,13,13,13,13,13
Map_4024,19,27,14,14,14,15,14,14,14,14,14,14,14,14,14,14,14,14,14,14,14,14,14,14,14,14
Map_4025,7,19,7,7,7,7,7,7,7,7,7,7,7,7,7,7,7,7,7,7,7,7,7,7,7,7
Map_4026,25,106,18,15,18,18,15,15,15,15,15,15,15,15,15,15,21,15,21,15,21,15,15,15,15,15
Map_4027,11,20,11,11,11,11,11,11,11,11,11,11,11,11,11,11,12,11,12,11,12,11,11,11,11,11
Map_4028,24,34,25,25,25,21,16,16,16,16,16,16,16,16,16,16,16,16,16,16,16,16,16,16,16,16
Map_4029,13,101,8,8,8,8,8,8,8,8,8,8,8,8,8,8,8,8,8,8,8,8,8,8,8,8
Map_4030,6,15,6,6,6,7,6,6,6,6,6,6,6,6,6,6,6,6,6,6,6,6,6,6,6,6
Map_4031,9,14,9,9,9,10,9,9,9,9,9,9,9,9,9,9,9,9,9,9,9,9,9,9,9,9
Map_4032,112,42,22,22,22,25,22,24,22,24,22,24,22,24,22,24,22,22,22,22,22,22,22,22,22,22
Map_4033,15,66,17,17,17,17,13,17,13,17,13,17,13,27,13,27,13,13,13,13,13,13,13,13,13,13
Map_4034,9,91,8,8,9,8,8,8,8,8,8,8,8,8,8,8,8,8,8,8,8,8,8,8,8,8
Map_4035,31,66,19,19,19,19,25,23,25,24,25,24,25,23,25,23,26,23,26,23,26,23,25,23,25,23
Map_4036,12,18,9,9,9,16,12,9,12,9,12,9,12,9,12,9,12,9,12,9,12,9,12,9,12,9
Map_4037,43,114,35,35,35,38,40,27,40,27,40,27,35,27,27,27,28,28,28,28,28,28,37,27,37,27
Map_4038,31,32,13,13,13,13,13,13,13,13,13,13,13,13,13,13,17,13,17,13,17,13,17,13,17,13
Map_4039,8,26,7,7,7,7,7,7,7,7,7,7,7,7,7,7,7,7,7,7,7,7,7,7,7,7
Map_4040,19,51,19,19,19,28,19,19,19,19,19,19,19,19,19,19,18,19,18,19,18,19,18,19,18,19
Map_4041,87,186,59,59,59,67,63,62,63,62,63,62,63,72,72,72,51,56,53,56,53,56,51,56,51,62
Map_4042,15,53,15,14,14,17,14,14,14,14,14,14,14,14,14,14,14,14,16,14,16,14,14,14,14,14
Map_4043,24,39,17,17,17,17,10,10,10,10,10,10,10,10,10,10,10,10,10,10,10,10,10,10,10,10
Map_4044,5,181,5,5,5,5,5,5,5,5,5,5,5,5,5,5,5,5,5,5,5,5,5,5,5,5
Map_4045,66,64,20,20,20,20,20,20,20,20,20,20,26,23,26,23,20,20,20,20,20,20,20,20,20,20
Map_4046,285,214,52,61,53,56,52,59,52,59,52,59,59,59,59,59,56,46,48,46,48,46,52,49,52,49
Map_4047,10,26,10,10,10,21,10,10,10,10,10,10,10,10,10,10,10,10,10,10,10,10,10,10,10,10
Map_4048,6,34,6,6,6,6,6,6,6,6,6,6,6,6,6,6,6,6,6,6,6,6,6,6,6,6
Map_4049,81,76,20,19,29,23,19,19,19,19,19,19,26,26,26,26,19,19,19,20,19,20,19,19,19,19
Map_4050,5,11,5,5,5,7,5,5,5,5,5,5,5,5,5,5,5,5,5,5,5,5,5,5,5,5
Map_4051,22,51,9,9,9,9,9,9,9,9,9,9,9,9,9,9,9,9,9,9,9,9,9,9,9,9
Map_4052,16,71,14,14,14,16,14,10,14,10,14,10,14,10,14,10,15,10,15,10,15,10,14,10,14,10
Map_4053,22,69,18,18,18,18,18,18,18,18,18,18,18,18,18,18,18,18,18,18,18,18,18,18,18,18
Map_4054,26,48,28,28,28,29,28,20,28,20,28,20,28,20,28,20,26,15,26,15,26,15,27,15,27,15
Map_4055,29,362,20,20,20,21,20,20,20,20,20,20,20,20,20,20,20,17,20,17,20,17,20,17,20,17
Map_4056,88,74,22,21,22,25,21,21,21,21,21,21,21,21,21,21,20,20,20,20,20,20,20,20,20,20
Map_4057,17,46,19,19,16,18,18,16,18,16,18,16,18,16,18,16,19,16,20,16,20,16,19,16,19,16
Map_4058,28,114,21,21,17,21,16,16,16,16,16,16,16,16,16,16,16,13,16,13,16,13,16,13,16,13
Map_4059,18,67,15,15,15,15,15,15,15,15,15,15,23,23,23,23,15,15,15,15,15,15,14,15,14,15
Map_4060,26,132,11,11,11,11,11,11,11,11,11,11,11,11,11,11,11,11,11,11,11,11,11,11,11,11
Map_4061,65,92,36,21,36,22,17,18,17,18,17,18,17,18,17,18,18,17,18,17,18,17,17,17,17,17
Map_4062,12,153,8,8,8,9,9,8,9,8,9,8,8,8,8,8,9,8,9,8,9,8,9,8,9,8
Map_4063,19,37,11,11,11,12,11,11,11,11,11,11,11,11,11,11,11,11,11,11,11,11,11,11,11,11
Map_4064,40,63,22,17,17,22,17,17,17,17,17,17,17,17,17,17,17,17,17,17,17,17,17,17,17,17
Map_4065,20,49,14,14,14,14,14,14,14,14,14,14,14,14,14,14,14,14,14,14,14,14,14,14,14,14
Map_4066,23,27,23,23,23,23,23,20,23,20,23,20,23,20,23,20,18,19,18,19,18,19,18,19,18,19
Map_4067,12,22,11,11,11,11,12,12,12,12,12,12,12,12,12,12,11,11,11,11,11,11,11,11,11,11
Map_4068,17,46,16,16,16,17,16,16,16,16,16,16,16,16,16,16,16,16,16,16,16,16,16,16,16,16
Map_4069,19,130,24,23,24,25,20,19,20,19,20,19,20,19,20,19,20,19,20,19,20,19,20,19,20,19
Map_4070,24,68,14,14,14,14,14,14,14,14,14,14,14,14,14,14,16,14,16,14,16,14,16,14,16,14
Map_4071,18,23,12,12,12,12,12,12,12,12,12,12,12,12,12,12,12,12,12,12,12,12,12,12,12,12
Map_4072,5,11,6,6,6,9,6,5,6,5,6,5,6,5,5,5,6,5,6,5,6,5,6,5,6,5
Map_4073,47,49,21,21,21,21,21,21,21,21,21,21,21,21,21,21,21,21,21,21,21,21,21,21,21,21
Map_4074,8,271,7,7,7,7,7,7,7,7,7,7,7,7,7,7,7,7,7,7,7,7,7,7,7,7
Map_4075,23,177,10,10,10,15,10,10,10,10,10,10,10,10,10,10,10,10,10,10,10,10,10,10,10,10
Map_4076,9,32,9,9,9,12,9,9,9,9,9,9,9,9,9,9,9,9,9,9,9,9,9,9,9,9
Map_4077,5,9,5,5,5,5,5,5,5,5,5,5,5,5,5,5,5,5,5,5,5,5,5,5,5,5
Map_4078,14,41,14,14,14,21,17,14,17,14,17,14,17,14,17,14,17,14,17,14,17,14,17,14,17,14
Map_4079,6,12,7,6,7,8,6,6,6,6,6,6,6,6,6,6,6,6,6,6,6,6,6,6,6,6
Map_4080,12,23,11,11,12,11,11,11,11,11,11,11,11,11,11,11,11,11,11,11,11,11,11,11,11,11
Map_4081,11,53,11,11,11,11,11,11,11,11,11,11,11,11,11,11,11,11,11,11,11,11,11,11,11,11
Map_4082,42,165,19,19,19,26,15,19,15,19,15,19,15,19,15,19,15,14,21,14,21,14,15,14,15,14
Map_4083,13,16,9,9,9,12,9,9,9,9,9,9,9,9,9,9,9,9,11,9,11,9,9,9,9,9
Map_4084,14,52,9,9,9,10,9,9,9,9,9,9,9,9,9,9,9,9,9,9,9,9,9,9,9,9
Map_4085,49,141,23,23,23,23,23,26,23,26,23,26,23,26,27,26,25,23,25,23,25,23,23,23,23,23
Map_4086,48,120,24,24,24,15,15,15,15,15,15,15,15,15,15,15,19,15,19,15,19,15,19,15,19,15
Map_4087,8,12,8,8,8,9,8,8,8,8,8,8,8,8,8,8,8,8,8,8,8,8,8,8,8,8
Map_4088,20,84,24,23,24,22,19,19,19,19,19,19,19,19,19,19,19,20,19,20,19,20,19,20,19,20
Map_4089,20,95,16,13,15,16,13,10,13,10,13,10,13,10,13,10,10,10,10,10,10,10,10,10,10,10
Map_4090,24,27,11,11,10,11,11,10,11,10,11,10,11,10,11,10,11,10,11,10,11,10,11,10,11,10
Map_4091,53,53,25,24,25,27,24,26,24,26,24,26,24,26,24,26,24,24,24,24,24,24,24,24,24,24
Map_4092,43,170,49,49,46,49,38,43,38,43,38,43,38,38,38,38,38,25,38,25,38,25,38,25,38,25
Map_4093,7,37,7,7,7,12,7,7,7,7,7,7,7,7,7,7,7,7,7,7,7,7,7,7,7,7
Map_4094,26,161,16,16,16,16,16,16,16,16,16,16,16,16,16,16,16,16,16,16,16,16,16,16,16,16
Map_4095,12,35,8,8,8,8,8,8,8,8,8,8,8,8,8,8,8,8,8,8,8,8,8,8,8,8
Map_4096,9,76,7,7,7,7,7,7,7,7,7,7,7,7,7,7,7,7,7,7,7,7,7,7,7,7
Map_4097,31,169,17,17,17,24,17,17,17,17,17,17,17,17,17,17,17,17,17,17,17,17,17,17,17,17
Map_4098,11,21,11,11,11,11,11,11,11,11,11,11,11,11,11,11,12,11,12,11,12,11,11,11,11,11
Map_4099,11,55,9,9,9,9,13,11,13,11,13,11,11,11,11,11,13,9,13,9,13,9,13,9,13,9
Map_4100,27,291,15,15,15,15,15,15,15,15,15,15,15,15,15,15,15,15,16,15,16,15,15,15,15,15
Map_4101,39,226,23,48,22,23,22,22,22,22,22,22,47,47,47,47,22,22,32,22,32,22,22,22,22,22
Map_4102,31,84,19,19,19,21,21,20,21,20,21,20,20,20,20,20,21,20,21,20,21,20,21,20,21,20
Map_4103,9,38,11,9,9,11,9,9,9,9,9,9,9,9,9,9,11,9,11,9,11,9,9,9,9,9
Map_4104,7,11,7,7,7,8,7,7,7,7,7,7,7,7,7,7,8,7,8,7,8,7,7,7,7,7
Map_4105,24,58,20,19,20,20,19,19,19,19,19,19,19,19,19,19,19,19,19,19,19,19,19,19,19,19
Map_4106,31,58,37,37,37,41,24,20,24,20,24,20,24,20,24,20,24,20,24,20,24,20,24,20,24,20
Map_4107,12,169,11,11,11,11,11,11,11,11,11,11,11,11,11,11,11,11,11,11,11,11,11,11,11,11
Map_4108,131,98,48,32,48,49,20,20,20,20,20,20,20,20,20,20,20,20,20,20,20,20,20,20,20,20
Map_4109,28,38,24,15,23,15,15,15,15,15,15,15,15,15,15,15,16,15,16,15,16,15,15,15,15,15
Map_4110,12,20,8,8,12,9,9,9,9,9,9,9,9,9,9,9,9,8,9,8,9,8,9,8,9,8
Map_4111,25,36,24,20,24,21,19,19,19,19,19,19,19,19,19,19,19,19,23,19,23,19,19,19,19,19
Map_4112,22,28,17,17,17,17,17,12,17,12,17,12,17,12,17,12,16,12,16,12,16,12,16,12,16,12
Map_4113,9,78,8,8,8,8,8,8,8,8,8,8,8,8,8,8,8,8,8,8,8,8,8,8,8,8
Map_4114,20,82,26,18,26,19,18,18,18,18,18,18,18,18,18,18,17,17,17,17,17,17,17,18,17,18
Map_4115,14,31,8,8,8,8,8,8,8,8,8,8,8,8,8,8,8,8,8,8,8,8,8,8,8,8
Map_4116,22,31,11,11,11,11,11,11,11,11,11,11,11,11,11,11,11,10,11,10,11,10,11,10,11,10
Map_4117,29,128,22,22,22,23,25,25,25,25,25,25,25,25,25,25,27,22,27,22,27,22,27,22,27,22
Map_4118,13,17,10,10,10,10,12,10,12,10,12,10,12,10,12,10,12,10,12,10,12,10,12,10,12,10
Map_4119,18,65,15,15,15,18,15,15,15,15,15,15,15,15,15,15,15,15,15,15,15,15,15,15,15,15
Map_4120,31,145,11,11,11,14,14,14,14,14,14,14,14,14,14,14,22,11,22,11,22,11,14,11,14,11
Map_4121,6,10,6,5,5,6,5,5,5,5,5,5,5,5,5,5,5,5,5,5,5,5,5,5,5,5
Map_4122,8,23,6,6,6,7,6,6,6,6,6,6,6,6,6,6,6,6,6,6,6,6,6,6,6,6
Map_4123,22,76,9,9,9,10,9,9,9,9,9,9,9,9,9,9,9,9,9,9,9,9,9,9,9,9
Map_4124,18,32,14,13,19,16,13,13,13,13,13,13,13,13,13,13,13,13,13,13,13,13,13,13,13,13
Map_4125,43,174,26,26,26,26,20,23,20,23,20,23,20,23,20,23,20,20,28,20,28,20,20,20,20,20
Map_4126,51,29,11,11,8,11,11,8,11,8,11,8,11,8,11,8,11,8,11,8,11,8,11,8,11,8
Map_4127,12,104,7,7,7,7,7,7,7,7,7,7,7,7,7,7,7,7,7,7,7,7,7,7,7,7
Map_4128,6,25,5,5,5,5,5,5,5,5,5,5,5,5,5,5,5,5,5,5,5,5,5,5,5,5
Map_4129,12,39,13,12,13,26,13,12,13,12,13,12,12,12,12,12,12,12,12,12,12,12,12,12,12,12
Map_4130,14,162,11,11,11,12,9,9,9,9,9,9,9,9,9,9,9,9,9,9,9,9,9,9,9,9
Map_4131,19,45,19,19,19,20,21,19,21,19,21,19,20,19,20,19,21,18,21,18,21,18,21,18,21,18
Map_4132,12,20,13,13,13,13,11,11,11,11,11,11,11,11,11,11,11,11,11,11,11,11,11,11,11,11
Map_4133,8,19,8,8,8,10,8,8,8,8,8,8,8,8,8,8,8,8,8,8,8,8,8,8,8,8
Map_4134,17,21,13,12,13,15,12,12,12,12,12,12,12,12,12,12,14,12,14,12,14,12,12,12,12,12
Map_4135,23,55,20,20,21,20,20,15,20,15,20,15,20,15,20,15,15,15,15,15,15,15,15,15,15,15
Map_4136,20,99,12,12,12,12,12,12,12,12,12,12,12,12,12,12,12,12,12,12,12,12,12,12,12,12
Map_4137,15,73,21,21,21,21,17,17,17,17,17,17,17,17,17,17,18,17,18,17,18,17,18,17,18,17
Map_4138,7,82,7,7,7,7,7,7,7,7,7,7,7,7,7,7,7,7,7,7,7,7,7,7,7,7
Map_4139,25,30,10,10,15,10,10,10,10,10,10,10,10,10,10,10,10,10,10,10,10,10,10,10,10,10
Map_4140,13,52,13,13,13,13,13,13,13,13,13,13,13,13,13,13,13,13,13,13,13,13,13,13,13,13
Map_4141,18,160,13,13,13,13,13,13,13,13,13,13,13,13,13,13,13,13,13,13,13,13,13,13,13,13
Map_4142,60,109,40,40,39,43,32,27,32,27,32,27,32,27,32,27,26,26,26,26,26,26,26,27,26,27
Map_4143,76,101,71,43,71,36,46,22,46,22,46,22,47,22,49,22,27,22,30,22,30,22,22,22,22,22
Map_4144,6,24,7,6,7,9,7,6,7,6,7,6,7,6,7,6,7,6,7,6,7,6,7,6,7,6
Map_4145,6,22,6,6,6,6,6,6,6,6,6,6,6,6,6,6,6,6,6,6,6,6,6,6,6,6
Map_4146,6,13,6,6,6,8,5,5,5,5,5,5,5,5,5,5,5,5,5,5,5,5,5,5,5,5
Map_4147,43,200,30,30,60,30,26,26,26,26,26,26,26,26,26,26,27,26,26,25,26,25,27,26,27,26
Map_4148,13,22,14,13,14,16,13,13,13,13,13,13,13,13,13,13,13,13,13,13,13,13,13,13,13,13
Map_4149,9,21,8,8,8,12,9,8,9,8,9,8,9,8,9,8,9,8,9,8,9,8,9,8,9,8
Map_4150,6,11,6,6,6,6,6,6,6,6,6,6,6,6,6,6,6,6,8,6,8,6,6,6,6,6
Map_4151,9,24,9,9,9,10,9,9,9,9,9,9,9,9,9,9,9,9,9,9,9,9,9,9,9,9
Map_4152,5,19,5,5,5,5,5,5,5,5,5,5,5,5,5,5,5,5,5,5,5,5,5,5,5,5
Map_4153,7,16,8,7,7,8,7,7,7,7,7,7,7,7,7,7,7,7,7,7,7,7,7,7,7,7
Map_4154,43,341,41,35,41,27,22,22,22,21,22,21,22,22,22,22,22,21,22,21,22,21,22,21,22,21
Map_4155,11,19,11,9,9,12,9,9,9,9,9,9,9,9,9,9,9,9,9,9,9,9,9,9,9,9
Map_4156,8,16,7,7,7,14,7,7,7,7,7,7,7,7,7,7,7,7,7,7,7,7,7,7,7,7
Map_4157,111,110,26,26,27,34,28,26,28,26,28,26,28,26,28,26,34,26,34,22,34,22,34,26,34,26
Map_4158,29,108,29,29,29,42,29,28,29,28,29,28,29,28,29,28,20,20,20,20,20,20,20,20,20,20
Map_4159,6,17,6,6,6,7,6,6,6,6,6,6,6,6,6,6,6,6,6,6,6,6,6,6,6,6
Map_4160,21,42,15,15,15,13,12,12,12,12,12,12,12,12,12,12,12,12,12,12,12,12,12,12,12,12
Map_4161,23,43,19,19,19,20,14,14,14,14,14,14,14,14,14,14,14,14,14,14,14,14,14,14,14,14
Map_4162,39,83,34,34,34,51,26,35,26,35,26,35,26,34,26,34,23,23,23,23,23,23,23,23,23,35
Map_4163,32,45,21,21,21,27,21,21,21,21,21,21,21,21,21,21,18,18,18,18,18,18,18,17,18,17
Map_4164,11,17,9,9,9,9,9,9,9,9,9,9,9,9,9,9,9,9,9,9,9,9,9,9,9,9
Map_4165,15,116,15,15,15,16,15,15,15,15,15,15,15,15,15,15,16,15,16,15,16,15,15,15,15,15
Map_4166,7,66,7,7,7,10,7,7,7,7,7,7,7,7,7,7,9,7,9,7,9,7,7,7,7,7
Map_4167,45,65,37,37,37,40,36,36,36,36,36,36,36,36,36,36,35,34,35,34,35,34,35,34,35,34
Map_4168,6,16,6,6,6,8,6,6,6,6,6,6,6,6,6,6,6,6,6,6,6,6,6,6,6,6
Map_4169,25,50,20,19,20,25,19,26,19,27,19,27,19,26,19,26,13,13,13,13,13,13,13,13,13,13
Map_4170,14,71,12,12,12,19,12,12,12,12,12,12,12,12,12,12,12,12,13,12,13,12,12,12,12,12
Map_4171,23,103,28,25,28,28,27,25,27,25,27,25,27,25,27,25,23,23,23,23,23,23,23,23,23,23
Map_4172,13,123,14,13,14,14,14,13,14,13,14,13,13,13,13,13,14,14,14,14,14,14,14,13,14,13
Map_4173,14,37,13,13,13,15,13,13,13,13,13,13,13,13,13,13,13,13,13,13,13,13,13,13,13,13
Map_4174,44,110,23,23,23,23,26,23,26,23,26,23,26,23,26,23,26,23,26,23,26,23,26,23,26,23
Map_4175,84,119,35,35,35,41,35,35,35,35,35,35,35,35,35,35,36,35,36,45,36,45,35,35,35,35
Map_4176,14,39,12,12,14,16,12,12,12,12,12,12,12,12,12,12,18,12,18,12,18,12,12,12,12,12
Map_4177,19,39,23,18,18,26,14,14,14,14,14,14,14,14,14,14,16,14,16,14,16,14,14,14,14,14
Map_4178,11,33,11,11,11,11,11,11,11,11,11,11,11,11,11,11,11,11,11,11,11,11,11,11,11,11
Map_4179,10,16,8,8,8,10,8,8,8,8,8,8,8,8,8,8,8,8,8,8,8,8,8,8,8,8
Map_4180,10,102,6,6,6,6,6,6,6,6,6,6,6,6,6,6,6,6,6,6,6,6,6,6,6,6
Map_4181,10,105,8,8,8,8,8,8,8,8,8,8,8,8,8,8,8,8,8,8,8,8,8,8,8,8
Map_4182,7,56,7,7,7,17,7,7,7,7,7,7,7,7,7,7,7,7,7,7,7,7,7,7,7,7
Map_4183,21,95,13,13,13,13,13,13,13,13,13,13,13,13,13,13,13,13,13,13,13,13,13,13,13,13
Map_4184,8,10,8,7,8,8,7,7,7,7,7,7,7,7,7,7,7,7,7,7,7,7,7,7,7,7
Map_4185,17,61,20,20,20,23,13,13,13,13,13,13,13,13,13,13,13,13,13,13,13,13,13,13,13,13
Map_4186,17,66,17,17,17,18,17,17,17,17,17,17,17,17,17,17,16,16,19,16,19,16,16,16,16,16
Map_4187,6,24,6,6,6,7,6,6,6,6,6,6,6,6,6,6,7,6,7,6,7,6,6,6,6,6
Map_4188,72,174,52,52,52,15,15,15,15,15,15,15,15,15,15,15,15,15,15,15,15,15,15,15,15,15
Map_4189,13,49,9,9,9,9,9,9,9,9,9,9,9,9,9,9,9,9,9,9,9,9,9,9,9,9
Map_4190,8,36,8,8,8,9,8,8,8,8,8,8,8,8,8,8,8,8,8,8,8,8,8,8,8,8
Map_4191,9,38,8,8,8,9,8,8,8,8,8,8,8,8,8,8,8,8,8,8,8,8,8,8,8,8
Map_4192,19,257,16,15,16,15,14,14,14,14,14,14,14,14,14,14,15,14,15,14,15,14,15,14,15,14
Map_4193,23,160,19,19,19,19,19,19,19,19,19,19,19,19,19,19,19,19,19,19,19,19,19,19,19,19
Map_4194,13,52,13,13,12,21,10,10,10,10,10,10,10,10,10,10,10,10,10,10,10,10,10,10,10,10
Map_4195,15,71,13,13,16,13,13,13,13,13,13,13,13,13,13,13,14,13,14,13,14,13,14,13,14,13
Map_4196,25,42,26,26,26,26,21,21,21,21,21,21,21,21,21,21,21,21,21,21,21,21,21,21,21,21
Map_4197,9,14,7,7,7,8,7,7,7,7,7,7,7,7,7,7,7,7,7,7,7,7,7,7,7,7
Map_4198,22,36,11,11,11,35,11,11,11,11,11,11,11,11,11,11,11,11,11,11,11,11,11,11,11,11
Map_4199,76,88,18,18,18,19,18,18,18,18,18,18,18,18,18,18,18,18,18,18,18,18,18,18,18,18
Map_4200,36,48,36,36,36,43,38,36,38,36,38,36,36,36,36,36,21,21,21,21,21,21,21,21,21,24
Map_4201,6,12,6,6,6,6,6,6,6,6,6,6,6,6,6,6,6,6,6,6,6,6,6,6,6,6
Map_4202,9,73,6,6,6,7,6,6,6,6,6,6,6,6,6,6,6,6,6,6,6,6,6,6,6,6
Map_4203,13,103,13,12,12,15,12,12,12,12,12,12,12,12,12,12,13,12,13,12,13,12,12,12,12,12
Map_4204,5,21,5,5,5,5,5,5,5,5,5,5,5,5,5,5,5,5,5,5,5,5,5,5,5,5
Map_4205,7,30,7,7,7,13,7,7,7,7,7,7,7,7,7,7,7,7,9,7,9,7,7,7,7,7
Map_4206,133,150,30,29,30,30,27,26,27,27,27,27,26,26,26,26,26,26,26,26,26,26,28,26,28,26
Map_4207,41,139,36,36,36,41,36,33,36,33,36,33,36,33,36,33,21,21,21,21,21,21,21,21,21,21
Map_4208,8,33,6,6,6,8,6,6,6,6,6,6,6,6,6,6,6,6,6,6,6,6,6,6,6,6
Map_4209,32,47,17,17,30,17,17,17,17,17,17,17,17,17,17,17,17,17,17,17,17,17,17,17,17,17
Map_4210,11,175,14,11,14,12,12,12,12,12,12,12,12,12,12,12,12,11,14,11,14,11,12,11,12,11
Map_4211,17,33,15,15,15,19,15,15,15,15,15,15,15,15,15,15,16,16,16,16,16,16,16,15,16,15
Map_4212,39,69,43,37,53,49,37,37,37,37,37,37,37,37,37,37,38,26,38,26,38,26,37,26,37,26
Map_4213,9,17,7,7,7,10,7,7,7,7,7,7,7,7,7,7,7,7,7,7,7,7,7,7,7,7
Map_4214,18,67,19,19,18,19,19,18,19,18,19,18,19,18,19,18,19,18,19,18,19,18,19,18,19,18
Map_4215,13,25,10,10,10,10,10,10,10,10,10,10,10,10,10,10,10,10,10,10,10,10,10,10,10,10
Map_4216,15,55,12,12,12,21,12,12,12,12,12,12,12,12,12,12,12,12,12,12,12,12,12,12,12,12
Map_4217,309,349,18,18,18,18,18,21,18,21,18,21,18,21,18,21,18,18,18,18,18,18,18,18,18,18
Map_4218,38,183,15,15,15,15,15,15,15,15,15,15,15,15,15,15,17,15,17,15,17,15,15,15,15,15
Map_4219,42,56,10,9,9,10,9,9,9,9,9,9,9,9,9,9,9,9,9,9,9,9,9,9,9,9
Map_4220,8,38,6,6,6,6,6,6,6,6,6,6,6,6,6,6,6,6,6,6,6,6,6,6,6,6
Map_4221,5,33,5,5,5,9,5,5,5,5,5,5,5,5,5,5,5,5,9,5,9,5,5,5,5,5
Map_4222,27,113,26,26,26,27,27,26,27,26,27,26,27,26,27,26,26,19,26,19,26,19,21,19,21,19
Map_4223,158,159,41,41,41,48,43,38,43,38,43,38,43,38,43,38,43,38,43,38,43,38,43,38,43,38
Map_4224,70,120,21,20,21,20,20,20,20,20,20,20,20,20,20,20,21,20,21,20,21,20,20,20,20,20
Map_4225,91,312,53,54,53,60,49,49,49,49,49,49,49,49,49,49,61,26,35,26,35,26,61,26,61,26
Map_4226,12,31,7,7,7,7,7,7,7,7,7,7,7,7,7,7,7,7,7,7,7,7,7,7,7,7
Map_4227,229,68,15,15,15,22,15,15,15,15,15,15,15,15,15,15,16,15,16,15,16,15,16,15,16,15
Map_4228,21,36,20,19,20,20,19,17,19,17,19,17,19,17,19,17,18,15,18,15,18,15,17,15,17,15
Map_4229,11,20,11,11,11,11,11,11,11,11,11,11,11,11,11,11,11,11,11,11,11,11,11,11,11,11
Map_4230,71,86,35,34,35,35,35,34,35,34,35,34,34,34,34,34,25,22,25,22,25,22,22,22,22,22
Map_4231,18,45,18,18,19,19,18,17,18,17,18,17,18,17,18,17,19,17,19,17,19,17,19,17,19,17
Map_4232,42,64,9,9,9,9,13,9,13,9,13,9,13,9,13,9,13,9,13,9,13,9,13,9,13,9
Map_4233,19,235,26,28,19,28,25,19,25,19,25,19,25,19,25,19,17,19,17,19,17,19,17,19,17,19
Map_4234,6,9,6,6,6,6,6,6,6,6,6,6,6,6,6,6,6,6,6,6,6,6,6,6,6,6
Map_4235,15,22,12,11,12,13,11,11,11,11,11,11,11,11,11,11,11,11,11,11,11,11,11,11,11,11
Map_4236,19,218,18,18,18,29,18,17,18,17,18,17,17,17,17,17,18,17,18,17,18,17,18,17,18,17
Map_4237,37,56,23,21,23,23,23,21,23,21,23,21,21,21,21,21,23,21,23,21,23,21,23,21,23,21
Map_4238,14,34,14,14,14,15,14,14,14,14,14,14,14,14,14,14,15,14,15,14,15,14,15,14,15,14
Map_4239,27,34,14,14,14,15,14,14,14,14,14,14,14,14,14,14,14,14,14,14,14,14,14,14,14,14
Map_4240,17,84,17,17,17,19,17,17,17,17,17,17,17,17,17,17,18,17,18,17,18,17,18,17,18,17
Map_4241,16,142,12,12,12,16,13,10,13,10,13,10,10,10,10,10,13,10,13,10,13,10,13,10,13,10
Map_4242,12,37,10,10,10,10,10,10,10,10,10,10,10,10,10,10,10,10,10,10,10,10,10,10,10,10
Map_4243,12,51,11,11,11,11,12,11,12,11,12,11,12,11,12,11,12,11,12,11,12,11,12,11,12,11
Map_4244,23,36,15,15,15,21,15,15,15,15,15,15,15,15,15,15,15,15,15,15,15,15,15,15,15,15
Map_4245,113,232,46,75,62,65,50,55,50,55,50,55,55,55,53,53,34,22,34,22,34,22,34,22,34,22
Map_4246,14,189,15,15,15,15,15,12,15,12,15,12,15,12,15,12,12,12,12,12,12,12,12,12,12,12
Map_4247,8,15,7,7,7,7,7,8,7,8,7,8,7,8,7,8,7,7,7,7,7,7,7,7,7,7
Map_4248,18,61,13,13,13,13,13,12,13,12,13,12,13,12,13,12,13,12,13,12,13,12,13,12,13,12
Map_4249,8,28,8,8,8,12,8,8,8,8,8,8,8,8,8,8,8,8,8,8,8,8,8,8,8,8
Map_4250,12,51,12,12,12,21,12,12,12,12,12,12,12,12,12,12,12,12,12,12,12,12,12,12,12,12
Map_4251,8,160,8,8,8,8,8,8,8,8,8,8,8,8,8,8,8,8,8,8,8,8,8,8,8,8
Map_4252,9,19,9,9,9,9,9,9,9,9,9,9,9,9,9,9,9,9,9,9,9,9,9,9,9,9
Map_4253,8,12,5,5,5,8,5,5,5,5,5,5,5,5,5,5,5,5,5,5,5,5,5,5,5,5
Map_4254,9,21,9,9,9,11,9,9,9,9,9,9,9,9,9,9,9,9,9,9,9,9,9,9,9,9
Map_4255,40,53,21,21,22,31,21,21,21,21,21,21,21,21,21,21,21,21,21,22,21,22,21,21,21,21
Map_4256,56,64,41,51,41,27,27,27,27,27,27,27,27,27,27,27,30,27,30,27,30,27,30,27,30,27
Map_4257,25,43,17,17,17,18,16,17,16,17,16,17,16,17,16,17,16,16,16,16,16,16,16,16,16,16
Map_4258,13,21,11,11,11,11,11,11,11,11,11,11,11,11,11,11,11,11,11,11,11,11,11,11,11,11
Map_4259,15,22,15,14,14,15,14,13,14,13,14,13,14,13,14,13,14,13,14,13,14,13,14,13,14,13
Map_4260,8,12,7,7,7,8,7,7,7,7,7,7,7,7,7,7,7,7,7,7,7,7,7,7,7,7
Map_4261,18,69,15,14,15,15,14,14,15,14,15,14,14,14,14,14,12,12,12,12,12,12,12,12,12,12
Map_4262,12,19,6,6,6,6,6,6,6,6,6,6,6,6,6,6,12,6,15,6,15,6,6,6,6,6
Map_4263,20,71,17,20,17,17,17,16,17,16,17,16,20,16,20,16,16,16,16,16,16,16,16,16,16,16
Map_4264,8,13,8,6,6,8,6,6,6,6,6,6,6,6,6,6,7,6,7,6,7,6,6,6,6,6
Map_4265,13,32,14,14,14,18,13,16,13,16,13,16,13,16,13,16,13,13,13,13,13,13,13,14,13,16
Map_4266,9,13,9,8,8,11,8,8,8,8,8,8,8,8,8,8,8,8,8,8,8,8,8,8,8,8
Map_4267,6,17,5,5,5,8,5,5,5,5,5,5,5,5,5,5,5,5,5,5,5,5,5,5,5,5
Map_4268,13,98,13,13,13,17,13,13,13,13,13,13,13,13,13,13,15,13,15,13,15,13,14,13,14,13
Map_4269,23,269,12,12,12,13,13,13,13,13,13,13,16,14,16,14,14,12,14,12,14,12,13,12,13,12
Map_4270,13,252,14,14,14,14,14,13,14,13,14,13,13,13,13,13,14,13,14,13,14,13,14,13,14,13
Map_4271,16,53,11,11,11,11,11,11,11,11,11,11,11,11,11,11,11,11,11,11,11,11,11,11,11,11
Map_4272,9,47,12,12,9,14,9,9,9,9,9,9,9,9,9,9,9,9,9,9,9,9,9,9,9,9
Map_4273,20,198,12,12,12,21,16,16,16,16,16,16,16,16,16,16,16,12,16,12,16,12,16,12,16,12
Map_4274,6,9,6,6,6,6,6,6,6,6,6,6,6,6,6,6,6,6,6,6,6,6,6,6,6,6
Map_4275,10,52,11,11,11,12,11,10,11,10,11,10,11,10,10,10,11,10,11,10,11,10,11,10,11,10
Map_4276,16,33,15,15,15,26,15,13,15,13,15,13,15,13,15,13,15,13,15,13,15,13,15,13,15,13
Map_4277,8,31,8,8,8,8,8,8,8,8,8,8,8,8,8,8,8,8,8,8,8,8,8,8,8,8
Map_4278,42,58,35,35,41,41,36,35,36,35,36,35,36,35,36,35,36,35,30,35,30,35,36,35,36,35
Map_4279,22,99,18,18,18,19,18,18,18,18,18,18,18,18,18,18,17,17,17,17,17,17,17,17,17,17
Map_4280,13,45,8,8,8,8,8,8,8,8,8,8,8,8,8,8,8,8,8,8,8,8,8,8,8,8
Map_4281,11,31,11,11,12,16,12,11,12,11,12,11,11,11,11,11,12,11,12,11,12,11,12,11,12,11
Map_4282,36,50,24,24,24,27,24,24,24,24,24,24,24,24,24,24,22,24,22,22,22,22,24,24,24,24
Map_4283,14,47,7,7,7,7,7,7,7,7,7,7,7,7,7,7,7,7,7,7,7,7,7,7,7,7
Map_4284,15,50,15,15,15,15,15,15,15,15,15,15,15,15,15,15,15,15,15,15,15,15,15,15,15,15
Map_4285,5,25,5,5,5,5,5,5,5,5,5,5,5,5,5,5,5,5,5,5,5,5,5,5,5,5
Map_4286,15,101,9,9,9,15,9,9,9,9,9,9,9,9,9,9,9,9,9,9,9,9,9,9,9,9
Map_4287,20,79,20,20,20,25,20,20,20,20,20,20,20,20,20,20,21,21,21,21,21,21,21,20,21,20
Map_4288,19,36,20,20,20,20,15,15,15,15,15,15,15,15,15,15,16,15,16,15,16,15,16,15,16,15
Map_4289,26,33,19,18,19,20,16,16,16,16,16,16,16,16,16,16,18,16,18,16,18,16,16,16,16,16
Map_4290,5,27,5,5,5,5,5,5,5,5,5,5,5,5,5,5,5,5,5,5,5,5,5,5,5,5
Map_4291,21,38,31,31,26,34,20,20,20,20,20,20,20,20,20,20,18,18,18,18,18,18,18,18,18,18
Map_4292,44,37,18,18,18,26,18,19,18,19,18,19,18,18,18,18,18,18,20,18,20,18,18,18,18,18
Map_4293,7,22,7,7,7,7,7,7,7,7,7,7,7,7,7,7,7,7,7,7,7,7,7,7,7,7
Map_4294,18,22,14,14,13,16,14,14,14,14,14,14,14,14,14,14,14,13,14,13,14,13,13,13,13,13
Map_4295,12,27,13,13,13,13,14,13,14,13,14,13,14,13,14,13,14,13,14,13,14,13,14,13,14,13
Map_4296,22,26,11,10,11,20,10,10,10,10,10,10,10,10,10,10,10,10,10,10,10,10,10,10,10,10
Map_4297,43,41,16,16,16,16,11,11,11,11,11,11,11,11,11,11,11,11,11,11,11,11,11,11,11,11
Map_4298,9,20,8,8,8,9,8,8,8,8,8,8,8,8,8,8,8,8,8,8,8,8,8,8,8,8
Map_4299,7,165,7,7,7,12,7,7,7,7,7,7,7,7,7,7,7,7,7,7,7,7,7,7,7,7
Map_4300,19,41,18,18,18,18,18,18,18,18,18,18,18,18,18,18,18,17,18,17,18,17,18,17,18,17
Map_4301,9,53,11,11,11,11,11,9,11,9,11,9,9,9,9,9,9,9,9,9,9,9,9,9,9,9
Map_4302,64,90,9,9,9,9,9,9,9,9,9,9,9,9,9,9,13,9,13,9,13,9,12,9,9,9
Map_4303,8,22,8,8,8,8,8,8,8,8,8,8,8,8,8,8,8,8,8,8,8,8,8,8,8,8
Map_4304,364,267,18,18,78,18,18,18,18,18,18,18,18,18,18,18,18,18,18,18,18,18,18,18,18,18
Map_4305,10,40,11,10,11,11,11,10,11,10,11,10,11,10,11,10,11,10,11,10,11,10,11,10,11,10
Map_4306,7,32,7,7,7,11,7,7,7,7,7,7,7,7,7,7,7,7,11,7,11,7,7,7,7,7
Map_4307,9,17,7,7,7,7,7,7,7,7,7,7,7,7,7,7,7,7,7,7,7,7,7,7,7,7
Map_4308,26,34,13,13,13,13,13,12,13,12,13,12,12,12,12,12,13,12,13,12,13,12,13,12,13,12
Map_4309,11,41,14,11,14,15,11,11,11,11,11,11,11,11,11,11,14,11,14,11,14,11,11,11,11,11
Map_4310,18,44,16,14,16,16,14,14,14,14,14,14,14,14,14,14,16,14,16,14,16,14,14,14,14,14
Map_4311,6,11,6,6,6,7,6,6,6,6,6,6,6,6,6,6,6,6,6,6,6,6,6,6,6,6
Map_4312,12,192,6,6,6,9,6,6,6,6,6,6,6,6,6,6,6,6,6,6,6,6,6,6,6,6
Map_4313,22,77,8,8,8,8,8,8,8,8,8,8,8,8,8,8,8,8,8,8,8,8,8,8,8,8
Map_4314,6,34,6,6,6,6,6,6,6,6,6,6,6,6,6,6,6,6,6,6,6,6,6,6,6,6
Map_4315,7,12,8,8,8,8,8,7,8,7,8,7,8,7,7,7,8,7,8,7,8,7,8,7,8,7
Map_4316,8,24,8,8,8,13,8,8,8,8,8,8,8,8,8,8,8,8,8,8,8,8,8,8,8,8
Map_4317,8,13,8,8,8,11,8,8,8,8,8,8,8,8,8,8,8,8,10,8,10,8,8,8,8,8
Map_4318,12,84,13,12,13,13,12,12,12,12,12,12,12,12,12,12,14,13,14,13,14,13,12,12,12,12
Map_4319,12,34,11,11,15,11,10,10,10,10,10,10,10,10,10,10,11,10,11,10,11,10,10,10,10,10
Map_4320,53,81,29,29,29,36,26,24,26,24,26,24,26,24,26,24,26,24,26,24,26,24,26,24,26,24
Map_4321,24,31,21,21,21,21,21,21,21,21,21,21,21,21,21,21,21,21,22,21,25,21,21,21,21,21
Map_4322,35,64,37,34,35,38,25,25,25,25,25,25,25,25,25,25,25,25,25,25,25,25,25,25,25,25
Map_4323,4,8,4,4,4,5,4,4,4,4,4,4,4,4,4,4,4,4,4,4,4,4,4,4,4,4
Map_4324,8,18,8,8,8,11,8,8,8,8,8,8,8,8,8,8,8,8,8,8,8,8,8,8,8,8
Map_4325,37,114,20,19,20,22,15,19,15,19,15,19,15,19,15,19,15,15,15,15,15,15,15,15,15,15
Map_4326,10,44,11,10,11,11,10,10,10,10,10,10,10,10,10,10,10,10,10,10,10,10,10,10,10,10
Map_4327,17,28,13,13,13,13,13,13,13,13,13,13,13,13,13,13,13,13,14,13,14,13,13,13,13,13
Map_4328,29,183,29,29,29,27,26,19,26,19,26,19,26,19,26,19,19,19,19,19,19,19,27,19,27,19
Map_4329,11,38,7,7,7,11,7,7,7,7,7,7,7,7,7,7,7,7,7,7,7,7,7,7,7,7
Map_4330,22,287,15,15,15,15,15,15,15,15,15,15,15,15,15,15,15,15,15,15,15,15,15,15,15,15
Map_4331,34,66,20,20,20,39,20,20,20,20,20,20,20,20,20,20,16,15,16,15,16,15,16,15,16,15
Map_4332,57,137,56,55,56,57,43,55,43,55,43,55,55,55,55,55,43,43,43,43,43,43,43,43,43,43
Map_4333,6,10,5,5,5,7,5,5,5,5,5,5,5,5,5,5,5,5,5,5,5,5,5,5,5,5
Map_4334,14,55,14,14,14,14,14,13,14,13,14,13,14,13,13,13,14,13,14,14,14,14,14,13,14,13
Map_4335,16,40,11,11,11,11,11,11,11,11,11,11,11,11,11,11,11,11,11,11,11,11,11,11,11,11
Map_4336,7,15,7,7,7,7,7,7,7,7,7,7,7,7,7,7,7,7,7,7,7,7,7,7,7,7
Map_4337,99,216,29,29,29,31,27,27,27,27,27,27,27,27,27,27,22,22,22,22,22,22,22,22,22,22
Map_4338,13,41,17,16,17,18,11,11,11,11,11,11,11,11,11,11,11,11,11,11,11,11,11,11,11,11
Map_4339,7,19,7,7,7,7,7,7,7,7,7,7,7,7,7,7,7,7,7,7,7,7,7,7,7,7
Map_4340,41,63,21,19,20,21,19,19,19,19,19,19,19,19,19,19,17,16,17,16,17,16,16,17,17,17
Map_4341,11,47,9,9,9,9,9,9,9,9,9,9,9,9,9,9,9,9,9,9,9,9,9,9,9,9
Map_4342,10,130,10,10,10,10,10,8,10,8,10,8,8,8,8,8,10,8,10,8,10,8,10,8,10,8
Map_4343,14,34,14,11,12,17,11,11,11,11,11,11,11,11,11,11,11,11,11,11,11,11,11,11,11,11
Map_4344,52,113,10,10,21,10,10,10,10,10,10,10,10,10,10,10,10,10,10,10,10,10,10,10,10,10
Map_4345,77,130,24,24,24,24,17,17,17,17,17,17,17,17,17,17,17,17,17,17,17,17,17,17,17,17
Map_4346,21,208,14,13,13,14,13,13,13,13,13,13,13,13,13,13,14,13,15,13,15,13,13,13,13,13
Map_4347,14,39,15,12,12,15,12,11,12,11,12,11,12,11,12,11,12,11,12,11,12,11,12,11,12,11
Map_4348,22,93,17,17,17,28,22,22,22,22,22,22,22,22,22,22,22,17,22,17,23,17,22,22,22,22
Map_4349,7,14,11,7,7,12,7,7,7,7,7,7,7,7,7,7,9,7,9,7,9,7,7,7,7,7
Map_4350,43,32,15,15,15,15,12,12,12,12,12,12,12,12,12,12,12,12,12,12,12,12,12,12,12,12
Map_4351,11,61,11,11,11,18,11,11,11,11,11,11,11,11,11,11,11,11,11,11,11,11,11,11,11,11
Map_4352,52,67,46,46,58,50,46,46,46,46,46,46,46,46,46,46,34,38,34,38,34,38,34,42,34,42
Map_4353,42,83,13,13,13,13,13,11,13,11,13,11,13,11,13,11,13,11,13,11,13,11,13,11,13,11
Map_4354,45,71,19,19,19,19,19,19,19,19,19,19,19,19,19,19,18,17,18,17,18,17,18,17,18,17
Map_4355,5,12,5,5,5,7,5,5,5,5,5,5,5,5,5,5,5,5,5,5,5,5,5,5,5,5
Map_4356,8,73,10,8,8,10,8,8,8,8,8,8,8,8,8,8,8,8,8,8,8,8,8,8,8,8
Map_4357,8,13,8,8,8,8,8,8,8,8,8,8,8,8,8,8,8,8,8,8,8,8,8,8,8,8
Map_4358,9,25,7,7,7,7,7,7,7,7,7,7,7,7,7,7,7,7,7,7,7,7,7,7,7,7
Map_4359,12,37,12,12,12,12,12,12,12,12,12,12,12,12,12,12,13,12,13,12,13,12,13,12,13,12
Map_4360,6,11,6,6,6,7,6,6,6,6,6,6,6,6,6,6,6,6,6,6,6,6,6,6,6,6
Map_4361,10,29,7,7,7,7,7,7,7,7,7,7,7,7,7,7,7,7,7,7,7,7,7,7,7,7
Map_4362,64,60,38,38,38,38,38,38,38,38,38,38,38,38,38,38,38,38,41,38,41,38,38,38,38,38
Map_4363,7,17,6,6,6,6,6,6,6,6,6,6,6,6,6,6,6,6,6,6,6,6,6,6,6,6
Map_4364,30,76,23,26,23,23,26,26,26,23,26,23,26,26,26,26,26,23,26,23,26,23,26,23,26,23
Map_4365,32,157,12,10,13,12,12,10,12,10,12,10,10,10,10,10,12,10,12,10,12,10,12,10,12,10
Map_4366,12,63,8,8,8,9,8,8,8,8,8,8,8,8,8,8,8,8,8,8,8,8,8,8,8,8
Map_4367,13,130,13,12,13,13,12,12,12,12,12,12,12,12,12,12,12,12,12,12,12,12,12,12,12,12
Map_4368,5,11,5,5,5,6,5,5,5,5,5,5,5,5,5,5,5,5,5,5,5,5,5,5,5,5
Map_4369,5,15,5,5,5,5,5,5,5,5,5,5,5,5,5,5,5,5,5,5,5,5,5,5,5,5
Map_4370,7,27,9,8,7,10,8,8,8,8,8,8,8,8,8,8,9,7,9,7,9,7,8,7,8,7
Map_4371,21,76,11,11,11,11,11,10,11,10,11,10,11,10,11,10,11,10,11,10,11,10,11,10,11,10
Map_4372,6,13,6,6,6,6,6,6,6,6,6,6,6,6,6,6,6,6,6,6,6,6,6,6,6,6
Map_4373,5,10,5,5,5,7,5,5,5,5,5,5,5,5,5,5,5,5,5,5,5,5,5,5,5,5
Map_4374,21,81,23,23,23,23,21,21,21,21,21,21,21,21,21,21,21,21,21,21,21,21,21,21,21,21
Map_4375,15,18,13,13,12,15,12,12,12,12,12,12,12,12,12,12,12,12,12,12,12,12,12,12,12,12
Map_4376,20,118,12,12,12,12,12,12,12,12,12,12,12,12,12,12,12,12,12,12,12,12,12,12,12,12
Map_4377,6,32,6,6,6,6,6,6,6,6,6,6,6,6,6,6,6,6,6,6,6,6,6,6,6,6
Map_4378,95,156,21,21,21,22,18,18,18,18,18,18,18,18,18,18,20,18,20,18,20,18,20,18,20,18
Map_4379,10,143,12,12,12,12,8,8,8,8,8,8,8,8,8,8,8,8,8,8,8,8,8,8,8,8
Map_4380,5,48,5,5,5,8,5,5,5,5,5,5,5,5,5,5,5,5,5,5,5,5,5,5,5,5
Map_4381,5,11,5,5,5,6,5,5,5,5,5,5,5,5,5,5,5,5,5,5,5,5,5,5,5,5
Map_4382,7,10,7,7,7,7,7,7,7,7,7,7,7,7,7,7,7,7,7,7,7,7,7,7,7,7
Map_4383,37,45,30,26,27,30,19,19,19,19,19,19,19,19,19,19,19,19,19,19,19,19,19,19,19,19
Map_4384,23,127,13,13,13,13,13,13,13,13,13,13,13,13,13,13,13,13,13,13,13,13,13,13,13,13
Map_4385,23,56,19,18,19,25,15,18,15,18,15,18,15,18,15,18,15,15,15,15,15,15,15,15,15,15
Map_4386,13,82,14,14,13,14,14,13,14,13,14,13,14,13,14,13,14,13,14,13,14,13,14,13,14,13
Map_4387,357,264,19,19,106,20,19,19,19,19,19,19,19,19,19,19,20,19,20,19,20,19,20,19,20,19
Map_4388,12,26,12,12,12,16,12,12,12,12,12,12,12,12,12,12,16,12,16,12,21,12,12,12,12,12
Map_4389,15,54,9,9,9,8,8,8,8,8,8,8,8,8,8,8,8,8,8,8,8,8,8,8,8,8
Map_4390,40,86,25,22,22,21,20,20,20,20,20,20,20,20,20,20,20,20,20,20,20,20,20,20,20,20
Map_4391,10,16,9,9,9,11,9,9,9,9,9,9,9,9,9,9,9,9,9,9,9,9,9,9,9,9
Map_4392,139,313,100,52,147,76,55,20,55,20,55,20,138,20,138,20,23,20,25,20,25,20,23,20,23,20
Map_4393,118,117,31,31,31,33,31,29,31,29,31,29,31,29,31,29,28,26,28,26,28,26,28,26,28,26
Map_4394,13,28,11,11,11,13,11,11,11,11,11,11,11,11,11,11,11,11,11,11,11,11,11,11,11,11
Map_4395,38,169,25,25,25,29,25,25,25,25,25,25,25,25,25,25,22,17,22,17,22,17,20,17,20,17
Map_4396,8,29,7,7,7,8,7,7,7,7,7,7,7,7,7,7,7,7,7,7,7,7,7,7,7,7
Map_4397,17,123,10,10,10,12,10,10,10,10,10,10,10,10,10,10,10,10,10,10,10,10,10,10,10,10
Map_4398,26,38,18,18,18,18,18,18,18,18,18,18,18,18,18,18,18,22,18,22,18,20,18,22,18,22
Map_4399,15,34,12,12,12,14,13,13,13,13,13,13,13,13,13,13,13,12,13,12,13,12,12,12,12,12
Map_4400,22,54,12,11,12,20,11,11,11,11,11,11,11,11,11,11,12,11,12,11,12,11,11,11,11,11
Map_4401,18,103,15,12,15,15,12,12,12,12,12,12,12,12,12,12,12,12,12,12,12,12,12,12,12,12
Map_4402,29,35,17,17,17,18,17,18,17,18,17,18,17,18,17,18,19,18,19,18,19,18,17,18,17,18
Map_4403,8,11,6,6,6,8,6,6,6,6,6,6,6,6,6,6,6,6,6,6,6,6,6,6,6,6
Map_4404,9,36,10,10,10,11,10,10,10,10,10,10,9,10,9,10,10,9,10,9,10,9,10,9,10,9
Map_4405,59,109,38,38,38,90,38,28,38,28,38,28,28,28,28,28,33,28,36,28,36,28,52,28,52,28
Map_4406,59,35,12,12,12,12,12,12,12,12,12,12,12,12,12,12,12,12,12,12,12,12,12,12,12,12
Map_4407,28,52,24,24,24,31,24,24,24,24,24,24,24,24,24,24,24,21,24,21,24,21,24,24,24,24
Map_4408,13,31,13,13,13,13,13,13,13,13,13,13,13,13,13,13,15,13,15,13,15,13,15,13,15,13
Map_4409,85,42,32,29,32,27,31,22,31,22,31,22,28,22,28,22,20,20,20,20,23,20,25,20,25,22
Map_4410,6,20,6,6,6,6,6,6,6,6,6,6,6,6,6,6,6,6,6,6,6,6,6,6,6,6
Map_4411,84,95,33,33,34,31,27,27,27,27,27,27,27,27,27,27,25,24,25,24,25,24,25,24,25,24
Map_4412,54,42,11,11,11,11,13,11,13,11,13,11,13,11,13,11,13,11,13,11,13,11,13,11,13,11
Map_4413,226,348,39,38,39,57,42,42,42,42,42,42,42,42,42,42,40,40,40,40,40,40,40,40,40,40
Map_4414,7,23,7,7,7,12,7,7,7,7,7,7,7,7,7,7,7,7,7,7,7,7,7,7,7,7
Map_4415,11,83,9,9,9,9,9,9,9,9,9,9,9,9,9,9,9,8,11,8,11,8,9,8,9,8
Map_4416,370,284,18,18,18,18,20,20,21,20,21,20,23,23,23,23,24,16,34,16,34,16,21,16,21,16
Map_4417,70,80,19,31,19,19,19,19,19,19,19,19,32,22,32,22,19,15,19,15,19,15,19,15,19,15
Map_4418,37,123,34,34,34,72,34,29,34,29,34,29,29,29,29,29,21,21,21,21,21,21,21,21,21,21
Map_4419,235,155,37,44,37,37,44,16,44,16,44,16,44,16,44,16,45,16,45,16,45,16,45,16,45,16
Map_4420,10,107,14,10,10,16,10,10,10,10,10,10,10,10,10,10,9,9,9,9,9,9,9,9,9,9
Map_4421,5,30,5,5,5,5,5,5,5,5,5,5,5,5,5,5,5,5,5,5,5,5,5,5,5,5
Map_4422,12,31,12,12,12,12,12,12,12,12,12,12,12,12,12,12,12,12,12,12,12,12,12,12,12,12
Map_4423,27,83,20,20,20,20,20,20,20,20,20,20,20,20,20,20,20,20,20,20,20,20,20,20,20,20
Map_4424,17,21,9,9,9,9,9,9,9,9,9,9,9,9,9,9,9,9,9,9,9,9,9,9,9,9
Map_4425,14,33,15,14,14,18,14,14,14,14,14,14,14,14,14,14,12,12,12,12,12,12,12,12,12,12
Map_4426,12,50,14,12,12,15,12,12,12,12,12,12,12,12,12,12,12,12,12,12,12,12,12,12,12,12
Map_4427,14,140,14,14,14,14,14,14,14,14,14,14,14,14,14,14,14,14,22,14,22,14,14,14,14,14
Map_4428,26,42,17,17,17,17,17,17,17,17,17,17,17,17,17,17,17,17,17,17,17,17,17,17,17,17
Map_4429,8,32,9,9,9,9,9,8,9,8,9,8,9,8,8,8,9,8,9,8,9,8,9,8,9,8
Map_4430,17,98,11,10,11,12,10,10,10,10,10,10,10,10,10,10,10,10,10,10,10,10,10,10,10,10
Map_4431,14,40,10,10,10,10,10,10,10,10,10,10,10,10,10,10,10,10,10,10,10,10,10,10,10,10
Map_4432,49,113,14,14,14,14,14,15,14,15,14,15,14,15,14,15,15,14,15,14,15,14,14,14,14,14
Map_4433,19,59,15,14,15,14,15,14,15,14,15,14,14,14,19,19,12,12,12,12,12,12,12,12,12,12
Map_4434,5,19,5,5,5,5,5,5,5,5,5,5,5,5,5,5,5,5,5,5,5,5,5,5,5,5
Map_4435,16,55,16,16,17,29,29,16,29,16,29,16,29,16,29,16,26,16,26,16,26,16,28,16,29,16
Map_4436,12,42,12,12,12,12,12,12,12,12,12,12,12,12,12,12,12,12,12,12,12,12,12,12,12,12
Map_4437,12,84,9,9,9,9,9,9,9,9,9,9,9,9,9,9,8,8,8,8,8,8,8,8,8,8
Map_4438,17,92,17,17,17,23,15,14,15,14,15,14,14,14,14,14,14,14,14,14,14,14,14,14,14,14
Map_4439,24,49,12,12,12,28,11,11,11,11,11,11,11,11,11,11,17,11,17,11,17,11,11,11,11,11
Map_4440,20,26,16,16,16,18,14,14,14,14,14,14,14,14,14,14,14,14,14,14,14,14,14,14,14,14
Map_4441,12,18,12,12,12,12,12,12,12,12,12,12,12,12,12,12,12,12,12,12,12,12,12,12,12,12
Map_4442,35,80,34,33,33,34,30,26,30,26,30,26,30,26,30,26,28,26,28,26,28,26,28,26,28,26
Map_4443,10,33,10,10,10,16,10,10,10,10,10,10,10,10,10,10,9,10,11,9,11,9,9,10,9,10
Map_4444,33,188,27,21,26,29,21,21,21,21,21,21,21,21,21,21,21,21,24,21,24,21,21,21,21,21
Map_4445,5,133,5,5,5,5,5,5,5,5,5,5,5,5,5,5,5,5,5,5,5,5,5,5,5,5
Map_4446,17,55,17,17,17,17,17,19,17,19,17,19,17,19,17,19,16,15,16,15,16,15,16,15,16,15
Map_4447,17,44,11,11,11,11,11,11,11,11,11,11,11,11,11,11,11,11,11,11,13,11,11,11,11,11
Map_4448,16,21,15,15,15,15,15,15,15,15,15,15,15,15,15,15,13,13,16,13,16,13,13,13,13,13
Map_4449,11,39,9,9,9,9,9,9,9,9,9,9,9,9,9,9,9,9,9,9,9,9,9,9,9,9
Map_4450,9,103,11,11,11,15,9,9,9,9,9,9,9,9,9,9,9,9,9,9,9,9,9,9,9,9
Map_4451,39,88,26,26,26,31,26,19,26,19,26,19,26,19,26,19,28,19,27,19,27,19,26,19,26,19
Map_4452,10,42,11,11,11,11,11,10,11,10,11,10,11,10,10,10,11,10,11,10,11,10,11,10,11,10
Map_4453,7,111,7,7,7,17,7,7,7,7,7,7,7,7,7,7,7,7,7,7,7,7,7,7,7,7
Map_4454,320,154,35,27,23,35,23,23,23,23,23,23,27,27,27,27,13,13,13,13,13,13,13,13,13,13
Map_4455,6,19,6,6,6,6,6,6,6,6,6,6,6,6,6,6,6,6,6,6,6,6,6,6,6,6
Map_4456,30,38,29,29,36,29,29,27,29,27,29,27,29,27,29,27,30,27,42,18,42,18,30,27,29,27
Map_4457,14,34,11,11,11,11,11,11,11,11,11,11,11,11,11,11,11,11,11,11,11,11,11,11,11,11
Map_4458,7,56,7,7,7,7,7,7,7,7,7,7,7,7,7,7,7,7,7,7,7,7,7,7,7,7
Map_4459,9,18,8,8,8,8,8,8,9,8,9,8,8,8,8,8,9,8,9,8,9,8,9,8,9,8
Map_4460,11,50,13,13,13,13,11,11,11,11,11,11,11,11,11,11,11,11,13,13,13,13,11,11,11,11
Map_4461,11,78,11,11,11,11,11,11,11,11,11,11,11,11,11,11,11,11,11,11,11,11,11,11,11,11
Map_4462,15,80,14,12,12,18,12,12,12,12,12,12,12,12,12,12,12,12,12,12,12,12,12,12,12,12
Map_4463,9,50,9,9,9,9,9,9,9,9,9,9,9,9,9,9,9,9,10,9,10,9,9,9,9,9
Map_4464,34,48,19,19,34,20,19,19,19,19,19,19,19,19,19,19,19,18,19,18,19,18,19,19,19,19
Map_4465,7,17,8,8,7,10,8,7,8,7,8,7,8,7,8,7,8,7,8,7,8,7,8,7,8,7
Map_4466,41,50,28,28,26,32,28,28,23,23,23,23,28,28,28,28,29,22,29,22,29,22,23,23,23,23
Map_4467,6,14,6,6,6,6,6,6,6,6,6,6,6,6,6,6,6,6,6,6,6,6,6,6,6,6
Map_4468,35,68,55,54,55,44,26,26,26,26,26,26,26,26,26,26,26,26,26,26,26,26,26,26,26,26
Map_4469,12,64,8,8,8,8,8,8,8,8,8,8,8,8,8,8,8,8,8,8,8,8,8,8,8,8
Map_4470,90,101,65,42,53,67,32,32,32,32,32,32,32,32,32,32,53,32,53,32,53,32,32,32,32,32
Map_4471,9,15,8,8,8,8,8,8,8,8,8,8,8,8,8,8,9,8,9,8,9,8,9,8,9,8
Map_4472,8,39,7,7,7,8,7,7,7,7,7,7,7,7,7,7,7,7,7,7,7,7,7,7,7,7
Map_4473,3,11,3,3,3,3,3,3,3,3,3,3,3,3,3,3,3,3,3,3,3,3,3,3,3,3
Map_4474,17,46,15,15,15,29,18,18,18,18,18,18,18,18,18,18,17,15,17,15,17,15,17,15,17,15
Map_4475,16,39,16,16,16,16,16,14,16,14,16,14,16,16,16,16,14,14,14,14,16,14,14,14,16,14
Map_4476,10,97,10,9,10,9,9,9,9,9,9,9,9,9,9,9,10,9,10,9,10,9,10,9,10,9
Map_4477,195,31,17,16,17,25,13,16,13,16,13,16,13,16,13,16,13,13,13,13,13,13,13,13,13,13
Map_4478,12,34,12,12,12,14,14,12,14,12,14,12,12,12,12,12,14,12,16,12,16,12,12,12,12,12
Map_4479,14,44,10,10,10,10,10,10,10,10,10,10,10,10,10,10,10,10,10,10,10,10,10,10,10,10
Map_4480,8,16,6,6,6,6,6,6,6,6,6,6,6,6,6,6,6,6,6,6,6,6,6,6,6,6
Map_4481,6,19,6,6,6,6,6,6,6,6,6,6,6,6,6,6,6,6,6,6,6,6,6,6,6,6
Map_4482,49,54,19,19,22,20,19,19,19,19,19,19,19,19,19,19,18,19,23,19,23,19,18,18,18,18
Map_4483,9,17,10,10,10,12,10,10,10,10,10,10,10,10,10,10,11,9,11,9,11,9,10,9,10,9
Map_4484,17,92,12,12,12,12,12,12,12,12,12,12,12,12,12,12,12,12,12,12,12,12,12,12,12,12
Map_4485,211,129,92,64,92,105,43,50,43,50,43,50,47,48,47,48,22,22,22,22,22,22,22,22,22,22
Map_4486,13,46,14,14,14,14,18,13,18,13,18,13,20,13,20,13,18,13,18,13,18,13,18,13,18,13
Map_4487,12,20,12,12,12,15,12,12,12,12,12,12,12,12,12,12,12,12,12,12,12,12,12,12,12,12
Map_4488,9,41,9,9,9,13,9,9,9,9,9,9,9,9,9,9,9,9,9,9,9,9,9,9,9,9
Map_4489,6,27,6,6,6,6,6,6,6,6,6,6,6,6,6,6,6,6,7,6,7,6,6,6,6,6
Map_4490,20,165,16,16,15,21,16,16,16,16,16,16,16,16,16,16,16,16,16,16,16,16,16,16,16,16
Map_4491,23,104,15,15,15,18,15,15,15,15,15,15,15,15,15,15,12,11,12,11,12,11,12,11,12,11
Map_4492,5,116,7,5,7,7,5,5,7,5,7,5,5,5,5,5,7,5,7,5,7,5,7,5,5,5
Map_4493,18,37,16,16,16,16,16,12,16,12,16,12,12,12,12,12,13,12,13,12,13,12,13,12,13,12
Map_4494,34,52,17,17,17,17,17,16,17,16,17,16,16,16,16,16,17,16,17,16,17,16,17,16,17,16
Map_4495,11,82,9,9,9,9,9,8,9,8,9,8,9,8,8,8,9,8,8,8,8,8,9,8,9,8
Map_4496,84,164,48,48,48,29,29,29,29,29,29,29,29,29,29,29,29,29,29,29,29,29,29,29,29,29
Map_4497,7,18,7,7,7,7,7,7,7,7,7,7,7,7,7,7,7,7,7,7,7,7,7,7,7,7
Map_4498,16,33,14,14,16,26,14,14,14,14,14,14,14,14,14,14,14,14,14,14,14,14,14,14,14,14
Map_4499,48,54,17,17,26,23,19,19,19,19,19,19,19,19,19,19,21,17,21,17,21,17,21,17,21,17
Map_4500,32,34,25,23,25,28,24,17,24,17,24,17,25,17,25,17,24,17,24,17,24,17,27,17,27,17
Map_4501,78,134,21,76,21,21,68,76,68,76,68,76,76,76,76,76,23,21,23,21,23,21,31,21,74,52
Map_4502,44,54,35,35,55,39,26,26,26,26,26,26,26,26,26,26,25,24,25,23,25,23,23,23,23,23
Map_4503,169,114,22,16,22,31,17,16,17,16,17,16,17,16,17,16,18,16,18,16,18,16,17,16,17,16
Map_4504,20,37,21,21,21,29,21,21,21,21,21,21,21,21,21,21,21,21,21,21,21,21,21,21,21,21
Map_4505,25,47,19,19,19,23,20,20,20,20,20,20,19,19,19,19,17,17,17,17,17,17,17,20,17,20
Map_4506,34,27,17,17,17,17,17,17,17,17,17,17,17,17,17,17,17,17,17,17,17,17,17,17,17,17
Map_4507,9,31,7,7,7,7,7,7,7,7,7,7,7,7,7,7,9,7,11,7,11,7,9,7,7,7
Map_4508,15,26,15,15,15,13,12,12,12,12,12,12,12,12,12,12,13,12,13,12,13,12,13,12,12,12
Map_4509,26,48,23,23,23,23,15,15,15,15,15,15,15,15,15,15,15,15,15,15,15,15,15,15,15,15
Map_4510,50,44,20,20,20,22,16,16,16,16,16,16,16,16,16,16,16,16,16,16,16,16,16,16,16,16
Map_4511,9,29,9,9,9,32,9,9,9,9,9,9,9,9,9,9,9,9,9,9,9,9,9,9,9,9
Map_4512,9,20,9,9,9,9,9,9,9,9,9,9,9,9,9,9,9,9,9,9,9,9,9,9,9,9
Map_4513,8,27,8,8,8,17,8,8,8,8,8,8,8,8,8,8,9,8,13,8,13,8,8,8,8,8
Map_4514,11,46,11,11,11,11,11,11,11,11,11,11,11,11,11,11,11,11,11,11,11,11,11,11,11,11
Map_4515,17,65,16,16,16,16,14,16,14,16,14,16,14,16,14,16,14,16,14,16,14,16,14,16,14,16
Map_4516,14,38,11,11,11,11,11,11,11,11,11,11,11,11,11,11,11,11,11,11,11,11,11,11,11,11
Map_4517,42,69,14,14,14,23,16,16,18,16,18,16,16,16,16,16,16,14,16,14,16,14,16,14,16,14
Map_4518,19,37,13,13,13,21,13,13,13,13,13,13,13,13,13,13,13,13,13,13,13,13,13,13,13,13
Map_4519,33,117,29,29,29,29,20,20,20,20,20,20,20,20,20,20,22,20,22,20,22,20,21,20,21,20
Map_4520,12,37,10,10,9,12,9,9,9,9,9,9,9,9,9,9,9,9,9,9,9,9,9,9,9,9
Map_4521,12,37,12,12,12,22,12,12,12,12,12,12,12,12,12,12,12,12,12,12,12,12,12,12,12,12
Map_4522,4,9,4,4,4,4,4,4,4,4,4,4,4,4,4,4,4,4,4,4,4,4,4,4,4,4
Map_4523,38,40,25,25,25,25,25,25,25,25,25,25,25,25,25,25,26,26,32,26,32,26,26,26,26,26
Map_4524,39,100,27,27,27,28,16,16,16,16,16,16,16,16,16,16,18,16,18,16,18,16,17,16,17,16
Map_4525,50,103,57,49,57,46,42,47,42,47,42,47,48,48,48,48,33,21,33,21,33,21,33,21,33,21
Map_4526,9,46,11,11,11,13,10,9,10,9,10,9,9,9,9,9,15,9,15,9,15,9,10,9,10,9
Map_4527,7,77,7,7,7,10,7,7,7,7,7,7,7,7,7,7,7,7,7,7,7,7,7,7,7,7
Map_4528,10,14,9,9,9,10,9,9,9,9,9,9,9,9,9,9,9,9,9,9,9,9,9,9,9,9
Map_4529,156,170,76,93,107,77,81,42,81,42,81,42,81,42,81,42,37,42,37,35,37,35,72,72,72,72
Map_4530,11,42,8,8,8,8,8,8,8,8,8,8,8,8,8,8,8,8,8,8,8,8,8,8,8,8
Map_4531,13,144,14,14,14,14,33,13,33,13,33,13,34,13,34,13,14,13,14,13,14,13,14,13,14,13
Map_4532,39,53,9,9,9,9,9,9,9,9,9,9,9,9,9,9,9,9,9,9,9,9,9,9,9,9
Map_4533,43,307,20,20,20,22,19,22,19,22,19,22,19,22,19,22,20,16,20,16,20,16,20,19,20,19
Map_4534,35,157,31,31,31,32,29,30,29,30,29,30,30,31,30,31,29,29,30,29,30,29,29,30,29,30
Map_4535,40,36,25,25,25,25,23,23,23,23,23,23,23,23,23,23,20,19,20,19,20,19,20,19,20,19
Map_4536,17,41,12,12,12,12,12,12,12,12,12,12,12,12,12,12,12,12,12,12,14,12,12,12,12,12
Map_4537,26,82,21,18,21,44,21,18,21,18,21,18,18,18,18,18,21,18,21,14,23,14,21,18,21,18
Map_4538,13,78,13,12,13,13,13,10,13,10,13,10,12,10,12,10,11,10,11,10,11,10,11,10,11,10
Map_4539,11,60,9,9,9,11,10,9,10,9,10,9,9,9,9,9,10,9,10,9,10,9,10,9,10,9
Map_4540,36,75,15,15,15,18,15,15,15,15,15,15,15,15,15,15,15,15,15,15,15,15,15,15,15,15
Map_4541,17,60,9,9,9,9,9,9,9,9,9,9,9,9,9,9,9,9,9,9,9,9,9,9,9,9
Map_4542,25,66,23,23,35,26,22,22,22,22,22,22,22,23,23,23,22,22,22,22,22,22,22,22,22,22
Map_4543,32,63,17,17,24,20,17,17,17,17,17,17,17,17,17,17,17,17,17,17,17,17,17,17,17,17
Map_4544,13,77,15,15,13,15,15,13,15,13,15,13,15,13,15,13,15,13,17,13,17,13,15,13,15,13
Map_4545,32,150,16,16,16,16,16,13,16,13,16,13,13,13,13,13,13,13,13,13,13,13,13,13,13,13
Map_4546,24,206,13,11,11,14,11,11,11,11,11,11,11,11,11,11,11,11,11,11,11,11,11,11,11,11
Map_4547,27,34,27,27,27,18,15,15,15,15,15,15,15,15,15,15,15,15,15,15,15,15,15,15,15,15
Map_4548,7,37,7,7,7,7,7,7,7,7,7,7,7,7,7,7,7,7,10,7,10,7,7,7,7,7
Map_4549,10,38,12,11,10,15,10,10,10,10,10,10,10,10,10,10,13,10,13,10,13,10,10,10,10,10
Map_4550,11,41,12,11,11,12,11,11,11,11,11,11,11,11,11,11,11,11,11,11,11,11,11,11,11,11
Map_4551,9,61,9,9,9,9,9,9,9,9,9,9,9,9,9,9,9,9,9,9,9,9,9,9,9,9
Map_4552,40,93,18,18,18,18,18,18,18,18,18,18,18,18,18,18,21,18,24,18,24,18,18,18,18,18
Map_4553,43,59,17,17,17,17,18,18,18,18,18,18,18,18,18,18,17,18,17,17,17,17,17,18,17,18
Map_4554,84,270,13,13,13,13,13,13,13,13,13,13,13,13,13,13,13,13,13,13,13,13,13,13,13,13
Map_4555,9,87,8,8,8,20,8,8,8,8,8,8,8,8,8,8,8,8,8,8,8,8,8,8,8,8
Map_4556,41,130,9,9,9,9,9,9,9,9,9,9,9,9,9,9,9,9,9,9,9,9,9,9,9,9
Map_4557,6,16,8,6,6,10,6,6,6,6,6,6,6,6,6,6,8,6,8,6,8,6,6,6,6,6
Map_4558,9,33,9,9,9,9,9,9,9,9,9,9,9,9,9,9,9,9,9,9,9,9,9,9,9,9
Map_4559,28,47,14,13,14,14,13,13,13,13,13,13,13,13,13,13,16,13,16,13,16,13,16,13,15,13
Map_4560,7,13,7,7,7,10,7,7,7,7,7,7,7,7,7,7,10,7,10,7,10,7,7,7,7,7
Map_4561,14,175,14,14,14,29,28,14,28,14,28,14,28,14,28,14,16,14,16,14,16,14,16,14,16,14
Map_4562,4,125,4,4,4,5,4,4,4,4,4,4,4,4,4,4,4,4,4,4,4,4,4,4,4,4
Map_4563,8,30,8,8,8,17,8,8,8,8,8,8,8,8,8,8,10,8,10,8,10,8,10,8,10,8
Map_4564,23,75,15,15,15,21,15,15,15,15,15,15,15,15,15,15,17,15,17,15,17,15,17,15,17,15
Map_4565,8,164,5,5,5,5,5,5,5,5,5,5,5,5,5,5,5,5,5,5,5,5,5,5,5,5
Map_4566,18,46,13,13,13,13,13,13,13,13,13,13,13,13,13,13,13,13,13,13,13,13,13,13,13,13
Map_4567,14,36,14,14,14,16,14,14,14,14,14,14,14,14,14,14,13,13,13,13,13,13,13,13,13,13
Map_4568,15,48,10,10,10,10,10,10,10,10,10,10,10,10,10,10,11,10,11,10,11,10,11,10,11,10
Map_4569,17,38,14,14,14,17,14,13,14,13,14,13,13,13,13,13,14,13,14,13,14,13,14,13,14,13
Map_4570,5,31,5,5,5,5,5,5,5,5,5,5,5,5,5,5,5,5,5,5,5,5,5,5,5,5
Map_4571,5,17,10,5,5,15,5,5,5,5,5,5,5,5,5,5,5,5,5,5,5,5,5,5,5,5
Map_4572,13,55,12,12,13,12,12,12,12,12,12,12,12,12,12,12,12,12,12,12,12,12,12,12,12,12
Map_4573,20,106,14,14,14,15,14,14,14,14,14,14,14,14,14,14,14,14,14,14,14,14,14,14,14,14
Map_4574,18,22,15,15,15,15,13,13,13,13,13,13,13,13,13,13,13,13,13,13,13,13,13,13,13,13
Map_4575,14,29,17,16,14,14,14,14,14,14,14,14,14,14,14,14,14,14,14,14,14,14,14,14,14,14
Map_4576,12,32,11,11,11,17,11,11,11,11,11,11,11,11,11,11,11,11,11,11,11,11,11,11,11,11
Map_4577,6,10,8,6,6,8,6,6,6,6,6,6,6,6,6,6,7,6,7,6,7,6,6,6,6,6
Map_4578,17,89,12,12,12,12,12,12,12,12,12,12,12,12,12,12,12,12,14,12,14,12,12,12,12,12
Map_4579,7,16,7,7,7,7,7,7,7,7,7,7,7,7,7,7,7,7,7,7,7,7,7,7,7,7
Map_4580,16,56,16,16,16,34,16,16,16,16,16,16,16,16,16,16,19,16,19,16,19,16,17,16,17,16
Map_4581,5,28,5,5,5,5,5,5,5,5,5,5,5,5,5,5,5,5,5,5,5,5,5,5,5,5
Map_4582,29,134,25,25,25,27,25,24,25,24,25,24,25,24,25,24,25,24,25,24,25,24,25,24,25,24
Map_4583,6,29,6,6,6,17,6,6,6,6,6,6,6,6,6,6,6,6,6,6,6,6,6,6,6,6
Map_4584,10,28,10,10,10,15,10,10,10,10,10,10,10,10,10,10,10,10,10,10,10,10,10,10,10,10
Map_4585,6,16,6,6,6,8,6,6,6,6,6,6,6,6,6,6,6,6,6,6,6,6,6,6,6,6
Map_4586,26,118,23,23,23,23,23,30,23,30,23,30,23,30,23,30,26,25,26,25,26,25,26,25,26,25
Map_4587,15,109,15,15,19,18,15,15,15,15,15,15,15,18,15,18,16,15,16,15,16,15,15,15,15,15
Map_4588,16,43,17,17,17,17,17,17,17,17,17,17,17,17,17,17,13,13,13,13,13,13,13,13,13,13
Map_4589,20,28,14,14,14,14,14,13,14,13,14,13,13,13,13,13,14,13,18,13,18,13,14,13,14,13
Map_4590,30,34,22,22,22,29,22,22,22,22,22,22,22,22,22,22,20,22,20,22,20,22,20,22,20,22
Map_4591,11,28,11,11,11,12,11,11,11,11,11,11,11,11,11,11,12,11,12,11,12,11,11,11,11,11
Map_4592,27,39,11,11,11,11,11,11,11,11,11,11,11,11,11,11,11,11,11,11,11,11,11,11,11,11
Map_4593,27,73,25,25,25,26,25,25,25,25,25,25,25,34,34,34,25,24,25,24,25,24,25,24,25,24
Map_4594,19,43,10,10,10,10,10,10,10,10,10,10,10,10,10,10,10,10,10,10,10,10,10,10,10,10
Map_4595,87,165,46,46,46,46,28,41,28,41,28,41,57,41,57,41,24,28,24,24,24,24,24,28,24,41
Map_4596,22,44,15,15,15,11,11,11,11,11,11,11,11,11,11,11,11,11,11,11,11,11,11,11,11,11
Map_4597,33,135,20,17,17,20,17,17,17,17,17,17,17,17,17,17,17,17,24,17,24,17,17,17,17,17
Map_4598,17,73,12,12,12,12,12,12,12,12,12,12,12,12,12,12,12,12,12,12,12,12,12,12,12,12
Map_4599,7,29,7,7,7,19,7,7,7,7,7,7,7,7,7,7,7,7,7,7,7,7,7,7,7,7
Map_4600,264,158,28,28,28,28,28,28,28,28,28,28,28,28,28,28,28,28,28,28,28,28,27,28,26,28
Map_4601,27,28,12,12,12,13,12,12,12,12,12,12,12,12,12,12,12,12,12,12,12,12,12,12,12,12
Map_4602,6,9,6,6,6,7,6,6,6,6,6,6,6,6,6,6,6,6,6,6,6,6,6,6,6,6
Map_4603,6,51,6,6,6,6,6,6,6,6,6,6,6,6,6,6,6,6,6,6,6,6,6,6,6,6
Map_4604,22,106,20,17,17,29,17,17,17,17,17,17,17,17,17,17,17,17,17,17,17,17,17,17,17,17
Map_4605,8,32,8,8,8,8,8,8,8,8,8,8,8,8,8,8,8,8,8,8,8,8,8,8,8,8
Map_4606,5,51,5,5,5,10,5,5,5,5,5,5,5,5,5,5,5,5,5,5,5,5,5,5,5,5
Map_4607,10,15,11,9,11,11,10,9,10,9,10,9,10,9,10,9,10,9,10,9,10,9,10,9,10,9
Map_4608,100,88,25,25,25,23,25,25,25,25,25,25,25,25,25,25,26,23,26,23,26,23,26,23,26,23
Map_4609,15,135,10,10,10,15,10,10,10,10,10,10,10,10,10,10,10,10,10,10,10,10,10,10,10,10
Map_4610,5,29,5,5,5,8,5,5,5,5,5,5,5,5,5,5,5,5,5,5,5,5,5,5,5,5
Map_4611,34,62,20,20,31,20,20,20,20,20,20,20,20,20,20,20,21,18,22,18,22,18,21,18,21,18
Map_4612,16,28,10,10,10,19,10,10,10,10,10,10,10,10,10,10,11,10,11,10,11,10,10,10,10,10
Map_4613,17,32,12,12,12,16,12,12,12,12,12,12,12,12,12,12,12,12,12,12,12,12,12,12,12,12
Map_4614,13,32,13,13,13,13,13,13,13,13,13,13,13,13,13,13,13,13,13,13,13,13,13,13,13,13
Map_4615,166,188,12,12,12,12,12,12,12,12,12,12,12,12,12,12,12,12,12,12,12,12,12,12,12,12
Map_4616,59,67,28,28,28,34,28,28,28,28,28,28,28,28,28,28,28,27,30,27,35,27,28,27,28,27
Map_4617,16,87,17,16,17,22,17,17,17,17,17,17,17,17,17,17,17,17,17,17,17,17,17,17,17,17
Map_4618,16,95,21,19,21,21,16,12,16,12,16,12,16,12,16,12,16,12,16,12,16,12,16,12,16,12
Map_4619,16,47,16,16,16,21,16,16,16,16,16,16,16,16,16,16,16,16,16,16,16,16,16,16,16,16
Map_4620,19,48,21,21,21,21,19,21,19,21,19,21,18,21,18,21,19,18,19,18,19,18,19,21,19,21
Map_4621,7,22,4,4,4,4,4,4,4,4,4,4,4,4,4,4,4,4,4,4,4,4,4,4,4,4
Map_4622,6,11,6,6,6,8,6,6,6,6,6,6,6,6,6,6,8,6,8,6,8,6,6,6,6,6
Map_4623,140,172,19,19,19,38,19,19,19,19,19,19,19,19,19,19,15,14,15,14,15,14,15,14,15,14
Map_4624,6,17,6,6,6,6,6,6,6,6,6,6,6,6,6,6,7,6,7,6,7,6,7,6,6,6
Map_4625,5,18,5,5,5,9,5,5,5,5,5,5,5,5,5,5,5,5,5,5,5,5,5,5,5,5
Map_4626,7,33,7,7,7,7,7,7,7,7,7,7,7,7,7,7,8,7,8,7,8,7,8,7,8,7
Map_4627,13,30,13,13,13,14,13,13,13,13,13,13,13,13,13,13,13,13,13,13,13,13,13,13,13,13
Map_4628,7,68,7,7,7,7,7,7,7,7,7,7,7,7,7,7,7,7,7,7,7,7,7,7,7,7
Map_4629,129,85,16,16,16,16,16,16,16,16,16,16,16,16,16,16,26,16,29,34,29,34,26,16,25,16
Map_4630,10,24,14,14,14,14,14,10,14,10,14,10,14,10,14,10,10,10,10,10,10,10,10,10,10,10
Map_4631,14,58,10,10,10,10,10,10,10,10,10,10,10,10,10,10,10,10,10,10,10,10,10,10,10,10
Map_4632,18,29,25,25,18,28,19,19,19,19,19,19,19,19,19,19,19,18,19,18,19,18,19,18,19,18
Map_4633,43,106,10,10,10,10,10,10,10,10,10,10,10,10,10,10,10,10,12,10,12,10,10,10,10,10
Map_4634,40,56,25,25,20,25,19,23,19,23,19,23,19,23,19,23,19,17,19,17,19,17,19,17,19,17
Map_4635,25,71,26,23,23,28,22,22,22,22,22,22,22,22,22,22,17,17,17,17,17,17,17,17,17,17
Map_4636,62,138,28,27,28,22,21,18,21,18,21,18,22,22,22,22,21,18,21,18,21,18,21,18,21,18
Map_4637,13,40,11,11,11,11,11,10,11,10,11,10,11,10,10,10,11,10,11,10,11,10,11,10,11,10
Map_4638,25,102,10,10,10,10,10,10,10,10,10,10,10,10,10,10,10,10,10,10,10,10,10,10,10,10
Map_4639,39,88,21,21,21,21,21,21,21,21,21,21,21,21,21,21,24,21,24,21,24,21,24,21,24,21
Map_4640,7,35,7,7,7,10,7,7,7,7,7,7,7,7,7,7,7,7,7,7,7,7,7,7,7,7
Map_4641,5,37,5,5,5,5,5,5,5,5,5,5,5,5,5,5,5,5,5,5,5,5,5,5,5,5
Map_4642,317,341,65,65,65,74,62,65,62,65,62,65,62,65,62,65,62,70,60,54,60,54,62,70,62,71
Map_4643,32,50,17,19,31,22,18,19,18,19,18,19,17,19,17,19,17,17,17,17,17,17,18,17,18,17
Map_4644,5,15,5,5,5,7,5,5,5,5,5,5,5,5,5,5,5,5,5,5,5,5,5,5,5,5
Map_4645,17,63,17,17,17,10,10,10,10,10,10,10,10,10,10,10,10,10,10,10,10,10,10,10,10,10
Map_4646,14,50,14,14,14,18,14,16,14,16,14,16,14,16,14,16,14,14,16,14,16,14,14,14,14,14
Map_4647,29,72,18,18,18,25,18,18,18,18,18,18,18,18,18,18,22,18,22,18,22,18,22,18,22,18
Map_4648,3,17,3,3,3,3,3,3,3,3,3,3,3,3,3,3,3,3,3,3,3,3,3,3,3,3
Map_4649,16,61,12,12,12,12,12,12,12,12,12,12,14,14,14,14,12,12,12,12,12,12,12,12,12,12
Map_4650,9,13,9,9,9,10,9,9,9,9,9,9,9,9,9,9,9,9,9,9,9,9,9,9,9,9
Map_4651,7,15,7,7,7,7,7,7,7,7,7,7,7,7,7,7,7,7,7,7,7,7,7,7,7,7
Map_4652,8,12,8,7,8,8,7,7,7,7,7,7,7,7,7,7,7,7,7,7,7,7,7,7,7,7
Map_4653,12,71,12,12,12,12,12,12,12,12,12,12,12,12,12,12,12,12,22,12,22,12,12,12,12,12
Map_4654,13,79,13,13,13,17,13,13,13,13,13,13,13,13,13,13,14,13,14,13,14,14,13,13,13,13
Map_4655,12,54,8,8,8,8,12,8,12,8,12,8,12,8,12,8,12,8,12,8,12,8,12,8,12,8
Map_4656,36,52,18,18,18,19,18,18,18,18,18,18,18,18,18,18,18,18,19,18,19,18,18,18,18,18
Map_4657,11,61,11,8,11,11,8,8,8,8,8,8,8,8,8,8,8,8,8,8,8,8,8,8,8,8
Map_4658,16,24,13,13,13,13,13,14,13,14,13,14,13,14,13,14,13,13,13,13,13,13,13,13,13,13
Map_4659,6,15,6,6,6,8,6,6,6,6,6,6,6,6,6,6,6,6,6,6,6,6,6,6,6,6
Map_4660,9,26,9,9,9,9,9,9,9,9,9,9,9,9,9,9,9,9,9,9,9,9,9,9,9,9
Map_4661,26,29,14,14,14,14,14,14,14,14,14,14,14,14,14,14,13,13,13,13,13,13,13,13,13,13
Map_4662,39,48,20,20,20,20,20,20,20,20,20,20,20,20,20,20,20,20,20,22,20,22,20,20,20,20
Map_4663,14,28,11,11,11,13,11,11,11,11,11,11,11,11,11,11,11,11,11,11,11,11,11,11,11,11
Map_4664,7,10,6,6,6,6,6,6,6,6,6,6,6,6,6,6,6,6,6,6,6,6,6,6,6,6
Map_4665,151,101,14,14,14,14,14,14,14,14,14,14,14,14,14,14,14,14,14,14,14,14,14,14,14,14
Map_4666,8,34,8,8,8,8,8,8,8,8,8,8,8,8,8,8,8,8,8,8,8,8,8,8,8,8
Map_4667,42,150,10,10,10,10,10,10,10,10,10,10,10,10,10,10,10,10,10,10,10,10,10,10,10,10
Map_4668,8,189,8,8,8,13,8,8,8,8,8,8,8,8,8,8,8,8,8,8,8,8,8,8,8,8
Map_4669,15,28,15,15,15,18,14,14,14,14,14,14,14,14,14,14,14,14,14,14,14,14,14,14,14,14
Map_4670,5,11,5,5,5,8,5,5,5,5,5,5,5,5,5,5,5,5,5,5,5,5,5,5,5,5
Map_4671,6,12,6,6,6,6,6,6,6,6,6,6,6,6,6,6,6,6,6,6,6,6,6,6,6,6
Map_4672,12,27,12,11,12,13,11,11,11,11,11,11,11,11,11,11,11,11,11,11,11,11,11,11,11,11
Map_4673,10,79,11,11,10,20,11,11,11,11,11,11,11,11,11,11,10,10,10,10,10,10,10,10,10,10
Map_4674,8,30,8,8,8,8,8,8,8,8,8,8,8,8,8,8,8,8,9,8,9,8,8,8,8,8
Map_4675,20,31,10,10,10,12,10,10,10,10,10,10,10,10,10,10,10,9,10,9,10,9,10,10,10,10
Map_4676,12,126,11,11,11,26,11,11,11,11,11,11,11,11,11,11,11,11,11,11,11,11,11,11,11,11
Map_4677,27,123,11,11,15,15,12,11,12,11,12,11,12,11,12,11,12,11,12,11,12,11,12,11,12,11
Map_4678,12,52,14,12,14,20,12,12,12,12,12,12,12,12,12,12,14,12,14,12,14,12,13,12,13,12
Map_4679,11,87,7,7,7,13,7,7,7,7,7,7,7,7,7,7,7,7,7,7,7,7,7,7,7,7
Map_4680,25,56,12,12,12,12,15,12,15,12,15,12,15,12,15,12,16,12,16,12,16,12,16,12,16,12
Map_4681,16,294,11,11,11,11,11,11,11,11,11,11,11,11,11,11,11,11,11,11,11,11,11,11,11,11
Map_4682,31,67,18,18,22,21,18,15,18,16,18,16,18,15,18,15,18,20,18,20,18,20,18,15,18,15
Map_4683,52,154,41,40,41,47,37,40,37,40,37,40,40,40,40,40,27,40,27,37,27,37,27,40,27,40
Map_4684,46,393,26,26,26,24,21,21,21,21,21,21,21,21,21,21,21,21,21,21,21,21,21,21,21,21
Map_4685,14,34,10,10,10,11,10,10,10,10,10,10,10,10,10,10,10,10,10,10,10,10,10,10,10,10
Map_4686,8,18,9,9,9,9,9,9,9,9,9,9,9,9,9,9,9,8,9,8,9,8,9,8,9,8
Map_4687,24,40,21,21,21,23,26,26,26,26,26,26,26,26,26,26,24,23,24,21,24,21,21,23,21,23
Map_4688,5,11,5,5,5,5,5,5,5,5,5,5,5,5,5,5,5,5,5,5,5,5,5,5,5,5
Map_4689,13,35,10,10,10,10,10,10,10,10,10,10,10,10,10,10,10,10,10,10,10,10,10,10,10,10
Map_4690,19,33,19,18,15,24,15,15,15,15,15,15,18,18,18,18,15,15,24,15,24,15,15,15,15,15
Map_4691,6,11,8,6,7,8,6,6,6,6,6,6,6,6,6,6,7,6,7,6,7,6,6,6,6,6
Map_4692,61,273,9,9,9,9,9,9,9,9,9,9,9,9,9,9,9,9,9,9,9,9,9,9,9,9
Map_4693,65,99,31,31,32,31,29,27,29,27,29,27,27,27,27,27,29,24,29,24,29,24,30,24,30,24
Map_4694,13,58,12,12,12,19,12,12,12,12,12,12,12,12,12,12,12,12,12,12,12,12,12,12,12,12
Map_4695,96,151,35,35,41,33,30,30,30,30,30,30,30,30,30,30,30,21,30,21,30,21,30,21,30,21
Map_4696,18,49,13,13,12,14,13,11,13,11,13,11,13,11,13,11,12,12,12,12,12,12,12,11,12,11
Map_4697,19,44,23,19,19,23,19,19,19,19,19,19,19,19,19,19,15,15,15,15,15,15,15,15,15,15
Map_4698,8,33,12,12,12,11,11,8,11,8,11,8,11,8,10,8,8,8,8,8,8,8,8,8,8,8
Map_4699,16,102,14,14,14,15,14,14,14,14,14,14,14,14,14,14,14,13,14,13,14,13,14,13,14,13
Map_4700,7,54,7,7,7,7,7,7,7,7,7,7,7,7,7,7,7,7,7,7,7,7,7,7,7,7
Map_4701,33,36,28,28,28,28,21,23,21,23,21,23,21,23,21,23,21,19,21,19,21,19,21,20,21,20
Map_4702,40,184,19,19,19,23,19,19,19,19,19,19,19,19,19,19,20,19,20,19,20,19,20,19,20,19
Map_4703,32,123,17,17,20,17,17,17,17,17,17,17,17,17,17,17,20,17,20,17,20,17,20,17,17,17
Map_4704,6,15,6,6,6,6,6,6,6,6,6,6,6,6,6,6,6,6,6,6,6,6,6,6,6,6
Map_4705,24,163,16,16,16,18,16,16,16,16,16,16,16,16,16,16,16,16,16,16,16,16,16,16,16,16
Map_4706,11,28,13,11,13,13,11,11,11,11,11,11,11,11,11,11,11,11,11,11,11,11,11,11,11,11
Map_4707,21,78,26,22,26,18,16,16,16,16,16,16,16,16,16,16,18,16,18,16,18,16,16,16,16,16
Map_4708,8,40,8,8,8,8,8,8,8,8,8,8,8,8,8,8,8,8,8,8,8,8,8,8,8,8
Map_4709,35,70,23,23,23,27,22,23,22,23,22,23,21,23,21,23,21,19,21,19,21,19,19,19,19,19
Map_4710,8,41,8,8,8,12,8,8,8,8,8,8,8,8,8,8,8,8,8,8,8,8,8,8,8,8
Map_4711,20,136,15,15,15,18,18,15,18,15,18,15,18,15,18,15,18,15,28,15,28,15,18,15,18,15
Map_4712,11,165,17,11,17,17,16,11,16,11,16,11,16,11,16,11,17,11,17,11,17,11,16,11,16,11
Map_4713,20,30,20,20,20,21,20,20,20,20,20,20,20,20,20,20,19,15,19,15,19,15,18,15,18,15
Map_4714,97,29,9,9,9,9,9,9,9,9,9,9,9,9,9,9,9,9,9,9,9,9,9,9,9,9
Map_4715,19,75,15,15,15,15,15,14,15,14,15,14,15,14,14,14,17,14,17,14,17,14,17,14,17,14
Map_4716,8,130,7,7,7,7,7,7,7,7,7,7,7,7,7,7,9,7,9,7,9,7,7,7,7,7
Map_4717,35,162,52,32,32,84,31,32,31,32,31,32,31,32,31,32,28,17,28,17,28,17,28,17,28,17
Map_4718,11,61,10,10,11,12,10,11,10,11,10,11,10,11,10,11,10,10,10,10,10,10,10,11,10,11
Map_4719,34,143,21,21,21,22,22,21,22,21,22,21,21,26,21,24,20,21,20,21,24,21,20,21,20,21
Map_4720,16,31,10,10,10,12,10,10,10,10,10,10,10,10,10,10,10,10,12,10,12,10,10,10,10,10
Map_4721,121,82,37,36,37,94,43,36,43,36,43,36,38,36,38,36,67,40,67,40,67,40,37,36,37,36
Map_4722,10,17,11,11,11,12,11,10,11,10,11,10,11,10,11,10,11,10,14,10,14,10,11,10,11,10
Map_4723,26,165,18,18,26,20,18,18,18,18,18,18,18,18,18,18,18,18,18,18,18,18,18,18,18,18
Map_4724,12,49,9,9,9,9,9,9,9,9,9,9,9,9,9,9,9,9,9,9,9,9,9,9,9,9
Map_4725,7,11,7,7,7,8,7,7,7,7,7,7,7,7,7,7,7,7,7,7,7,7,7,7,7,7
Map_4726,18,21,13,13,13,13,12,12,12,12,12,12,12,12,12,12,12,12,12,12,12,12,12,12,12,12
Map_4727,22,35,11,11,11,11,11,11,11,11,11,11,11,11,11,11,11,11,11,11,11,11,11,11,11,11
Map_4728,7,16,9,9,7,9,7,7,7,7,7,7,7,7,7,7,7,7,7,7,7,7,7,7,7,7
Map_4729,7,48,7,7,7,7,7,7,7,7,7,7,7,7,7,7,7,7,7,7,7,7,7,7,7,7
Map_4730,9,75,9,9,9,9,9,9,9,9,9,9,9,9,9,9,9,9,9,9,9,9,9,9,9,9
Map_4731,7,31,7,7,7,7,7,7,7,7,7,7,7,7,7,7,7,7,7,7,7,7,7,7,7,7
Map_4732,11,371,12,12,12,12,12,12,12,12,12,12,12,12,12,12,13,11,17,11,17,11,13,11,13,11
Map_4733,76,170,17,17,22,17,17,17,17,17,17,17,17,17,17,17,17,17,17,17,17,17,17,17,17,17
Map_4734,11,29,9,9,9,10,9,9,9,9,9,9,9,9,9,9,9,9,9,9,9,9,9,9,9,9
Map_4735,49,96,37,37,37,38,27,27,27,27,27,27,27,27,27,27,27,27,27,27,27,27,27,27,27,27
Map_4736,9,48,8,8,8,8,8,8,8,8,8,8,8,8,8,8,8,8,9,8,9,8,8,8,8,8
Map_4737,26,127,16,16,21,16,16,16,16,16,16,16,16,16,16,16,16,16,16,16,16,16,16,16,16,16
Map_4738,7,18,7,7,7,7,7,7,7,7,7,7,7,7,7,7,7,7,7,7,7,7,7,7,7,7
Map_4739,9,28,8,8,8,11,8,8,8,8,8,8,8,8,8,8,8,8,8,8,8,8,8,8,8,8
Map_4740,63,95,44,44,44,73,56,44,56,44,56,44,52,68,52,68,43,20,43,20,43,20,46,20,44,20
Map_4741,27,27,19,16,19,16,16,16,16,16,16,16,16,16,16,16,16,16,16,16,16,16,16,16,16,16
Map_4742,12,26,14,14,12,15,12,12,12,12,12,12,12,12,12,12,12,11,12,11,12,11,12,11,12,11
Map_4743,41,63,20,20,20,36,15,15,15,15,15,15,15,15,15,15,15,15,15,15,15,15,15,15,15,15
Map_4744,12,32,10,10,10,10,10,10,10,10,10,10,10,10,10,10,10,10,10,10,10,10,10,10,10,10
Map_4745,15,76,14,14,11,16,14,11,14,11,14,11,14,11,14,11,14,11,14,11,14,11,14,11,14,11
Map_4746,29,62,13,13,13,13,13,13,13,13,13,13,13,13,13,13,12,12,12,12,12,12,12,12,12,12
Map_4747,14,105,14,14,14,19,15,14,15,14,15,14,14,14,14,14,13,14,13,13,13,13,13,14,13,14
Map_4748,36,39,18,18,18,18,17,16,17,16,17,16,16,16,16,16,18,16,18,16,18,16,18,16,18,16
Map_4749,5,41,5,5,5,6,5,5,5,5,5,5,5,5,5,5,6,5,6,5,6,5,5,5,5,5
Map_4750,9,64,9,9,9,9,9,9,9,9,9,9,9,9,9,9,9,9,9,9,9,9,9,9,9,9
Map_4751,7,23,8,8,8,9,8,7,8,7,8,7,8,7,8,7,8,7,8,7,8,7,8,7,8,7
Map_4752,58,121,51,51,56,56,37,37,37,37,37,37,37,37,37,37,39,37,39,37,39,37,37,37,37,37
Map_4753,15,157,10,10,10,10,10,14,10,14,10,14,10,14,10,14,10,10,10,10,10,10,10,10,10,10
Map_4754,10,16,9,9,9,10,9,9,9,9,9,9,9,9,9,9,9,9,9,9,9,9,9,9,9,9
Map_4755,219,93,59,52,48,91,31,31,31,31,31,31,31,31,31,31,31,31,31,31,31,31,31,31,31,31
Map_4756,23,70,17,17,18,19,15,15,15,15,15,15,15,15,15,15,15,15,15,15,15,15,15,15,15,15
Map_4757,35,54,22,22,21,22,21,19,21,19,21,19,21,19,21,19,18,18,18,18,18,18,18,18,18,18
Map_4758,6,86,6,6,6,6,6,6,6,6,6,6,6,6,6,6,6,6,6,6,6,6,6,6,6,6
Map_4759,13,74,14,13,14,14,13,13,13,13,13,13,13,13,13,13,13,13,15,13,15,13,13,13,13,13
Map_4760,13,52,10,10,10,10,10,10,10,10,10,10,10,10,10,10,10,10,10,10,10,10,10,10,10,10
Map_4761,30,108,27,23,27,34,26,23,26,23,26,23,24,24,24,24,22,19,22,19,22,19,19,19,19,19
Map_4762,10,42,9,9,10,21,9,9,9,9,9,9,9,9,9,9,11,9,11,9,11,9,11,9,11,9
Map_4763,9,145,9,9,9,9,9,9,9,9,9,9,9,9,9,9,9,9,9,9,9,9,9,9,9,9
Map_4764,11,38,11,11,11,11,11,11,11,11,11,11,11,11,11,11,14,11,14,11,14,11,11,11,11,11
Map_4765,24,86,21,21,24,33,18,21,18,21,18,21,18,21,18,21,15,15,15,15,15,15,15,15,15,15
Map_4766,14,27,11,11,11,11,9,9,9,9,9,9,9,9,9,9,9,9,9,9,9,9,9,9,9,9
Map_4767,12,23,12,12,10,15,12,12,12,12,12,12,12,12,12,12,12,12,12,11,12,11,12,12,12,12
Map_4768,8,16,8,8,8,8,8,8,8,8,8,8,8,8,8,8,9,8,9,8,9,8,9,8,9,8
Map_4769,19,155,12,12,12,12,12,12,12,12,12,12,12,12,12,12,13,12,13,12,13,12,12,12,12,12
Map_4770,22,92,27,27,27,24,20,25,20,25,20,25,20,25,20,25,20,22,20,22,20,22,20,22,20,22
Map_4771,45,59,41,37,35,27,24,31,24,31,24,31,24,31,24,31,24,24,24,24,24,24,24,24,24,24
Map_4772,17,26,17,17,17,14,13,13,13,13,13,13,13,13,13,13,13,13,13,13,13,13,13,13,13,13
Map_4773,13,353,13,13,13,13,13,13,13,13,13,13,13,13,13,13,13,13,13,13,13,13,13,13,13,13
Map_4774,29,136,21,21,20,42,20,21,20,21,20,21,20,21,20,21,20,21,20,21,20,21,20,21,20,21
Map_4775,11,27,7,7,7,7,7,7,7,7,7,7,7,7,7,7,7,7,7,7,7,7,7,7,7,7
Map_4776,10,14,9,9,9,9,9,9,9,9,9,9,9,9,9,9,11,9,11,9,11,9,9,9,9,9
Map_4777,27,107,10,10,10,10,10,10,10,10,10,10,10,10,10,10,11,10,11,10,11,10,11,10,11,10
Map_4778,23,48,15,15,22,15,14,14,14,14,14,14,14,14,14,14,14,14,14,14,14,14,14,14,14,14
Map_4779,26,69,21,21,16,39,21,21,21,21,21,21,21,21,21,21,20,21,28,21,28,21,20,21,20,21
Map_4780,16,48,13,13,13,13,13,12,13,12,13,12,13,12,13,12,13,12,13,12,13,12,13,12,13,12
Map_4781,5,20,5,5,5,5,5,5,5,5,5,5,5,5,5,5,5,5,5,5,5,5,5,5,5,5
Map_4782,30,218,12,12,12,12,12,12,12,12,12,12,12,12,12,12,16,12,16,12,16,12,12,12,12,12
Map_4783,8,245,8,8,8,8,8,8,8,8,8,8,8,8,8,8,8,8,8,8,8,8,8,8,8,8
Map_4784,11,36,10,10,10,11,10,10,10,10,10,10,10,10,10,10,10,8,10,8,10,8,8,8,8,8
Map_4785,285,207,48,53,48,97,48,48,48,48,48,48,52,52,52,52,48,48,48,48,48,48,48,48,48,48
Map_4786,19,29,14,14,12,14,14,14,14,14,14,14,14,14,14,14,13,13,13,13,13,13,13,13,13,13
Map_4787,7,27,5,5,5,5,5,5,5,5,5,5,5,5,5,5,5,5,5,5,5,5,5,5,5,5
Map_4788,32,137,26,21,26,22,12,12,12,12,12,12,12,12,12,12,15,12,15,12,15,12,12,12,12,12
Map_4789,9,24,8,8,8,10,8,8,8,8,8,8,8,8,8,8,8,8,8,8,8,8,8,8,8,8
Map_4790,28,51,18,17,18,21,23,23,23,23,23,23,23,23,23,23,23,17,23,17,23,17,23,17,23,17
Map_4791,48,212,11,11,11,11,11,11,11,11,11,11,11,11,11,11,12,11,12,11,12,11,11,11,11,11
Map_4792,14,36,16,16,16,16,16,16,16,16,16,16,16,16,16,16,13,13,13,13,13,13,13,13,13,13
Map_4793,18,169,19,19,19,14,18,14,18,14,18,14,18,16,18,16,14,14,14,14,14,14,14,14,14,14
Map_4794,10,43,10,10,10,16,10,10,10,10,10,10,10,10,10,10,10,10,10,10,10,10,10,10,10,10
Map_4795,16,151,15,15,15,15,15,15,15,15,15,15,15,16,16,16,15,15,31,15,31,15,15,15,15,15
Map_4796,9,13,9,9,9,9,9,9,9,9,9,9,9,9,9,9,11,9,11,9,11,9,9,9,9,9
Map_4797,37,101,29,24,29,57,29,24,29,24,29,24,34,32,43,43,35,24,22,20,22,20,35,24,35,24
Map_4798,164,116,20,20,20,20,20,20,20,20,20,20,20,20,20,20,20,20,20,20,20,20,20,20,20,20
Map_4799,23,137,16,16,16,17,16,16,16,16,16,16,16,16,16,16,16,16,16,16,16,16,16,16,16,16
Map_4800,15,33,10,10,10,12,10,10,10,10,10,10,10,10,10,10,13,10,13,10,13,10,10,10,10,10
Map_4801,21,74,18,13,18,10,10,10,10,10,10,10,10,10,10,10,10,10,10,10,10,10,10,10,10,10
Map_4802,7,35,6,6,6,8,6,6,6,6,6,6,6,6,6,6,6,6,6,6,6,6,6,6,6,6
Map_4803,11,23,10,10,10,10,10,10,10,10,10,10,10,10,10,10,10,10,10,10,10,10,10,10,10,10
Map_4804,6,123,6,6,6,6,6,6,6,6,6,6,6,6,6,6,6,6,6,6,6,6,6,6,6,6
Map_4805,23,25,20,20,20,20,16,16,16,16,16,16,16,16,16,16,16,16,16,16,16,16,16,16,16,16
Map_4806,8,57,8,7,8,8,7,7,7,7,7,7,7,7,7,7,7,7,7,7,7,7,7,7,7,7
Map_4807,14,21,9,8,9,9,8,8,8,8,8,8,8,8,8,8,8,8,8,8,8,8,8,8,8,8
Map_4808,5,10,6,5,5,8,5,5,5,5,5,5,5,5,5,5,6,5,6,5,6,5,5,5,5,5
Map_4809,24,31,21,21,21,21,17,17,17,17,17,17,17,17,17,17,17,17,17,17,17,17,17,17,17,17
Map_4810,12,29,13,12,13,20,10,12,10,12,10,12,10,12,10,12,10,10,10,10,10,10,10,10,10,10
Map_4811,17,156,16,16,15,20,16,12,16,12,16,12,16,12,16,12,16,12,16,12,16,12,16,12,16,12
Map_4812,42,138,21,19,21,27,19,19,19,19,19,19,19,19,19,19,23,19,23,19,23,19,24,19,24,19
Map_4813,8,20,8,8,8,8,8,8,8,8,8,8,8,8,8,8,8,8,8,8,8,8,8,8,8,8
Map_4814,8,19,8,8,8,16,11,8,11,8,11,8,11,8,11,8,14,8,15,8,15,8,11,8,11,8
Map_4815,20,50,22,22,22,22,21,20,21,20,21,20,21,20,21,20,18,14,18,14,18,14,18,14,18,14
Map_4816,14,65,11,11,11,11,11,11,11,11,11,11,11,11,11,11,11,11,11,11,11,11,11,11,11,11
Map_4817,16,77,17,17,17,17,17,17,17,17,17,17,17,17,17,17,16,14,16,14,16,14,17,14,17,14
Map_4818,91,52,11,11,11,17,11,11,11,11,11,11,11,11,11,11,11,11,11,11,11,11,11,11,11,11
Map_4819,9,155,13,13,13,13,9,9,9,9,9,9,9,9,9,9,9,9,9,9,9,9,9,9,9,9
Map_4820,14,23,11,11,11,11,11,11,11,11,11,11,11,11,11,11,11,11,11,11,11,11,11,11,11,11
Map_4821,13,52,13,13,13,17,14,13,14,13,14,13,14,13,14,13,14,13,14,13,14,13,14,13,14,13
Map_4822,6,19,6,6,6,6,6,6,6,6,6,6,6,6,6,6,6,6,6,6,6,6,6,6,6,6
Map_4823,16,60,11,11,11,12,11,11,11,11,11,11,11,11,11,11,11,11,11,11,11,11,11,11,11,11
Map_4824,8,27,8,8,8,20,8,8,8,8,8,8,8,8,8,8,8,8,8,8,8,8,8,8,8,8
Map_4825,16,103,21,19,12,46,19,19,19,19,19,19,19,19,19,19,16,12,16,12,16,12,16,12,16,12
Map_4826,15,25,15,15,15,24,15,15,15,15,15,15,15,15,15,15,16,15,18,15,18,15,15,15,15,15
Map_4827,8,60,8,8,8,8,8,8,8,8,8,8,8,8,8,8,8,8,8,8,8,8,8,8,8,8
Map_4828,11,14,10,9,10,10,8,8,8,8,8,8,8,8,8,8,9,9,9,9,9,9,8,8,8,8
Map_4829,33,50,11,9,11,11,9,9,9,9,9,9,9,9,9,9,9,9,9,9,9,9,9,9,9,9
Map_4830,45,31,18,18,14,18,14,14,14,14,14,14,14,14,14,14,14,14,14,14,14,14,14,14,14,14
Map_4831,8,20,8,8,8,8,8,8,8,8,8,8,8,8,8,8,8,8,8,8,8,8,8,8,8,8
Map_4832,5,10,5,5,5,7,5,5,5,5,5,5,5,5,5,5,5,5,7,5,7,5,5,5,5,5
Map_4833,12,79,12,12,12,28,14,14,14,14,14,14,14,14,14,14,14,12,14,12,14,12,14,12,14,12
Map_4834,30,37,22,22,20,30,25,19,25,19,25,19,25,19,25,19,25,19,25,19,25,19,25,19,25,19
Map_4835,26,48,33,33,33,40,23,22,23,22,23,22,22,22,22,22,23,22,23,22,23,22,23,22,23,22
Map_4836,28,83,38,38,38,19,19,17,19,17,19,17,19,17,19,17,18,17,18,17,18,17,18,17,18,17
Map_4837,8,83,15,15,15,20,8,8,8,8,8,8,8,8,8,8,8,8,8,8,8,8,8,8,8,8
Map_4838,94,67,45,45,45,52,45,43,45,43,45,43,45,43,45,43,19,19,19,19,19,19,19,19,19,19
Map_4839,27,50,20,19,26,19,19,19,19,19,19,19,19,19,19,19,19,16,19,16,19,16,19,16,19,16
Map_4840,13,53,11,11,11,11,11,11,11,11,11,11,11,11,11,11,11,11,11,11,11,11,11,11,11,11
Map_4841,15,43,9,9,9,9,9,9,9,9,9,9,9,9,9,9,9,9,9,9,9,9,9,9,9,9
Map_4842,213,149,81,81,81,95,31,31,31,31,31,31,31,31,31,31,34,31,34,31,34,31,31,31,31,31
Map_4843,27,70,27,27,27,27,27,27,27,27,27,27,27,27,27,27,27,27,27,28,27,28,27,27,27,27
Map_4844,35,66,23,22,23,28,16,22,16,22,16,22,16,22,16,22,16,16,16,16,16,16,16,16,16,21
Map_4845,10,64,12,10,12,12,9,10,9,10,9,10,9,10,9,10,9,9,9,9,9,9,9,9,9,9
Map_4846,15,68,11,11,11,22,11,11,11,11,11,11,11,11,11,11,11,11,11,11,11,11,11,11,11,11
Map_4847,4,13,4,4,4,4,4,4,4,4,4,4,4,4,4,4,4,4,4,4,4,4,4,4,4,4
Map_4848,14,71,11,11,11,11,14,11,14,11,14,11,14,11,14,11,14,11,14,11,14,11,14,11,14,11
Map_4849,237,234,25,25,31,25,25,24,25,24,25,24,25,24,24,24,25,25,25,25,25,25,25,24,25,24
Map_4850,8,20,10,8,10,12,8,8,8,8,8,8,8,8,8,8,8,8,8,8,8,8,8,8,8,8
Map_4851,26,32,24,24,24,29,24,23,24,23,24,23,24,23,24,23,21,17,21,17,21,17,21,17,21,17
Map_4852,53,76,27,27,36,27,27,30,27,30,27,30,27,30,27,30,20,21,23,21,23,21,29,21,29,21
Map_4853,20,43,10,10,10,11,10,10,10,10,10,10,10,10,10,10,10,10,10,10,10,10,10,10,10,10
Map_4854,13,46,13,11,11,14,11,11,11,11,11,11,11,11,11,11,13,11,13,11,13,11,11,11,11,11
Map_4855,29,201,24,24,24,24,17,17,17,17,17,17,17,17,17,17,18,17,20,17,20,17,17,17,17,17
Map_4856,4,7,4,4,4,4,4,4,4,4,4,4,4,4,4,4,4,4,4,4,4,4,4,4,4,4
Map_4857,24,40,18,18,18,17,17,17,17,17,17,17,17,17,17,17,17,17,17,17,17,17,17,17,17,17
Map_4858,15,97,15,15,15,15,15,15,15,15,15,15,15,15,15,15,15,15,15,15,15,15,15,15,15,15
Map_4859,31,71,14,14,14,15,14,14,14,14,14,14,14,14,14,14,17,14,19,14,19,14,16,14,16,14
Map_4860,90,105,58,58,58,60,58,58,58,58,58,58,58,58,58,58,56,58,56,56,56,56,56,58,56,58
Map_4861,26,201,24,24,24,29,24,24,24,24,24,24,24,24,24,24,23,22,23,22,23,22,26,24,26,24
Map_4862,30,56,12,12,12,13,11,12,11,12,11,12,11,12,11,12,11,11,11,11,11,11,11,11,11,11
Map_4863,7,16,7,7,7,8,7,7,7,7,7,7,7,7,7,7,7,7,7,7,7,7,7,7,7,7
Map_4864,30,44,11,11,11,12,11,11,11,11,11,11,11,11,11,11,11,11,11,11,11,11,11,11,11,11
Map_4865,13,33,7,7,7,7,7,7,7,7,7,7,7,7,7,7,7,7,7,7,7,7,7,7,7,7
Map_4866,5,9,4,4,4,5,4,4,4,4,4,4,4,4,4,4,4,4,4,4,4,4,4,4,4,4
Map_4867,10,26,7,6,7,11,7,6,7,6,7,6,6,6,6,6,7,6,7,6,7,6,7,6,7,6
Map_4868,6,15,6,6,6,6,6,6,6,6,6,6,6,6,6,6,6,6,6,6,6,6,6,6,6,6
Map_4869,30,101,33,32,33,22,19,29,19,29,19,29,19,29,19,29,19,19,19,19,19,19,19,29,19,29
Map_4870,12,27,13,12,13,14,13,12,13,12,13,12,13,12,13,12,13,12,13,12,13,12,13,12,13,12
Map_4871,9,29,9,9,9,19,9,9,9,9,9,9,9,9,9,9,10,9,10,9,10,9,10,9,10,9
Map_4872,14,154,14,14,14,15,14,14,14,14,14,14,14,14,14,14,15,12,15,12,15,12,12,12,12,12
Map_4873,9,82,7,7,7,7,7,7,7,7,7,7,7,7,7,7,7,7,7,7,7,7,7,7,7,7
Map_4874,20,42,14,14,14,35,22,14,22,14,22,14,21,14,21,14,14,14,14,14,14,14,14,14,14,14
Map_4875,17,97,9,9,9,9,9,9,9,9,9,9,9,9,9,9,9,9,9,9,9,9,9,9,9,9
Map_4876,19,120,20,20,20,20,20,19,20,19,20,19,20,19,20,19,20,12,14,12,14,12,20,12,20,12
Map_4877,18,71,17,17,17,30,17,17,17,17,17,17,17,17,17,17,17,17,29,17,29,17,17,17,17,17
Map_4878,54,89,50,50,50,50,41,42,41,42,41,42,43,42,43,42,35,26,35,26,35,26,35,26,34,26
Map_4879,52,97,37,30,37,40,30,30,30,30,30,30,30,30,30,30,30,30,30,30,30,30,30,30,30,30
Map_4880,41,32,17,17,17,17,17,14,17,14,17,14,14,14,14,14,14,14,14,14,14,14,14,14,14,14
Map_4881,14,39,16,16,15,23,16,12,16,12,16,12,16,12,16,12,16,12,16,12,16,12,16,12,16,12
Map_4882,12,53,9,9,9,13,9,9,9,9,9,9,9,9,9,9,9,9,9,9,9,9,9,9,9,9
Map_4883,43,51,12,12,12,12,12,12,12,12,12,12,12,12,12,12,12,11,12,11,12,11,12,11,12,11
Map_4884,4,8,4,4,4,6,4,4,4,4,4,4,4,4,4,4,5,4,5,4,5,4,4,4,4,4
Map_4885,15,25,12,12,11,12,12,11,12,11,12,11,12,11,12,11,12,11,12,11,12,11,12,11,12,11
Map_4886,133,127,33,32,87,37,33,32,33,32,33,32,32,32,32,32,33,26,34,26,34,26,33,26,33,26
Map_4887,13,98,10,10,10,10,10,10,10,10,10,10,10,10,10,10,10,10,10,10,10,10,10,10,10,10
Map_4888,299,345,15,15,15,15,15,15,15,15,15,15,15,15,15,15,15,15,15,15,15,15,15,15,15,15
Map_4889,26,58,12,12,12,17,12,11,12,11,12,11,11,11,11,11,12,11,12,11,12,11,12,11,12,11
Map_4890,14,65,10,10,10,25,10,10,10,10,10,10,10,10,10,10,10,10,10,10,10,10,10,10,10,10
Map_4891,28,165,13,13,13,14,13,13,13,13,13,13,13,13,13,13,13,13,13,13,13,13,13,13,13,13
Map_4892,54,97,20,20,20,20,20,20,20,20,20,20,20,20,20,20,20,20,20,20,20,20,20,20,20,20
Map_4893,35,122,43,35,35,53,25,30,25,30,25,30,25,40,25,40,28,25,19,19,19,19,25,25,25,25
Map_4894,8,16,8,8,8,8,8,8,8,8,8,8,8,8,8,8,8,8,8,8,8,8,8,8,8,8
Map_4895,11,16,9,9,9,12,9,9,9,9,9,9,9,9,9,9,9,9,9,9,9,9,9,9,9,9
Map_4896,7,10,8,8,8,8,7,7,7,7,7,7,7,7,7,7,7,7,7,7,7,7,7,7,7,7
Map_4897,8,13,8,8,8,9,8,8,8,8,8,8,8,8,8,8,8,8,8,8,8,8,8,8,8,8
Map_4898,21,78,12,12,12,18,12,12,12,12,12,12,12,12,12,12,12,12,12,12,12,12,12,12,12,12
Map_4899,11,33,8,8,8,8,8,8,8,8,8,8,8,8,8,8,8,8,8,8,8,8,8,8,8,8
Map_4900,22,199,23,22,23,24,23,22,24,22,24,22,22,22,22,22,19,19,20,19,20,19,19,22,19,22
Map_4901,9,15,7,7,7,9,7,6,7,6,7,6,7,6,6,6,7,6,7,6,7,6,7,6,7,6
Map_4902,5,52,5,5,5,5,5,5,5,5,5,5,5,5,5,5,5,5,5,5,5,5,5,5,5,5
Map_4903,45,87,32,32,39,21,21,21,21,21,21,21,20,20,20,20,21,21,21,21,21,21,21,20,21,20
Map_4904,12,42,11,10,10,11,10,10,10,10,10,10,10,10,10,10,10,10,10,10,10,10,10,10,10,10
Map_4905,6,22,6,6,6,6,6,6,6,6,6,6,6,6,6,6,6,6,6,6,6,6,6,6,6,6
Map_4906,8,47,8,8,8,14,8,8,8,8,8,8,8,8,8,8,8,8,8,8,8,8,8,8,8,8
Map_4907,24,42,23,23,26,25,19,25,19,25,19,25,19,24,19,24,18,16,18,16,18,16,19,16,19,16
Map_4908,29,66,31,31,31,19,18,18,18,18,18,18,18,18,18,18,18,18,18,18,18,18,18,18,18,18
Map_4909,15,20,11,9,9,12,10,10,10,10,10,10,9,9,9,9,10,9,10,9,10,9,10,9,10,9
Map_4910,51,68,20,19,19,20,19,19,19,19,19,19,19,19,19,19,19,19,19,19,19,19,19,19,19,19
Map_4911,33,55,20,20,20,21,20,21,20,21,20,21,20,21,20,21,20,20,20,20,20,20,20,20,20,20
Map_4912,17,313,17,16,16,17,16,16,16,16,16,16,16,16,16,16,17,16,17,16,17,16,16,16,16,16
Map_4913,15,22,11,11,11,11,11,11,11,11,11,11,11,11,11,11,11,11,11,11,11,11,11,11,11,11
Map_4914,12,33,12,12,12,13,12,12,12,12,12,12,12,12,12,12,12,12,12,12,12,12,12,12,12,12
Map_4915,164,150,30,30,30,36,31,30,31,30,31,30,30,30,30,30,19,19,19,19,19,19,19,19,19,19
Map_4916,16,47,14,14,14,14,13,13,13,13,13,13,13,13,13,13,13,13,13,13,13,13,13,13,13,13
Map_4917,71,167,31,31,31,34,31,31,31,31,31,31,31,31,31,31,31,31,35,31,35,31,31,31,31,31
Map_4918,11,117,10,10,14,10,10,10,10,10,10,10,10,10,10,10,10,10,10,10,10,10,10,10,10,10
Map_4919,15,22,14,14,14,14,14,14,14,14,14,14,14,14,14,14,14,14,14,14,14,14,14,14,14,14
Map_4920,29,44,22,21,22,25,21,21,21,21,21,21,21,21,21,21,19,18,19,18,19,18,18,18,18,18
Map_4921,12,24,11,11,11,11,11,11,11,11,11,11,11,11,11,11,11,11,11,11,11,11,11,11,11,11
Map_4922,38,103,40,40,40,42,29,28,29,28,29,28,28,28,28,28,29,29,29,29,29,29,29,28,30,28
Map_4923,7,30,7,7,7,8,7,7,7,7,7,7,7,7,7,7,7,7,7,7,7,7,7,7,7,7
Map_4924,32,61,37,37,37,76,19,19,19,19,19,19,19,19,19,19,19,19,19,19,19,19,19,19,19,19
Map_4925,15,57,15,15,15,18,15,15,15,15,15,15,15,15,15,15,14,14,14,14,14,14,14,15,14,15
Map_4926,27,88,12,12,12,13,13,12,13,12,13,12,12,12,12,12,13,12,13,12,13,12,13,12,13,12
Map_4927,67,87,41,41,41,40,36,36,36,36,36,36,36,36,36,36,24,22,24,22,24,22,24,22,22,22
Map_4928,23,144,17,17,17,19,17,15,17,15,17,15,15,15,15,15,15,15,15,15,15,15,15,15,15,15
Map_4929,9,15,7,7,7,7,7,7,7,7,7,7,7,7,7,7,7,7,7,7,7,7,7,7,7,7
Map_4930,46,68,13,13,13,13,13,13,13,13,13,13,13,13,13,13,13,13,13,13,13,13,13,13,13,13
Map_4931,15,60,19,17,17,19,17,13,17,13,17,13,17,13,17,13,19,13,19,13,19,13,19,13,17,13
Map_4932,7,11,7,7,7,9,7,7,7,7,7,7,7,7,7,7,7,7,7,7,7,7,7,7,7,7
Map_4933,14,151,12,12,12,12,12,14,12,14,12,14,12,14,12,14,12,12,12,12,12,12,12,12,12,12
Map_4934,5,8,5,5,5,5,5,5,5,5,5,5,5,5,5,5,5,5,5,5,5,5,5,5,5,5
Map_4935,242,117,23,23,23,54,23,21,23,21,23,21,23,21,23,21,23,21,35,21,35,21,23,21,23,21
Map_4936,12,130,12,12,12,12,12,12,12,12,12,12,12,12,12,12,14,12,14,12,14,12,14,12,14,12
Map_4937,7,20,7,7,7,9,7,7,7,7,7,7,7,7,7,7,7,7,7,7,7,7,7,7,7,7
Map_4938,5,27,5,5,5,10,5,5,5,5,5,5,5,5,5,5,5,5,5,5,5,5,5,5,5,5
Map_4939,20,67,14,14,14,14,14,13,14,13,14,13,14,13,14,13,14,13,14,13,14,13,14,13,14,13
Map_4940,50,79,35,35,35,34,26,18,26,18,26,18,26,18,26,18,19,18,19,18,19,18,19,18,19,18
Map_4941,6,20,6,6,6,8,6,6,6,6,6,6,6,6,6,6,6,6,6,6,6,6,6,6,6,6
Map_4942,6,14,11,10,6,11,6,6,6,6,6,6,6,6,6,6,6,6,6,6,6,6,6,6,6,6
Map_4943,37,60,12,12,12,14,12,12,12,12,12,12,12,12,12,12,13,12,13,12,13,12,13,12,12,12
Map_4944,27,68,14,14,14,21,14,15,14,15,14,15,14,15,14,15,16,12,16,12,16,12,14,12,14,12
Map_4945,11,69,11,11,11,11,15,11,15,11,15,11,15,11,15,11,15,11,15,11,15,11,15,11,15,11
Map_4946,52,107,19,19,19,19,19,19,19,19,19,19,19,19,19,19,19,19,19,19,19,19,19,19,19,19
Map_4947,8,13,7,7,7,9,7,7,7,7,7,7,7,7,7,7,8,7,8,7,8,7,7,7,7,7
Map_4948,13,100,12,12,12,15,12,12,12,12,12,12,12,12,12,12,12,12,12,12,12,12,12,12,12,12
Map_4949,20,28,10,10,10,16,10,10,10,10,10,10,10,10,10,10,10,10,10,10,10,10,10,10,10,10
Map_4950,13,85,13,13,13,13,13,13,13,13,13,13,13,13,13,13,15,13,15,13,15,13,15,13,15,13
Map_4951,15,38,14,14,14,14,14,14,14,14,14,14,14,14,14,14,14,14,14,13,14,13,14,14,14,14
Map_4952,8,48,8,8,8,8,8,8,8,8,8,8,8,8,8,8,8,8,8,8,8,8,8,8,8,8
Map_4953,22,39,16,19,16,16,13,16,13,16,13,16,13,19,19,19,16,12,16,12,16,12,12,13,12,13
Map_4954,10,61,10,10,10,16,10,10,10,10,10,10,10,10,10,10,10,10,10,10,10,10,10,10,10,10
Map_4955,12,51,9,8,9,11,8,8,8,8,8,8,8,8,8,8,8,8,8,8,8,8,8,8,8,8
Map_4956,11,16,10,10,10,12,11,10,11,10,11,10,11,10,11,10,11,10,11,10,11,10,11,10,11,10
Map_4957,13,51,10,10,10,13,10,10,10,10,10,10,10,10,10,10,10,10,10,10,10,10,10,10,10,10
Map_4958,13,27,11,11,11,11,11,11,11,11,11,11,11,11,11,11,11,11,11,11,11,11,11,11,11,11
Map_4959,10,106,10,10,10,10,10,10,10,10,10,10,10,10,10,10,10,10,10,10,10,10,10,10,10,10
Map_4960,8,15,7,7,7,11,7,7,7,7,7,7,7,7,7,7,7,7,7,7,7,7,7,7,7,7
Map_4961,10,24,10,10,10,10,10,10,10,10,10,10,10,10,10,10,9,9,9,9,9,9,9,9,9,9
Map_4962,13,19,14,14,14,14,10,10,10,10,10,10,10,10,10,10,10,10,10,10,10,10,10,10,10,10
Map_4963,11,23,11,11,11,11,11,11,11,11,11,11,11,11,11,11,11,11,11,11,11,11,11,11,11,11
Map_4964,16,25,14,14,12,21,14,13,14,12,14,12,14,13,14,13,11,11,11,11,11,11,11,11,11,12
Map_4965,11,84,11,11,11,15,11,11,11,11,11,11,11,11,11,11,11,11,11,11,11,11,11,11,11,11
Map_4966,6,57,6,6,6,6,6,6,6,6,6,6,6,6,6,6,6,6,6,6,6,6,6,6,6,6
Map_4967,11,65,14,10,13,10,10,10,10,10,10,10,10,10,10,10,12,10,14,9,14,9,10,10,10,10
Map_4968,9,17,9,9,9,14,9,9,9,9,9,9,9,9,9,9,10,9,10,9,10,9,9,9,9,9
Map_4969,15,31,11,11,13,12,11,10,11,10,11,10,10,10,10,10,11,10,11,10,11,10,11,10,11,10
Map_4970,29,74,21,21,20,21,21,21,21,21,21,21,21,21,21,21,21,20,21,18,21,18,21,20,21,20
Map_4971,28,25,16,16,16,16,16,16,16,16,16,16,16,16,16,16,15,16,15,15,15,15,15,16,15,16
Map_4972,10,22,7,7,7,7,7,7,7,7,7,7,7,7,7,7,7,7,7,7,7,7,7,7,7,7
Map_4973,7,25,7,7,7,10,7,7,7,7,7,7,7,7,7,7,7,7,7,7,7,7,7,7,7,7
Map_4974,12,144,16,16,16,20,12,12,12,12,12,12,12,12,12,12,15,12,15,12,15,12,12,12,12,12
Map_4975,25,121,14,14,14,14,14,14,14,14,14,14,14,14,14,14,12,12,12,12,12,12,12,12,12,12
Map_4976,30,56,25,26,25,25,23,26,23,26,23,26,23,26,23,26,22,25,27,25,27,25,22,25,22,25
Map_4977,169,102,25,25,25,27,24,25,24,25,24,25,24,25,24,25,24,24,24,24,24,24,24,24,24,24
Map_4978,14,179,7,7,7,7,7,10,7,10,7,10,7,10,7,10,7,7,7,7,7,7,7,7,7,7
Map_4979,83,110,16,16,16,51,34,33,34,33,34,33,34,33,37,33,30,16,30,16,30,16,34,16,34,16
Map_4980,20,72,14,14,36,17,15,13,15,13,15,13,15,13,15,13,13,13,13,13,13,13,13,13,13,13
Map_4981,12,37,9,9,9,10,9,9,9,9,9,9,9,9,9,9,9,9,9,9,9,9,9,9,9,9
Map_4982,35,35,22,22,22,25,14,15,14,15,14,15,14,15,14,15,15,14,15,14,15,14,16,14,14,14
Map_4983,35,58,11,11,11,11,11,11,11,11,11,11,11,11,11,11,11,11,11,11,11,11,11,11,11,11
Map_4984,13,149,17,13,17,25,13,13,13,13,13,13,13,13,13,13,13,13,13,13,13,13,13,13,13,13
Map_4985,51,90,26,26,24,33,27,27,27,27,27,27,27,26,27,26,21,24,21,24,21,24,20,24,20,24
Map_4986,8,166,9,9,9,9,9,9,9,9,9,9,9,9,9,9,9,8,9,8,9,8,9,8,9,8
Map_4987,15,48,15,15,14,15,15,14,15,14,15,14,14,14,14,14,15,14,15,14,15,14,15,14,15,14
Map_4988,7,16,7,7,7,7,7,7,7,7,7,7,7,7,7,7,7,7,7,7,7,7,7,7,7,7
Map_4989,14,54,10,10,10,15,10,11,10,11,10,11,10,11,10,11,11,10,13,10,13,10,10,10,10,10
Map_4990,18,31,9,9,9,9,9,9,9,9,9,9,9,9,9,9,14,9,14,9,14,9,14,9,14,9
Map_4991,16,110,13,12,13,18,11,11,11,11,11,11,11,11,11,11,11,11,11,11,11,11,11,11,11,11
Map_4992,14,54,15,15,15,17,15,14,15,14,15,14,14,14,14,14,15,14,15,14,15,14,15,14,15,14
Map_4993,17,43,13,13,13,13,13,13,13,13,13,13,13,13,13,13,15,13,16,13,16,13,13,13,13,13
Map_4994,7,11,7,7,7,9,7,7,7,7,7,7,7,7,7,7,7,7,7,7,7,7,7,7,7,7
Map_4995,93,74,31,31,31,35,31,31,31,31,31,31,31,31,31,31,28,31,28,28,28,28,28,31,28,31
Map_4996,16,141,12,12,12,12,12,12,12,12,12,12,12,12,12,12,12,12,12,12,12,12,12,12,12,12
Map_4997,8,36,8,8,8,14,8,8,8,8,8,8,8,8,8,8,9,8,9,8,9,8,9,8,9,8
Map_4998,17,64,11,11,11,15,11,11,11,11,11,11,11,11,11,11,11,11,11,11,11,11,11,11,11,11
Map_4999,6,27,6,6,6,6,6,6,6,6,6,6,6,6,6,6,6,6,6,6,6,6,6,6,6,6
Map_5000,41,249,26,26,47,60,26,26,26,26,26,26,26,26,26,26,37,26,37,26,37,26,36,26,36,26
Map_5001,6,13,6,6,6,7,6,6,6,6,6,6,6,6,6,6,6,6,6,6,6,6,6,6,6,6
Map_5002,11,81,7,7,7,7,7,7,7,7,7,7,7,7,7,7,9,7,9,7,9,7,9,7,9,7
Map_5003,21,115,11,11,11,11,11,11,11,11,11,11,11,11,11,11,11,11,11,11,11,11,11,11,11,11
Map_5004,27,43,25,21,26,29,21,21,21,21,21,21,21,21,21,21,21,21,21,21,21,21,21,21,21,21
Map_5005,13,104,16,13,16,11,11,11,11,11,11,11,11,11,11,11,11,11,11,11,11,11,11,11,11,11
Map_5006,174,145,14,14,14,33,14,14,14,14,14,14,14,14,14,14,15,14,15,14,15,14,15,14,15,14
Map_5007,24,102,11,11,11,12,12,11,12,11,12,11,11,11,11,11,12,11,12,11,12,11,12,11,12,11
Map_5008,7,43,7,7,7,13,7,7,7,7,7,7,7,7,7,7,7,7,7,7,7,7,7,7,7,7
Map_5009,36,96,31,31,49,37,31,38,31,38,31,38,31,38,31,38,33,31,33,31,33,31,31,38,31,38
Map_5010,14,84,13,13,13,13,13,13,13,13,13,13,13,13,13,13,14,11,14,11,14,11,14,11,13,11
Map_5011,57,49,44,44,50,48,25,24,25,24,25,24,25,24,25,24,25,24,25,24,25,24,25,24,25,24
Map_5012,12,169,12,12,12,12,12,12,12,12,12,12,12,12,12,12,14,12,14,12,14,12,14,12,14,12
Map_5013,55,104,17,16,16,20,16,16,16,16,16,16,16,16,16,16,17,16,17,16,17,16,16,16,16,16
Map_5014,32,37,18,18,26,27,18,18,18,18,18,18,18,18,18,18,18,18,18,18,18,18,18,18,18,18
Map_5015,16,30,19,13,13,43,13,13,13,13,13,13,13,13,13,13,13,12,13,12,13,12,13,12,13,12
Map_5016,46,96,12,12,13,14,12,11,12,11,12,11,11,11,11,11,12,11,12,11,12,11,12,11,12,11
Map_5017,22,134,12,12,12,12,12,12,12,12,12,12,12,12,12,12,12,12,12,12,12,12,12,12,12,12
Map_5018,10,52,18,18,13,23,18,10,18,10,18,10,10,10,10,10,11,10,11,10,11,10,10,10,10,10
Map_5019,10,16,10,10,10,14,10,10,10,10,10,10,10,10,10,10,10,10,10,10,10,10,10,10,10,10
Map_5020,14,50,14,14,14,14,14,14,14,14,14,14,14,14,14,14,14,14,14,14,14,14,14,14,14,14
Map_5021,5,34,6,6,6,6,6,5,6,5,6,5,5,5,5,5,6,5,6,5,6,5,6,5,6,5
Map_5022,10,16,10,10,10,14,11,10,11,10,11,10,11,10,11,10,11,10,11,10,11,10,11,10,11,10
Map_5023,28,30,21,21,24,21,20,20,20,20,20,20,20,21,21,21,17,16,17,16,17,16,17,16,17,16
Map_5024,12,35,11,11,11,15,11,11,11,11,11,11,11,11,11,11,11,11,11,11,11,11,11,11,11,11
Map_5025,5,68,5,5,5,5,5,5,5,5,5,5,5,5,5,5,5,5,5,5,5,5,5,5,5,5
Map_5026,13,38,13,11,13,12,11,11,11,11,11,11,11,11,11,11,12,11,12,11,12,11,12,11,11,11
Map_5027,20,89,21,24,21,21,24,24,24,24,24,24,24,24,24,24,23,21,23,21,23,21,23,21,24,24
Map_5028,6,12,7,6,6,7,6,6,6,6,6,6,6,6,6,6,7,6,7,6,7,6,6,6,6,6
Map_5029,7,21,6,6,6,6,6,6,6,6,6,6,6,6,6,6,6,6,6,6,6,6,6,6,6,6
Map_5030,10,33,10,10,10,18,11,10,11,10,11,10,11,10,11,10,11,10,11,10,11,10,11,10,11,10
Map_5031,7,14,8,8,9,8,8,7,8,7,8,7,8,7,8,7,8,8,8,8,8,8,8,7,8,7
Map_5032,8,115,8,8,8,8,8,8,8,8,8,8,8,8,8,8,8,8,8,8,8,8,8,8,8,8
Map_5033,64,44,10,10,10,10,10,10,10,10,10,10,10,10,10,10,10,10,10,10,10,10,10,10,10,10
Map_5034,21,38,10,10,10,10,10,10,10,10,10,10,10,10,10,10,10,10,10,10,10,10,10,10,10,10
Map_5035,20,23,10,10,10,10,10,10,10,10,10,10,10,10,10,10,10,10,10,10,10,10,10,10,10,10
Map_5036,17,41,19,17,18,19,18,17,18,17,18,17,17,17,17,17,18,17,17,17,17,17,18,17,18,17
Map_5037,10,32,10,10,10,10,10,10,10,10,10,10,10,10,10,10,11,10,11,10,11,10,10,10,10,10
Map_5038,14,34,10,10,10,38,11,11,11,11,11,11,11,11,11,11,11,11,11,10,11,10,11,11,11,11
Map_5039,7,20,7,7,7,7,7,7,7,7,7,7,7,7,7,7,7,7,8,7,8,7,7,7,7,7
Map_5040,15,21,12,12,12,13,12,12,12,12,12,12,12,12,12,12,12,12,12,12,12,12,12,12,12,12
Map_5041,14,29,14,14,14,20,19,14,19,14,19,14,19,14,18,14,14,14,14,14,14,14,14,14,14,14
Map_5042,6,28,7,7,6,10,7,6,7,6,7,6,7,6,7,6,8,6,8,6,8,6,7,6,7,6
Map_5043,11,21,9,9,9,9,9,9,9,9,9,9,9,9,9,9,9,9,9,9,9,9,9,9,9,9
Map_5044,17,51,14,14,14,15,14,14,14,14,14,14,14,14,14,14,14,14,14,14,14,14,14,14,14,14
Map_5045,14,47,12,11,12,12,12,11,12,11,12,11,11,11,11,11,12,11,12,11,12,11,12,11,12,11
Map_5046,144,256,10,10,10,10,10,10,10,10,10,10,10,10,10,10,10,10,10,10,10,10,10,10,10,10
Map_5047,37,66,23,23,23,23,23,23,23,23,23,23,23,23,23,23,24,23,24,22,24,22,24,23,24,23
Map_5048,19,25,13,13,13,13,13,12,13,12,13,12,13,12,12,12,12,12,12,12,12,12,12,12,12,12
Map_5049,22,238,12,12,12,16,12,12,12,12,12,12,12,12,12,12,12,11,12,11,12,11,12,11,12,11
Map_5050,75,54,10,10,10,8,8,8,8,8,8,8,8,8,8,8,8,8,8,8,8,8,8,8,8,8
Map_5051,11,34,9,9,9,9,9,9,9,9,9,9,9,9,9,9,9,9,9,9,9,9,9,9,9,9
Map_5052,76,59,13,13,13,13,13,13,13,13,13,13,13,13,13,13,13,13,13,13,13,13,13,13,13,13
Map_5053,21,37,16,16,16,17,16,16,16,16,16,16,16,16,16,16,16,16,16,16,16,16,16,16,16,16
Map_5054,17,57,14,14,14,14,14,14,14,14,14,14,14,14,14,14,14,14,14,14,14,14,14,14,14,14
Map_5055,122,144,14,14,14,14,14,14,14,14,14,14,14,14,14,14,14,14,14,14,14,14,14,14,14,14
Map_5056,8,21,8,8,8,12,9,8,9,8,9,8,9,8,9,8,9,8,9,8,9,8,9,8,9,8
Map_5057,11,30,9,9,9,12,9,9,9,9,9,9,9,9,9,9,11,9,11,9,11,9,9,9,9,9
Map_5058,76,121,18,18,18,18,18,18,18,18,18,18,18,18,18,18,18,17,18,17,18,17,18,17,18,17
Map_5059,7,26,8,8,8,12,8,7,8,7,8,7,7,7,7,7,8,7,8,7,8,7,8,7,8,7
Map_5060,8,16,9,9,9,9,9,8,9,8,9,8,8,8,8,8,8,8,8,8,8,8,8,8,8,8
Map_5061,16,59,10,10,10,13,10,10,10,10,10,10,10,10,10,10,10,10,10,10,10,10,10,10,10,10
Map_5062,47,101,25,25,25,19,12,12,12,12,12,12,12,12,12,12,15,12,15,12,15,12,12,12,12,12
Map_5063,22,35,20,19,20,25,20,19,20,19,20,19,19,19,19,19,19,19,19,19,19,19,19,19,19,19
Map_5064,20,142,16,16,16,31,16,16,16,16,16,16,16,16,30,27,16,16,16,16,16,16,16,18,16,18
Map_5065,13,150,18,18,14,18,13,12,13,12,13,12,13,12,13,12,13,12,13,12,13,12,13,12,13,12
Map_5066,7,14,7,7,7,7,7,7,7,7,7,7,7,7,7,7,7,7,7,7,7,7,7,7,7,7
Map_5067,36,127,8,8,8,15,8,8,8,8,8,8,8,8,8,8,10,8,10,8,10,8,10,8,10,8
Map_5068,12,49,6,6,6,7,6,6,6,6,6,6,6,6,6,6,6,6,6,6,6,6,6,6,6,6
Map_5069,14,87,9,9,9,13,9,9,9,9,9,9,9,9,9,9,9,9,9,9,9,9,9,9,9,9
Map_5070,25,192,16,16,16,16,17,17,17,17,17,17,17,17,17,17,19,16,19,16,19,16,19,16,17,16
Map_5071,23,56,21,21,21,22,20,16,20,16,20,16,20,16,20,16,19,16,19,16,19,16,18,16,16,16
Map_5072,27,32,19,19,23,24,20,17,20,17,20,17,19,17,19,17,20,17,20,17,20,17,20,17,20,17
Map_5073,10,132,10,10,10,11,9,9,9,9,9,9,9,9,9,9,9,9,9,9,9,9,9,9,9,9
Map_5074,25,31,16,16,16,16,14,16,14,16,14,16,14,16,14,16,14,13,14,13,14,13,14,13,14,13
Map_5075,10,73,12,10,12,17,10,10,10,10,10,10,10,10,10,10,10,10,10,10,10,10,10,10,10,10
Map_5076,11,65,11,11,11,12,11,11,11,11,11,11,11,11,11,11,11,11,11,11,11,11,11,11,11,11
Map_5077,13,114,11,11,11,11,11,11,11,11,11,11,11,11,11,11,15,11,15,11,15,11,15,11,11,11
Map_5078,20,42,12,12,12,14,12,12,12,12,12,12,12,12,12,12,12,12,12,12,12,12,12,12,12,12
Map_5079,7,14,7,7,7,7,7,7,7,7,7,7,7,7,7,7,7,7,7,7,7,7,7,7,7,7
Map_5080,33,51,11,11,11,18,11,13,11,13,11,13,11,13,11,13,10,9,10,9,10,9,10,9,10,9
Map_5081,15,22,13,12,13,13,12,12,12,12,12,12,12,12,12,12,12,12,12,12,12,12,12,12,12,12
Map_5082,9,87,9,9,9,9,9,9,9,9,9,9,9,9,9,9,9,9,9,9,9,9,9,9,9,9
Map_5083,12,43,9,9,9,9,9,9,9,9,9,9,9,9,9,9,9,9,9,9,9,9,9,9,9,9
Map_5084,6,36,7,6,7,7,7,6,7,6,7,6,6,6,6,6,7,6,7,6,7,6,7,6,7,6
Map_5085,43,106,26,26,26,30,26,26,26,26,26,26,26,26,26,26,28,21,30,21,30,21,26,21,26,21
Map_5086,27,77,15,15,15,20,15,15,15,15,15,15,15,15,15,15,20,15,20,15,20,15,20,15,20,15
Map_5087,15,131,9,9,9,9,9,9,9,9,9,9,9,9,9,9,9,9,9,9,9,9,9,9,9,9
Map_5088,8,35,8,8,8,8,8,8,8,8,8,8,8,8,8,8,8,8,8,8,8,8,8,8,8,8
Map_5089,18,52,19,17,19,19,16,14,16,14,16,14,16,14,16,14,16,14,16,14,16,14,16,14,16,14
Map_5090,9,36,9,9,9,9,9,9,9,9,9,9,9,9,9,9,9,9,9,9,9,9,9,9,9,9
Map_5091,15,185,13,13,15,14,13,13,13,13,13,13,13,13,13,13,13,13,13,13,13,13,13,13,13,13
Map_5092,25,138,13,13,13,38,13,13,13,13,13,13,13,13,13,13,17,13,17,13,17,13,13,13,13,13
Map_5093,7,91,7,7,7,7,7,7,7,7,7,7,7,7,7,7,7,7,7,7,7,7,7,7,7,7
Map_5094,42,310,14,14,14,14,14,14,14,14,14,14,14,14,14,14,14,14,14,14,14,14,14,14,14,14
Map_5095,5,9,5,5,5,5,5,5,5,5,5,5,5,5,5,5,5,5,5,5,5,5,5,5,5,5
Map_5096,5,13,5,5,5,6,5,5,5,5,5,5,5,5,5,5,5,5,5,5,5,5,5,5,5,5
Map_5097,23,51,23,23,18,23,20,20,20,20,20,20,20,20,20,20,17,13,13,13,13,13,17,13,17,13
Map_5098,33,75,13,13,13,13,13,13,13,13,13,13,13,13,13,13,12,13,12,13,12,13,12,13,12,13
Map_5099,9,22,12,9,9,12,9,9,9,9,9,9,9,9,9,9,9,9,9,9,9,9,9,9,9,9
Map_5100,46,86,25,25,25,25,25,32,25,32,25,32,24,32,24,32,28,24,28,24,28,24,28,24,28,24
Map_5101,31,167,18,18,18,32,18,18,18,18,18,18,18,18,18,18,18,18,18,18,18,18,18,18,18,18
Map_5102,17,70,18,16,19,19,15,15,15,15,15,15,15,15,15,15,15,15,15,15,15,15,15,15,15,15
Map_5103,11,20,11,11,11,12,11,11,11,11,11,11,11,11,11,11,12,11,12,11,12,11,12,11,12,11
Map_5104,21,207,8,8,8,8,8,8,8,8,8,8,8,8,8,8,8,8,8,8,8,8,8,8,8,8
Map_5105,116,136,29,29,29,34,29,34,29,34,29,34,29,34,29,34,33,38,33,38,33,38,32,34,32,34
Map_5106,13,27,11,11,11,11,11,11,11,11,11,11,11,11,11,11,11,11,12,11,12,11,11,11,11,11
Map_5107,27,65,26,27,26,15,13,13,13,13,13,13,13,13,13,13,13,13,13,13,13,13,13,13,13,13
Map_5108,24,59,14,14,14,20,15,15,15,15,15,15,15,15,15,15,17,15,17,14,17,14,17,15,15,15
Map_5109,9,108,11,11,11,11,11,9,11,9,11,9,11,9,11,9,9,9,9,9,9,9,9,9,9,9
Map_5110,13,17,8,8,8,8,8,8,8,8,8,8,8,8,8,8,8,8,8,8,8,8,8,8,8,8
Map_5111,16,32,11,11,11,11,11,11,11,11,11,11,11,11,11,11,11,11,11,11,11,11,11,11,11,11
Map_5112,8,203,8,8,8,8,8,8,8,8,8,8,8,8,8,8,8,8,8,8,8,8,8,8,8,8
Map_5113,6,17,6,6,6,6,6,6,6,6,6,6,6,6,6,6,6,6,6,6,6,6,6,6,6,6
Map_5114,76,360,52,42,37,56,36,33,36,33,36,33,33,60,33,60,38,33,38,33,38,33,37,33,36,33
Map_5115,8,13,8,8,8,11,8,8,8,8,8,8,8,8,8,8,8,8,8,8,8,8,8,8,8,8
Map_5116,9,18,9,9,9,20,9,9,9,9,9,9,9,9,9,9,9,9,9,9,9,9,9,9,9,9
Map_5117,7,12,8,8,8,9,7,7,7,7,7,7,7,7,7,7,7,7,7,7,7,7,7,7,7,7
Map_5118,16,31,12,12,12,14,12,12,12,12,12,12,12,12,12,12,12,12,12,12,12,12,12,12,12,12
Map_5119,71,209,11,10,11,11,10,10,10,10,10,10,10,10,10,10,11,10,11,10,11,10,10,10,10,10
Map_5120,12,54,12,12,12,12,12,12,12,12,12,12,12,12,12,12,12,12,12,12,12,12,12,12,12,12
Map_5121,81,205,30,30,30,29,29,31,29,31,29,31,29,31,29,31,30,29,29,29,29,29,30,29,30,29
Map_5122,6,23,7,7,7,8,7,7,7,7,7,7,7,7,7,7,7,6,7,6,7,6,7,6,7,6
Map_5123,34,29,14,14,16,18,14,14,14,14,14,14,14,14,14,14,14,14,18,14,18,14,14,14,14,14
Map_5124,61,83,15,15,15,15,15,15,15,15,15,15,15,15,15,15,15,15,15,15,15,15,15,15,15,15
Map_5125,16,41,9,9,9,18,9,9,9,9,9,9,9,9,9,9,9,9,9,9,9,9,9,9,9,9
Map_5126,6,18,6,6,6,6,6,6,6,6,6,6,6,6,6,6,6,6,6,6,6,6,6,6,6,6
Map_5127,47,138,43,29,53,48,22,22,22,22,22,22,22,22,22,22,22,22,24,22,24,22,22,22,22,22
Map_5128,21,193,13,13,13,15,13,13,13,13,13,13,13,13,13,13,13,13,13,13,13,13,13,13,13,13
Map_5129,17,164,13,13,13,13,13,13,13,13,13,13,13,13,13,13,13,13,13,13,13,13,13,13,13,13
Map_5130,52,106,18,18,18,33,17,18,17,18,17,18,18,18,18,18,17,18,17,18,17,18,17,18,17,18
Map_5131,8,16,8,8,8,11,8,8,8,8,8,8,8,8,8,8,8,8,8,8,8,8,8,8,8,8
Map_5132,4,9,4,4,4,5,4,4,4,4,4,4,4,4,4,4,4,4,4,4,4,4,4,4,4,4
Map_5133,12,111,10,9,10,10,9,9,9,9,9,9,9,9,9,9,13,9,13,9,13,9,13,9,13,9
Map_5134,5,9,5,5,5,6,5,5,5,5,5,5,5,5,5,5,5,5,5,5,5,5,5,5,5,5
Map_5135,41,212,12,12,12,12,12,12,12,12,12,12,12,12,12,12,12,12,12,12,12,12,12,12,12,12
Map_5136,29,40,24,24,24,29,24,24,24,24,24,24,24,24,24,24,21,21,21,21,21,21,23,21,23,21
Map_5137,9,25,11,9,9,11,9,9,9,9,9,9,9,9,9,9,11,9,11,9,11,9,9,9,9,9
Map_5138,80,69,22,22,22,30,21,20,21,20,21,20,21,20,21,20,22,20,24,20,24,20,21,20,21,20
Map_5139,11,61,9,9,10,12,9,9,9,9,9,9,9,9,9,9,9,9,9,9,9,9,9,9,9,9
Map_5140,8,13,8,8,8,8,8,8,8,8,8,8,8,8,8,8,8,8,8,8,8,8,8,8,8,8
Map_5141,13,28,10,10,10,10,10,10,10,10,10,10,10,10,10,10,10,10,10,10,10,10,10,10,10,10
Map_5142,14,52,16,16,16,16,13,12,13,12,13,12,12,12,12,12,14,12,14,12,15,12,14,12,14,12
Map_5143,9,12,10,9,9,10,9,9,9,9,9,9,9,9,9,9,9,9,9,9,9,9,9,9,9,9
Map_5144,35,98,15,15,15,20,19,19,19,19,19,19,19,19,19,19,22,15,22,15,22,15,19,15,19,15
Map_5145,107,89,39,38,39,39,35,36,35,36,35,36,38,36,38,36,35,29,35,29,35,29,35,29,35,29
Map_5146,10,24,10,10,10,11,10,10,10,10,10,10,10,10,10,10,10,10,10,10,10,10,10,10,10,10
Map_5147,7,17,7,7,7,7,7,7,7,7,7,7,7,7,7,7,7,7,7,7,7,7,7,7,7,7
Map_5148,13,193,7,7,7,16,7,7,7,7,7,7,7,7,7,7,7,7,7,7,7,7,7,7,7,7
Map_5149,11,20,10,10,10,10,10,10,10,10,10,10,10,10,10,10,10,10,10,10,10,10,10,10,10,10
Map_5150,8,30,8,8,8,8,8,8,8,8,8,8,8,8,8,8,8,8,9,8,9,8,8,8,8,8
Map_5151,4,14,4,4,4,6,4,4,4,4,4,4,4,4,4,4,4,4,4,4,4,4,4,4,4,4
Map_5152,11,30,10,10,10,10,13,11,13,11,13,11,11,11,11,11,13,10,13,10,13,10,11,10,11,10
Map_5153,18,138,16,14,14,16,14,14,14,14,14,14,14,14,14,14,16,14,16,14,16,14,14,14,14,14
Map_5154,25,66,30,23,29,30,20,20,20,20,20,20,20,20,20,20,20,20,20,20,20,20,20,20,20,20
Map_5155,10,121,13,13,10,13,13,12,13,12,13,12,13,12,13,12,12,10,12,10,12,10,12,10,12,10
Map_5156,24,100,26,26,28,29,26,34,26,34,26,34,26,34,26,34,27,23,27,23,27,23,26,23,26,34
Map_5157,23,57,32,32,29,18,14,14,14,14,14,14,14,14,14,14,15,14,15,14,15,14,15,14,14,14
Map_5158,20,43,17,16,17,20,17,16,17,16,17,16,16,16,16,16,20,16,20,16,20,16,17,16,17,16
Map_5159,9,85,10,10,10,11,10,10,10,10,10,10,10,10,10,10,10,9,10,9,10,9,10,9,10,9
Map_5160,11,18,12,11,12,12,11,11,11,11,11,11,11,11,11,11,9,9,14,9,14,9,9,9,9,9
Map_5161,16,113,15,15,15,15,15,15,15,15,15,15,15,15,15,15,11,11,11,11,11,11,11,11,11,11
Map_5162,13,26,10,10,10,23,10,10,10,10,10,10,10,10,10,10,10,10,10,10,10,10,10,10,10,10
Map_5163,26,191,11,11,11,18,11,11,11,11,11,11,11,11,11,11,11,11,17,11,17,11,11,11,11,11
Map_5164,14,31,10,10,10,10,10,10,10,10,10,10,10,10,10,10,10,10,10,10,10,10,10,10,10,10
Map_5165,15,44,12,12,12,12,12,12,12,12,12,12,12,12,12,12,12,12,12,12,12,12,12,12,12,12
Map_5166,6,79,6,6,6,6,6,6,6,6,6,6,6,6,6,6,6,6,6,6,6,6,6,6,6,6
Map_5167,10,18,8,7,8,8,7,7,7,7,7,7,7,7,7,7,8,8,8,8,8,8,7,7,7,7
Map_5168,5,13,5,5,5,5,5,5,5,5,5,5,5,5,5,5,5,5,5,5,5,5,5,5,5,5
Map_5169,117,104,18,18,18,19,24,18,24,18,24,18,24,18,24,18,22,18,22,18,22,18,24,18,24,18
Map_5170,35,24,16,16,16,16,17,16,17,16,17,16,17,16,17,16,21,16,21,16,21,16,17,16,17,16
Map_5171,9,72,9,9,9,9,9,9,9,9,9,9,9,9,9,9,9,9,9,9,9,9,9,9,9,9
Map_5172,11,152,11,11,11,11,11,11,11,11,11,11,11,11,11,11,11,11,11,11,11,11,11,11,11,11
Map_5173,9,97,8,8,9,13,8,8,8,8,8,8,8,8,8,8,8,8,8,8,8,8,8,8,8,8
Map_5174,41,84,21,21,21,33,21,21,21,21,21,21,21,21,21,21,21,21,21,21,21,21,21,21,21,21
Map_5175,9,22,9,9,9,13,10,9,10,9,10,9,10,9,10,9,11,9,11,9,11,9,10,9,10,9
Map_5176,32,65,30,30,32,35,20,20,20,20,20,20,20,20,20,20,22,20,22,20,22,20,20,20,20,20
Map_5177,9,37,9,9,9,12,9,9,9,9,9,9,9,9,9,9,9,9,9,9,9,9,9,9,9,9
Map_5178,7,26,7,7,7,8,7,7,7,7,7,7,7,7,7,7,7,7,7,7,7,7,7,7,7,7
Map_5179,69,69,24,24,24,37,24,24,24,24,24,24,24,24,24,24,30,24,30,24,30,24,30,24,34,24
Map_5180,46,61,18,18,18,18,14,11,14,11,14,11,14,11,14,11,14,11,14,11,14,11,14,11,14,11
Map_5181,37,68,31,30,34,30,28,28,28,28,28,28,28,28,28,28,25,25,25,25,25,25,25,25,25,25
Map_5182,14,47,11,11,11,11,11,11,11,11,11,11,11,11,11,11,11,11,11,11,11,11,11,11,11,11
Map_5183,52,97,46,46,46,63,24,24,24,24,24,24,24,24,24,24,24,24,24,24,24,24,24,24,24,24
Map_5184,18,72,23,23,23,23,23,23,23,23,23,23,23,23,23,23,25,18,25,18,25,18,22,18,22,18
Map_5185,10,139,10,10,10,10,10,10,10,10,10,10,10,10,10,10,10,10,10,10,10,10,10,10,10,10
Map_5186,7,11,8,7,7,9,7,7,7,7,7,7,7,7,7,7,7,7,7,7,7,7,7,7,7,7
Map_5187,6,52,6,6,6,11,6,6,6,6,6,6,6,6,6,6,6,6,14,6,14,6,6,6,6,6
Map_5188,14,66,10,10,10,10,10,10,10,10,10,10,10,10,10,10,10,10,10,10,10,10,10,10,10,10
Map_5189,15,100,21,21,21,21,14,14,14,14,14,14,14,14,14,14,14,14,14,14,14,14,14,14,14,14
Map_5190,14,188,12,12,12,12,12,12,12,12,12,12,12,12,12,12,12,12,12,12,12,12,12,12,12,12
Map_5191,15,87,14,14,14,14,14,14,14,14,14,14,14,14,14,14,14,14,14,14,14,14,14,14,14,14
Map_5192,27,184,11,11,11,16,11,11,11,11,11,11,11,11,11,11,11,11,16,11,16,11,11,11,11,11
Map_5193,12,26,10,10,10,10,10,10,10,10,10,10,10,10,10,10,10,10,10,10,10,10,10,10,10,10
Map_5194,25,38,23,26,20,30,22,20,22,20,22,20,20,26,26,26,22,20,21,20,21,18,22,20,22,20
Map_5195,43,167,13,13,13,13,13,13,13,13,13,13,13,13,13,13,13,13,13,13,13,13,13,13,13,13
Map_5196,10,38,11,10,11,11,10,10,10,10,10,10,10,10,10,10,10,10,10,10,10,10,10,10,10,10
Map_5197,4,9,4,4,4,6,4,4,4,4,4,4,4,4,4,4,4,4,4,4,4,4,4,4,4,4
Map_5198,24,63,24,24,24,25,24,21,24,21,24,21,24,21,24,21,17,17,17,17,17,17,17,17,17,17
Map_5199,11,23,11,11,11,12,11,11,11,11,11,11,11,11,11,11,12,11,12,11,12,11,11,11,11,11
Map_5200,14,112,13,13,13,17,13,13,13,13,13,13,13,13,13,13,11,11,11,11,11,11,11,11,11,11
Map_5201,43,59,32,32,42,37,29,29,29,29,29,29,29,29,29,29,29,24,29,24,29,24,29,24,29,24
Map_5202,136,134,41,41,41,36,41,40,41,40,41,40,41,40,41,40,35,20,35,20,35,20,35,35,40,35
Map_5203,25,172,15,16,15,15,11,11,11,11,11,11,11,11,11,11,11,11,11,11,11,11,11,11,11,11
Map_5204,11,157,8,8,8,8,8,8,8,8,8,8,8,8,8,8,10,8,10,8,10,8,8,8,8,8
Map_5205,53,82,18,18,18,38,18,22,18,22,18,22,18,22,18,22,21,18,21,18,21,18,18,18,18,18
Map_5206,24,63,15,15,15,22,16,11,16,11,16,11,16,11,16,11,16,11,16,11,16,11,14,11,16,11
Map_5207,16,146,23,23,23,25,16,16,16,16,16,16,16,16,16,16,16,16,16,16,16,16,16,16,16,16
Map_5208,21,134,23,21,23,19,19,19,19,19,19,19,19,19,19,19,19,18,21,16,21,16,19,18,19,18
Map_5209,14,37,11,11,11,11,11,10,11,10,11,10,10,10,10,10,11,10,11,10,11,10,11,10,11,10
Map_5210,6,10,5,5,5,5,5,5,5,5,5,5,5,5,5,5,5,5,5,5,5,5,5,5,5,5
Map_5211,357,315,50,50,50,66,50,48,50,48,50,48,50,48,50,48,52,36,52,36,52,36,52,36,41,36
Map_5212,10,53,9,9,9,11,9,9,9,9,9,9,9,9,9,9,10,9,10,9,10,9,10,9,10,9
Map_5213,10,18,8,8,8,8,8,8,8,8,8,8,8,8,8,8,8,8,8,8,8,8,8,8,8,8
Map_5214,70,47,9,9,9,9,9,9,9,9,9,9,9,9,9,9,9,9,9,9,9,9,9,9,9,9
Map_5215,49,69,19,19,19,19,19,12,19,12,19,12,19,12,19,12,15,12,15,12,15,12,12,12,12,12
Map_5216,87,64,24,24,53,21,21,20,21,20,21,20,20,20,20,20,21,20,21,20,21,20,21,20,21,20
Map_5217,15,53,11,11,11,14,11,11,11,11,11,11,11,11,11,11,11,11,11,11,11,11,11,11,11,11
Map_5218,12,27,8,8,8,17,8,8,8,8,8,8,8,8,8,8,8,8,8,8,8,8,8,8,8,8
Map_5219,15,33,15,15,15,22,15,15,15,15,15,15,15,15,15,15,15,15,15,15,15,15,15,15,15,15
Map_5220,14,26,11,11,11,12,11,11,11,11,11,11,11,11,11,11,11,11,11,11,11,11,11,11,11,11
Map_5221,6,29,6,6,6,10,6,6,6,6,6,6,6,6,6,6,6,6,6,6,6,6,6,6,6,6
Map_5222,149,177,19,19,18,28,16,16,16,16,16,16,16,16,16,16,16,16,16,16,16,16,16,16,16,16
Map_5223,49,60,12,12,12,12,12,12,12,12,12,12,12,12,12,12,12,12,12,12,12,12,12,12,12,12
Map_5224,10,35,8,8,8,8,8,8,8,8,8,8,8,8,8,8,8,8,8,8,8,8,8,8,8,8
Map_5225,15,45,15,15,15,15,14,17,14,17,14,17,14,17,14,17,14,14,14,14,14,14,14,14,14,14
Map_5226,12,55,13,12,12,13,12,12,12,12,12,12,12,12,12,12,13,12,13,12,13,12,12,12,12,12
Map_5227,12,71,11,11,11,12,11,11,11,11,11,11,11,11,11,11,11,11,11,11,11,11,11,11,11,11
Map_5228,11,25,9,9,9,9,9,10,9,10,9,10,9,10,9,10,9,9,9,9,9,9,9,9,9,9
Map_5229,6,28,7,6,7,12,6,6,6,6,6,6,6,6,6,6,6,6,6,6,6,6,6,6,6,6
Map_5230,23,149,9,9,9,9,9,9,9,9,9,9,9,9,9,9,9,9,9,9,12,9,9,9,9,9
Map_5231,18,133,18,18,18,18,19,18,19,18,19,18,19,18,18,18,18,18,18,18,18,18,18,18,18,18
Map_5232,30,37,21,21,21,21,21,21,21,21,21,21,21,21,21,21,19,18,19,18,19,18,18,18,18,18
Map_5233,80,274,25,25,23,25,25,25,25,25,25,25,25,25,25,25,25,25,25,29,25,29,25,25,25,25
Map_5234,17,31,13,13,13,13,13,13,13,13,13,13,13,13,13,13,13,13,13,13,13,13,13,13,13,13
Map_5235,30,48,17,17,17,17,15,15,15,15,15,15,15,15,15,15,13,12,13,12,13,12,15,15,15,15
Map_5236,21,29,20,20,20,25,20,20,20,20,20,20,20,20,20,20,22,19,22,19,22,19,20,19,20,19
Map_5237,13,25,10,10,10,17,11,11,11,11,11,11,11,11,11,11,11,10,11,10,11,10,11,10,11,10
Map_5238,9,17,6,6,6,6,6,6,6,6,6,6,6,6,6,6,6,6,6,6,6,6,6,6,6,6
Map_5239,47,49,13,13,13,13,13,13,13,13,13,13,13,13,13,13,13,13,13,13,13,13,13,13,13,13
Map_5240,113,158,36,36,36,29,37,37,37,37,37,37,37,37,37,37,31,28,34,28,34,28,31,37,31,37
Map_5241,9,13,8,8,8,10,8,8,8,8,8,8,8,8,8,8,8,8,8,8,8,8,8,8,8,8
Map_5242,74,144,29,29,29,29,29,39,29,39,29,39,29,40,29,40,29,29,29,29,29,29,29,29,29,29
Map_5243,44,71,25,25,31,26,21,19,21,19,21,19,19,19,19,19,18,19,19,19,19,19,18,19,18,19
Map_5244,20,45,15,15,15,15,15,15,15,15,15,15,15,15,15,15,15,15,16,15,16,15,15,15,15,15
Map_5245,8,14,7,7,7,9,7,7,7,7,7,7,7,7,7,7,7,7,7,7,7,7,7,7,7,7
Map_5246,10,16,10,10,10,12,10,10,10,10,10,10,10,10,10,10,10,10,10,10,10,10,10,10,10,10
Map_5247,15,22,13,12,13,18,11,12,11,12,11,12,11,12,11,12,11,11,11,11,11,11,11,11,11,11
Map_5248,124,156,47,37,47,47,31,37,31,37,31,37,37,37,37,187,31,51,31,51,31,47,31,51,31,51
Map_5249,14,21,14,14,14,14,14,12,14,12,14,12,14,12,14,12,12,12,12,12,12,12,12,12,12,12
Map_5250,8,18,8,8,8,11,8,8,8,8,8,8,8,8,8,8,8,7,8,7,8,7,8,7,8,7
Map_5251,19,39,14,14,14,14,14,14,14,14,14,14,14,14,14,14,14,14,14,14,14,14,14,14,14,14
Map_5252,12,21,11,11,11,16,11,11,11,11,11,11,11,11,11,11,12,11,12,11,12,11,12,11,12,11
Map_5253,15,73,15,15,15,15,15,14,15,14,15,14,14,14,14,14,15,14,15,14,15,14,15,14,15,14
Map_5254,7,59,7,7,7,7,7,7,7,7,7,7,7,7,7,7,7,7,7,7,7,7,7,7,7,7
Map_5255,8,21,8,8,8,8,11,8,11,8,11,8,11,8,11,8,12,8,12,8,12,8,11,8,11,8
Map_5256,14,34,10,10,10,10,9,10,9,10,9,10,9,10,9,10,9,9,9,9,9,9,9,9,9,9
Map_5257,17,75,15,15,19,16,15,15,15,15,15,15,15,15,15,15,15,15,15,15,15,15,15,15,15,15
Map_5258,9,29,9,9,9,12,9,9,9,9,9,9,9,9,9,9,9,9,9,9,9,9,9,9,9,9
Map_5259,15,28,12,12,12,12,12,12,12,12,12,12,12,12,12,12,12,12,12,12,12,12,12,12,12,12
Map_5260,11,72,9,9,9,9,9,9,9,9,9,9,9,9,9,9,9,9,9,9,9,9,9,9,9,9
Map_5261,14,110,12,12,12,12,12,12,12,12,12,12,12,12,12,12,12,12,12,12,12,12,12,12,12,12
Map_5262,7,15,7,7,7,13,7,7,7,7,7,7,7,7,7,7,10,7,10,7,10,7,7,7,7,7
Map_5263,8,25,8,8,8,16,8,8,8,8,8,8,8,8,8,8,10,8,10,8,10,8,10,8,10,8
Map_5264,38,221,24,24,29,25,24,24,24,24,24,24,24,24,24,24,23,23,23,23,23,23,23,24,24,24
Map_5265,13,58,13,13,13,14,14,13,14,13,14,13,14,13,14,13,14,13,14,13,14,13,14,13,14,13
Map_5266,21,50,24,24,16,26,16,16,16,16,16,16,16,16,16,16,15,15,15,15,15,15,15,15,15,15
Map_5267,10,131,10,10,10,10,10,10,10,10,10,10,10,10,10,10,10,10,10,10,10,10,10,10,10,10
Map_5268,38,51,20,20,20,20,18,20,18,20,18,20,18,20,19,20,20,18,20,18,20,18,20,18,20,18
Map_5269,155,81,21,21,24,27,21,21,21,21,21,21,21,21,21,21,21,20,21,20,21,20,21,20,21,20
Map_5270,15,27,8,8,8,8,8,8,8,8,8,8,8,8,8,8,8,8,8,8,8,8,8,8,8,8
Map_5271,11,28,6,6,6,13,6,6,6,6,6,6,6,6,6,6,6,6,6,6,6,6,6,6,6,6
Map_5272,20,186,17,17,20,17,17,17,17,17,17,17,17,17,17,17,17,17,17,17,17,17,17,17,17,17
Map_5273,19,123,13,13,13,13,13,13,13,13,13,13,13,13,13,13,13,13,14,13,14,13,13,13,13,13
Map_5274,8,28,8,8,8,10,8,8,8,8,8,8,8,8,8,8,8,8,8,8,8,8,8,8,8,8
Map_5275,6,24,5,5,5,6,5,5,5,5,5,5,5,5,5,5,5,5,5,5,5,5,5,5,5,5
Map_5276,5,17,5,5,5,5,5,5,5,5,5,5,5,5,5,5,5,5,5,5,5,5,5,5,5,5
Map_5277,8,172,8,8,8,10,8,8,8,8,8,8,8,8,8,8,8,8,10,8,10,8,8,8,8,8
Map_5278,230,104,126,46,148,81,70,70,70,70,70,70,46,46,46,46,50,29,50,29,50,29,50,29,50,39
Map_5279,13,63,12,12,12,12,12,12,12,12,12,12,12,12,12,12,12,12,12,12,12,12,12,12,12,12
Map_5280,19,38,11,11,11,11,11,11,11,11,11,11,11,11,11,11,11,11,11,11,11,11,11,11,11,11
Map_5281,14,40,17,14,17,19,14,14,14,14,14,14,14,14,14,14,12,12,12,12,12,12,12,12,12,12
Map_5282,27,51,12,12,12,23,12,12,12,12,12,12,12,12,12,12,12,12,12,12,12,12,12,12,12,12
Map_5283,47,50,32,32,28,27,30,30,30,28,30,28,30,30,30,30,30,24,30,24,30,24,30,28,27,28
Map_5284,8,17,8,8,8,10,8,8,8,8,8,8,8,8,8,8,8,8,8,8,8,8,8,8,8,8
Map_5285,159,61,26,26,26,26,21,21,21,21,21,21,21,21,21,21,26,21,26,21,26,21,22,21,22,21
Map_5286,8,22,9,8,9,12,9,8,9,8,9,8,8,8,8,8,9,8,9,8,9,8,9,8,9,8
Map_5287,13,17,11,11,11,11,11,11,11,11,11,11,11,11,11,11,11,11,11,11,11,11,11,11,11,11
Map_5288,18,185,14,14,14,14,14,14,14,14,14,14,14,14,14,14,14,14,14,14,14,14,14,14,14,14
Map_5289,23,30,31,24,31,31,15,15,15,15,15,15,15,15,15,15,15,15,15,15,15,15,15,15,15,15
Map_5290,10,46,10,10,10,10,10,10,10,10,10,10,10,10,10,10,10,10,10,10,10,10,10,10,10,10
Map_5291,35,122,11,12,11,11,11,11,11,11,11,11,11,12,12,12,11,11,11,11,16,11,11,11,11,11
Map_5292,9,23,9,9,9,11,9,9,9,9,9,9,9,9,9,9,9,9,9,9,9,9,9,9,9,9
Map_5293,6,46,6,6,6,6,6,6,6,6,6,6,6,6,6,6,6,6,6,6,6,6,6,6,6,6
Map_5294,13,59,12,12,12,12,12,12,12,12,12,12,12,12,12,12,12,12,12,12,12,12,12,12,12,12
Map_5295,9,28,10,9,10,10,8,9,8,9,8,9,8,9,8,9,8,8,8,8,8,8,8,8,8,8
Map_5296,20,88,22,22,11,23,18,16,18,16,18,16,18,16,18,16,11,11,13,11,13,11,11,11,11,11
Map_5297,59,225,43,39,43,46,38,42,38,42,38,42,36,46,36,46,35,35,35,35,35,35,38,34,38,42
Map_5298,17,54,14,14,14,25,14,14,14,14,14,14,14,14,14,14,22,14,22,14,22,14,22,14,22,14
Map_5299,28,186,11,11,11,13,11,11,11,11,11,11,11,11,11,11,11,11,11,11,11,11,11,11,11,11
Map_5300,16,54,13,13,13,25,11,11,11,11,11,11,11,11,11,11,11,11,11,11,11,11,11,11,11,11
Map_5301,31,71,14,14,14,14,13,13,13,13,13,13,13,13,13,13,13,13,13,13,13,13,13,13,13,13
Map_5302,29,81,17,17,17,23,17,17,17,17,17,17,17,17,17,17,18,18,18,17,18,17,17,17,17,17
Map_5303,18,28,24,24,24,27,15,15,15,15,15,15,15,15,15,15,18,15,18,15,18,15,15,15,15,15
Map_5304,8,67,8,8,8,8,8,8,8,8,8,8,8,8,8,8,7,7,7,7,7,7,7,7,7,7
Map_5305,17,74,9,9,9,10,9,9,9,9,9,9,9,9,9,9,9,9,9,9,9,9,9,9,9,9
Map_5306,10,18,10,10,10,11,10,10,10,10,10,10,10,10,10,10,9,9,9,9,9,9,9,9,9,9
Map_5307,9,13,9,9,9,11,8,7,8,7,8,7,8,7,8,7,11,7,11,7,11,7,8,7,8,7
Map_5308,96,184,12,12,12,26,17,12,17,12,17,12,17,12,17,12,17,12,17,12,17,12,17,12,17,12
Map_5309,6,45,6,6,6,7,6,6,6,6,6,6,6,6,6,6,6,6,6,6,6,6,6,6,6,6
Map_5310,43,44,14,14,14,14,14,14,14,14,14,14,14,13,13,13,14,13,14,13,14,13,14,13,14,13
Map_5311,10,226,9,9,9,17,9,7,9,7,9,7,9,7,9,7,9,7,9,7,9,7,9,7,9,7
Map_5312,98,94,22,22,22,29,20,20,20,20,20,20,20,20,20,20,25,20,25,20,25,20,20,20,20,20
Map_5313,64,69,35,36,36,29,29,34,29,34,29,34,29,34,29,34,26,29,26,29,26,29,26,29,26,29
Map_5314,15,59,11,11,13,11,11,11,11,11,11,11,11,11,11,11,11,11,11,11,11,11,11,11,11,11
Map_5315,11,76,11,11,11,24,11,11,11,11,11,11,11,11,11,11,11,11,11,11,11,11,11,11,11,11
Map_5316,4,37,4,4,4,4,4,4,4,4,4,4,4,4,4,4,4,4,4,4,4,4,4,4,4,4
Map_5317,23,71,31,31,31,39,14,14,14,14,14,14,14,14,14,14,14,14,14,14,14,14,14,14,14,14
Map_5318,41,68,12,12,12,33,12,12,12,12,12,12,12,12,12,12,12,12,12,12,12,12,12,12,12,12
Map_5319,9,44,9,9,9,9,9,9,9,9,9,9,9,9,9,9,9,9,10,9,10,9,9,9,9,9
Map_5320,34,97,15,15,15,19,15,15,15,15,15,15,15,15,15,15,15,15,15,15,15,15,15,15,15,15
Map_5321,20,31,22,16,22,21,16,16,16,16,16,16,16,16,16,16,17,16,17,16,17,16,16,16,16,16
Map_5322,31,160,27,25,25,67,18,17,18,17,18,17,18,17,18,17,18,17,18,17,18,17,18,17,18,17
Map_5323,22,124,16,16,16,16,16,16,16,16,16,16,16,16,16,16,19,16,19,16,19,16,19,16,19,16
Map_5324,16,68,12,12,17,16,12,12,12,12,12,12,12,12,12,12,13,12,13,12,13,12,12,12,12,12
Map_5325,8,125,7,7,7,7,7,7,7,7,7,7,7,7,7,7,7,7,7,7,7,7,7,7,7,7
Map_5326,15,58,10,10,10,10,10,10,10,10,10,10,10,10,10,10,10,10,10,10,10,10,10,10,10,10
Map_5327,36,27,17,16,23,17,15,16,15,16,15,16,15,16,14,16,15,14,15,14,15,14,15,14,15,14
Map_5328,35,121,35,35,35,34,29,35,29,35,29,35,35,35,35,35,29,29,29,29,29,29,29,35,29,35
Map_5329,12,53,10,10,10,10,9,10,9,10,9,10,9,12,9,12,9,9,9,9,9,9,9,9,9,9
Map_5330,8,25,8,8,8,10,8,8,8,8,8,8,8,8,8,8,8,8,8,8,8,8,8,8,8,8
Map_5331,10,26,10,10,10,10,10,10,10,10,10,10,10,10,10,10,10,10,10,10,10,10,10,10,10,10
Map_5332,9,23,9,9,9,9,9,9,9,9,9,9,9,9,9,9,9,9,9,9,9,9,9,9,9,9
Map_5333,10,17,8,8,8,8,8,8,8,8,8,8,8,8,8,8,8,8,8,8,8,8,8,8,8,8
Map_5334,125,82,47,47,47,79,37,32,37,32,37,32,37,32,37,32,40,32,40,32,40,32,37,32,37,32
Map_5335,8,12,7,7,7,9,7,7,7,7,7,7,7,7,7,7,7,7,7,7,7,7,7,7,7,7
Map_5336,9,118,9,9,9,9,9,9,9,9,9,9,9,9,9,9,9,9,9,9,9,9,9,9,9,9
Map_5337,41,43,20,19,20,21,19,19,19,19,19,19,19,19,19,19,19,19,20,19,20,19,19,19,19,19
Map_5338,5,9,5,5,5,6,5,5,5,5,5,5,5,5,5,5,5,5,5,5,5,5,5,5,5,5
Map_5339,14,31,9,9,9,11,9,9,9,9,9,9,9,9,9,9,9,9,9,9,9,9,9,9,9,9
Map_5340,29,49,20,20,20,22,22,20,22,20,22,20,20,20,20,20,19,19,21,19,21,19,19,19,19,19
Map_5341,139,112,14,14,14,20,14,14,14,14,14,14,14,14,14,14,14,14,14,14,14,14,14,14,14,14
Map_5342,74,180,12,12,12,18,15,12,15,12,15,12,15,12,15,12,15,12,18,12,18,12,15,12,15,12
Map_5343,38,59,38,35,35,37,29,21,29,21,29,21,29,21,29,21,29,21,29,21,29,21,21,21,21,21
Map_5344,15,28,10,10,10,10,10,10,10,10,10,10,10,10,10,10,10,10,10,10,10,10,10,10,10,10
Map_5345,18,61,31,19,31,86,19,17,19,17,19,17,19,17,19,17,19,17,28,17,28,17,19,17,19,17
Map_5346,6,11,7,6,6,7,6,6,6,6,6,6,6,6,6,6,6,6,6,6,6,6,6,6,6,6
Map_5347,36,47,18,18,18,18,18,18,18,18,18,18,18,18,18,18,15,15,15,15,15,15,15,15,15,15
Map_5348,12,36,14,11,14,12,11,11,11,11,11,11,11,11,11,11,11,11,11,11,11,11,11,11,11,11
Map_5349,27,103,17,17,17,16,16,16,16,16,16,16,16,16,16,16,16,15,16,15,19,17,16,15,16,15
Map_5350,22,29,14,14,14,14,14,14,14,14,14,14,14,14,14,14,15,14,15,14,15,14,14,14,14,14
Map_5351,10,77,9,9,9,9,9,9,9,9,9,9,9,9,9,9,9,9,9,9,9,9,9,9,9,9
Map_5352,10,55,9,9,9,12,9,9,9,9,9,9,9,9,9,9,9,9,9,9,9,9,9,9,9,9
Map_5353,8,28,8,8,8,11,8,8,8,8,8,8,8,8,8,8,8,8,8,8,8,8,8,8,8,8
Map_5354,9,21,9,9,9,12,9,9,9,9,9,9,9,9,9,9,9,9,9,9,9,9,9,9,9,9
Map_5355,14,59,17,17,17,17,16,16,16,16,16,16,16,16,16,16,16,14,16,14,16,14,16,14,16,14
Map_5356,15,90,16,16,15,16,14,14,14,14,14,14,14,14,14,14,14,14,14,14,14,14,14,14,14,14
Map_5357,349,172,38,38,38,49,34,34,34,34,34,34,34,34,34,34,35,33,35,33,35,33,34,33,34,33
Map_5358,17,30,11,11,11,15,11,11,11,11,11,11,11,11,11,11,11,11,11,11,11,11,11,11,11,11
Map_5359,6,34,6,6,6,6,6,6,6,6,6,6,6,6,6,6,6,6,6,6,6,6,6,6,6,6
Map_5360,13,22,13,13,13,13,12,13,12,13,12,13,12,13,12,13,12,12,12,12,12,12,12,12,12,12
Map_5361,24,96,10,10,10,10,10,10,10,10,10,10,10,10,10,10,10,10,10,10,10,10,10,10,10,10
Map_5362,32,192,18,18,24,18,18,18,18,18,18,18,18,18,18,18,18,18,18,18,18,18,18,18,18,18
Map_5363,21,79,15,15,15,15,15,15,15,15,15,15,15,15,15,15,15,15,15,15,15,15,15,15,15,15
Map_5364,18,46,20,20,20,20,17,17,17,17,17,17,17,17,17,17,18,17,18,17,18,17,17,17,17,17
Map_5365,262,173,88,75,88,61,51,51,51,51,51,51,62,80,67,80,51,45,95,38,95,38,51,45,59,45
Map_5366,25,39,13,13,13,13,13,14,13,14,13,14,14,14,14,14,13,13,13,13,13,13,13,14,13,14
Map_5367,6,22,6,6,6,6,6,6,6,6,6,6,6,6,6,6,6,6,6,6,6,6,6,6,6,6
Map_5368,6,16,6,6,6,8,6,6,6,6,6,6,6,6,6,6,6,6,6,6,6,6,6,6,6,6
Map_5369,11,56,11,11,11,11,11,11,11,11,11,11,11,11,11,11,11,11,11,11,11,11,11,11,11,11
Map_5370,29,102,17,17,17,35,17,17,17,17,17,17,17,17,17,17,15,15,15,15,15,15,15,15,15,15
Map_5371,16,49,17,16,17,17,16,16,16,16,16,16,16,16,16,16,16,16,16,16,16,16,16,16,16,16
Map_5372,11,26,15,15,15,14,15,15,15,15,15,15,15,15,15,15,10,10,10,10,10,10,11,10,11,10
Map_5373,13,180,13,13,13,22,10,10,10,10,10,10,10,10,10,10,10,10,10,10,10,10,10,10,10,10
Map_5374,10,18,13,9,13,10,9,9,9,9,9,9,10,9,10,10,10,9,12,9,12,9,10,9,10,9
Map_5375,19,35,20,16,16,38,12,12,12,12,12,12,12,12,12,12,12,12,12,12,12,12,12,12,12,12
Map_5376,12,39,9,9,9,9,9,9,9,9,9,9,9,9,9,9,9,9,9,9,9,9,9,9,9,9
Map_5377,68,90,23,23,23,24,22,22,22,22,22,22,22,22,22,22,22,22,22,22,22,22,22,22,22,22
Map_5378,12,56,15,15,15,15,15,11,15,11,15,11,11,11,11,11,15,11,15,11,15,11,15,11,15,11
Map_5379,6,19,6,6,6,6,6,6,6,6,6,6,6,6,6,6,6,6,6,6,6,6,6,6,6,6
Map_5380,18,256,22,21,22,24,22,21,22,21,22,21,21,21,21,21,22,21,25,19,25,19,22,21,22,21
Map_5381,20,70,20,20,20,18,18,17,18,17,18,17,17,17,17,17,18,15,18,15,18,15,18,15,18,15
Map_5382,10,53,7,7,7,10,7,7,7,7,7,7,7,7,7,7,7,7,7,7,7,7,7,7,7,7
Map_5383,43,99,17,17,17,18,17,17,17,15,17,15,17,17,17,17,17,15,19,15,19,15,17,15,17,15
Map_5384,32,73,22,22,22,26,22,22,22,22,22,22,22,22,22,22,25,22,25,22,25,22,25,22,25,22
Map_5385,32,47,38,38,38,34,20,20,20,20,20,20,20,20,20,20,20,20,20,20,20,20,20,20,20,20
Map_5386,12,48,12,10,12,12,10,10,12,10,12,10,10,10,10,10,12,10,12,10,12,10,10,10,10,10
Map_5387,25,47,14,14,14,21,14,14,14,14,14,14,14,14,14,14,14,14,14,14,14,14,14,14,14,14
Map_5388,17,22,14,14,14,14,11,11,11,11,11,11,11,11,11,11,11,11,11,11,11,11,11,11,11,11
Map_5389,49,137,17,17,23,17,17,17,17,17,17,17,17,17,17,17,17,17,17,17,17,17,17,17,17,17
Map_5390,30,189,49,48,49,36,29,29,29,29,29,29,29,29,29,29,30,21,30,21,30,21,29,21,34,21
Map_5391,15,30,13,13,13,14,10,10,10,10,10,10,10,10,10,10,12,10,12,10,12,10,10,10,10,10
Map_5392,84,136,30,25,30,26,20,26,20,26,20,26,20,26,20,26,19,19,19,19,19,19,19,19,19,19
Map_5393,17,21,13,13,10,13,10,10,10,10,10,10,10,10,10,10,10,10,10,10,10,10,10,10,10,10
Map_5394,13,36,13,13,13,13,14,13,14,13,14,13,14,13,14,13,14,13,14,13,14,14,14,13,14,13
Map_5395,20,84,15,15,15,15,15,15,15,15,15,15,15,15,15,15,15,15,15,15,15,15,15,15,15,15
Map_5396,6,41,6,6,6,6,6,6,6,6,6,6,6,6,6,6,6,6,6,6,6,6,6,6,6,6
Map_5397,16,25,19,18,20,19,19,19,19,19,19,19,18,18,18,18,15,15,15,15,15,15,15,15,15,15
Map_5398,42,70,32,32,41,33,32,32,32,32,32,32,32,32,32,32,25,32,25,25,25,25,25,32,25,32
Map_5399,6,135,6,6,6,6,6,6,6,6,6,6,6,6,6,6,6,6,6,6,6,6,6,6,6,6
Map_5400,14,89,17,14,17,17,15,14,15,14,15,14,15,14,14,14,11,11,11,11,11,11,11,11,11,11
Map_5401,20,96,6,6,6,12,6,6,6,6,6,6,6,6,6,6,6,6,6,6,6,6,6,6,6,6
Map_5402,25,90,25,25,25,25,25,25,25,25,25,25,25,25,25,25,22,22,22,22,22,22,22,25,25,25
Map_5403,6,41,6,6,6,6,6,6,6,6,6,6,6,6,6,6,6,6,6,6,6,6,6,6,6,6
Map_5404,78,137,53,56,53,43,47,41,47,41,47,41,50,41,50,41,28,27,28,27,28,27,28,27,28,27
Map_5405,16,108,17,17,17,17,17,16,17,16,17,16,17,16,17,16,14,14,14,14,14,14,14,14,14,16
Map_5406,14,21,14,12,12,14,12,12,12,12,12,12,12,12,12,12,13,12,13,12,13,12,12,12,12,12
Map_5407,9,273,9,9,9,18,9,9,9,9,9,9,9,9,9,9,9,9,9,9,9,9,9,9,9,9
Map_5408,7,54,7,7,7,7,7,7,7,7,7,7,7,7,7,7,7,7,7,7,7,7,7,7,7,7
Map_5409,15,40,9,9,9,9,9,9,9,9,9,9,9,9,9,9,9,9,9,9,9,9,9,9,9,9
Map_5410,11,27,9,9,9,9,11,9,11,9,11,9,11,9,11,9,11,9,11,9,11,9,11,9,11,9
Map_5411,84,149,23,17,26,23,17,17,17,17,17,17,17,17,17,17,17,17,17,17,17,17,17,17,17,17
Map_5412,17,29,18,18,18,16,16,16,16,16,16,16,16,16,16,16,15,15,15,15,15,15,15,15,15,15
Map_5413,68,56,14,14,14,14,14,14,14,14,14,14,14,14,14,14,14,14,17,14,17,14,14,14,14,14
Map_5414,7,23,7,7,7,8,7,7,7,7,7,7,7,7,7,7,7,7,7,7,7,7,7,7,7,7
Map_5415,21,28,18,18,18,22,14,14,14,14,14,14,14,14,14,14,14,14,14,14,14,14,14,14,14,14
Map_5416,20,47,16,15,16,14,14,14,14,14,14,14,14,14,14,14,14,14,14,14,14,14,14,14,14,14
Map_5417,28,38,11,11,11,11,11,11,11,11,11,11,11,11,11,11,11,11,11,11,11,11,11,11,11,11
Map_5418,8,17,8,8,8,22,8,8,8,8,8,8,8,8,8,8,8,8,8,8,8,8,8,8,8,8
Map_5419,8,49,9,9,9,9,9,8,9,8,9,8,9,8,9,8,9,8,9,8,9,8,9,8,9,8
Map_5420,19,38,15,15,15,16,14,14,14,14,14,14,14,14,14,14,14,14,14,14,14,14,14,14,14,14
Map_5421,22,70,22,21,22,31,20,20,20,20,20,20,20,20,20,20,20,16,20,16,20,16,20,16,20,16
Map_5422,14,29,13,13,13,14,13,13,13,13,13,13,13,13,13,13,13,13,13,13,13,13,13,13,13,13
Map_5423,11,39,11,11,11,17,11,11,11,11,11,11,11,11,11,11,11,11,11,11,11,11,11,11,11,11
Map_5424,22,46,14,14,16,30,14,14,14,14,14,14,14,14,14,14,14,14,14,14,14,14,14,14,14,14
Map_5425,86,205,28,28,28,30,29,29,29,29,29,29,29,29,29,29,30,28,32,28,32,28,30,28,29,28
Map_5426,19,26,14,14,14,14,14,14,14,14,14,14,14,14,14,14,14,10,14,10,14,10,14,10,14,10
Map_5427,18,39,19,19,19,19,15,15,16,15,16,15,15,15,15,15,16,15,16,15,16,15,16,15,16,15
Map_5428,15,31,12,12,12,12,12,12,12,12,12,12,12,12,12,12,12,12,12,12,12,12,12,12,12,12
Map_5429,8,12,11,8,8,11,8,8,8,8,8,8,8,8,8,8,10,8,10,8,10,8,8,8,8,8
Map_5430,7,50,8,8,8,11,8,7,8,7,8,7,7,7,7,7,8,7,8,7,8,7,8,7,8,7
Map_5431,9,12,7,7,7,7,7,7,7,7,7,7,7,7,7,7,7,7,9,7,9,7,7,7,7,7
Map_5432,9,16,9,9,9,9,9,8,9,8,9,8,8,8,8,8,9,8,9,8,9,8,9,8,9,8
Map_5433,33,56,14,14,14,18,14,14,14,14,14,14,14,14,14,14,16,14,16,14,16,14,16,14,14,14
Map_5434,8,35,8,8,8,8,8,8,8,8,8,8,8,8,8,8,8,8,8,8,8,8,8,8,8,8
Map_5435,27,97,21,21,21,24,21,20,21,20,21,20,21,20,21,20,20,20,23,20,23,20,20,20,21,20
Map_5436,6,9,7,7,7,7,6,6,6,6,6,6,6,6,6,6,7,6,7,6,7,6,6,6,6,6
Map_5437,18,28,17,17,17,17,17,17,17,17,17,17,17,17,17,17,20,17,20,17,20,17,17,17,17,17
Map_5438,12,42,13,13,12,16,13,13,13,13,13,13,13,13,13,13,13,13,13,13,13,13,12,13,12,13
Map_5439,13,40,11,10,10,11,10,10,10,10,10,10,10,10,10,10,10,10,10,10,10,10,10,10,10,10
Map_5440,9,22,9,9,9,10,9,9,9,9,9,9,9,9,9,9,9,9,9,9,9,9,9,9,9,9
Map_5441,21,29,16,16,16,20,11,11,11,11,11,11,11,11,11,11,11,11,11,11,11,11,11,11,11,11
Map_5442,24,32,12,12,14,12,12,11,12,11,12,11,11,11,11,11,13,11,13,11,13,11,13,11,13,11
Map_5443,14,144,11,11,11,11,11,11,11,11,11,11,11,11,11,11,11,11,11,11,11,11,11,11,11,11
Map_5444,9,18,8,8,9,12,8,8,8,8,8,8,8,8,8,8,8,8,8,8,8,8,8,8,8,8
Map_5445,9,34,7,7,7,8,7,7,7,7,7,7,7,7,7,7,7,7,7,7,7,7,7,7,7,7
Map_5446,5,24,5,5,5,5,5,5,5,5,5,5,5,5,5,5,5,5,5,5,5,5,5,5,5,5
Map_5447,11,182,7,7,7,7,7,7,7,7,7,7,7,7,7,7,11,7,11,7,11,7,7,7,7,7
Map_5448,14,29,13,13,10,13,10,10,10,10,10,10,10,10,10,10,10,10,11,11,11,11,10,10,10,10
Map_5449,8,29,8,8,8,20,8,8,8,8,8,8,8,8,8,8,18,8,18,8,18,8,8,8,8,8
Map_5450,6,22,6,6,6,6,6,6,6,6,6,6,6,6,6,6,6,6,6,6,6,6,6,6,6,6
Map_5451,9,22,11,10,10,13,9,9,9,9,9,9,9,9,9,9,9,9,9,9,9,9,9,9,9,9
Map_5452,10,48,10,10,10,10,10,10,10,10,10,10,10,10,10,10,10,10,10,10,10,10,10,10,10,10
Map_5453,10,28,7,7,7,7,7,7,7,7,7,7,7,7,7,7,7,7,7,7,7,7,7,7,7,7
Map_5454,14,44,15,15,15,15,13,13,13,13,13,13,13,13,13,13,13,13,13,13,13,13,13,13,13,13
Map_5455,8,17,8,8,8,14,8,8,8,8,8,8,8,8,8,8,8,8,9,8,9,8,8,8,8,8
Map_5456,6,28,6,6,6,6,6,6,6,6,6,6,6,6,6,6,6,6,8,6,8,6,6,6,6,6
Map_5457,7,17,7,7,7,7,7,7,7,7,7,7,7,7,7,7,7,7,7,7,7,7,7,7,7,7
Map_5458,9,146,9,9,9,9,9,9,9,9,9,9,9,9,9,9,9,9,9,9,9,9,9,9,9,9
Map_5459,11,19,9,9,9,9,9,9,9,9,9,9,9,9,9,9,10,9,10,9,10,9,9,9,9,9
Map_5460,13,47,13,13,15,13,13,14,13,14,13,14,13,14,13,14,14,13,14,13,14,13,13,13,13,14
Map_5461,22,27,14,14,14,17,11,11,11,11,11,11,11,11,11,11,11,11,11,11,11,11,11,11,11,11
Map_5462,32,52,25,25,25,25,23,23,23,23,23,23,23,23,23,23,23,23,23,23,23,23,23,23,23,23
Map_5463,36,79,20,20,20,20,22,22,22,22,22,22,22,22,22,22,22,22,20,22,20,22,22,22,22,22
Map_5464,10,42,8,8,8,8,8,8,8,8,8,8,8,8,8,8,8,8,8,8,8,8,8,8,8,8
Map_5465,18,84,18,18,18,18,18,18,18,18,18,18,18,18,18,18,10,10,10,10,10,10,10,10,10,10
Map_5466,5,32,5,5,5,7,5,5,5,5,5,5,5,5,5,5,5,5,5,5,5,5,5,5,5,5
Map_5467,25,75,9,9,9,9,9,9,9,9,9,9,9,9,9,9,9,9,9,9,9,9,9,9,9,9
Map_5468,5,17,5,5,5,5,5,5,5,5,5,5,5,5,5,5,5,5,5,5,5,5,5,5,5,5
Map_5469,28,39,9,9,9,12,9,9,9,9,9,9,9,9,9,9,9,9,9,9,9,9,9,9,9,9
Map_5470,10,59,9,9,9,9,9,9,9,9,9,9,9,9,9,9,9,9,9,9,9,9,9,9,9,9
Map_5471,18,87,14,14,14,14,14,14,14,14,14,14,14,14,14,14,14,14,14,14,14,14,14,14,14,14
Map_5472,6,11,9,7,6,9,6,6,6,6,6,6,6,6,6,6,6,6,8,6,8,6,6,6,6,6
Map_5473,9,43,9,9,9,42,10,9,10,9,10,9,9,9,9,9,10,9,10,9,10,9,10,9,10,9
Map_5474,6,25,8,6,6,8,6,6,6,6,6,6,6,6,6,6,6,6,6,6,6,6,6,6,6,6
Map_5475,19,85,16,16,16,16,16,16,16,16,16,16,16,16,16,16,16,16,20,16,20,16,16,16,16,16
Map_5476,66,128,25,25,25,27,25,25,25,25,25,25,25,25,25,25,25,21,27,23,27,23,23,21,23,21
Map_5477,6,10,7,6,6,8,6,6,6,6,6,6,6,6,6,6,7,6,7,6,7,6,6,6,6,6
Map_5478,13,23,8,8,8,8,8,8,8,8,8,8,8,8,8,8,10,8,10,8,10,8,8,8,8,8
Map_5479,13,67,10,9,10,10,9,8,9,8,9,8,8,8,8,8,9,8,9,8,9,8,9,8,9,8
Map_5480,12,23,8,8,8,8,8,8,8,8,8,8,8,8,8,8,8,8,8,8,8,8,8,8,8,8
Map_5481,15,42,7,7,7,7,7,7,7,7,7,7,7,7,7,7,7,7,7,7,7,7,7,7,7,7
Map_5482,49,108,25,25,25,27,25,25,25,25,25,25,25,25,25,25,25,25,27,25,27,25,25,25,25,25
Map_5483,10,24,11,10,11,11,11,10,11,10,11,10,10,10,10,10,11,10,11,10,11,10,11,10,11,10
Map_5484,18,58,10,10,10,14,10,10,10,10,10,10,10,10,10,10,10,10,10,10,10,10,10,10,10,10
Map_5485,209,237,9,9,9,9,9,9,9,9,9,9,9,9,9,9,9,9,9,9,9,9,9,9,9,9
Map_5486,52,150,12,10,12,12,12,10,12,10,12,10,10,10,10,10,13,10,13,10,13,10,13,10,13,10
Map_5487,21,27,21,21,19,21,14,14,14,14,14,14,14,14,14,14,14,14,14,14,14,14,14,14,14,14
Map_5488,3,8,3,3,3,4,3,3,3,3,3,3,3,3,3,3,3,3,5,3,5,3,3,3,3,3
Map_5489,15,170,23,23,23,49,23,23,23,23,23,23,23,23,23,23,42,15,29,15,29,15,17,15,17,15
Map_5490,19,33,21,19,18,24,15,19,15,19,15,19,15,19,15,19,15,19,15,19,15,19,15,19,15,19
Map_5491,27,100,19,19,21,19,19,19,19,19,19,19,19,19,19,19,19,19,19,16,19,16,19,19,19,19
Map_5492,22,49,12,11,12,13,11,11,11,11,11,11,11,11,11,11,11,11,11,11,11,11,11,11,11,11
Map_5493,27,47,15,15,15,15,15,15,15,15,15,15,15,15,15,15,15,15,15,15,15,15,15,15,15,15
Map_5494,34,39,20,20,20,16,16,16,16,16,16,16,16,16,16,16,14,14,14,14,14,14,14,14,14,14
Map_5495,11,38,11,11,11,11,11,11,11,11,11,11,11,11,11,11,11,11,11,11,11,11,11,11,11,11
Map_5496,53,106,22,21,22,27,26,25,26,25,26,25,25,25,25,25,24,21,24,21,24,21,24,21,24,21
Map_5497,60,139,12,12,12,12,12,12,12,12,12,12,12,12,12,12,12,12,12,12,12,12,12,12,12,12
Map_5498,4,9,4,4,4,4,4,4,4,4,4,4,4,4,4,4,4,4,4,4,4,4,4,4,4,4
Map_5499,16,27,17,16,15,20,12,14,12,14,12,14,12,14,12,14,12,14,12,14,12,14,12,14,12,14
Map_5500,11,61,8,8,8,8,8,8,8,8,8,8,8,8,8,8,8,8,8,8,8,8,8,8,8,8
Map_5501,9,24,9,9,9,11,9,9,9,9,9,9,9,9,9,9,9,9,9,9,9,9,9,9,9,9
Map_5502,7,81,7,7,7,7,7,7,7,7,7,7,7,7,7,7,7,7,7,7,7,7,7,7,7,7
Map_5503,6,16,7,6,7,7,6,6,6,6,6,6,6,6,6,6,6,6,6,6,6,6,6,6,6,6
Map_5504,45,102,24,23,23,24,28,27,28,27,28,27,28,27,28,27,28,27,28,27,28,27,28,27,28,27
Map_5505,25,34,18,18,18,18,18,18,18,18,18,18,18,18,18,18,18,18,18,18,18,18,18,18,18,18
Map_5506,7,72,7,7,7,7,7,7,7,7,7,7,7,7,7,7,8,7,8,7,8,7,7,7,7,7
Map_5507,8,23,8,8,8,8,8,8,8,8,8,8,8,8,8,8,8,8,8,8,8,8,8,8,8,8
Map_5508,10,68,9,9,9,14,9,8,9,8,9,8,9,8,9,8,9,8,9,8,9,8,9,8,9,8
Map_5509,6,153,6,6,6,9,6,6,6,6,6,6,6,6,6,6,6,6,6,6,6,6,6,6,6,6
Map_5510,8,21,8,8,8,11,8,8,8,8,8,8,8,8,8,8,8,8,8,8,8,8,8,8,8,8
Map_5511,26,36,11,11,11,11,11,11,11,11,11,11,11,11,11,11,11,11,11,11,11,11,11,11,11,11
Map_5512,27,55,15,14,15,16,14,14,14,14,14,14,14,14,14,14,16,14,15,14,15,14,14,14,14,14
Map_5513,22,42,11,11,11,13,12,12,12,12,12,12,11,12,11,12,13,12,13,12,13,12,12,12,12,12
Map_5514,23,130,24,23,23,31,23,23,23,23,23,23,23,23,23,23,17,17,17,17,17,17,17,17,17,17
Map_5515,29,78,14,13,13,28,14,14,14,14,14,14,14,14,14,14,14,14,14,13,14,13,13,14,13,14
Map_5516,20,33,16,16,16,25,16,16,16,16,16,16,16,16,16,16,18,16,18,16,18,16,16,16,16,16
Map_5517,11,26,11,11,11,19,14,11,14,11,14,11,14,11,14,11,18,11,18,11,18,11,18,11,18,11
Map_5518,22,55,16,16,16,32,16,16,16,16,16,16,16,16,16,16,14,14,14,14,14,14,14,14,14,14
Map_5519,9,63,9,9,9,9,9,9,9,9,9,9,9,9,9,9,9,9,9,9,9,9,9,9,9,9
Map_5520,19,130,12,12,12,16,13,12,13,12,13,12,12,12,12,12,13,12,13,11,13,11,13,12,13,12
Map_5521,95,174,56,57,50,79,56,37,56,37,56,37,54,37,54,37,36,33,34,33,34,33,33,33,33,33
Map_5522,34,93,28,27,28,28,23,23,23,23,23,23,23,23,23,23,23,23,23,23,23,23,23,23,23,23
Map_5523,8,18,8,8,8,8,8,8,8,8,8,8,8,8,8,8,8,8,8,8,8,8,8,8,8,8
Map_5524,12,64,12,12,12,12,11,11,11,11,11,11,11,11,11,11,11,11,11,11,11,11,11,11,11,11
Map_5525,7,15,7,7,7,10,7,7,7,7,7,7,7,7,7,7,7,7,7,7,7,7,7,7,7,7
Map_5526,17,26,14,14,18,20,14,14,14,14,14,14,14,14,14,14,14,14,17,14,17,14,14,14,14,14
Map_5527,20,37,12,12,12,12,12,12,12,12,12,12,12,12,12,12,12,12,12,12,12,12,12,12,12,12
Map_5528,26,74,24,24,24,24,24,24,24,24,24,24,24,24,24,24,46,24,46,24,46,24,46,24,46,24
Map_5529,12,49,12,12,12,12,12,12,12,12,12,12,12,12,12,12,12,12,12,12,12,12,12,12,12,12
Map_5530,41,51,29,27,29,31,27,32,27,32,27,32,27,32,27,32,27,22,27,19,27,19,27,22,27,22
Map_5531,72,349,35,35,63,35,35,35,35,35,35,35,35,35,35,35,35,35,35,35,35,35,35,35,35,35
Map_5532,19,55,10,10,10,10,10,10,10,10,10,10,10,10,10,10,10,10,10,10,10,10,10,10,10,10
Map_5533,42,66,16,16,16,16,16,16,16,16,16,16,16,16,16,16,16,16,39,16,39,16,16,16,16,16
Map_5534,90,64,14,14,14,22,13,14,13,14,13,14,14,14,14,14,14,13,14,13,14,13,14,14,14,14
Map_5535,24,61,18,18,18,18,18,18,18,18,18,18,18,18,18,18,18,18,18,18,18,18,18,18,18,18
Map_5536,137,196,44,42,47,83,42,43,42,43,42,43,42,43,42,43,42,39,43,39,43,39,42,39,42,39
Map_5537,225,181,89,83,66,95,25,25,25,25,25,25,25,25,25,25,25,25,25,25,25,25,25,25,25,25
Map_5538,5,27,5,5,5,8,5,5,5,5,5,5,5,5,5,5,5,5,5,5,5,5,5,5,5,5
Map_5539,76,74,15,15,15,15,19,15,19,15,19,15,19,15,19,15,19,15,24,15,24,15,19,15,19,15
Map_5540,8,198,8,8,8,8,8,8,8,8,8,8,8,8,8,8,8,8,8,8,8,8,8,8,8,8
Map_5541,12,50,10,10,10,17,9,9,9,9,9,9,9,9,9,9,9,9,9,9,9,9,9,9,9,9
Map_5542,11,17,10,9,13,12,9,9,9,9,9,9,9,9,9,9,9,9,9,9,9,9,9,9,9,9
Map_5543,42,203,28,28,28,23,21,21,21,21,21,21,21,21,21,21,21,21,21,21,21,21,21,21,21,21
Map_5544,21,64,8,8,8,8,8,8,8,8,8,8,8,8,8,8,8,8,8,8,8,8,8,8,8,8
Map_5545,37,47,18,18,18,18,18,17,18,17,18,17,18,17,18,17,17,17,17,17,17,17,18,17,18,17
Map_5546,15,50,15,15,15,15,15,15,15,15,15,15,15,15,15,15,15,15,15,15,15,15,15,15,15,15
Map_5547,21,35,20,21,20,23,17,18,17,18,17,18,17,18,17,18,17,18,17,18,17,19,17,18,17,18
Map_5548,19,79,12,12,12,12,12,12,12,12,12,12,12,12,12,12,12,12,12,12,12,12,12,12,12,12
Map_5549,28,64,16,14,16,14,14,14,14,14,14,14,14,14,14,14,14,14,14,14,14,14,14,14,14,14
Map_5550,9,15,9,9,9,9,9,9,9,9,9,9,9,9,9,9,9,9,9,9,9,9,9,9,9,9
Map_5551,11,29,10,10,10,10,10,10,10,10,10,10,10,10,10,10,10,10,10,10,10,10,10,10,10,10
Map_5552,17,20,11,11,11,14,11,11,11,11,11,11,11,11,11,11,12,11,12,13,12,13,12,11,12,11
Map_5553,14,32,8,8,8,8,8,8,8,8,8,8,8,8,8,8,8,8,8,8,8,8,8,8,8,8
Map_5554,54,84,8,8,8,8,8,8,8,8,8,8,8,8,8,8,8,8,8,8,8,8,8,8,8,8
Map_5555,18,92,13,13,13,13,13,13,13,13,13,13,13,13,13,13,13,13,13,13,13,13,13,13,13,13
Map_5556,174,138,27,27,27,31,27,27,27,27,27,27,27,27,27,27,34,19,34,19,34,19,27,19,27,19
Map_5557,8,13,5,5,5,5,5,5,5,5,5,5,5,5,5,5,5,5,5,5,5,5,5,5,5,5
Map_5558,34,195,29,29,29,29,29,24,29,24,29,24,29,24,29,24,26,23,26,23,26,23,26,23,26,23
Map_5559,24,79,25,25,25,21,21,21,21,21,21,21,21,21,21,21,18,18,18,18,18,18,18,18,18,18
Map_5560,22,52,7,7,7,20,10,7,10,7,10,7,10,7,10,7,10,7,10,7,10,7,10,7,10,7
Map_5561,8,13,9,8,8,12,8,8,8,8,8,8,8,8,8,8,9,8,9,8,9,8,8,8,8,8
Map_5562,13,56,15,15,15,14,14,14,14,14,14,14,14,14,14,14,14,13,14,13,14,13,14,13,14,13
Map_5563,25,45,22,22,11,22,20,12,20,12,20,12,20,12,20,12,11,11,11,11,11,11,11,11,11,11
Map_5564,23,52,11,11,11,11,11,11,11,11,11,11,11,11,11,11,11,11,11,11,11,11,11,11,11,11
Map_5565,65,140,23,23,28,23,23,23,23,23,23,23,23,23,23,23,25,23,26,23,26,23,25,23,25,23
Map_5566,7,13,7,7,7,7,7,7,7,7,7,7,7,7,7,7,7,7,7,7,7,7,7,7,7,7
Map_5567,16,15,8,8,8,11,8,8,8,8,8,8,8,8,8,8,10,8,10,8,10,8,8,8,8,8
Map_5568,10,22,15,14,15,15,14,10,14,10,14,10,14,10,14,10,12,10,12,10,12,10,12,10,12,10
Map_5569,31,161,32,31,31,32,21,19,21,19,21,19,21,19,21,19,21,18,21,18,21,18,21,18,21,18
Map_5570,42,83,29,29,30,40,29,20,29,20,29,20,29,20,29,20,30,20,30,20,30,20,30,20,30,20
Map_5571,19,38,18,18,16,21,18,18,18,18,18,18,18,18,18,18,14,14,14,14,14,14,14,14,14,14
Map_5572,14,57,19,19,19,18,12,12,12,12,12,12,12,12,12,12,12,12,12,12,12,12,12,12,12,12
Map_5573,11,22,8,8,8,9,8,8,8,8,8,8,8,8,8,8,8,8,8,8,8,8,8,8,8,8
Map_5574,14,104,13,10,10,13,10,10,10,10,10,10,10,10,10,10,10,9,10,9,10,9,10,9,10,9
Map_5575,21,48,19,19,19,17,16,16,16,16,16,16,16,16,16,16,17,16,17,16,17,16,16,16,16,16
Map_5576,86,140,19,19,19,38,36,19,36,19,36,19,36,19,36,19,27,19,36,19,36,19,36,19,36,19
Map_5577,12,104,12,12,12,14,11,12,11,12,11,12,11,12,11,12,11,11,11,11,11,11,11,12,11,12
Map_5578,20,30,20,20,20,23,19,19,19,19,19,19,18,19,18,19,19,19,19,19,19,19,19,20,19,20
Map_5579,53,95,27,27,31,30,27,24,27,24,27,24,27,24,27,24,27,24,27,24,27,24,27,24,27,24
Map_5580,6,14,6,6,6,6,6,6,6,6,6,6,6,6,6,6,6,6,6,6,6,6,6,6,6,6
Map_5581,23,169,9,9,9,12,9,9,9,9,9,9,9,9,9,9,9,9,9,9,9,9,9,9,9,9
Map_5582,45,115,38,38,38,23,22,22,22,22,22,22,22,22,22,22,22,22,22,22,22,22,22,22,22,22
Map_5583,101,209,34,23,34,38,26,23,25,23,25,23,23,23,23,23,24,20,24,20,24,20,24,20,24,20
Map_5584,9,37,11,11,9,15,10,9,10,9,10,9,10,9,10,9,10,9,10,9,10,9,10,9,10,9
Map_5585,32,43,9,9,9,9,9,9,9,9,9,9,9,9,9,9,9,9,9,9,9,9,9,9,9,9
Map_5586,30,45,23,23,23,23,30,23,30,23,30,23,30,23,30,23,19,19,19,19,19,19,19,19,19,19
Map_5587,10,43,12,11,11,13,11,10,11,10,11,10,11,10,11,10,11,10,11,10,11,10,11,10,11,10
Map_5588,92,218,30,30,30,31,30,30,30,30,30,30,30,30,30,30,24,21,24,21,24,21,24,21,24,21
Map_5589,25,65,26,25,26,16,16,16,16,16,16,16,16,16,16,16,19,16,19,16,19,16,16,16,16,16
Map_5590,8,19,8,8,8,10,8,8,8,8,8,8,8,8,8,8,8,8,8,8,8,8,8,8,8,8
Map_5591,141,144,12,12,12,26,12,12,13,12,13,12,12,12,12,12,13,12,13,12,13,12,13,12,13,12
Map_5592,37,67,23,23,22,26,23,23,23,23,23,23,23,23,23,23,22,14,22,14,22,14,22,14,22,14
Map_5593,70,220,17,17,17,46,15,15,15,15,15,15,15,15,15,15,15,15,16,15,16,15,15,15,15,15
Map_5594,40,50,36,36,36,36,36,36,36,36,36,36,36,36,36,36,32,29,32,29,32,29,32,29,32,29
Map_5595,11,31,7,7,7,7,12,7,12,7,12,7,11,7,11,7,12,7,12,7,12,7,12,7,12,7
Map_5596,53,117,30,30,30,49,30,37,30,37,30,37,30,37,30,37,38,37,38,37,38,37,30,39,30,39
Map_5597,11,72,9,9,9,9,9,9,9,9,9,9,9,9,9,9,9,8,10,8,10,8,9,8,9,8
Map_5598,10,44,10,10,10,10,10,10,10,10,10,10,10,10,10,10,10,10,10,10,10,10,10,10,10,10
Map_5599,6,30,6,6,6,18,6,6,6,6,6,6,6,6,6,6,6,6,6,6,6,6,6,6,6,6
Map_5600,10,59,12,10,10,12,10,10,10,10,10,10,10,10,10,10,10,10,10,10,10,10,10,10,10,10
Map_5601,20,144,16,15,16,20,15,15,15,15,15,15,15,15,15,15,15,15,15,15,15,15,15,15,15,15
Map_5602,18,99,21,21,21,21,21,28,21,28,21,28,21,28,21,28,16,16,16,16,16,16,16,16,16,16
Map_5603,7,32,6,6,6,7,6,6,6,6,6,6,6,6,6,6,6,6,6,6,6,6,6,6,6,6
Map_5604,13,23,13,13,13,16,13,13,13,13,13,13,13,13,13,13,13,13,13,13,13,13,13,13,13,13
Map_5605,22,72,13,13,13,13,13,13,13,13,13,13,13,13,13,13,13,13,15,13,15,13,13,13,13,13
Map_5606,11,52,11,11,11,11,11,11,11,11,11,11,11,11,11,11,11,11,11,11,11,11,11,11,11,11
Map_5607,502,143,17,17,17,17,17,17,17,17,17,17,17,17,17,17,17,17,17,17,17,17,17,17,17,17
Map_5608,30,124,10,10,10,10,10,10,10,10,10,10,10,10,10,10,10,10,10,10,10,10,10,10,10,10
Map_5609,31,64,21,17,17,27,17,17,17,17,17,17,17,17,17,17,17,17,17,17,17,17,17,17,17,17
Map_5610,30,37,15,15,15,15,15,15,15,15,15,15,15,15,15,15,15,15,18,15,18,15,15,15,15,15
Map_5611,32,113,13,13,13,13,13,13,13,13,13,13,13,13,13,13,13,13,13,13,13,13,13,13,13,13
Map_5612,18,36,18,18,18,18,18,18,18,18,18,18,18,18,18,18,18,18,18,18,18,18,18,18,18,18
Map_5613,32,66,13,13,13,13,13,13,13,13,13,13,13,13,13,13,13,13,13,13,13,13,13,13,13,13
Map_5614,165,95,51,51,45,51,78,44,78,44,78,44,78,55,78,55,59,44,59,44,59,44,59,44,59,44
Map_5615,9,49,9,9,9,16,9,9,9,9,9,9,9,9,9,9,9,9,9,9,9,9,9,9,9,9
Map_5616,51,80,39,39,39,28,25,25,25,25,25,25,28,28,28,28,25,16,20,16,20,16,25,16,25,16
Map_5617,8,57,8,8,8,10,8,8,8,8,8,8,8,8,8,8,8,8,8,8,8,8,8,8,8,8
Map_5618,12,18,12,12,12,13,12,12,12,12,12,12,12,12,12,12,12,12,15,12,15,12,12,12,12,12
Map_5619,24,136,14,14,14,15,14,13,14,13,14,13,14,13,14,13,14,13,14,13,14,13,14,13,14,13
Map_5620,17,83,14,14,14,14,14,14,14,14,14,14,14,14,14,14,14,14,14,14,14,14,14,14,14,14
Map_5621,24,87,8,8,8,8,8,8,8,8,8,8,8,8,8,8,8,8,8,8,8,8,8,8,8,8
Map_5622,10,24,10,10,10,12,12,10,12,10,12,10,10,10,10,10,12,10,12,10,12,10,12,10,12,10
Map_5623,10,14,10,10,10,12,10,9,10,9,10,9,10,9,10,9,12,9,12,9,12,9,10,9,10,9
Map_5624,7,42,7,7,7,7,7,7,7,7,7,7,7,7,7,7,7,7,7,7,7,7,7,7,7,7
Map_5625,14,34,14,14,14,20,14,14,14,14,14,14,14,14,14,14,14,14,14,14,14,14,14,14,14,14
Map_5626,34,47,17,17,34,17,17,17,17,17,17,17,17,17,17,17,17,17,17,17,17,17,17,17,17,17
Map_5627,14,30,10,10,10,10,10,10,10,10,10,10,10,10,10,10,10,10,10,10,10,10,10,10,10,10
Map_5628,7,19,7,7,7,11,7,7,7,7,7,7,7,7,7,7,7,7,7,7,7,7,7,7,7,7
Map_5629,40,157,17,16,19,25,17,16,17,16,17,16,16,16,16,16,17,16,17,16,17,16,17,16,17,16
Map_5630,87,179,28,29,28,29,28,28,28,28,28,28,29,30,29,30,25,28,28,28,28,28,25,28,25,28
Map_5631,18,54,22,22,22,16,22,21,22,21,22,21,22,22,22,22,16,14,16,14,16,14,16,14,16,14
Map_5632,36,52,17,17,17,17,17,17,17,17,17,17,17,17,17,17,17,17,17,17,17,17,17,17,17,17
Map_5633,9,66,10,10,10,11,10,9,10,9,10,9,9,9,9,9,11,9,12,9,12,9,11,9,10,9
Map_5634,12,17,9,9,9,9,9,9,9,9,9,9,9,9,9,9,11,9,11,9,11,9,9,9,9,9
Map_5635,13,121,14,14,14,21,12,12,12,12,12,12,12,12,12,12,12,12,12,12,12,12,12,12,12,12
Map_5636,41,64,13,13,13,13,13,13,13,13,13,13,13,13,13,13,13,13,13,13,13,13,13,13,13,13
Map_5637,9,91,9,9,9,9,9,9,9,9,9,9,9,9,9,9,9,9,9,9,9,9,9,9,9,9
Map_5638,9,28,9,9,9,9,9,9,9,9,9,9,9,9,9,9,9,9,9,9,9,9,9,9,9,9
Map_5639,29,128,21,21,21,21,21,25,21,25,21,25,21,25,21,25,27,24,27,24,30,25,27,24,26,24
Map_5640,27,60,13,13,13,15,9,9,9,9,9,9,9,9,9,9,9,9,9,9,9,9,9,9,9,9
Map_5641,7,15,7,7,7,11,7,7,7,7,7,7,7,7,7,7,7,7,7,7,7,7,7,7,7,7
Map_5642,13,54,11,11,13,11,11,11,11,11,11,11,11,11,11,11,11,11,11,11,11,11,11,11,11,11
Map_5643,33,61,15,15,15,20,16,13,16,13,16,13,16,13,16,13,13,12,13,12,13,12,13,12,13,12
Map_5644,7,42,6,6,6,6,6,6,6,6,6,6,6,6,6,6,6,6,6,6,6,6,6,6,6,6
Map_5645,8,23,8,8,8,8,8,8,8,8,8,8,8,8,8,8,9,8,9,9,9,9,9,8,9,8
Map_5646,20,78,22,22,21,27,22,22,22,22,22,22,22,22,22,22,22,17,22,17,22,17,22,17,22,17
Map_5647,15,79,15,15,15,17,17,17,17,17,17,17,17,17,17,17,14,14,14,14,14,14,14,14,14,14
Map_5648,8,32,8,8,8,8,8,8,8,8,8,8,8,8,8,8,8,8,8,8,8,8,8,8,8,8
Map_5649,49,83,74,74,160,58,74,20,74,20,74,20,74,20,74,20,20,20,20,20,20,20,20,20,68,20
Map_5650,28,113,25,25,25,25,15,23,15,23,15,23,15,23,15,23,15,15,15,15,15,15,15,15,15,15
Map_5651,7,13,5,5,5,5,5,5,5,5,5,5,5,5,5,5,5,5,5,5,5,5,5,5,5,5
Map_5652,11,28,9,9,9,13,9,9,9,9,9,9,9,9,9,9,9,9,9,9,9,9,9,9,9,9
Map_5653,7,16,7,7,7,18,7,7,7,7,7,7,7,7,7,7,7,7,7,7,7,7,7,7,7,7
Map_5654,109,61,33,33,29,36,33,33,33,33,33,33,33,33,33,33,22,22,22,22,22,22,22,22,22,22
Map_5655,258,152,43,43,43,50,42,42,42,42,42,42,42,42,42,42,28,28,49,28,53,28,28,28,28,28
Map_5656,21,54,14,14,14,22,14,14,14,14,14,14,14,14,14,14,14,14,14,14,14,14,14,14,14,14
Map_5657,23,239,15,15,19,15,15,15,15,15,15,15,15,15,15,15,16,15,16,15,16,15,16,15,16,15
Map_5658,31,51,31,31,31,32,31,31,31,31,31,31,31,31,31,31,33,30,33,30,33,30,33,30,33,30
Map_5659,16,137,16,16,16,23,20,16,20,16,20,16,16,16,16,16,16,16,16,16,16,16,16,16,16,16
Map_5660,27,52,15,15,15,15,15,15,15,15,15,15,15,15,15,15,15,15,15,15,15,15,15,15,15,15
Map_5661,22,35,17,17,20,17,18,17,18,17,18,17,18,17,18,17,15,15,15,15,15,15,15,15,15,15
Map_5662,14,23,11,11,11,11,11,11,11,11,11,11,11,11,11,11,12,11,12,11,12,11,12,11,12,11
Map_5663,55,103,18,18,18,23,19,19,19,19,19,19,18,18,18,18,19,18,21,18,21,18,19,18,19,18
Map_5664,8,19,7,7,7,10,7,7,7,7,7,7,7,7,7,7,8,7,8,7,8,7,7,7,7,7
Map_5665,14,25,11,11,11,11,11,11,11,11,11,11,11,11,11,11,11,11,11,11,11,11,11,11,11,11
Map_5666,22,42,13,13,13,13,13,16,13,16,13,16,13,16,13,16,13,13,17,13,17,13,13,13,13,13
Map_5667,10,24,9,9,9,9,9,9,9,9,9,9,9,9,9,9,9,9,9,9,9,9,9,9,9,9
Map_5668,29,202,23,23,23,29,18,18,18,18,18,18,18,18,18,18,18,18,18,18,18,18,18,18,18,18
Map_5669,29,79,18,18,18,19,18,18,18,18,18,18,18,18,18,18,18,16,18,16,18,16,18,16,18,16
Map_5670,20,59,13,13,13,13,16,16,16,16,16,16,16,16,16,16,15,16,15,16,15,16,15,16,15,16
Map_5671,22,51,19,19,19,19,19,14,19,14,19,14,18,14,18,14,19,14,19,14,19,14,19,14,19,14
Map_5672,5,16,5,5,5,5,5,5,5,5,5,5,5,5,5,5,5,5,7,5,7,5,5,5,5,5
Map_5673,16,32,12,12,12,12,12,13,12,13,12,13,12,13,12,13,12,12,12,12,12,12,12,12,12,13
Map_5674,75,87,24,24,24,24,23,21,23,21,23,21,21,21,21,21,23,21,23,21,23,21,23,21,23,21
Map_5675,31,46,25,24,25,32,24,24,25,24,25,24,24,24,24,24,28,21,22,21,22,21,24,21,24,21
Map_5676,26,34,7,7,7,12,7,7,7,7,7,7,7,7,7,7,7,7,7,7,7,7,7,7,7,7
Map_5677,18,68,14,14,14,16,14,14,14,14,14,14,14,14,14,14,14,14,14,14,14,14,14,14,14,14
Map_5678,6,77,7,7,6,10,7,6,7,6,7,6,7,6,7,6,7,6,7,6,7,6,7,6,7,6
Map_5679,8,20,8,8,8,10,8,8,8,8,8,8,8,8,8,8,8,8,8,8,8,8,8,8,8,8
Map_5680,6,88,6,6,6,6,6,6,6,6,6,6,6,6,6,6,6,6,6,6,6,6,6,6,6,6
Map_5681,16,66,11,11,11,11,11,11,11,11,11,11,11,11,11,11,13,11,13,11,13,11,11,11,11,11
Map_5682,10,93,10,10,10,10,10,10,10,10,10,10,10,10,10,10,10,10,10,10,10,10,10,10,10,10
Map_5683,9,18,9,9,9,9,9,9,9,9,9,9,9,9,9,9,9,9,9,9,9,9,9,9,9,9
Map_5684,6,35,6,6,6,6,6,6,6,6,6,6,6,6,6,6,6,6,6,6,6,6,6,6,6,6
Map_5685,25,77,17,17,20,19,17,17,17,17,17,17,17,17,17,17,18,17,18,18,18,18,18,17,18,17
Map_5686,9,47,9,9,9,9,9,9,9,9,9,9,9,9,9,9,9,9,9,9,9,9,9,9,9,9
Map_5687,21,49,19,19,19,19,19,17,19,17,19,17,17,17,17,17,17,17,17,17,17,17,17,17,17,17
Map_5688,7,10,6,6,6,6,6,6,6,6,6,6,6,6,6,6,6,6,6,6,6,6,6,6,6,6
Map_5689,29,52,14,14,14,39,14,14,14,14,14,14,14,14,14,14,14,14,28,14,28,14,14,14,14,14
Map_5690,20,47,16,16,16,24,16,16,16,16,16,16,16,16,16,16,16,16,16,16,16,16,16,16,16,16
Map_5691,18,49,18,18,18,22,22,18,22,18,22,18,21,18,21,18,15,15,15,15,15,15,22,18,22,18
Map_5692,7,26,7,7,7,7,7,7,7,7,7,7,7,7,7,7,7,7,7,7,7,7,7,7,7,7
Map_5693,16,19,12,12,15,14,11,12,11,12,11,12,11,12,11,12,11,11,11,11,11,11,11,12,11,12
Map_5694,23,62,13,12,13,13,13,12,13,12,13,12,12,12,12,12,13,12,13,12,13,12,13,12,13,12
Map_5695,6,22,6,6,6,8,6,6,6,6,6,6,6,6,6,6,6,6,6,6,6,6,6,6,6,6
Map_5696,11,36,6,6,6,6,6,6,6,6,6,6,6,6,6,6,6,6,6,6,6,6,6,6,6,6
Map_5697,10,34,10,10,10,10,10,10,10,10,10,10,10,10,10,10,10,9,10,9,10,9,10,9,10,9
Map_5698,6,13,6,6,6,8,6,6,6,6,6,6,6,6,6,6,6,6,6,6,6,6,6,6,6,6
Map_5699,8,40,7,7,7,7,7,7,7,7,7,7,7,7,7,7,7,7,7,7,7,7,7,7,7,7
Map_5700,34,44,28,28,28,34,20,20,20,20,20,20,20,20,20,20,20,20,20,20,20,20,20,20,20,20
Map_5701,22,187,26,25,26,22,24,24,24,24,24,24,24,24,24,24,18,24,18,17,18,17,18,24,18,24
Map_5702,6,143,6,6,6,6,6,6,6,6,6,6,6,6,6,6,6,6,6,6,6,6,6,6,6,6
Map_5703,11,17,9,9,9,12,9,9,9,9,9,9,9,9,9,9,9,9,9,9,9,9,9,9,9,9
Map_5704,17,54,13,13,13,13,13,13,13,13,13,13,13,13,13,13,13,13,13,13,13,13,13,13,13,13
Map_5705,11,34,10,10,10,20,12,10,12,10,12,10,12,10,12,10,12,10,12,10,12,10,12,10,12,10
Map_5706,7,163,5,5,5,5,5,5,5,5,5,5,5,5,5,5,5,5,5,5,5,5,5,5,5,5
Map_5707,12,92,12,12,12,12,12,12,12,12,12,12,12,12,12,12,12,12,12,12,12,12,12,12,12,12
Map_5708,48,109,29,29,29,30,19,19,19,19,19,19,19,19,19,19,19,19,19,21,19,21,19,19,19,19
Map_5709,16,364,15,15,15,22,18,18,18,18,18,18,18,18,18,18,17,17,20,17,20,17,17,17,17,17
Map_5710,8,87,8,8,8,8,8,8,8,8,8,8,8,8,8,8,9,8,9,8,9,8,9,8,9,8
Map_5711,27,123,15,15,19,24,15,15,15,15,15,15,15,15,15,15,15,15,17,15,17,15,15,15,15,15
Map_5712,29,34,15,15,15,20,14,14,14,14,14,14,14,14,14,14,14,14,14,14,14,14,14,14,14,14
Map_5713,5,22,5,5,5,5,5,5,5,5,5,5,5,5,5,5,5,5,5,5,5,5,5,5,5,5
Map_5714,21,45,12,12,12,32,12,16,12,16,12,16,12,16,12,16,12,12,12,12,12,12,12,12,12,12
Map_5715,10,179,9,9,9,9,9,9,9,9,9,9,9,9,9,9,9,9,9,9,9,9,9,9,9,9
Map_5716,8,11,7,7,7,7,7,7,7,7,7,7,7,7,7,7,8,7,8,7,8,7,7,7,7,7
Map_5717,14,114,16,15,16,19,10,10,10,10,10,10,10,10,10,10,10,10,25,10,25,10,10,10,10,10
Map_5718,4,8,4,4,4,5,4,4,4,4,4,4,4,4,4,4,4,4,4,4,4,4,4,4,4,4
Map_5719,36,53,14,14,14,14,14,28,14,28,14,28,14,28,14,28,14,14,14,14,14,14,14,14,14,14
Map_5720,25,55,19,18,18,20,18,18,18,18,18,18,18,18,18,18,18,18,18,18,18,18,18,18,18,18
Map_5721,35,99,31,31,31,34,26,25,26,25,26,25,26,25,26,25,26,20,26,20,26,20,26,20,26,20
Map_5722,11,72,11,11,11,11,11,11,11,11,11,11,11,11,11,11,11,11,12,11,12,11,11,11,11,11
Map_5723,24,96,32,28,32,37,24,18,24,18,24,18,21,18,21,18,18,18,18,18,18,18,18,18,18,18
Map_5724,7,32,8,7,8,8,7,7,7,7,7,7,7,7,7,7,7,7,7,7,7,7,7,7,7,7
Map_5725,6,26,6,6,6,12,6,6,6,6,6,6,6,6,6,6,6,6,6,6,6,6,6,6,6,6
Map_5726,87,153,41,41,33,47,31,33,31,33,31,33,36,33,36,33,37,33,37,33,37,33,37,33,37,33
Map_5727,18,109,19,19,19,21,17,17,17,17,17,17,17,17,17,17,17,17,17,17,17,17,17,17,17,17
Map_5728,25,91,12,12,12,29,12,12,12,12,12,12,12,12,12,12,14,12,14,12,14,12,12,12,12,12
Map_5729,24,249,16,16,16,16,16,16,16,16,16,16,16,16,16,16,15,16,15,16,15,16,15,16,15,16
Map_5730,6,95,6,6,6,8,6,6,6,6,6,6,6,6,6,6,6,6,6,6,6,6,6,6,6,6
Map_5731,37,81,24,24,24,23,23,24,23,24,23,24,24,24,24,24,23,23,23,23,23,23,23,24,23,24
Map_5732,13,44,13,13,13,13,13,13,13,13,13,13,13,13,13,13,13,13,13,13,13,13,13,13,13,13
Map_5733,11,63,13,13,14,14,14,14,14,14,14,14,14,14,14,14,15,13,15,13,15,13,15,13,14,13
Map_5734,8,19,8,8,8,8,8,8,8,8,8,8,8,8,8,8,8,8,10,8,10,8,8,8,8,8
Map_5735,10,17,12,12,12,14,10,10,10,10,10,10,10,10,10,10,11,10,11,10,11,10,10,10,10,10
Map_5736,12,22,12,12,12,12,12,12,12,12,12,12,12,12,12,12,12,12,15,12,15,12,12,12,12,12
Map_5737,183,84,54,54,20,64,70,20,70,20,70,20,48,20,48,20,52,20,54,20,54,20,52,20,48,20
Map_5738,10,19,10,10,10,10,10,10,10,10,10,10,10,10,10,10,10,10,10,10,10,10,10,10,10,10
Map_5739,4,12,4,4,4,4,4,4,4,4,4,4,4,4,4,4,4,4,4,4,4,4,4,4,4,4
Map_5740,9,16,6,6,6,13,6,6,6,6,6,6,6,6,6,6,6,6,6,6,6,6,6,6,6,6
Map_5741,13,46,14,13,14,14,14,14,14,14,14,14,14,14,14,14,14,13,14,13,14,14,14,13,14,13
Map_5742,10,27,8,8,8,8,8,8,8,8,8,8,8,8,8,8,8,8,8,8,8,8,8,8,8,8
Map_5743,12,43,10,10,10,10,10,10,10,10,10,10,10,10,10,10,10,10,10,10,10,10,10,10,10,10
Map_5744,134,131,28,27,28,28,25,22,25,22,25,22,22,22,22,22,23,22,23,22,23,22,23,22,23,22
Map_5745,5,12,5,5,5,6,5,5,5,5,5,5,5,5,5,5,5,5,5,5,5,5,5,5,5,5
Map_5746,21,118,15,15,15,15,15,15,15,15,15,15,15,15,15,15,15,15,15,15,15,15,15,15,15,15
Map_5747,61,79,30,30,30,30,20,20,20,20,20,20,20,20,20,20,20,20,22,20,22,20,20,20,20,20
Map_5748,93,211,16,16,16,21,26,26,26,26,26,26,26,26,26,26,29,26,29,26,29,26,27,26,27,26
Map_5749,19,142,16,16,16,16,16,16,16,16,16,16,16,16,16,16,16,16,16,16,16,16,16,16,16,16
Map_5750,12,197,11,11,11,12,11,11,11,11,11,11,11,11,11,11,10,10,10,10,10,10,10,10,10,10
Map_5751,10,94,12,9,8,12,9,8,9,8,9,8,9,8,9,8,9,8,9,8,9,8,9,8,9,8
Map_5752,19,28,13,13,13,15,13,13,13,13,13,13,13,13,13,13,14,13,14,13,14,13,13,13,13,13
Map_5753,32,70,20,20,20,16,16,16,16,16,16,16,16,16,16,16,16,16,16,16,16,16,16,16,16,16
Map_5754,15,55,10,10,10,10,14,14,14,14,14,14,14,14,14,14,14,10,14,10,14,10,13,10,13,10
Map_5755,12,36,14,14,14,14,14,12,14,12,14,12,12,12,12,12,16,12,16,12,16,12,15,12,15,12
Map_5756,19,37,14,14,14,14,13,13,13,13,13,13,13,13,13,13,13,13,15,13,15,13,13,13,13,13
Map_5757,55,67,16,16,16,19,16,16,16,16,16,16,16,16,16,16,16,16,16,16,16,16,16,16,16,16
Map_5758,9,13,7,7,7,7,7,7,7,7,7,7,7,7,7,7,7,7,7,7,7,7,7,7,7,7
Map_5759,16,78,11,11,11,18,11,11,11,11,11,11,11,11,11,11,11,11,11,11,11,11,11,11,11,11
Map_5760,60,160,19,19,19,22,19,19,19,19,19,19,19,19,19,19,19,19,19,19,19,19,19,19,19,19
Map_5761,16,129,9,9,9,9,9,9,9,9,9,9,9,9,9,9,9,9,9,9,9,9,9,9,9,9
Map_5762,14,47,15,15,15,15,15,14,15,14,15,14,14,14,14,14,14,14,14,14,14,14,14,14,14,14
Map_5763,7,27,7,7,7,7,7,7,7,7,7,7,7,7,7,7,7,7,7,7,7,7,7,7,7,7
Map_5764,8,23,10,10,10,10,8,8,8,8,8,8,8,8,8,8,8,8,8,8,8,8,8,8,8,8
Map_5765,7,18,7,7,7,11,7,7,7,7,7,7,7,7,7,7,9,7,9,7,9,7,7,7,7,7
Map_5766,20,124,22,22,22,22,22,20,22,20,22,20,22,20,22,20,22,20,24,20,24,20,22,20,22,20
Map_5767,8,15,8,8,8,10,8,8,8,8,8,8,8,8,8,8,8,8,8,8,8,8,8,8,8,8
Map_5768,11,37,12,11,11,12,11,11,11,11,11,11,11,11,11,11,11,11,11,11,11,11,11,11,11,11
Map_5769,8,30,8,8,8,9,8,8,8,8,8,8,8,8,8,8,8,8,8,8,8,8,8,8,8,8
Map_5770,24,86,12,12,12,12,12,12,12,12,12,12,12,12,12,12,12,12,12,12,12,12,12,12,12,12
Map_5771,12,31,11,11,11,11,11,11,11,11,11,11,11,11,11,11,11,11,14,11,14,11,11,11,11,11
Map_5772,11,25,8,8,8,11,8,8,8,8,8,8,8,8,8,8,8,8,8,8,8,8,8,8,8,8
Map_5773,9,20,9,9,9,12,9,9,9,9,9,9,9,9,9,9,9,9,9,9,9,9,9,9,9,9
Map_5774,12,56,10,10,10,10,10,10,10,10,10,10,10,10,10,10,10,10,10,10,10,10,10,10,10,10
Map_5775,21,108,17,17,16,17,17,17,17,17,17,17,17,17,17,17,17,17,17,17,17,17,17,16,17,16
Map_5776,7,22,7,7,7,12,7,7,7,7,7,7,7,7,7,7,7,7,7,7,7,7,7,7,7,7
Map_5777,61,62,38,34,38,38,37,34,37,34,37,34,34,34,34,34,27,27,27,27,27,27,27,27,27,27
Map_5778,14,25,12,12,14,16,12,11,12,11,12,11,12,11,11,11,12,11,12,11,12,11,12,11,12,11
Map_5779,14,55,9,9,9,9,9,9,9,9,9,9,9,9,9,9,9,9,9,9,9,9,9,9,9,9
Map_5780,10,68,5,5,5,5,5,5,5,5,5,5,5,5,5,5,5,5,5,5,5,5,5,5,5,5
Map_5781,3,4,3,3,3,3,3,3,3,3,3,3,3,3,3,3,3,3,3,3,3,3,3,3,3,3
Map_5782,7,22,7,7,7,9,7,7,7,7,7,7,7,7,7,7,7,7,7,7,7,7,7,7,7,7
Map_5783,31,54,20,20,20,20,20,20,20,20,20,20,20,20,20,20,17,20,17,17,17,17,17,20,17,20
Map_5784,34,100,27,30,27,16,16,30,16,30,16,30,16,30,16,30,16,16,16,16,16,16,16,16,16,23
Map_5785,11,59,10,10,10,10,10,10,10,10,10,10,10,10,10,10,10,10,10,10,10,10,10,10,10,10
Map_5786,32,53,39,27,36,41,44,40,44,40,44,40,44,40,44,40,44,40,52,39,52,29,44,40,44,40
Map_5787,33,45,24,24,19,26,24,19,24,19,24,19,24,19,24,19,24,19,27,19,27,19,24,19,24,19
Map_5788,8,19,13,8,13,13,8,8,10,8,10,8,8,8,8,8,12,8,12,8,12,8,8,8,8,8
Map_5789,49,61,34,34,34,31,34,34,34,34,34,34,34,34,34,34,31,30,31,30,31,30,31,30,34,34
Map_5790,11,81,11,11,11,21,11,11,11,11,11,11,11,11,11,11,19,11,17,11,17,11,13,11,13,11
Map_5791,8,29,9,8,9,12,9,8,9,8,9,8,9,8,9,8,11,8,11,8,11,8,9,8,9,8
Map_5792,43,92,20,20,20,34,20,20,20,20,20,20,20,20,20,20,20,20,20,20,20,20,20,20,20,20
Map_5793,19,103,10,10,10,11,10,10,10,10,10,10,10,10,10,10,10,10,10,10,10,10,10,10,10,10
Map_5794,27,61,18,18,18,27,20,20,20,20,20,20,20,20,20,20,20,17,20,17,20,17,21,17,21,17
Map_5795,7,28,7,7,7,14,7,7,7,7,7,7,7,7,7,7,8,7,8,7,8,7,8,7,8,7
Map_5796,33,78,21,20,21,21,18,18,18,18,18,18,18,18,18,18,18,18,18,19,18,19,18,18,18,18
Map_5797,11,41,12,12,12,12,12,11,12,11,12,11,11,11,11,11,11,11,11,11,11,11,11,11,11,11
Map_5798,17,28,9,9,9,9,9,9,9,9,9,9,9,9,9,9,9,9,9,9,9,9,9,9,9,9
Map_5799,12,29,12,12,12,12,12,12,12,12,12,12,12,12,12,12,13,12,13,12,13,12,13,12,13,12
Map_5800,51,66,11,11,11,11,11,11,11,11,11,11,11,11,11,11,11,11,11,11,11,11,11,11,11,11
Map_5801,6,11,6,6,6,6,6,6,6,6,6,6,6,6,6,6,6,6,6,6,6,6,6,6,6,6
Map_5802,152,147,23,23,23,27,27,20,27,20,27,20,23,20,23,20,19,20,19,20,19,20,27,20,27,20
Map_5803,13,24,13,13,14,13,13,13,14,13,14,13,13,13,13,13,14,13,14,13,14,13,14,13,14,13
Map_5804,11,37,13,12,13,13,12,12,12,12,12,12,12,12,12,12,12,11,12,11,12,11,12,11,12,11
Map_5805,9,25,9,9,9,9,9,8,9,8,9,8,8,8,8,8,9,8,9,8,9,8,9,8,9,8
Map_5806,12,18,11,11,11,11,11,11,11,11,11,11,11,11,11,11,11,11,11,11,11,11,11,11,11,11
Map_5807,15,50,16,15,15,20,15,15,15,15,15,15,15,15,15,15,12,12,12,12,12,12,12,12,12,12
Map_5808,9,203,9,9,9,9,9,9,9,9,9,9,9,9,9,9,9,9,9,9,9,9,9,9,9,9
Map_5809,6,64,6,6,6,6,6,6,6,6,6,6,6,6,6,6,7,6,7,6,7,6,7,6,7,6
Map_5810,59,112,19,19,19,20,19,19,19,19,19,19,19,19,19,19,19,19,19,19,19,19,19,19,19,19
Map_5811,22,28,15,15,15,12,15,15,15,15,15,15,15,15,15,15,15,12,20,12,20,12,15,15,15,15
Map_5812,11,19,10,10,10,12,10,11,10,11,10,11,10,11,10,11,10,10,10,10,10,10,10,10,10,10
Map_5813,59,52,44,44,44,44,27,27,27,27,27,27,27,27,27,27,27,27,27,27,27,27,27,27,27,27
Map_5814,6,60,6,6,6,8,6,6,6,6,6,6,6,6,6,6,6,6,6,6,6,6,6,6,6,6
Map_5815,14,29,14,14,14,14,14,14,14,14,14,14,14,14,14,14,14,14,14,14,14,14,14,14,14,14
Map_5816,11,63,11,11,11,11,11,11,11,11,11,11,11,11,11,11,11,10,11,10,11,10,11,10,11,10
Map_5817,9,27,10,9,9,11,9,9,9,9,9,9,9,9,9,9,9,9,11,9,11,9,9,9,9,9
Map_5818,8,221,8,8,8,13,8,8,8,8,8,8,8,8,8,8,8,8,8,8,8,8,8,8,8,8
Map_5819,21,105,15,15,14,17,15,15,15,15,15,15,15,15,15,15,14,14,14,14,14,14,14,15,14,15
Map_5820,21,41,21,21,26,21,21,21,21,21,21,21,21,21,21,21,21,21,21,18,21,18,21,21,21,21
Map_5821,20,92,14,14,14,14,14,14,14,14,14,14,14,14,14,14,14,14,15,14,15,14,14,14,14,14
Map_5822,16,51,16,16,16,20,16,16,16,16,16,16,16,16,16,16,17,16,17,16,17,16,17,16,16,16
Map_5823,8,67,8,8,8,8,8,8,8,8,8,8,8,8,8,8,8,8,8,8,8,8,8,8,8,8
Map_5824,18,26,12,12,12,14,12,12,12,12,12,12,12,12,12,12,12,12,12,12,12,12,12,12,12,12
Map_5825,8,48,8,8,8,8,8,8,8,8,8,8,8,8,8,8,8,8,8,8,8,8,8,8,8,8
Map_5826,10,97,8,8,8,8,8,8,8,8,8,8,8,8,8,8,8,7,7,7,7,7,8,7,8,7
Map_5827,15,45,13,15,13,16,13,13,13,13,13,13,15,15,15,15,12,10,12,10,12,10,12,10,12,10
Map_5828,8,38,8,8,8,9,8,8,8,8,8,8,8,8,8,8,8,8,8,8,8,8,8,8,8,8
Map_5829,9,79,9,9,9,9,9,9,9,9,9,9,9,9,9,9,9,9,9,9,9,9,9,9,9,9
Map_5830,9,65,9,9,9,9,9,9,9,9,9,9,9,9,9,9,9,9,9,9,9,9,9,9,9,9
Map_5831,12,19,9,9,9,9,10,9,10,9,10,9,10,9,10,9,10,9,10,9,10,9,10,9,10,9
Map_5832,18,71,16,16,27,31,16,16,16,16,16,16,16,16,16,16,16,13,16,13,16,13,16,13,16,13
Map_5833,70,71,31,31,55,45,31,31,31,31,31,31,31,31,31,31,41,29,28,29,28,29,41,29,30,29
Map_5834,10,17,9,9,9,14,9,9,9,9,9,9,9,9,9,9,9,9,9,9,9,9,9,9,9,9
Map_5835,15,54,16,14,16,16,14,14,14,14,14,14,14,14,14,14,17,14,14,14,14,14,16,14,16,14
Map_5836,11,53,9,7,9,10,7,7,7,7,7,7,7,7,7,7,7,7,9,7,9,7,7,7,7,7
Map_5837,6,12,7,7,7,7,6,6,6,6,6,6,6,6,6,6,6,6,6,6,6,6,6,6,6,6
Map_5838,24,117,16,16,16,16,16,16,16,16,16,16,16,16,16,16,16,16,16,16,16,16,16,16,16,16
Map_5839,8,17,8,8,8,9,8,8,8,8,8,8,8,8,8,8,8,8,8,8,8,8,8,8,8,8
Map_5840,28,43,10,10,10,10,10,10,10,10,10,10,10,10,10,10,10,10,10,10,10,10,10,10,10,10
Map_5841,94,84,25,25,25,25,25,21,25,21,25,21,25,21,25,21,25,21,25,21,25,21,25,21,24,21
Map_5842,11,39,10,10,10,10,10,10,10,10,10,10,10,10,10,10,10,10,10,10,16,10,10,10,10,10
Map_5843,10,25,7,7,7,7,7,7,7,7,7,7,7,7,7,7,7,7,7,7,7,7,7,7,7,7
Map_5844,12,26,10,10,10,10,10,10,10,10,10,10,10,10,10,10,10,10,10,10,10,10,10,10,10,10
Map_5845,48,100,12,12,12,12,15,12,15,12,15,12,15,12,15,12,15,12,15,12,15,12,15,12,15,12
Map_5846,7,17,7,7,7,7,7,7,7,7,7,7,7,7,7,7,7,7,7,7,7,7,7,7,7,7
Map_5847,9,68,9,9,9,13,9,9,9,9,9,9,9,9,9,9,9,9,9,9,9,9,9,9,9,9
Map_5848,14,23,17,17,17,17,16,16,16,16,16,16,16,16,16,16,16,14,14,14,14,14,16,14,16,14
Map_5849,46,110,19,19,22,24,19,16,19,16,19,16,19,16,16,16,19,16,19,16,19,16,19,16,19,16
Map_5850,20,66,14,14,14,14,14,12,14,12,14,12,14,12,14,12,16,12,16,12,16,12,16,12,16,12
Map_5851,54,94,13,13,13,17,13,13,13,13,13,13,13,13,13,13,22,13,22,13,22,13,23,13,23,13
Map_5852,13,32,10,10,10,11,10,10,10,10,10,10,10,10,10,10,10,10,10,10,10,10,10,10,10,10
Map_5853,63,53,10,10,10,10,10,13,10,13,10,13,10,13,10,13,10,10,10,10,10,10,10,10,10,10
Map_5854,11,23,12,11,11,13,11,11,11,11,11,11,11,11,11,11,12,11,12,11,12,11,12,11,11,11
Map_5855,14,107,11,11,11,11,12,11,12,11,12,11,12,11,12,11,12,11,12,11,12,11,12,11,12,11
Map_5856,57,52,42,42,40,16,16,19,16,19,16,19,19,19,19,19,16,16,16,16,16,16,16,16,16,16
Map_5857,11,22,10,10,10,10,10,10,10,10,10,10,10,10,10,10,10,10,10,10,10,10,10,10,10,10
Map_5858,51,62,31,31,31,31,31,31,31,31,31,31,31,31,31,31,25,23,25,23,25,23,25,23,25,23
Map_5859,11,30,7,7,7,9,7,7,7,7,7,7,7,7,7,7,9,7,9,7,9,7,7,7,7,7
Map_5860,43,134,32,32,32,36,23,27,23,27,23,27,23,27,23,27,23,22,25,22,25,22,23,22,23,22
Map_5861,13,85,13,13,13,21,13,13,13,13,13,13,13,13,13,13,13,13,22,13,22,13,13,13,13,13
Map_5862,26,68,19,19,19,20,19,19,19,19,19,19,19,17,19,17,17,17,17,17,17,17,17,17,17,17
Map_5863,23,244,21,21,21,21,21,21,21,21,21,21,21,21,21,21,21,21,21,21,21,21,21,21,21,21
Map_5864,12,114,13,13,13,14,12,12,12,12,12,12,12,12,12,12,14,12,14,12,14,12,14,12,14,12
Map_5865,8,18,8,8,8,15,8,8,8,8,8,8,8,8,8,8,8,8,8,8,8,8,8,8,8,8
Map_5866,15,106,12,12,12,12,12,12,12,12,12,12,12,12,12,12,12,12,12,12,12,12,12,12,12,12
Map_5867,31,225,14,14,14,20,14,14,14,14,14,14,14,14,14,14,14,14,14,14,14,14,14,14,14,14
Map_5868,82,104,31,30,30,23,22,21,22,21,22,21,22,21,21,21,22,21,22,21,22,21,22,21,22,21
Map_5869,11,28,12,12,12,14,12,12,12,12,12,12,12,12,12,12,12,11,12,11,12,11,12,11,12,11
Map_5870,12,21,12,12,12,12,12,12,12,12,12,12,12,12,12,12,12,12,14,12,14,12,12,12,12,12
Map_5871,124,74,40,43,40,57,43,46,43,46,43,46,43,46,42,46,43,41,43,45,43,45,43,35,43,35
Map_5872,6,104,6,6,6,29,6,6,6,6,6,6,6,6,6,6,6,6,6,6,6,6,6,6,6,6
Map_5873,4,7,4,4,4,4,4,4,4,4,4,4,4,4,4,4,4,4,4,4,4,4,4,4,4,4
Map_5874,72,62,44,44,44,39,38,38,38,38,38,38,38,38,38,38,25,29,25,29,25,29,25,29,25,29
Map_5875,13,55,13,12,12,13,11,11,11,11,11,11,11,11,11,11,11,11,11,11,11,11,11,11,11,11
Map_5876,7,11,7,6,6,7,6,6,6,6,6,6,6,6,6,6,6,6,6,6,6,6,6,6,6,6
Map_5877,332,176,22,22,19,22,22,22,22,22,22,22,22,22,22,22,19,19,19,19,19,19,19,22,19,22
Map_5878,9,17,7,7,7,13,7,7,7,7,7,7,7,7,7,7,7,7,7,7,13,7,7,7,7,7
Map_5879,5,11,4,4,4,4,4,4,4,4,4,4,4,4,4,4,4,4,4,4,4,4,4,4,4,4
Map_5880,10,24,11,11,11,11,11,10,11,10,11,10,10,10,10,10,11,10,11,10,11,10,11,10,11,10
Map_5881,33,33,15,14,15,15,15,14,15,14,15,14,14,14,14,14,16,14,16,14,16,14,16,14,15,14
Map_5882,28,60,17,17,17,17,17,17,17,17,17,17,17,17,17,17,17,17,17,17,17,17,17,17,17,17
Map_5883,23,57,17,17,17,17,16,16,16,16,16,16,16,16,16,16,16,16,16,16,16,16,16,16,16,16
Map_5884,10,21,10,10,10,10,10,10,10,10,10,10,10,10,10,10,10,10,10,10,10,10,10,10,10,10
Map_5885,17,29,5,5,5,5,5,5,5,5,5,5,5,5,5,5,5,5,5,5,5,5,5,5,5,5
Map_5886,67,92,19,19,19,19,19,19,19,19,19,19,19,19,19,19,16,16,16,16,16,16,16,16,16,16
Map_5887,5,9,5,5,5,5,5,5,5,5,5,5,5,5,5,5,5,5,5,5,5,5,5,5,5,5
Map_5888,68,52,17,17,15,17,14,17,14,17,14,17,14,17,14,17,14,14,14,14,14,14,14,14,14,14
Map_5889,14,67,11,11,11,11,11,11,11,11,11,11,11,11,11,11,11,11,11,11,11,11,11,11,11,11
Map_5890,136,119,13,13,13,18,13,13,13,13,13,13,13,13,13,13,13,13,13,13,13,13,13,13,13,13
Map_5891,8,87,9,8,8,10,8,8,8,8,8,8,8,8,8,8,8,8,8,8,8,8,8,8,8,8
Map_5892,52,55,23,23,23,24,23,23,23,23,23,23,23,23,23,23,23,21,23,21,23,21,23,21,23,21
Map_5893,13,27,13,13,13,15,13,13,13,13,13,13,13,13,13,13,13,13,13,13,13,13,13,13,13,13
Map_5894,7,222,7,7,7,7,7,7,7,7,7,7,7,7,7,7,7,7,7,7,7,7,7,7,7,7
Map_5895,57,74,25,25,25,26,25,24,25,24,25,24,25,24,25,24,25,24,25,24,25,24,25,24,25,24
Map_5896,16,31,15,15,15,16,15,15,15,15,15,15,15,15,15,15,15,15,15,15,15,15,15,15,15,15
Map_5897,14,31,11,10,11,11,11,10,11,10,11,10,10,10,10,10,11,10,11,10,11,10,11,10,11,10
Map_5898,15,56,9,9,9,16,9,9,9,9,9,9,9,9,9,9,9,9,13,9,13,9,9,9,9,9
Map_5899,42,77,22,21,39,22,21,21,21,21,21,21,21,21,21,21,22,21,22,21,22,21,22,21,21,21
Map_5900,11,16,10,10,10,10,10,10,10,10,10,10,9,9,9,9,10,9,10,9,10,9,10,9,10,9
Map_5901,13,126,7,7,7,7,7,7,7,7,7,7,7,7,7,7,7,7,7,7,7,7,7,7,7,7
Map_5902,38,153,34,41,34,39,16,16,16,16,16,16,16,16,16,16,12,12,12,12,12,12,12,12,12,12
Map_5903,13,29,14,14,14,16,14,13,14,13,14,13,13,13,13,13,14,13,14,14,14,14,14,13,14,13
Map_5904,240,52,18,18,18,28,18,18,18,18,18,18,18,18,18,18,18,18,18,18,18,18,18,18,18,18
Map_5905,11,16,11,11,11,13,11,11,11,11,11,11,11,11,11,11,11,11,11,11,11,11,11,11,11,11
Map_5906,43,131,13,12,12,23,12,12,12,12,12,12,12,12,12,12,12,12,12,12,12,12,12,12,12,12
Map_5907,47,53,15,15,15,15,15,15,15,15,15,15,15,15,15,15,15,15,15,15,15,15,15,15,15,15
Map_5908,14,72,13,13,13,14,13,13,13,13,13,13,13,13,13,13,13,12,21,12,21,12,13,12,13,12
Map_5909,10,16,9,9,9,9,9,9,9,9,9,9,9,9,9,9,9,9,11,9,11,9,9,9,9,9
Map_5910,31,196,20,20,20,21,20,20,28,20,28,20,20,20,20,20,20,20,20,20,20,20,20,20,20,20
Map_5911,20,62,9,9,9,16,9,9,9,9,9,9,9,9,9,9,9,9,9,9,9,9,9,9,9,9
Map_5912,14,60,14,14,14,15,13,13,13,13,13,13,13,13,13,13,13,13,13,13,13,13,13,13,13,13
Map_5913,7,31,7,7,7,13,7,7,7,7,7,7,7,7,7,7,7,7,7,7,7,7,7,7,7,7
Map_5914,5,26,5,5,5,6,5,5,5,5,5,5,5,5,5,5,5,5,5,5,5,5,5,5,5,5
Map_5915,9,28,10,10,9,10,9,9,9,9,9,9,9,9,9,9,10,9,10,9,10,9,9,9,9,9
Map_5916,250,167,34,34,34,26,27,24,27,24,27,24,27,24,27,24,27,24,27,24,27,24,27,24,27,24
Map_5917,7,37,7,7,7,9,7,7,7,7,7,7,7,7,7,7,7,7,7,7,7,7,7,7,7,7
Map_5918,14,24,13,13,13,13,13,14,13,14,13,14,13,14,13,14,14,13,14,13,14,13,13,13,13,13
Map_5919,6,22,6,6,6,6,6,6,6,6,6,6,6,6,6,6,6,6,6,6,6,6,6,6,6,6
Map_5920,12,76,14,13,14,15,13,13,13,13,13,13,13,13,13,13,10,10,10,10,10,10,10,13,10,13
Map_5921,59,82,17,17,17,20,17,17,17,17,17,17,17,17,17,17,17,17,15,15,15,15,15,17,15,17
Map_5922,14,132,11,11,11,18,11,11,11,11,11,11,11,11,11,11,11,11,11,11,11,11,11,11,11,11
Map_5923,11,17,11,11,11,18,11,11,11,11,11,11,11,11,11,11,15,11,15,11,15,11,11,11,11,11
Map_5924,11,22,13,12,11,13,12,12,12,12,12,12,12,12,12,12,12,11,12,11,12,11,12,11,12,11
Map_5925,72,71,12,12,12,12,12,12,12,12,12,12,12,12,12,12,12,12,12,12,12,12,12,12,12,12
Map_5926,9,108,9,9,9,10,9,9,9,9,9,9,9,9,9,9,9,9,9,9,9,9,9,9,9,9
Map_5927,9,28,9,9,9,14,9,9,9,9,9,9,9,9,9,9,9,9,9,9,9,9,9,9,9,9
Map_5928,73,61,30,30,47,30,30,30,30,30,30,30,30,30,30,30,20,20,20,20,20,20,20,20,20,20
Map_5929,9,27,9,9,9,9,9,9,9,9,9,9,9,9,9,9,14,9,14,9,14,9,9,9,9,9
Map_5930,18,62,13,13,13,13,13,13,13,13,13,13,13,13,13,13,13,13,13,13,13,13,13,13,13,13
Map_5931,10,36,10,10,10,10,10,10,10,10,10,10,10,10,10,10,10,10,10,10,10,10,10,10,10,10
Map_5932,7,32,7,7,7,7,7,7,7,7,7,7,7,7,7,7,7,7,7,7,7,7,7,7,7,7
Map_5933,28,76,21,14,21,21,15,14,15,14,15,14,14,14,14,14,15,14,20,14,20,14,15,14,15,14
Map_5934,203,204,24,18,24,24,19,18,19,18,19,18,18,18,18,18,19,18,26,21,26,21,19,18,19,18
Map_5935,10,27,10,10,10,10,9,9,9,9,9,9,9,9,9,9,9,9,9,9,9,9,9,9,9,9
Map_5936,17,185,12,12,12,12,12,12,12,12,12,12,12,12,12,12,12,12,12,12,12,12,12,12,12,12
Map_5937,21,98,34,34,36,34,34,20,34,20,34,20,34,20,34,20,23,20,23,20,23,20,23,20,23,20
Map_5938,49,228,50,49,50,57,25,23,25,23,25,23,23,23,23,23,25,23,26,23,26,23,25,23,25,23
Map_5939,13,34,13,13,13,14,13,13,13,13,13,13,13,13,13,13,13,13,13,13,13,13,13,13,13,13
Map_5940,17,100,14,14,14,14,14,12,14,12,14,12,14,12,14,12,12,12,12,12,12,12,12,12,12,12
Map_5941,20,84,19,20,19,26,19,20,19,20,19,20,20,20,20,20,22,18,22,18,22,18,18,20,19,20
Map_5942,54,129,12,12,19,12,12,12,12,12,12,12,12,12,12,12,12,12,12,12,12,12,12,12,12,12
Map_5943,9,13,9,9,9,9,9,9,9,9,9,9,9,9,9,9,9,9,9,9,9,9,9,9,9,9
Map_5944,20,173,21,21,16,21,15,14,15,14,15,14,15,14,15,14,15,14,15,14,15,14,15,14,15,14
Map_5945,42,45,26,26,38,26,26,26,26,26,26,26,26,26,26,26,26,26,26,26,26,26,26,26,26,26
Map_5946,31,86,34,34,34,40,34,24,34,24,34,24,34,30,34,30,24,14,14,14,14,14,24,14,22,14
Map_5947,11,26,10,10,10,10,10,10,10,10,10,10,10,10,10,10,10,10,10,10,10,10,10,10,10,10
Map_5948,15,40,16,15,16,22,15,15,15,15,15,15,15,15,15,15,15,15,15,15,15,15,15,15,15,15
Map_5949,9,43,9,9,9,9,9,9,9,9,9,9,9,9,9,9,9,9,9,9,9,9,9,9,9,9
Map_5950,12,36,10,10,10,10,10,10,10,10,10,10,10,10,10,10,10,10,10,10,10,10,10,10,10,10
Map_5951,15,79,15,12,15,17,15,12,15,12,15,12,12,12,12,12,15,12,15,12,15,12,15,12,15,12
Map_5952,36,67,29,27,27,29,27,27,27,27,27,27,27,27,27,27,23,23,23,23,23,23,23,23,23,23
Map_5953,9,48,8,8,7,8,8,7,8,7,8,7,8,7,8,7,8,7,8,7,8,7,8,7,8,7
Map_5954,18,44,10,10,10,10,10,10,10,10,10,10,10,10,10,10,10,10,10,10,10,10,10,10,10,10
Map_5955,31,80,29,34,29,52,25,34,25,34,25,34,25,33,25,33,24,18,24,18,24,18,24,18,24,31
Map_5956,8,18,8,8,8,13,8,8,8,8,8,8,8,8,8,8,8,8,8,8,8,8,8,8,8,8
Map_5957,21,47,16,16,16,30,16,16,16,16,16,16,16,16,16,16,27,16,28,16,28,16,16,16,16,16
Map_5958,71,109,41,40,41,35,18,18,18,18,18,18,18,18,18,18,21,18,21,18,21,18,18,18,18,18
Map_5959,17,202,15,15,15,15,15,15,15,15,15,15,15,15,15,15,15,15,17,15,17,15,15,15,15,15
Map_5960,45,114,24,24,24,24,24,24,24,24,24,24,24,24,24,24,24,24,27,25,27,25,24,24,24,24
Map_5961,151,258,15,15,15,15,15,15,15,15,15,15,15,15,15,15,15,15,15,15,15,15,15,15,15,15
Map_5962,10,20,10,10,10,10,10,10,10,10,10,10,10,10,10,10,10,10,10,10,10,10,10,10,10,10
Map_5963,12,89,8,8,8,20,8,8,8,8,8,8,8,8,8,8,8,8,12,8,12,8,8,8,8,8
Map_5964,14,36,8,8,8,8,7,7,7,7,7,7,7,7,7,7,7,7,7,7,7,7,7,7,7,7
Map_5965,11,53,12,9,12,12,9,9,9,9,9,9,9,9,9,9,9,9,9,9,9,9,9,9,9,9
Map_5966,9,29,7,7,7,7,7,7,7,7,7,7,7,7,7,7,7,7,7,7,7,7,7,7,7,7
Map_5967,28,40,15,15,15,15,15,15,16,15,16,15,15,15,15,15,14,13,14,13,14,13,14,13,14,13
Map_5968,11,33,21,21,21,20,20,20,20,20,20,20,20,20,20,20,11,11,11,11,11,11,11,11,11,11
Map_5969,9,19,9,9,9,17,9,9,9,9,9,9,9,9,9,9,9,9,9,9,9,9,9,9,9,9
Map_5970,11,135,9,9,9,24,8,9,8,9,8,9,8,9,8,9,8,8,8,8,8,8,8,8,8,8
Map_5971,6,38,6,6,6,8,6,6,6,6,6,6,6,6,6,6,6,6,6,6,6,6,6,6,6,6
Map_5972,42,53,13,13,13,13,13,13,13,13,13,13,13,13,13,13,17,13,20,13,20,13,13,13,13,13
Map_5973,321,110,20,20,20,29,19,19,19,19,19,19,19,19,19,19,21,19,21,19,21,19,19,19,19,19
Map_5974,14,21,14,14,14,15,13,13,13,13,13,13,13,13,13,13,13,13,13,13,13,13,13,13,13,13
Map_5975,7,16,7,7,7,12,7,7,7,7,7,7,7,7,7,7,7,7,7,7,7,7,7,7,7,7
Map_5976,151,133,36,36,36,41,37,36,37,36,37,36,37,36,37,36,37,36,37,36,37,36,37,36,37,36
Map_5977,7,11,9,7,7,9,7,7,7,7,7,7,7,7,7,7,7,7,7,7,7,7,7,7,7,7
Map_5978,12,65,9,9,9,9,9,9,9,9,9,9,9,9,9,9,9,9,9,9,9,9,9,9,9,9
Map_5979,6,90,6,6,6,8,6,6,6,6,6,6,6,6,6,6,6,6,6,6,6,6,6,6,6,6
Map_5980,302,58,27,27,27,27,27,23,27,23,27,23,27,23,27,23,30,23,30,22,30,22,32,23,32,23
Map_5981,19,63,10,10,10,10,10,10,10,10,10,10,10,10,10,10,10,10,10,10,10,10,10,10,10,10
Map_5982,7,17,7,7,7,10,7,7,7,7,7,7,7,7,7,7,8,7,8,7,8,7,7,7,7,7
Map_5983,11,28,8,8,8,11,8,8,8,8,8,8,8,8,8,8,8,8,8,8,8,8,8,8,8,8
Map_5984,20,43,15,15,20,14,14,13,14,13,14,13,13,13,13,13,13,13,13,13,13,13,13,13,13,13
Map_5985,20,137,19,11,17,22,11,11,11,11,11,11,11,11,11,11,11,11,11,11,11,11,11,11,11,11
Map_5986,7,130,7,7,7,7,7,7,7,7,7,7,7,7,7,7,7,7,7,7,7,7,7,7,7,7
Map_5987,7,12,7,7,7,10,7,7,7,7,7,7,7,7,7,7,8,7,8,7,8,7,7,7,7,7
Map_5988,18,31,10,10,13,13,10,10,10,10,10,10,10,10,10,10,10,10,10,10,10,10,10,10,10,10
Map_5989,36,74,20,20,20,28,20,14,20,14,20,14,20,14,20,14,20,14,20,14,20,14,20,14,20,14
Map_5990,68,221,32,32,32,32,32,32,32,32,32,32,32,32,32,32,24,24,24,24,24,24,24,24,24,24
Map_5991,40,52,29,33,29,38,24,24,24,24,24,24,24,24,24,24,24,24,24,24,24,24,24,24,24,29
Map_5992,6,17,6,6,6,9,6,6,6,6,6,6,6,6,6,6,6,6,6,6,6,6,6,6,6,6
Map_5993,11,38,11,11,11,11,11,11,11,11,11,11,11,11,11,11,11,11,11,11,11,11,11,11,11,11
Map_5994,12,38,9,9,9,9,9,8,9,8,9,8,9,8,8,8,9,8,9,8,9,8,9,8,9,8
Map_5995,34,61,20,19,19,20,21,21,21,21,21,21,21,21,21,21,23,19,23,19,23,19,23,21,21,21
Map_5996,15,74,14,14,14,25,14,14,14,14,14,14,14,14,14,14,14,14,14,14,16,14,14,14,14,14
Map_5997,9,18,9,9,9,10,9,9,9,9,9,9,9,9,9,9,10,9,10,9,10,9,9,9,9,9
Map_5998,6,61,6,6,6,6,6,6,6,6,6,6,6,6,6,6,6,6,6,6,6,6,6,6,6,6
Map_5999,17,120,28,28,27,28,24,32,24,32,24,32,24,32,24,32,25,16,25,16,25,16,25,16,25,16
Map_6000,39,65,13,13,12,37,15,15,15,15,15,15,15,15,15,15,16,13,19,13,19,13,15,13,15,13
Map_6001,52,88,31,28,31,31,32,29,32,29,32,29,31,31,31,31,24,23,24,23,24,23,24,23,24,23
Map_6002,40,52,11,11,11,11,11,11,11,11,11,11,11,11,11,11,11,11,11,11,11,11,11,11,11,11
Map_6003,46,84,20,20,20,21,20,20,20,20,20,20,20,20,20,20,20,20,20,20,20,20,20,20,20,20
Map_6004,5,10,5,5,5,5,5,5,5,5,5,5,5,5,5,5,5,5,5,5,5,5,5,5,5,5
Map_6005,6,10,6,6,6,6,6,6,6,6,6,6,6,6,6,6,6,6,6,6,6,6,6,6,6,6
Map_6006,8,14,8,8,8,8,8,8,8,8,8,8,8,8,8,8,8,8,11,8,11,8,8,8,8,8
Map_6007,13,80,13,13,13,13,13,13,13,13,13,13,13,13,13,13,13,13,13,13,17,13,13,13,13,13
Map_6008,19,83,13,13,13,13,13,13,13,13,13,13,13,13,13,13,18,13,18,13,19,13,13,13,13,13
Map_6009,16,41,16,16,16,19,16,16,16,16,16,16,16,16,16,16,16,16,16,16,16,16,16,16,16,16
Map_6010,19,73,10,10,10,12,10,10,10,10,10,10,10,10,10,10,10,10,10,10,10,10,10,10,10,10
Map_6011,8,37,8,8,8,8,8,8,8,8,8,8,8,8,8,8,8,8,8,8,8,8,8,8,8,8
Map_6012,83,101,21,20,21,23,20,20,20,20,20,20,20,20,20,20,20,20,20,20,20,20,21,20,21,20
Map_6013,11,117,10,10,10,12,10,10,10,10,10,10,10,10,10,10,10,10,10,10,10,10,10,10,10,10
Map_6014,12,50,14,14,14,15,12,14,12,14,12,14,12,14,12,14,12,12,12,12,12,12,12,14,12,14
Map_6015,14,36,16,16,16,16,16,16,16,16,16,16,16,16,16,16,16,14,16,14,16,14,16,14,16,14
Map_6016,90,175,21,20,21,23,20,20,20,20,20,20,20,20,20,20,21,20,21,20,21,20,20,20,20,20
Map_6017,9,84,11,11,11,11,11,12,11,12,11,12,11,13,11,13,10,9,10,9,10,9,10,9,9,9
Map_6018,9,38,9,9,9,9,9,9,9,9,9,9,9,9,9,9,9,9,9,9,9,9,9,9,9,9
Map_6019,7,59,7,7,7,7,7,7,7,7,7,7,7,7,7,7,7,7,7,7,7,7,7,7,7,7
Map_6020,108,99,26,26,26,29,24,26,24,26,24,26,24,26,24,26,24,26,24,26,24,26,24,26,24,26
Map_6021,11,16,11,11,11,15,11,11,11,11,11,11,11,11,11,11,11,11,11,11,11,11,11,11,11,11
Map_6022,49,160,16,16,16,17,17,16,17,16,17,16,16,16,16,16,16,16,16,16,16,16,16,16,16,16
Map_6023,12,58,11,11,12,11,11,10,11,10,11,10,11,10,10,10,11,10,11,10,11,10,11,10,11,10
Map_6024,13,40,13,13,13,13,13,13,13,13,13,13,13,13,13,13,16,12,16,12,16,12,16,12,16,12
Map_6025,33,88,14,14,14,19,14,14,14,14,14,14,14,14,14,14,14,14,13,13,13,13,14,14,14,14
Map_6026,20,38,23,22,23,23,17,17,17,17,17,17,17,17,17,17,23,17,23,17,23,17,17,17,17,17
Map_6027,16,134,14,14,14,18,14,13,14,13,14,13,14,13,14,13,16,13,16,13,16,13,14,13,14,13
Map_6028,15,113,12,12,12,38,12,12,12,12,12,12,12,12,12,12,12,12,12,12,12,12,12,12,12,12
Map_6029,18,39,20,19,20,17,17,17,17,17,17,17,17,17,17,17,17,17,17,17,17,17,17,17,17,17
Map_6030,132,110,55,39,55,48,35,35,35,35,35,35,35,35,35,35,33,33,33,33,33,33,33,33,33,33
Map_6031,4,22,6,4,4,6,4,4,4,4,4,4,4,4,4,4,5,4,5,4,5,4,4,4,4,4
Map_6032,27,33,16,16,16,17,16,14,16,14,16,14,14,14,14,14,14,14,14,14,14,14,14,14,14,14
Map_6033,25,55,25,25,25,30,25,25,25,25,25,25,25,25,25,25,25,24,25,24,25,24,25,25,24,25
Map_6034,16,248,13,13,18,15,13,13,13,13,13,13,13,13,13,13,13,13,13,13,13,13,13,13,13,13
Map_6035,7,128,7,7,7,10,7,7,7,7,7,7,7,7,7,7,7,7,7,7,7,7,7,7,7,7
Map_6036,15,91,14,14,14,14,14,14,14,14,14,14,14,14,14,14,14,14,14,13,14,13,14,14,13,14
Map_6037,11,36,13,13,11,15,14,11,14,11,14,11,14,11,14,11,13,11,14,11,14,11,13,11,13,11
Map_6038,15,35,11,11,11,11,11,11,11,11,11,11,11,11,11,11,11,11,11,11,11,11,11,11,11,11
Map_6039,8,14,9,9,9,10,9,9,9,9,9,9,8,8,8,8,9,8,9,8,9,8,9,8,9,8
Map_6040,7,16,7,7,7,9,7,7,7,7,7,7,7,7,7,7,7,7,7,7,7,7,7,7,7,7
Map_6041,21,74,7,7,7,7,7,7,7,7,7,7,7,7,7,7,7,7,7,7,7,7,7,7,7,7
Map_6042,10,47,8,7,8,9,8,7,8,7,8,7,7,7,7,7,8,7,8,7,8,7,8,7,8,7
Map_6043,6,11,6,6,6,7,6,6,6,6,6,6,6,6,6,6,6,6,6,6,6,6,6,6,6,6
Map_6044,52,86,22,22,22,22,22,18,22,18,22,18,18,18,18,18,19,18,19,18,19,18,19,18,19,18
Map_6045,19,67,11,11,11,11,9,9,9,9,9,9,9,9,9,9,9,9,9,9,9,9,9,9,9,9
Map_6046,7,12,7,7,7,7,7,7,7,7,7,7,7,7,7,7,7,7,7,7,7,7,7,7,7,7
Map_6047,132,77,15,14,15,25,12,12,12,12,12,12,12,12,12,12,12,12,12,12,12,12,12,12,12,12
Map_6048,13,28,10,10,10,15,10,10,10,10,10,10,10,10,10,10,10,10,10,10,10,10,10,10,10,10
Map_6049,15,21,8,8,8,8,8,8,8,8,8,8,8,8,8,8,8,8,8,8,8,8,8,8,8,8
Map_6050,8,15,9,8,8,10,8,8,8,8,8,8,8,8,8,8,8,8,8,8,8,8,8,8,8,8
Map_6051,12,50,14,12,14,18,12,12,12,12,12,12,12,12,12,12,14,12,14,11,14,11,12,12,12,12
Map_6052,8,18,6,6,6,9,6,6,6,6,6,6,6,6,6,6,6,6,6,6,6,6,6,6,6,6
Map_6053,21,50,8,8,8,18,8,8,8,8,8,8,8,8,8,8,8,8,8,8,8,8,8,8,8,8
Map_6054,11,53,9,9,9,10,9,9,9,9,9,9,9,9,9,9,9,9,9,9,9,9,9,9,9,9
Map_6055,59,144,23,21,23,22,17,16,17,16,17,16,17,16,17,16,17,16,17,16,17,16,17,16,17,16
Map_6056,9,37,9,9,9,18,9,9,9,9,9,9,9,9,9,9,9,9,9,9,9,9,9,9,9,9
Map_6057,14,38,13,13,13,13,13,13,13,13,13,13,13,13,13,13,13,13,13,13,13,13,13,13,13,13
Map_6058,5,49,5,5,5,6,5,5,5,5,5,5,5,5,5,5,5,5,5,5,5,5,5,5,5,5
Map_6059,113,123,33,33,33,43,33,25,33,25,33,25,33,25,33,25,33,25,33,25,33,25,33,25,33,25
Map_6060,10,22,12,12,12,15,11,11,11,11,11,11,11,11,11,11,11,10,11,10,11,10,11,10,11,10
Map_6061,8,56,8,8,8,10,8,8,8,8,8,8,8,8,8,8,8,8,8,8,8,8,8,8,8,8
Map_6062,61,205,45,45,45,52,40,40,40,40,40,40,40,40,40,40,39,40,42,36,42,36,39,40,39,40
Map_6063,7,18,7,7,7,7,7,7,7,7,7,7,7,7,7,7,7,7,7,7,7,7,7,7,7,7
Map_6064,21,52,11,11,11,11,11,11,11,11,11,11,11,11,11,11,11,11,11,11,11,11,11,11,11,11
Map_6065,16,122,12,11,12,12,11,11,11,11,11,11,11,11,11,11,11,11,11,11,11,11,11,11,11,11
Map_6066,13,62,13,13,13,13,13,12,13,12,13,12,13,12,13,12,12,12,12,12,12,12,13,12,13,12
Map_6067,22,102,18,18,18,18,14,14,14,14,14,14,14,14,14,14,14,14,14,14,14,14,14,14,14,14
Map_6068,17,45,10,10,10,10,10,10,10,10,10,10,10,10,10,10,10,10,10,10,10,10,10,10,10,10
Map_6069,11,42,11,11,11,11,11,11,11,11,11,11,11,11,11,11,11,11,11,11,11,11,11,11,11,11
Map_6070,128,63,22,22,22,22,22,22,22,22,22,22,22,22,22,22,42,22,34,22,34,22,44,22,44,22
Map_6071,355,192,38,38,38,38,38,38,38,38,38,38,38,38,38,38,37,38,37,38,37,38,37,38,37,38
Map_6072,14,26,12,12,12,12,13,13,13,13,13,13,13,13,13,13,13,12,13,12,13,12,13,12,13,12
Map_6073,14,24,10,10,10,10,10,10,10,10,10,10,10,10,10,10,10,10,10,10,10,10,10,10,10,10
Map_6074,7,16,7,6,6,8,6,6,6,6,6,6,6,6,6,6,7,6,7,6,7,6,6,6,6,6
Map_6075,10,70,10,10,10,10,10,10,10,10,10,10,10,10,10,10,10,10,10,10,10,10,10,10,10,10
Map_6076,22,54,18,18,18,29,18,18,18,18,18,18,18,18,18,18,18,18,18,18,18,18,18,18,18,18
Map_6077,8,103,8,8,8,8,8,8,8,8,8,8,8,8,8,8,8,8,8,8,8,8,8,8,8,8
Map_6078,17,141,17,17,17,21,21,21,21,21,21,21,21,21,21,21,17,17,17,17,17,17,17,17,17,17
Map_6079,14,56,15,15,15,15,12,12,12,12,12,12,12,12,12,12,12,12,14,12,14,12,12,12,12,12
Map_6080,23,24,15,15,15,19,15,15,15,15,15,15,15,15,15,15,15,15,15,15,15,15,15,15,15,15
Map_6081,26,63,11,11,11,11,11,11,11,11,11,11,11,11,11,11,12,11,12,11,12,11,11,11,11,11
Map_6082,11,26,10,10,10,15,11,11,11,11,11,11,11,11,11,11,11,11,11,11,11,11,11,11,11,11
Map_6083,10,80,9,10,9,13,8,8,8,8,8,8,8,8,8,8,11,8,11,8,11,8,8,8,8,8
Map_6084,7,16,7,7,7,7,7,7,7,7,7,7,7,7,7,7,7,7,7,7,7,7,7,7,7,7
Map_6085,17,57,15,14,14,16,14,18,14,18,14,18,14,18,14,18,14,14,14,14,14,14,14,14,14,14
Map_6086,252,58,25,25,21,25,25,21,25,21,25,21,25,21,25,21,25,21,25,21,25,21,25,21,25,21
Map_6087,50,43,31,31,31,31,30,30,30,30,30,30,30,30,30,30,32,30,32,30,32,30,30,30,30,30
Map_6088,34,28,11,11,11,11,11,10,11,10,11,10,10,10,10,10,11,10,11,10,11,10,11,10,11,10
Map_6089,6,34,6,6,6,6,6,6,6,6,6,6,6,6,6,6,6,6,6,6,6,6,6,6,6,6
Map_6090,15,21,12,12,12,18,12,12,12,12,12,12,12,12,12,12,12,12,12,12,12,12,12,12,12,12
Map_6091,14,39,13,8,13,13,8,8,8,8,8,8,8,8,8,8,8,8,8,8,8,8,8,8,8,8
Map_6092,119,108,61,59,61,63,61,59,61,59,61,59,59,59,59,59,49,59,49,59,49,59,49,59,59,59
Map_6093,19,30,19,19,19,19,19,19,19,19,19,19,19,19,19,19,19,18,19,18,19,18,19,18,19,18
Map_6094,14,173,11,11,11,15,11,11,11,11,11,11,11,11,11,11,11,11,14,11,14,11,11,11,11,11
Map_6095,10,25,10,10,10,22,15,10,15,10,15,10,15,10,15,10,12,10,12,10,12,10,12,10,12,10
Map_6096,10,16,10,8,10,10,8,8,8,8,8,8,8,8,8,8,8,8,8,8,8,8,8,8,8,8
Map_6097,13,101,13,13,13,13,13,13,13,13,13,13,13,13,13,13,11,11,11,11,11,11,11,11,11,11
Map_6098,13,55,11,11,11,11,11,11,11,11,11,11,11,11,11,11,10,10,10,10,10,10,10,10,10,10
Map_6099,34,53,15,14,14,15,14,14,14,14,14,14,14,14,14,14,14,14,14,14,14,14,14,14,14,14
Map_6100,6,14,6,6,6,6,6,6,6,6,6,6,6,6,6,6,6,6,6,6,6,6,6,6,6,6
Map_6101,40,155,16,15,16,25,16,15,16,15,16,15,15,15,15,15,18,16,19,16,19,16,16,15,16,15
Map_6102,24,85,9,9,9,12,9,9,9,9,9,9,9,9,9,9,9,9,9,9,9,9,9,9,9,9
Map_6103,11,26,11,11,13,14,11,11,13,11,13,11,11,11,11,11,12,11,12,11,12,11,12,11,12,11
Map_6104,6,43,6,6,6,6,6,6,6,6,6,6,6,6,6,6,6,6,6,6,6,6,6,6,6,6
Map_6105,3,7,3,3,3,3,3,3,3,3,3,3,3,3,3,3,3,3,3,3,3,3,3,3,3,3
Map_6106,12,43,10,10,10,11,10,10,10,10,10,10,10,10,10,10,10,10,10,10,10,10,10,10,10,10
Map_6107,11,47,10,10,10,10,10,10,10,10,10,10,10,10,10,10,10,10,10,10,10,10,10,10,10,10
Map_6108,16,28,9,9,9,9,11,9,11,9,11,9,11,9,11,9,11,9,11,9,11,9,11,9,11,9
Map_6109,15,29,14,14,13,14,14,14,14,14,14,14,14,14,14,14,14,13,14,13,14,13,14,13,14,13
Map_6110,275,169,20,20,20,47,24,24,24,24,24,24,24,24,24,24,24,20,24,20,24,20,24,20,24,20
Map_6111,5,36,5,5,5,7,5,5,5,5,5,5,5,5,5,5,5,5,5,5,5,5,5,5,5,5
Map_6112,17,29,16,16,16,13,13,13,13,13,13,13,13,13,13,13,15,13,15,13,15,13,15,13,15,13
Map_6113,24,31,19,19,20,20,19,18,19,18,19,18,19,18,18,18,17,17,17,17,17,17,17,16,17,16
Map_6114,54,194,28,27,34,31,28,27,28,27,28,27,27,27,27,27,27,25,27,25,27,25,27,25,27,25
Map_6115,20,28,14,14,14,14,12,12,12,12,12,12,12,12,12,12,12,12,12,12,12,12,12,12,12,12
Map_6116,25,42,22,22,22,22,22,22,22,22,22,22,22,22,22,22,21,21,21,21,21,21,21,21,21,21
Map_6117,233,105,22,22,22,26,22,22,22,22,22,22,22,22,22,22,22,22,25,22,25,22,22,22,22,22
Map_6118,44,184,34,34,34,37,34,34,34,34,34,34,34,34,34,34,33,33,33,33,36,33,33,33,33,33
Map_6119,12,26,9,9,9,9,9,9,9,9,9,9,9,9,9,9,9,9,9,9,9,9,9,9,9,9
Map_6120,222,139,22,22,65,22,20,22,20,22,20,22,20,22,20,22,20,20,20,20,20,20,20,20,20,20
Map_6121,13,48,11,11,11,11,11,11,11,11,11,11,11,11,11,11,11,11,11,11,11,11,11,11,11,11
Map_6122,24,134,15,15,15,15,15,15,15,15,15,15,15,15,15,15,15,15,15,15,15,15,15,15,15,15
Map_6123,11,22,9,9,9,11,9,9,9,9,9,9,9,9,9,9,9,9,9,9,9,9,9,9,9,9
Map_6124,5,17,5,5,5,5,5,5,5,5,5,5,5,5,5,5,5,5,5,5,5,5,5,5,5,5
Map_6125,43,41,15,15,11,15,11,11,11,11,11,11,11,11,11,11,11,11,11,11,11,11,11,11,11,11
Map_6126,17,42,21,18,18,21,18,18,18,18,18,18,18,18,18,18,17,18,17,17,17,17,18,18,18,18
Map_6127,9,61,9,9,9,9,9,9,9,9,9,9,9,9,9,9,9,9,9,9,9,9,9,9,9,9
Map_6128,100,212,25,25,25,25,22,25,22,25,22,25,22,25,22,25,23,22,23,22,23,22,23,22,23,22
Map_6129,8,17,11,8,8,11,8,8,8,8,8,8,8,8,8,8,10,8,10,8,10,8,9,8,8,8
Map_6130,81,61,20,20,20,32,19,19,19,19,19,19,19,19,19,19,19,19,20,19,20,19,19,19,19,19
Map_6131,19,30,9,9,9,11,9,9,9,9,9,9,9,9,9,9,11,9,11,9,11,9,9,9,9,9
Map_6132,6,16,7,7,7,7,6,6,6,6,6,6,6,6,6,6,6,6,6,6,6,6,6,6,6,6
Map_6133,13,54,16,16,16,16,16,13,16,13,16,13,16,13,16,13,14,13,14,13,14,13,14,13,14,13
Map_6134,13,98,10,10,10,10,10,10,10,10,10,10,10,10,10,10,10,10,10,10,10,10,10,10,10,10
Map_6135,10,119,10,10,10,13,10,10,10,10,10,10,10,10,10,10,10,10,10,10,10,10,10,10,10,10
Map_6136,35,58,16,16,16,19,16,15,16,16,16,16,16,15,15,15,14,15,14,15,14,15,14,15,14,15
Map_6137,6,17,6,6,6,6,6,6,6,6,6,6,6,6,6,6,6,6,6,6,6,6,6,6,6,6
Map_6138,12,95,8,8,8,8,8,8,8,8,8,8,8,8,8,8,8,8,8,8,8,8,8,8,8,8
Map_6139,29,60,24,24,24,25,20,20,20,20,20,20,20,20,20,20,20,19,20,19,20,19,20,19,20,19
Map_6140,29,45,23,23,23,26,19,16,19,16,19,16,16,16,16,16,19,16,19,16,19,16,19,16,19,16
Map_6141,24,36,17,17,17,15,14,14,14,14,14,14,14,14,14,14,14,14,14,14,14,14,14,14,14,14
Map_6142,7,19,7,7,7,17,8,7,8,7,8,7,8,7,8,7,7,7,7,7,7,7,7,7,7,7
Map_6143,16,27,10,10,10,11,10,10,10,10,10,10,10,10,10,10,10,10,10,10,10,10,10,10,10,10
Map_6144,5,12,5,5,5,5,5,5,5,5,5,5,5,5,5,5,5,5,5,5,8,5,5,5,5,5
Map_6145,12,20,8,8,8,8,8,8,8,8,8,8,8,8,8,8,8,8,8,8,8,8,8,8,8,8
Map_6146,57,46,21,21,22,21,21,21,21,21,21,21,21,21,21,21,19,19,19,19,19,19,19,19,19,19
Map_6147,60,131,19,19,19,19,28,19,28,19,28,19,28,19,28,19,28,19,28,19,28,19,28,19,28,19
Map_6148,25,144,16,16,16,18,16,16,16,16,16,16,16,16,16,16,18,16,18,16,18,16,18,16,18,16
Map_6149,13,55,13,13,15,15,13,13,13,13,13,13,13,13,13,13,13,13,13,13,13,13,13,13,13,13
Map_6150,31,88,37,37,25,33,20,21,20,21,20,21,20,21,20,21,19,19,19,19,19,19,20,19,20,19
Map_6151,15,37,12,12,12,12,12,12,12,12,12,12,12,12,12,12,11,12,12,12,12,12,11,12,11,12
Map_6152,10,54,6,6,6,6,6,6,6,6,6,6,6,6,6,6,6,6,6,6,6,6,6,6,6,6
Map_6153,297,129,52,69,52,97,47,47,47,47,47,47,47,47,47,47,52,47,52,47,52,43,52,47,52,47
Map_6154,11,23,9,9,9,9,9,11,9,11,9,11,9,11,9,11,9,9,9,9,9,9,9,9,9,9
Map_6155,11,64,11,11,11,17,12,11,12,11,12,11,11,11,11,11,12,11,12,11,12,11,12,11,12,11
Map_6156,17,24,15,15,15,16,17,15,17,15,17,15,17,15,17,15,18,15,18,15,18,15,17,15,17,15
Map_6157,50,58,31,31,40,31,31,21,31,21,31,21,31,24,31,24,24,21,24,21,24,21,32,21,32,21
Map_6158,25,84,16,16,16,19,16,16,16,16,16,16,16,16,16,16,16,16,16,16,16,16,16,16,16,16
Map_6159,19,69,13,13,13,13,13,13,13,13,13,13,13,13,13,13,13,13,13,13,13,13,13,13,13,13
Map_6160,39,53,22,22,22,22,22,22,22,22,22,22,22,22,22,22,22,22,22,22,22,22,22,22,22,22
Map_6161,38,141,15,15,15,19,16,15,16,15,16,15,16,15,16,15,16,15,16,15,16,15,16,15,16,15
Map_6162,24,44,13,13,13,13,13,13,13,13,13,13,13,13,13,13,13,13,16,13,16,13,13,13,13,13
Map_6163,21,23,21,17,16,21,21,11,21,11,21,11,17,11,17,11,14,11,14,11,14,11,14,11,14,11
Map_6164,19,69,18,10,18,18,10,10,10,10,10,10,10,10,10,10,13,10,13,10,13,10,10,10,10,10
Map_6165,8,35,7,7,7,7,7,7,7,7,7,7,7,7,7,7,7,7,7,7,7,7,7,7,7,7
Map_6166,13,66,12,12,11,12,12,12,12,12,12,12,12,12,12,12,12,11,12,11,12,11,12,11,12,11
Map_6167,240,220,55,55,55,44,43,40,43,40,43,40,43,40,43,40,36,36,41,36,41,36,36,36,36,36
Map_6168,8,58,7,7,7,8,8,7,8,7,8,7,8,7,8,7,9,7,9,7,9,7,9,7,9,7
Map_6169,13,98,14,12,15,15,12,12,12,12,12,12,13,13,13,13,14,12,14,12,14,12,14,12,14,12
Map_6170,17,68,14,14,14,13,14,12,14,12,14,12,14,12,14,12,13,13,13,13,13,13,12,12,12,12
Map_6171,8,36,8,8,8,12,8,8,8,8,8,8,8,8,8,8,8,8,12,8,12,8,8,8,8,8
Map_6172,10,202,9,9,9,9,9,9,9,9,9,9,9,9,9,9,9,9,9,9,9,9,9,9,9,9
Map_6173,20,29,10,10,10,10,10,10,10,10,10,10,10,10,10,10,10,10,10,10,10,10,10,10,10,10
Map_6174,71,118,44,44,44,53,21,21,21,21,21,21,21,21,21,21,22,21,22,21,22,21,22,21,22,21
Map_6175,19,48,10,10,10,22,10,10,10,10,10,10,10,10,10,10,10,10,10,10,10,10,10,10,10,10
Map_6176,62,100,34,34,45,30,25,55,25,55,25,55,25,55,25,57,25,25,27,25,27,25,25,25,25,25
Map_6177,24,125,22,22,22,24,21,17,21,17,21,17,21,17,21,17,20,17,20,17,20,17,20,17,20,17
Map_6178,10,41,12,12,12,12,12,12,12,12,12,12,12,12,12,12,12,10,12,10,12,10,12,10,12,10
Map_6179,15,23,12,12,12,12,12,12,12,12,12,12,12,12,12,12,14,12,14,12,14,12,12,12,12,12
Map_6180,17,47,15,14,17,19,14,14,14,14,14,14,14,14,14,14,14,14,14,14,14,14,14,14,14,14
Map_6181,13,204,13,13,13,13,13,13,13,13,13,13,13,13,13,13,13,13,13,13,13,13,13,13,13,13
Map_6182,10,44,10,10,10,12,10,10,10,10,10,10,10,10,10,10,12,10,12,10,12,10,10,10,10,10
Map_6183,12,54,14,14,14,17,12,12,12,12,12,12,12,12,12,12,14,12,14,12,14,12,12,12,12,12
Map_6184,9,31,8,8,8,10,8,8,8,8,8,8,8,8,8,8,8,8,8,8,8,8,8,8,8,8
Map_6185,9,44,7,7,7,7,7,7,7,7,7,7,7,7,7,7,7,7,7,7,7,7,7,7,7,7
Map_6186,5,12,4,4,4,4,4,4,4,4,4,4,4,4,4,4,4,4,4,4,4,4,4,4,4,4
Map_6187,12,19,11,9,11,13,9,9,9,9,9,9,9,9,9,9,9,9,9,9,9,9,9,9,9,9
Map_6188,75,101,27,27,27,27,22,27,22,27,22,27,22,27,20,27,22,20,22,20,22,20,22,20,22,27
Map_6189,6,12,7,6,7,10,6,6,6,6,6,6,6,6,6,6,7,6,7,6,7,6,6,6,6,6
Map_6190,13,19,9,9,9,13,9,9,9,9,9,9,9,9,9,9,9,9,9,9,9,9,9,9,9,9
Map_6191,16,113,13,13,13,15,13,13,13,13,13,13,13,13,13,13,13,13,13,13,13,13,13,13,13,13
Map_6192,77,104,56,54,56,61,47,30,47,30,47,30,47,30,47,30,37,29,37,29,37,29,37,30,37,30
Map_6193,33,47,20,20,20,20,20,20,20,20,20,20,20,20,20,20,18,20,18,20,18,20,18,20,18,20
Map_6194,36,88,10,10,10,10,10,10,10,10,10,10,10,10,10,10,10,10,10,10,10,10,10,10,10,10
Map_6195,16,58,16,16,16,16,16,16,16,16,16,16,16,18,18,18,15,16,15,16,15,16,15,16,15,16
Map_6196,10,117,8,8,8,8,8,8,8,8,8,8,8,8,8,8,8,8,8,8,8,8,8,8,8,8
Map_6197,12,37,12,12,12,14,12,12,12,12,12,12,12,12,12,12,14,12,14,12,14,12,12,12,12,12
Map_6198,11,19,10,10,10,10,10,10,10,10,10,10,10,10,10,10,10,10,10,10,10,10,10,10,10,10
Map_6199,39,60,40,37,37,41,37,21,37,21,37,21,37,21,37,21,27,21,27,21,27,21,27,21,27,21
Map_6200,37,91,39,41,46,33,28,30,28,30,28,30,28,30,28,30,24,24,24,24,24,24,24,24,24,24
Map_6201,52,86,12,12,12,12,12,12,12,12,12,12,12,12,12,12,10,10,10,10,10,10,10,10,10,10
Map_6202,25,98,27,25,25,27,25,28,25,28,25,28,25,28,25,35,24,19,24,19,24,19,25,19,25,19
Map_6203,8,29,8,8,8,8,8,8,8,8,8,8,8,8,8,8,9,8,9,8,9,8,8,8,8,8
Map_6204,22,56,14,14,15,14,16,14,16,14,16,14,16,14,16,14,14,14,14,14,14,14,14,14,14,14
Map_6205,22,72,14,14,14,14,14,14,14,14,14,14,14,14,14,14,14,14,14,14,14,14,14,14,14,14
Map_6206,19,60,8,8,8,8,8,8,8,8,8,8,8,8,8,8,8,8,8,8,8,8,8,8,8,8
Map_6207,6,21,6,6,6,6,6,6,6,6,6,6,6,6,6,6,6,6,6,6,6,6,6,6,6,6
Map_6208,34,32,12,12,18,16,12,12,12,12,12,12,12,12,12,12,12,12,12,12,12,12,12,12,12,12
Map_6209,10,19,11,11,11,11,10,10,10,10,10,10,10,10,10,10,10,10,10,10,10,10,10,10,10,10
Map_6210,12,84,14,14,14,21,14,14,14,14,14,14,14,14,14,14,12,12,12,12,12,12,12,12,12,12
Map_6211,28,46,20,20,20,19,19,19,19,19,19,19,19,19,19,19,19,17,19,17,19,17,19,17,19,17
Map_6212,44,170,42,36,42,105,25,25,25,25,25,25,25,25,25,25,25,24,25,24,25,24,25,24,25,24
Map_6213,29,42,15,15,15,15,15,15,15,15,15,15,15,15,15,15,16,15,16,15,16,15,16,15,18,15
Map_6214,13,174,11,11,11,11,11,11,11,11,11,11,11,11,11,11,11,11,18,11,18,11,11,11,11,11
Map_6215,31,159,17,17,17,27,17,17,17,17,17,17,17,17,17,17,17,17,17,17,17,17,17,17,17,17
Map_6216,35,100,28,28,28,39,24,24,24,24,24,24,24,24,24,24,24,24,24,20,24,20,24,24,24,24
Map_6217,7,104,7,7,7,11,7,7,7,7,7,7,7,7,7,7,7,7,7,7,7,7,7,7,7,7
Map_6218,11,27,12,12,12,14,11,11,11,11,11,11,11,11,11,11,12,11,12,11,12,11,11,11,11,11
Map_6219,262,153,45,45,45,53,41,43,41,43,41,43,41,43,41,43,39,39,39,39,39,39,39,40,39,40
Map_6220,16,40,10,10,10,11,10,10,10,10,10,10,10,10,10,10,10,10,10,10,10,10,10,10,10,10
Map_6221,116,77,21,21,21,21,43,28,43,28,43,28,43,28,43,28,36,19,36,19,36,19,36,19,36,19
Map_6222,88,113,36,36,36,41,36,35,36,35,36,35,36,50,50,50,32,32,24,24,24,24,36,35,36,35
Map_6223,163,74,26,26,26,26,26,26,26,26,26,26,26,26,26,26,26,26,26,26,26,26,26,26,26,26
Map_6224,8,39,8,8,8,8,8,7,8,7,8,7,8,7,7,7,8,7,8,7,8,7,8,7,8,7
Map_6225,5,17,5,5,5,5,5,5,5,5,5,5,5,5,5,5,5,5,5,5,5,5,5,5,5,5
Map_6226,8,19,6,6,6,6,6,6,6,6,6,6,6,6,6,6,6,6,6,6,9,6,6,6,6,6
Map_6227,6,12,6,6,6,6,6,6,6,6,6,6,6,6,6,6,6,6,6,6,6,6,6,6,6,6
Map_6228,49,69,35,35,35,35,28,28,28,28,28,28,28,28,28,28,28,28,28,28,31,28,28,28,28,28
Map_6229,259,132,52,52,51,52,23,51,23,51,23,51,51,51,51,51,23,23,23,23,23,23,23,51,23,51
Map_6230,45,102,24,24,27,27,27,24,27,24,27,24,24,24,24,24,28,24,28,24,28,24,28,24,28,24
Map_6231,17,47,13,13,13,16,13,13,13,13,13,13,13,13,13,13,13,13,13,13,13,13,13,13,13,13
Map_6232,62,162,12,13,12,12,13,13,13,13,13,13,13,13,13,13,13,12,13,12,13,12,13,13,13,13
Map_6233,42,70,40,40,40,23,23,23,23,23,23,23,23,23,23,23,23,23,23,23,23,23,23,23,23,23
Map_6234,18,181,11,11,13,11,11,11,11,11,11,11,11,11,11,11,11,11,11,11,11,11,11,11,11,11
Map_6235,9,24,10,10,10,11,9,9,9,9,9,9,9,9,9,9,9,9,11,9,11,9,9,9,9,9
Map_6236,5,8,5,5,5,6,5,5,5,5,5,5,5,5,5,5,5,5,5,5,5,5,5,5,5,5
Map_6237,289,141,33,33,33,34,33,34,33,34,33,34,33,34,33,34,25,25,25,25,25,25,25,25,25,25
Map_6238,65,188,44,44,44,44,44,52,44,52,44,52,44,52,44,52,47,52,51,52,51,52,47,50,47,50
Map_6239,163,234,30,30,30,53,30,30,30,30,30,30,30,30,30,30,30,30,30,37,30,37,30,30,30,30
Map_6240,14,75,8,8,8,8,8,8,8,8,8,8,8,8,8,8,8,8,8,8,8,8,8,8,8,8
Map_6241,18,37,11,11,11,19,10,10,10,10,10,10,10,10,10,10,10,10,10,10,10,10,10,10,10,10
Map_6242,11,19,11,11,11,11,9,9,9,9,9,9,9,9,9,9,9,9,9,9,9,9,9,9,9,9
Map_6243,14,29,12,12,12,12,12,12,12,12,12,12,12,12,12,12,12,12,12,12,12,12,12,12,12,12
Map_6244,32,153,29,27,29,35,27,27,27,27,27,27,27,27,27,27,28,27,28,28,28,28,28,27,28,27
Map_6245,14,55,9,9,9,9,9,9,9,9,9,9,9,9,9,9,9,9,9,9,9,9,9,9,9,9
Map_6246,40,248,17,17,20,23,18,18,18,18,18,18,18,18,18,18,17,17,17,17,17,17,17,17,17,17
Map_6247,6,14,5,5,5,5,5,5,5,5,5,5,5,5,5,5,5,5,5,5,5,5,5,5,5,5
Map_6248,12,32,12,12,12,12,12,12,12,12,12,12,12,12,12,12,12,12,12,12,12,12,12,12,12,12
Map_6249,431,335,73,73,73,51,55,54,55,54,55,54,54,54,54,54,51,41,51,42,51,42,55,41,55,41
Map_6250,6,76,6,6,6,6,6,6,6,6,6,6,6,6,6,6,6,6,6,6,6,6,6,6,6,6
Map_6251,6,10,6,6,6,6,6,6,6,6,6,6,6,6,6,6,6,6,6,6,6,6,6,6,6,6
Map_6252,8,15,6,6,6,6,6,6,6,6,6,6,6,6,6,6,6,6,6,6,6,6,6,6,6,6
Map_6253,5,25,5,5,5,5,5,5,5,5,5,5,5,5,5,5,5,5,5,5,5,5,5,5,5,5
Map_6254,9,76,8,8,11,10,9,8,9,8,9,8,8,8,8,8,9,8,9,8,9,8,9,8,9,8
Map_6255,30,48,25,25,25,25,25,25,25,25,25,25,25,25,25,25,24,16,25,16,21,16,24,24,24,24
Map_6256,6,15,6,6,6,6,6,6,6,6,6,6,6,6,6,6,6,6,6,6,6,6,6,6,6,6
Map_6257,15,69,10,10,10,10,10,10,10,10,10,10,10,10,10,10,13,10,13,10,13,10,13,10,13,10
Map_6258,17,55,12,12,12,12,12,12,12,12,12,12,12,12,12,12,22,12,22,12,22,12,17,12,12,12
Map_6259,7,16,7,7,7,7,7,7,7,7,7,7,7,7,7,7,7,7,7,7,7,7,7,7,7,7
Map_6260,16,23,10,10,10,10,11,10,11,10,11,10,10,10,10,10,11,10,11,10,11,10,11,10,11,10
Map_6261,19,206,6,6,6,6,6,6,6,6,6,6,6,6,6,6,6,6,6,6,6,6,6,6,6,6
Map_6262,18,25,16,15,16,16,15,18,15,18,15,18,15,18,15,18,15,15,15,15,15,15,15,15,15,15
Map_6263,52,53,35,27,35,39,27,27,26,26,26,26,27,27,27,27,26,26,28,21,28,21,26,26,26,26
Map_6264,16,47,16,16,16,16,16,16,16,16,16,16,16,16,16,16,17,16,17,16,17,16,17,16,17,16
Map_6265,41,116,19,19,20,19,17,17,17,17,17,17,17,17,17,17,17,17,17,17,17,17,17,17,17,17
Map_6266,9,43,9,9,9,9,9,9,9,9,9,9,9,9,9,9,9,9,9,9,9,9,9,9,9,9
Map_6267,14,120,14,14,14,15,14,14,14,14,14,14,14,14,14,14,14,14,14,14,14,14,14,14,14,14
Map_6268,5,44,5,5,5,5,5,5,5,5,5,5,5,5,5,5,5,5,5,5,5,5,5,5,5,5
Map_6269,6,220,7,6,7,7,6,6,6,6,6,6,6,6,6,6,6,6,6,6,6,6,6,6,6,6
Map_6270,161,77,40,39,39,55,39,33,39,33,39,33,39,33,39,33,36,33,39,33,39,33,36,33,36,33
Map_6271,17,34,10,10,10,12,10,10,10,10,10,10,10,10,10,10,10,10,10,10,10,10,10,10,10,10
Map_6272,9,35,13,13,13,14,12,9,12,9,12,9,12,9,12,9,9,9,9,9,9,9,9,9,9,9
Map_6273,35,87,13,13,13,13,13,13,13,13,13,13,13,13,13,13,13,13,13,13,13,13,13,13,13,13
Map_6274,9,28,7,7,7,7,7,7,7,7,7,7,7,7,7,7,7,7,7,7,7,7,7,7,7,7
Map_6275,16,36,10,10,10,10,10,10,10,10,10,10,10,10,10,10,10,10,10,10,10,10,10,10,10,10
Map_6276,14,29,11,11,11,11,11,11,11,11,11,11,11,11,11,11,11,11,11,11,11,11,11,11,11,11
Map_6277,13,80,11,11,11,11,11,11,11,11,11,11,11,11,11,11,13,11,13,11,13,11,13,11,13,11
Map_6278,63,105,35,35,41,41,35,32,35,32,35,32,35,33,37,37,23,23,23,23,23,23,23,23,23,23
Map_6279,13,23,13,13,13,14,12,12,12,12,12,12,12,12,12,12,13,12,13,12,13,12,13,12,13,12
Map_6280,10,55,10,10,10,11,10,10,10,10,10,10,10,10,10,10,10,10,10,10,10,10,10,10,10,10
Map_6281,8,13,9,9,9,9,9,9,9,9,9,9,9,8,8,8,10,8,10,8,10,8,9,8,9,8
Map_6282,17,88,16,13,16,16,17,13,17,13,17,13,13,13,13,13,17,13,17,13,17,13,17,13,17,13
Map_6283,20,41,20,20,20,22,21,21,21,21,21,21,21,21,21,21,18,18,20,18,20,18,18,18,18,18
Map_6284,20,54,10,10,10,10,10,10,10,10,10,10,10,10,10,10,10,10,10,10,10,10,10,10,10,10
Map_6285,15,70,14,14,14,15,14,14,14,14,14,14,14,14,14,14,14,14,14,14,14,14,14,14,14,14
Map_6286,4,9,4,4,4,6,4,4,4,4,4,4,4,4,4,4,4,4,4,4,4,4,4,4,4,4
Map_6287,11,47,13,13,11,12,12,12,12,12,12,12,12,12,12,12,11,11,11,11,11,11,11,11,11,11
Map_6288,20,52,11,11,11,11,11,11,11,11,11,11,11,11,11,11,11,11,11,11,11,11,11,11,11,11
Map_6289,21,315,26,26,26,22,20,20,20,20,20,20,20,20,20,20,16,16,16,16,16,16,16,16,16,16
Map_6290,9,110,7,7,7,8,7,7,7,7,7,7,7,7,7,7,7,7,7,7,7,7,7,7,7,7
Map_6291,35,133,12,12,15,21,12,12,12,12,12,12,12,12,12,12,12,12,12,12,12,12,12,12,12,12
Map_6292,8,22,6,6,6,7,6,6,6,6,6,6,6,6,6,6,6,6,6,6,6,6,6,6,6,6
Map_6293,9,33,10,10,10,14,9,9,9,9,9,9,9,9,9,9,9,9,9,9,9,9,9,9,9,9
Map_6294,10,20,11,10,11,11,11,10,11,10,11,10,10,10,10,10,11,10,11,10,11,10,11,10,11,10
Map_6295,14,42,9,9,9,14,9,9,9,9,9,9,9,9,9,9,9,9,9,9,9,9,9,9,9,9
Map_6296,28,34,19,19,19,23,16,19,16,19,16,19,16,19,16,19,18,14,18,14,18,14,17,14,17,14
Map_6297,9,24,9,9,9,13,10,9,10,9,10,9,10,9,10,9,10,9,10,9,10,9,10,9,10,9
Map_6298,16,166,15,15,15,18,16,15,16,15,16,15,16,15,16,15,13,15,13,13,13,13,13,15,13,15
Map_6299,26,78,14,14,14,27,14,15,14,15,14,15,14,15,14,15,14,14,17,14,22,14,15,14,15,14
Map_6300,38,44,27,25,27,31,30,25,30,25,30,25,30,25,30,25,30,25,30,25,30,25,30,25,30,25
Map_6301,9,34,9,9,9,9,9,9,9,9,9,9,9,9,9,9,9,8,9,8,9,8,9,8,9,8
Map_6302,12,36,14,12,14,14,12,12,12,12,12,12,12,12,12,12,13,12,13,12,13,12,13,12,12,12
Map_6303,12,27,8,8,8,9,8,8,8,8,8,8,8,8,8,8,8,8,8,8,8,8,8,8,8,8
Map_6304,47,74,19,19,19,19,19,19,19,19,19,19,19,19,19,19,19,16,19,16,19,16,19,16,19,16
Map_6305,12,68,12,12,12,14,12,12,12,12,12,12,12,12,12,13,12,12,12,12,12,12,12,12,12,12
Map_6306,45,91,42,42,42,25,20,20,20,20,20,20,20,20,20,20,20,20,20,20,20,20,20,20,20,20
Map_6307,6,13,6,6,6,6,6,6,6,6,6,6,6,6,6,6,6,6,6,6,6,6,6,6,6,6
Map_6308,12,28,12,12,12,12,12,12,12,12,12,12,12,12,12,12,12,12,12,12,12,12,12,12,12,12
Map_6309,6,15,5,5,5,5,5,5,5,5,5,5,5,5,5,5,5,5,5,5,5,5,5,5,5,5
Map_6310,11,22,12,12,12,12,12,9,12,9,12,9,11,9,11,9,10,9,10,9,10,9,10,9,10,9
Map_6311,8,19,9,9,9,9,9,9,9,9,9,9,9,9,9,9,9,8,9,8,9,8,9,8,9,8
Map_6312,61,106,40,40,40,53,39,35,39,35,39,35,39,43,39,43,22,22,22,22,22,22,22,25,22,25
Map_6313,99,65,36,36,36,52,43,38,43,38,43,38,43,38,43,38,35,35,35,35,35,35,40,35,40,35
Map_6314,95,142,30,30,27,30,30,28,30,28,30,28,30,28,30,28,27,25,27,25,27,25,30,25,30,25
Map_6315,36,53,29,24,29,29,24,24,28,24,28,24,24,24,24,24,26,24,26,24,26,24,24,24,24,24
Map_6316,9,26,9,8,9,16,8,8,8,8,8,8,8,8,8,8,8,8,8,8,8,8,8,8,8,8
Map_6317,20,25,15,14,15,22,16,16,16,16,16,16,16,16,16,16,14,16,14,16,14,16,14,16,14,16
Map_6318,24,93,14,14,14,14,14,14,14,14,14,14,14,14,14,14,14,14,14,14,16,14,14,14,14,14
Map_6319,34,77,13,13,13,23,13,13,13,13,13,13,13,13,13,13,13,13,13,13,13,13,13,13,13,13
Map_6320,9,65,9,9,9,24,10,9,10,9,10,9,10,9,10,9,10,9,10,9,10,9,10,9,10,9
Map_6321,7,12,7,7,7,7,7,7,7,7,7,7,7,7,7,7,7,7,7,7,7,7,7,7,7,7
Map_6322,61,46,29,29,29,29,29,29,29,29,29,29,29,29,29,29,27,27,36,27,36,27,27,27,27,27
Map_6323,5,11,5,5,5,5,5,5,5,5,5,5,5,5,5,5,5,5,5,5,5,5,5,5,5,5
Map_6324,6,12,6,6,6,8,6,6,6,6,6,6,6,6,6,6,6,6,6,6,6,6,6,6,6,6
Map_6325,101,117,34,34,69,34,56,34,56,34,56,34,56,34,56,34,23,23,23,23,23,23,23,23,23,23
Map_6326,22,60,15,15,15,15,12,12,12,12,12,12,12,12,12,12,12,12,12,12,12,12,12,12,12,12
Map_6327,17,200,15,15,15,15,15,15,15,15,15,15,15,15,15,15,13,13,15,13,15,13,13,13,13,13
Map_6328,15,86,12,11,12,12,12,11,12,11,12,11,11,11,11,11,12,11,12,11,12,11,12,11,12,11
Map_6329,11,29,7,7,7,7,7,7,7,7,7,7,7,7,7,7,7,7,7,7,7,7,7,7,7,7
Map_6330,10,30,12,12,12,12,12,12,12,12,12,12,12,12,12,12,12,10,12,10,12,10,12,10,12,10
Map_6331,9,149,9,9,9,9,9,9,9,9,9,9,9,9,9,9,9,9,9,9,9,9,9,9,9,9
Map_6332,29,48,16,16,16,16,16,18,16,18,16,18,16,18,16,18,16,16,16,16,16,16,16,18,16,18
Map_6333,7,119,7,7,7,7,7,7,7,7,7,7,7,7,7,7,7,7,7,7,7,7,7,7,7,7
Map_6334,24,95,14,14,14,14,14,14,14,14,14,14,14,14,14,14,14,14,14,14,14,14,14,14,14,14
Map_6335,42,72,27,27,31,27,27,28,27,28,27,28,27,28,27,28,23,21,23,21,23,21,23,21,23,21
Map_6336,12,24,10,10,10,11,10,10,10,10,10,10,10,10,10,10,11,10,11,10,11,10,10,10,10,10
Map_6337,7,122,7,7,7,7,7,7,7,7,7,7,7,7,7,7,7,7,7,7,7,7,7,7,7,7
Map_6338,9,30,9,9,9,9,9,9,9,9,9,9,9,9,9,9,9,9,9,9,9,9,9,9,9,9
Map_6339,33,56,23,23,24,22,21,34,18,34,18,34,21,23,21,23,18,18,25,19,25,19,18,18,18,18
Map_6340,23,71,16,16,16,16,14,14,14,14,14,14,14,14,14,14,14,14,17,14,17,14,14,14,14,14
Map_6341,9,22,7,7,7,7,7,7,7,7,7,7,7,7,7,7,7,7,7,7,7,7,7,7,7,7
Map_6342,20,63,14,14,14,17,14,14,14,14,14,14,14,14,14,14,14,14,14,14,14,14,14,14,14,14
Map_6343,21,79,40,31,40,40,20,21,20,21,20,21,19,21,19,21,20,19,20,20,20,20,20,21,20,21
Map_6344,4,8,4,4,4,4,4,4,4,4,4,4,4,4,4,4,4,4,4,4,4,4,4,4,4,4
Map_6345,24,62,24,20,24,26,20,20,20,20,20,20,20,20,20,20,26,20,26,20,26,20,20,20,20,20
Map_6346,24,119,25,18,23,27,18,20,18,20,18,20,18,18,18,18,18,20,19,20,19,20,18,20,18,20
Map_6347,8,15,8,8,8,8,8,8,8,8,8,8,8,8,8,8,8,8,10,8,10,8,8,8,8,8
Map_6348,25,157,19,19,19,19,19,17,19,17,19,17,19,17,19,17,17,17,17,17,17,17,19,17,19,17
Map_6349,8,57,8,8,8,8,8,8,8,8,8,8,8,8,8,8,8,8,8,8,8,8,8,8,8,8
Map_6350,35,72,23,23,23,26,28,27,28,27,28,27,27,27,29,29,17,17,17,17,17,17,17,17,17,17
Map_6351,14,160,10,10,10,12,10,10,10,10,10,10,10,10,10,10,16,10,16,10,16,10,10,10,10,10
Map_6352,22,84,17,17,17,17,17,18,17,18,17,18,17,18,17,18,15,13,15,13,15,13,15,13,15,13
Map_6353,17,95,12,12,12,12,12,12,12,12,12,12,12,12,12,12,12,12,12,12,12,12,12,12,12,12
Map_6354,27,47,33,30,32,33,23,31,23,31,23,31,30,30,30,30,24,23,24,23,24,23,24,31,23,31
Map_6355,9,51,9,9,9,9,9,9,9,9,9,9,9,9,9,9,9,9,9,9,9,9,9,9,9,9
Map_6356,17,47,14,14,14,19,14,15,14,15,14,15,14,15,14,15,15,15,15,15,15,15,14,15,14,15
Map_6357,282,101,67,67,67,67,37,42,37,42,37,42,37,42,37,42,39,37,39,37,39,37,39,37,39,37
Map_6358,9,233,9,9,9,9,9,9,9,9,9,9,9,9,9,9,9,9,9,9,9,9,9,9,9,9
Map_6359,14,49,10,10,10,10,10,10,10,10,10,10,10,10,10,10,10,10,10,10,10,10,10,10,10,10
Map_6360,79,61,32,32,32,39,39,25,39,25,39,25,39,25,39,25,42,25,42,25,42,25,44,25,44,25
Map_6361,9,28,10,10,10,10,9,9,9,9,9,9,9,9,9,9,9,9,9,9,10,9,9,9,9,9
Map_6362,10,73,8,8,8,13,8,8,8,8,8,8,8,8,8,8,8,8,8,8,8,8,8,8,8,8
Map_6363,9,14,7,7,7,7,8,7,8,7,8,7,8,7,8,7,8,7,8,7,8,7,8,7,8,7
Map_6364,18,132,16,16,16,25,14,14,14,14,14,14,14,14,14,14,14,14,14,14,14,14,14,14,14,14
Map_6365,10,43,8,8,8,8,8,8,8,8,8,8,8,8,8,8,9,8,9,8,9,8,8,8,8,8
Map_6366,13,28,8,8,8,10,8,8,8,8,8,8,8,8,8,8,8,8,8,8,8,8,8,8,8,8
Map_6367,15,47,9,9,9,10,9,9,9,9,9,9,9,9,9,9,9,9,9,9,9,9,9,9,9,9
Map_6368,17,60,18,18,17,18,18,17,18,17,18,17,18,17,18,17,19,13,19,13,19,13,19,13,19,13
Map_6369,9,42,7,7,7,7,7,7,7,7,7,7,7,7,7,7,7,7,7,7,7,7,7,7,7,7
Map_6370,8,24,8,8,8,11,8,8,8,8,8,8,8,8,8,8,10,8,10,8,10,8,8,8,8,8
Map_6371,10,25,11,10,11,11,11,10,11,10,11,10,10,10,10,10,10,10,10,10,10,10,10,10,10,10
Map_6372,22,25,13,13,13,12,12,12,12,12,12,12,12,12,12,12,12,12,12,12,12,12,12,12,12,12
Map_6373,14,57,14,14,14,17,19,14,19,14,19,14,19,14,19,14,17,14,17,17,17,17,19,14,19,14
Map_6374,197,116,14,14,14,43,21,14,21,14,21,14,23,14,23,23,21,14,21,14,21,14,21,14,21,14
Map_6375,18,34,17,17,17,21,15,17,15,17,15,17,15,17,15,17,15,15,15,15,15,15,15,15,15,15
Map_6376,11,40,9,9,8,9,8,8,8,8,8,8,8,8,8,8,9,8,9,8,9,8,8,8,8,8
Map_6377,17,51,15,15,15,15,15,15,15,15,15,15,15,15,15,15,16,15,16,15,16,15,15,15,15,15
Map_6378,9,28,9,9,9,9,9,9,9,9,9,9,9,9,9,9,9,9,9,9,9,9,9,9,9,9
Map_6379,17,93,13,13,13,13,13,13,13,13,13,13,13,13,13,13,14,13,16,13,16,13,13,13,13,13
Map_6380,8,23,8,8,8,8,8,8,8,8,8,8,8,8,8,8,8,8,8,8,8,8,8,8,8,8
Map_6381,11,24,10,10,10,10,10,10,10,10,10,10,10,10,10,10,10,10,10,10,10,10,10,10,10,10
Map_6382,14,51,11,11,11,11,11,11,11,11,11,11,11,11,11,11,11,11,11,11,11,11,11,11,11,11
Map_6383,52,237,35,35,46,35,33,38,33,38,33,38,33,38,33,38,33,38,33,38,33,38,33,38,33,38
Map_6384,29,80,23,23,12,23,23,12,23,12,23,12,23,12,25,12,23,12,24,12,24,12,23,12,23,12
Map_6385,54,72,28,26,23,25,18,23,18,23,18,23,18,23,18,23,18,15,18,15,18,15,18,15,18,15
Map_6386,17,78,21,21,21,31,17,19,17,19,17,19,17,19,17,19,17,15,17,15,17,15,17,15,17,15
Map_6387,69,114,42,42,50,47,44,44,43,43,43,43,44,44,44,44,43,33,43,33,43,33,43,33,43,33
Map_6388,15,46,17,15,14,17,15,15,15,15,15,15,15,15,15,15,14,14,14,13,14,13,14,14,14,14
Map_6389,293,177,18,18,18,60,26,27,26,27,26,27,26,27,26,27,47,18,47,18,47,18,26,18,26,18
Map_6390,5,51,5,5,5,5,5,5,5,5,5,5,5,5,5,5,5,5,5,5,5,5,5,5,5,5
Map_6391,133,159,19,18,19,18,18,18,18,18,18,18,18,18,18,18,18,18,18,18,18,18,18,18,18,18
Map_6392,35,68,24,17,24,25,17,17,17,17,17,17,17,17,17,17,17,17,17,17,17,17,17,17,17,17
Map_6393,14,19,12,12,12,12,12,12,12,12,12,12,12,12,12,12,12,12,12,12,12,12,12,12,12,12
Map_6394,19,67,13,13,13,11,11,11,11,11,11,11,11,11,11,11,12,11,12,11,12,11,12,11,12,11
Map_6395,45,71,19,19,19,19,20,19,20,19,20,19,19,19,19,19,18,15,18,15,18,15,15,15,15,15
Map_6396,7,14,7,7,7,7,7,7,7,7,7,7,7,7,7,7,7,7,9,7,9,7,7,7,7,7
Map_6397,67,47,27,27,30,46,21,27,21,27,21,27,20,27,20,27,21,20,21,20,21,20,21,20,21,20
Map_6398,16,41,21,21,21,20,19,19,19,19,19,19,19,19,19,19,20,18,16,16,16,16,19,18,19,18
Map_6399,32,44,21,21,21,22,21,18,21,18,21,18,21,18,21,18,22,21,22,21,23,22,21,21,21,21
Map_6400,29,38,15,15,15,15,15,15,15,15,15,15,15,15,15,15,13,13,13,13,16,13,13,13,13,13
Map_6401,19,23,19,19,19,22,17,13,17,13,17,13,17,13,17,13,16,13,18,13,18,13,16,13,16,13
Map_6402,38,272,24,24,45,26,24,24,24,24,24,24,24,24,24,24,24,24,24,24,24,24,24,24,24,24
Map_6403,11,23,13,13,13,13,13,13,13,13,13,13,13,13,13,13,13,11,16,11,16,11,13,11,13,11
Map_6404,26,56,26,26,26,33,33,26,33,26,33,26,33,26,33,26,38,26,40,26,40,26,38,26,38,26
Map_6405,7,13,10,8,8,10,8,7,8,7,8,7,8,7,8,7,8,7,8,7,8,7,8,7,8,7
Map_6406,260,104,54,56,37,56,27,38,27,38,27,38,27,41,27,41,22,24,21,18,21,18,27,38,27,38
Map_6407,17,64,12,12,12,19,12,12,12,12,12,12,12,12,12,12,11,11,11,11,11,11,11,11,11,11
Map_6408,11,69,13,11,13,23,12,11,12,11,12,11,11,11,11,11,15,11,15,11,15,11,11,11,11,11
Map_6409,16,61,12,12,12,12,12,12,12,12,12,12,12,12,12,12,12,12,12,12,12,12,12,12,12,12
Map_6410,38,49,22,22,22,24,22,22,22,23,22,23,22,22,22,22,23,22,23,22,23,22,23,22,22,22
Map_6411,10,46,10,10,10,19,10,10,10,10,10,10,10,10,10,10,10,10,10,10,10,10,10,10,10,10
Map_6412,9,13,8,8,8,9,8,8,8,8,8,8,8,8,8,8,8,8,8,8,8,8,8,8,8,8
Map_6413,10,63,10,10,10,17,10,10,10,10,10,10,10,10,10,10,13,10,13,10,13,10,10,10,10,10
Map_6414,17,31,11,11,11,22,11,11,11,11,11,11,11,11,11,11,11,11,11,11,11,11,11,11,11,11
Map_6415,64,78,22,22,29,24,22,22,22,22,22,22,22,22,22,22,19,19,19,19,19,19,19,19,19,19
Map_6416,6,52,6,6,6,6,6,6,6,6,6,6,6,6,6,6,6,6,8,6,8,6,6,6,6,6
Map_6417,47,77,44,44,44,44,30,30,30,30,30,30,30,30,30,30,29,34,29,29,29,29,34,34,34,34
Map_6418,8,26,8,8,8,8,8,8,8,8,8,8,8,8,8,8,8,8,8,8,8,8,8,8,8,8
Map_6419,17,102,15,15,15,24,19,15,19,15,19,15,17,15,17,15,20,15,20,15,20,15,19,15,19,15
Map_6420,17,35,16,16,16,21,15,16,15,16,15,16,15,16,15,16,15,16,15,16,15,16,15,16,15,16
Map_6421,15,73,15,15,15,15,18,15,18,15,18,15,18,15,18,15,18,13,17,13,17,13,18,13,18,13
Map_6422,48,48,24,24,24,24,24,23,24,23,24,23,24,23,24,23,24,23,24,23,24,23,24,23,24,23
Map_6423,5,8,5,5,5,5,5,5,5,5,5,5,5,5,5,5,5,5,5,5,5,5,5,5,5,5
Map_6424,51,115,21,20,21,18,18,18,18,18,18,18,18,18,18,18,20,18,20,18,20,18,20,18,20,18
Map_6425,62,249,51,51,51,70,56,51,56,51,56,51,51,51,51,51,48,48,42,42,42,42,48,51,48,51
Map_6426,25,132,13,13,13,13,13,13,13,13,13,13,13,13,13,13,12,12,12,12,12,12,12,12,12,12
Map_6427,9,26,9,9,9,9,9,9,9,9,9,9,9,9,9,9,9,9,9,9,9,9,9,9,9,9
Map_6428,26,72,14,13,14,20,15,13,15,13,15,13,15,13,15,13,15,13,15,13,15,13,15,13,15,13
Map_6429,10,67,9,9,9,9,9,9,9,9,9,9,9,9,9,9,9,9,9,9,9,9,9,9,9,9
Map_6430,7,14,8,8,8,8,8,7,8,7,8,7,7,7,7,7,8,8,8,8,8,8,8,7,8,7
Map_6431,10,19,5,5,5,5,5,5,5,5,5,5,5,5,5,5,5,5,8,5,8,5,5,5,5,5
Map_6432,48,130,27,27,27,23,23,23,23,23,23,23,23,23,23,23,21,23,21,23,21,23,21,23,21,23
Map_6433,19,109,11,11,11,16,11,11,11,11,11,11,11,11,11,11,12,11,12,11,12,11,12,11,11,11
Map_6434,25,127,13,13,13,22,13,13,13,13,13,13,13,13,13,13,13,13,13,13,13,13,13,13,13,13
Map_6435,9,21,8,8,8,9,8,8,8,8,8,8,8,8,8,8,8,8,8,8,8,8,8,8,8,8
Map_6436,18,108,16,16,16,18,16,13,16,13,16,13,16,13,16,13,13,13,14,13,14,13,13,13,16,13
Map_6437,6,35,6,6,6,7,6,6,6,6,6,6,6,6,6,6,6,6,6,6,6,6,6,6,6,6
Map_6438,8,27,7,7,7,8,7,7,7,7,7,7,7,7,7,7,7,7,7,7,7,7,7,7,7,7
Map_6439,24,84,27,24,27,28,24,24,24,24,24,24,24,24,24,24,26,24,26,24,26,24,26,24,26,24
Map_6440,36,166,27,27,28,34,28,26,28,26,28,26,27,26,26,26,22,24,22,24,22,19,22,26,22,26
Map_6441,11,34,7,7,7,7,7,7,7,7,7,7,7,7,7,7,7,7,7,7,7,7,7,7,7,7
Map_6442,13,24,11,11,11,11,11,11,11,11,11,11,11,11,11,11,11,11,12,11,12,11,11,11,11,11
Map_6443,4,15,4,4,4,4,4,4,4,4,4,4,4,4,4,4,4,4,4,4,4,4,4,4,4,4
Map_6444,17,121,11,11,13,14,11,11,11,11,11,11,11,11,11,11,11,11,11,11,11,11,11,11,11,11
Map_6445,38,23,16,16,15,16,16,16,16,16,16,16,16,16,16,16,16,15,16,15,16,15,16,15,16,15
Map_6446,36,71,16,16,16,16,16,16,16,16,16,16,16,16,16,16,17,16,17,16,17,16,16,16,16,16
Map_6447,27,45,20,19,20,20,19,19,19,19,19,19,19,19,19,19,16,16,18,16,18,16,16,16,16,16
Map_6448,9,19,9,9,9,11,9,9,9,9,9,9,9,9,9,9,11,9,11,9,11,9,9,9,9,9
Map_6449,16,155,8,8,8,13,8,8,8,8,8,8,8,8,8,8,8,8,8,8,8,8,8,8,8,8
Map_6450,43,70,28,28,28,31,27,27,27,27,27,27,27,27,27,27,27,27,27,24,27,24,27,27,27,27
Map_6451,21,115,10,10,10,10,10,10,10,10,10,10,10,10,10,10,10,10,10,10,10,10,10,10,10,10
Map_6452,19,148,11,11,15,11,11,11,11,11,11,11,11,11,11,11,14,11,14,11,14,11,11,11,11,11
Map_6453,16,68,16,16,16,16,16,16,16,16,16,16,16,16,16,16,16,16,16,16,16,16,16,16,16,16
Map_6454,23,47,15,15,15,15,31,23,31,23,31,23,31,23,31,23,29,15,29,15,29,15,29,15,29,15
Map_6455,35,38,17,17,17,17,17,22,17,22,17,22,17,22,17,22,15,13,15,13,15,13,15,13,15,13
Map_6456,7,31,6,6,6,6,6,6,6,6,6,6,6,6,6,6,6,6,6,6,6,6,6,6,6,6
Map_6457,5,9,6,6,6,7,5,5,5,5,5,5,5,5,5,5,6,5,6,5,6,5,5,5,5,5
Map_6458,43,170,23,23,23,23,19,23,19,23,19,23,19,23,19,23,19,19,19,19,19,19,19,19,19,19
Map_6459,7,34,7,6,6,7,6,6,6,6,6,6,6,6,6,6,6,6,6,6,6,6,6,6,6,6
Map_6460,6,12,6,6,6,6,6,6,6,6,6,6,6,6,6,6,6,6,6,6,6,6,6,6,6,6
Map_6461,9,18,9,9,9,16,9,9,9,9,9,9,9,9,9,9,9,9,9,9,9,9,9,9,9,9
Map_6462,10,26,10,10,10,12,10,10,10,10,10,10,10,10,10,10,10,10,10,10,10,10,10,10,10,10
Map_6463,14,54,13,12,12,13,12,12,12,12,12,12,12,12,12,12,12,12,12,12,12,12,12,12,12,12
Map_6464,18,141,16,16,16,27,16,16,16,16,16,16,16,16,16,16,16,16,18,16,18,16,16,16,16,16
Map_6465,22,389,19,19,22,21,19,19,19,19,19,19,19,19,19,19,19,19,19,19,19,19,19,19,19,19
Map_6466,8,196,8,8,8,10,8,8,8,8,8,8,8,8,8,8,8,8,8,8,8,8,8,8,8,8
Map_6467,7,12,7,7,7,9,7,7,7,7,7,7,7,7,7,7,7,7,7,7,7,7,7,7,7,7
Map_6468,16,56,15,15,15,15,15,15,15,15,15,15,15,15,15,15,16,15,16,15,16,15,15,15,15,15
Map_6469,23,67,14,14,14,16,15,15,15,15,15,15,15,15,15,15,15,14,15,14,15,14,15,14,15,14
Map_6470,8,12,8,8,8,9,8,8,8,8,8,8,8,8,8,8,8,8,8,8,8,8,8,8,8,8
Map_6471,6,20,6,6,6,7,6,6,6,6,6,6,6,6,6,6,7,6,11,6,11,6,6,6,6,6
Map_6472,8,20,8,8,8,8,8,8,8,8,8,8,8,8,8,8,8,8,8,8,12,8,8,8,8,8
Map_6473,230,119,45,208,45,27,22,69,22,65,22,65,22,115,22,115,22,22,22,22,22,22,22,38,22,66
Map_6474,12,72,13,13,13,25,13,12,13,12,13,12,12,12,12,12,13,12,13,12,13,12,13,12,13,12
Map_6475,19,82,9,9,9,9,9,9,9,9,9,9,9,9,9,9,9,9,9,9,9,9,9,9,9,9
Map_6476,7,120,7,7,7,7,7,7,7,7,7,7,7,7,7,7,10,7,10,7,10,7,7,7,7,7
Map_6477,7,48,7,7,7,7,7,7,7,7,7,7,7,7,7,7,7,7,7,7,7,7,7,7,7,7
Map_6478,15,68,9,9,9,9,9,9,9,9,9,9,9,9,9,9,9,9,13,9,13,9,9,9,9,9
Map_6479,15,41,16,15,16,16,20,15,20,15,20,15,20,15,20,15,15,15,15,15,15,15,15,15,15,15
Map_6480,9,13,8,8,8,12,8,8,8,8,8,8,8,8,8,8,8,8,8,8,8,8,8,8,8,8
Map_6481,28,71,16,16,16,28,16,16,16,16,16,16,16,16,16,16,16,16,16,16,16,16,16,16,16,16
Map_6482,7,15,7,7,7,10,6,6,6,6,6,6,6,6,6,6,6,6,6,6,6,6,6,6,6,6
Map_6483,21,121,15,15,15,23,15,15,15,15,15,15,15,15,15,15,19,15,19,15,19,15,19,15,19,15
Map_6484,19,161,12,12,12,12,12,12,12,12,12,12,12,12,12,12,12,12,12,12,12,12,12,12,12,12
Map_6485,13,46,13,12,13,13,13,12,13,12,13,12,12,12,12,12,13,12,13,12,13,12,13,12,13,12
Map_6486,191,213,36,36,36,42,35,31,35,31,35,31,35,31,35,31,31,26,31,26,31,26,31,26,31,26
Map_6487,25,85,13,13,13,37,13,13,13,13,13,13,13,13,13,13,13,13,13,13,13,13,13,13,13,13
Map_6488,18,29,13,13,13,11,11,11,11,11,11,11,11,11,11,11,11,11,11,11,11,11,11,11,11,11
Map_6489,18,24,12,12,13,12,11,11,11,11,11,11,11,11,11,11,12,11,12,11,12,11,11,11,11,11
Map_6490,10,50,10,10,10,14,10,10,10,10,10,10,10,10,10,10,10,10,14,10,14,10,10,10,10,10
Map_6491,19,128,19,19,19,19,19,19,19,19,19,19,19,20,20,20,19,19,19,19,19,19,19,19,19,19
Map_6492,12,22,12,12,13,12,12,12,12,12,12,12,12,12,12,12,13,12,13,12,13,12,12,12,12,12
Map_6493,19,27,18,18,14,22,18,16,18,16,18,16,16,16,16,16,18,14,19,14,19,14,18,14,18,14
Map_6494,9,69,8,8,8,8,8,8,8,8,8,8,8,8,8,8,8,8,8,8,8,8,8,8,8,8
Map_6495,5,8,5,5,5,6,5,5,5,5,5,5,5,5,5,5,6,5,6,5,6,5,5,5,5,5
Map_6496,26,36,16,16,16,16,16,16,16,16,16,16,16,16,16,16,16,15,16,15,16,15,16,15,16,15
Map_6497,26,47,17,17,17,18,23,23,23,23,23,23,23,23,23,23,19,17,19,17,19,17,19,17,19,17
Map_6498,12,17,12,12,12,12,12,12,12,12,12,12,12,12,12,12,13,12,13,12,13,12,12,12,12,12
Map_6499,14,34,12,12,12,15,12,12,12,12,12,12,12,12,12,12,12,12,12,12,12,12,12,12,12,12
Map_6500,12,43,9,9,9,29,16,9,16,9,16,9,16,9,16,9,12,9,12,9,12,9,12,9,12,9
Map_6501,122,130,45,55,55,49,31,31,31,31,31,31,31,31,31,31,31,31,40,31,40,31,31,31,31,31
Map_6502,7,148,7,7,7,13,7,7,7,7,7,7,7,7,7,7,7,7,7,7,7,7,7,7,7,7
Map_6503,15,23,12,12,12,12,12,12,12,12,12,12,12,12,12,12,12,12,19,12,19,12,12,12,12,12
Map_6504,8,56,6,6,6,6,6,6,6,6,6,6,6,6,6,6,6,6,6,6,6,6,6,6,6,6
Map_6505,47,86,13,13,13,16,13,13,13,13,13,13,13,13,13,13,13,13,13,13,13,13,13,13,13,13
Map_6506,38,95,30,30,26,35,30,17,30,17,30,17,30,17,30,17,26,17,26,17,26,17,26,17,26,17
Map_6507,27,33,16,16,16,16,16,16,16,16,16,16,16,16,16,16,17,16,17,16,17,16,16,16,16,16
Map_6508,12,58,8,8,8,8,8,8,8,8,8,8,8,8,8,8,8,8,8,8,8,8,8,8,8,8
Map_6509,10,33,10,10,10,10,10,10,10,10,10,10,10,10,10,10,10,9,10,9,10,9,10,9,10,9
Map_6510,6,25,6,6,6,6,6,6,6,6,6,6,6,6,6,6,6,6,6,6,6,6,6,6,6,6
Map_6511,65,105,20,20,25,24,21,20,21,20,21,20,20,20,20,20,21,20,22,20,22,20,21,20,21,20
Map_6512,11,38,9,8,9,9,9,8,9,8,9,8,8,8,8,8,9,8,9,8,9,8,9,8,9,8
Map_6513,5,8,6,5,5,6,5,5,5,5,5,5,5,5,5,5,5,5,5,5,5,5,5,5,5,5
Map_6514,12,42,12,12,12,29,18,12,18,12,18,12,18,12,18,12,20,12,20,12,20,12,20,12,20,12
Map_6515,6,21,6,6,6,10,6,6,6,6,6,6,6,6,6,6,6,6,6,6,6,6,6,6,6,6
Map_6516,14,79,14,14,14,14,14,14,14,14,14,14,14,15,15,15,14,13,14,13,14,13,14,13,14,13
Map_6517,5,9,5,5,5,6,5,5,5,5,5,5,5,5,5,5,5,5,5,5,5,5,5,5,5,5
Map_6518,7,45,7,7,7,9,7,7,7,7,7,7,7,7,7,7,7,7,7,7,7,7,7,7,7,7
Map_6519,19,35,16,16,16,16,16,16,16,16,16,16,16,16,16,16,16,16,16,16,16,16,16,16,16,16
Map_6520,67,117,37,18,18,38,18,18,18,18,18,18,18,18,18,18,18,18,18,18,18,18,18,18,18,18
Map_6521,11,25,11,11,11,25,14,11,14,11,14,11,13,11,13,11,14,11,14,11,14,11,14,11,14,11
Map_6522,30,42,17,17,17,18,17,17,17,17,17,17,17,17,17,17,17,17,17,17,17,17,17,17,17,17
Map_6523,35,150,23,26,23,23,26,26,26,26,26,26,26,26,26,26,25,23,25,23,25,23,25,25,25,25
Map_6524,20,41,16,16,16,14,11,11,11,11,11,11,11,11,11,11,11,11,11,11,11,11,11,11,11,11
Map_6525,28,197,47,47,48,64,20,19,20,19,20,19,19,19,19,19,20,19,20,19,20,19,20,19,20,19
Map_6526,6,29,14,7,6,16,10,6,10,6,10,6,10,6,10,6,10,6,10,6,10,6,10,6,10,6
Map_6527,39,65,17,17,13,21,16,13,16,13,16,13,16,13,16,13,16,13,16,13,16,13,16,13,16,13
Map_6528,7,25,7,7,7,7,7,7,7,7,7,7,7,7,7,7,7,7,7,7,7,7,7,7,7,7
Map_6529,8,30,7,7,7,14,7,7,7,7,7,7,7,7,7,7,7,7,7,7,7,7,7,7,7,7
Map_6530,269,170,10,10,10,10,10,10,10,10,10,10,10,10,10,10,10,10,14,10,14,10,10,10,10,10
Map_6531,8,23,8,8,8,10,8,8,8,8,8,8,8,8,8,8,8,8,8,8,8,8,8,8,8,8
Map_6532,20,30,13,13,13,13,13,13,13,13,13,13,13,13,13,13,15,13,15,13,15,13,15,13,13,13
Map_6533,7,14,7,7,7,7,7,7,7,7,7,7,7,7,7,7,7,7,7,7,7,7,7,7,7,7
Map_6534,18,38,12,12,12,13,12,12,12,12,12,12,12,12,12,12,14,12,14,12,14,12,14,12,12,12
Map_6535,5,9,7,5,5,7,5,5,5,5,5,5,5,5,5,5,6,5,6,5,6,5,5,5,5,5
Map_6536,6,17,6,6,6,6,6,6,6,6,6,6,6,6,6,6,6,6,6,6,6,6,6,6,6,6
Map_6537,11,22,11,11,11,11,11,12,11,12,11,12,11,12,11,12,11,11,11,11,11,11,11,11,11,11
Map_6538,20,51,15,13,14,15,14,13,14,13,14,13,13,13,13,13,14,12,14,12,14,12,14,12,14,12
Map_6539,7,41,7,7,7,13,7,7,7,7,7,7,7,7,7,7,7,7,7,7,7,7,7,7,7,7
Map_6540,5,23,5,5,5,5,5,5,5,5,5,5,5,5,5,5,5,5,5,5,5,5,5,5,5,5
Map_6541,8,18,7,7,7,7,7,7,7,7,7,7,7,7,7,7,7,7,7,7,7,7,7,7,7,7
Map_6542,31,44,19,19,19,20,19,19,19,19,19,19,19,19,19,19,19,19,19,19,19,19,19,19,19,19
Map_6543,9,41,9,9,9,12,9,9,9,9,9,9,9,9,9,9,11,9,11,9,11,9,9,9,9,9
Map_6544,20,32,21,21,21,21,18,18,18,18,18,18,18,18,18,18,18,18,18,18,18,18,18,18,18,18
Map_6545,17,64,19,16,19,19,17,15,17,15,17,15,17,15,17,15,17,15,17,15,17,15,17,15,17,15
Map_6546,9,16,9,9,9,9,9,9,9,9,9,9,9,9,9,9,9,9,9,9,9,9,9,9,9,9
Map_6547,26,33,19,19,22,21,19,19,19,19,19,19,19,19,19,19,18,18,18,18,18,18,18,18,18,18
Map_6548,26,49,11,11,11,11,10,11,10,11,10,11,10,11,10,11,10,10,10,10,10,10,10,10,10,10
Map_6549,8,37,11,8,8,14,8,8,8,8,8,8,8,8,8,8,8,8,8,8,8,8,8,8,8,8
Map_6550,6,15,5,5,5,5,5,5,5,5,5,5,5,5,5,5,5,5,5,5,5,5,5,5,5,5
Map_6551,22,44,18,17,17,18,17,17,17,17,17,17,17,17,17,17,17,17,17,17,17,17,17,17,17,17
Map_6552,7,26,7,6,6,8,6,6,6,6,6,6,6,6,6,6,6,6,6,6,6,6,6,6,6,6
Map_6553,14,60,14,14,14,14,14,14,14,14,14,14,14,14,14,14,14,14,14,14,14,14,14,14,14,14
Map_6554,19,66,13,13,13,24,13,13,14,13,14,13,13,13,13,13,14,13,14,14,14,14,13,13,13,13
Map_6555,18,25,17,17,17,17,17,17,17,17,17,17,17,17,17,17,17,17,17,17,17,17,17,17,17,17
Map_6556,40,70,15,15,25,16,15,15,15,15,15,15,15,15,15,15,15,15,15,15,15,15,15,15,15,15
Map_6557,9,13,9,9,9,11,9,9,9,9,9,9,9,9,9,9,11,9,11,9,11,9,9,9,9,9
Map_6558,128,204,51,50,51,49,48,35,48,35,48,35,48,35,48,35,42,39,42,35,42,35,48,39,48,39
Map_6559,64,121,10,10,9,10,9,9,9,9,9,9,9,9,9,9,9,9,9,9,9,9,9,9,9,9
Map_6560,41,158,29,27,29,31,27,27,27,27,27,27,27,27,27,27,19,18,19,18,19,18,19,18,19,18
Map_6561,10,85,10,10,10,12,11,10,11,10,11,10,11,10,11,10,11,10,11,10,11,10,11,10,11,10
Map_6562,14,109,8,8,8,8,8,8,8,8,8,8,8,8,8,8,8,8,8,8,8,8,8,8,8,8
Map_6563,18,67,12,12,12,12,12,12,12,12,12,12,12,12,12,12,12,12,12,12,16,13,12,12,12,12
Map_6564,13,129,13,13,13,13,13,12,13,12,13,12,12,12,12,12,13,12,13,12,13,12,13,12,13,12
Map_6565,44,182,28,27,22,28,28,22,28,22,28,22,27,27,27,27,26,22,26,22,26,22,28,22,28,22
Map_6566,11,14,9,9,9,10,9,9,9,9,9,9,9,9,9,9,9,9,9,9,9,9,9,9,9,9
Map_6567,19,70,20,18,20,20,20,18,20,18,20,18,18,18,18,18,23,18,23,18,23,18,22,18,22,18
Map_6568,24,31,15,15,15,15,21,21,21,21,21,21,21,21,21,21,19,15,19,15,19,15,19,15,19,15
Map_6569,15,93,12,12,12,21,12,12,12,12,12,12,12,12,12,12,12,12,12,12,12,12,12,12,12,12
Map_6570,6,18,6,6,6,6,6,6,6,6,6,6,6,6,6,6,7,6,7,6,7,6,6,6,6,6
Map_6571,13,109,13,13,13,38,13,13,13,13,13,13,13,13,13,13,21,13,21,13,21,13,13,13,13,13
Map_6572,5,10,5,5,5,6,5,5,5,5,5,5,5,5,5,5,6,5,6,5,6,5,5,5,5,5
Map_6573,9,59,10,9,10,10,10,7,10,7,10,7,7,7,7,7,10,7,10,7,10,7,10,7,10,7
Map_6574,285,204,14,14,14,14,12,14,12,14,12,14,12,14,12,14,12,12,12,12,12,12,12,12,12,12
Map_6575,6,44,6,6,6,6,6,6,6,6,6,6,6,6,6,6,6,6,6,6,6,6,6,6,6,6
Map_6576,64,79,19,19,19,20,19,19,19,19,19,19,19,19,19,19,19,19,22,19,22,19,19,19,19,19
Map_6577,8,178,8,8,8,15,8,8,8,8,8,8,8,8,8,8,8,8,8,8,8,8,8,8,8,8
Map_6578,16,35,12,12,12,15,12,12,12,12,12,12,12,12,12,12,12,12,12,12,12,12,12,12,12,12
Map_6579,5,23,6,6,6,5,5,5,5,5,5,5,5,5,5,5,6,5,6,5,6,5,6,5,6,5
Map_6580,18,24,13,13,13,13,13,13,13,13,13,13,13,13,13,13,13,13,13,13,13,13,13,13,13,13
Map_6581,39,170,8,8,8,8,8,7,8,7,8,7,8,7,7,7,8,7,8,7,8,7,8,7,8,7
Map_6582,9,99,8,8,8,9,8,8,8,8,8,8,8,8,8,8,8,8,8,8,8,8,8,8,8,8
Map_6583,266,186,21,21,21,29,18,18,18,18,18,18,18,18,18,18,18,18,18,18,18,18,18,18,18,18
Map_6584,14,45,14,14,14,14,11,11,11,11,11,11,11,11,11,11,11,11,11,11,11,11,11,11,11,11
Map_6585,23,174,14,14,14,14,14,14,14,14,14,14,14,14,14,14,14,14,14,14,14,14,14,14,14,14
Map_6586,16,28,17,17,17,17,13,13,13,13,13,13,13,13,13,13,12,12,12,12,12,12,12,12,12,12
Map_6587,26,44,16,16,16,16,16,16,16,16,16,16,16,16,16,16,16,16,16,16,16,16,16,16,16,16
Map_6588,12,56,10,10,10,10,10,8,10,8,10,8,10,8,10,8,10,8,10,8,10,8,10,8,10,8
Map_6589,38,224,39,38,39,39,24,16,24,16,24,16,24,20,24,20,16,16,16,16,16,16,16,16,24,16
Map_6590,5,14,5,5,5,6,5,5,5,5,5,5,5,5,5,5,5,5,5,5,5,5,5,5,5,5
Map_6591,26,32,19,19,18,19,17,16,17,16,17,16,17,16,17,20,16,16,16,16,16,16,17,17,17,17
Map_6592,24,124,24,24,24,24,17,17,17,17,17,17,17,17,17,17,17,17,17,17,17,17,17,17,17,17
Map_6593,13,65,15,15,16,16,13,13,13,13,13,13,13,13,13,13,13,13,13,13,13,13,13,13,13,13
Map_6594,118,74,17,17,17,18,17,17,17,17,17,17,17,17,17,17,28,17,28,17,28,17,17,17,17,17
Map_6595,9,28,6,6,6,6,6,6,6,6,6,6,6,6,6,6,6,6,6,6,6,6,6,6,6,6
Map_6596,12,34,12,12,12,13,12,12,12,12,12,12,12,12,12,12,13,12,18,12,18,12,12,12,12,12
Map_6597,12,43,9,9,9,9,9,9,9,9,9,9,9,9,9,9,9,9,9,9,9,9,9,9,9,9
Map_6598,5,8,4,4,4,4,4,4,4,4,4,4,4,4,4,4,4,4,4,4,4,4,4,4,4,4
Map_6599,8,14,8,8,8,10,8,8,8,8,8,8,8,8,8,8,8,8,8,8,8,8,8,8,8,8
Map_6600,7,76,7,7,7,7,7,7,7,7,7,7,7,7,7,7,7,7,7,7,7,7,7,7,7,7
Map_6601,15,50,17,17,17,17,17,17,17,17,17,17,17,16,16,16,17,15,17,15,17,15,17,15,17,15
Map_6602,32,98,23,23,24,23,23,16,23,16,23,16,23,16,23,16,14,14,14,14,14,14,21,16,21,16
Map_6603,8,36,6,6,6,6,6,6,6,6,6,6,6,6,6,6,6,6,6,6,6,6,6,6,6,6
Map_6604,27,24,13,13,13,13,13,13,13,13,13,13,13,13,13,13,13,13,13,13,13,13,13,13,13,13
Map_6605,9,19,12,9,10,12,9,9,9,9,9,9,9,9,9,9,9,9,9,9,9,9,9,9,9,9
Map_6606,14,51,11,11,11,13,11,11,11,11,11,11,11,11,11,11,11,11,11,11,11,11,11,11,11,11
Map_6607,15,81,11,11,11,11,11,11,11,11,11,11,11,11,11,11,11,11,11,11,11,11,11,11,11,11
Map_6608,6,12,8,6,7,8,6,6,6,6,6,6,6,6,6,6,6,6,6,6,6,6,6,6,6,6
Map_6609,7,58,7,7,7,10,7,7,7,7,7,7,7,7,7,7,7,7,7,7,7,7,7,7,7,7
Map_6610,19,118,10,10,10,10,10,10,10,10,10,10,10,10,10,10,10,10,10,10,10,10,10,10,10,10
Map_6611,8,27,8,8,8,16,9,8,9,8,9,8,9,8,9,8,9,8,9,8,9,8,9,8,9,8
Map_6612,12,22,10,10,10,13,10,10,10,10,10,10,10,10,10,10,11,10,11,10,11,10,10,10,10,10
Map_6613,23,70,17,16,17,15,14,14,14,14,14,14,14,14,14,14,14,14,14,14,14,14,14,14,14,14
Map_6614,12,83,21,21,16,20,21,15,21,15,21,15,21,15,21,15,19,12,21,12,21,12,17,12,20,12
Map_6615,12,71,9,8,9,9,8,8,8,8,8,8,8,8,8,8,9,8,9,8,9,8,9,8,8,8
Map_6616,18,27,17,16,17,19,17,16,17,16,17,16,16,16,16,16,16,11,17,11,17,11,16,11,16,11
Map_6617,15,83,10,10,10,20,10,10,10,10,10,10,10,10,10,10,10,10,10,10,10,10,10,10,10,10
Map_6618,12,66,12,12,12,34,11,12,11,12,11,12,11,12,11,12,11,11,11,11,11,11,11,11,11,11
Map_6619,10,16,9,8,9,9,8,8,8,8,8,8,8,8,8,8,8,8,8,8,8,8,8,8,8,8
Map_6620,13,38,11,11,11,15,11,11,11,11,11,11,11,11,11,11,12,11,12,11,12,11,11,11,11,11
Map_6621,20,36,16,16,16,17,16,16,16,16,16,16,16,16,16,16,14,14,14,14,14,14,14,14,14,14
Map_6622,20,74,16,14,15,16,14,14,14,14,14,14,14,14,14,14,14,14,14,14,14,14,14,14,14,14
Map_6623,9,21,9,9,9,10,9,9,9,9,9,9,9,9,9,9,10,9,10,9,10,9,9,9,9,9
Map_6624,93,153,13,13,13,13,13,13,13,13,13,13,13,13,13,13,13,13,13,13,13,13,13,13,13,13
Map_6625,8,43,8,8,8,16,8,8,8,8,8,8,8,8,8,8,8,8,9,8,9,8,8,8,8,8
Map_6626,10,31,7,7,7,10,8,7,8,7,8,7,7,7,7,7,8,7,8,7,8,7,8,7,8,7
Map_6627,28,64,28,28,28,28,23,23,23,23,23,23,23,23,23,23,24,23,24,23,24,23,24,23,24,23
Map_6628,8,12,7,7,7,8,7,7,7,7,7,7,7,7,7,7,7,7,7,7,7,7,7,7,7,7
Map_6629,7,51,13,8,7,13,8,7,8,7,8,7,8,7,8,7,8,7,8,7,8,7,8,7,8,7
Map_6630,48,81,33,33,38,43,24,24,24,24,24,24,33,34,34,34,24,24,24,24,24,24,24,24,24,24
Map_6631,54,271,53,53,53,51,35,24,35,24,35,24,48,24,48,24,45,24,50,24,50,24,41,24,42,24
Map_6632,12,32,9,9,9,9,9,9,9,9,9,9,9,9,9,9,9,9,9,9,9,9,9,9,9,9
Map_6633,30,66,23,25,23,35,23,27,23,27,23,27,25,27,25,27,23,26,21,21,21,21,23,26,23,26
Map_6634,11,27,15,11,15,15,11,11,11,11,11,11,11,11,11,11,11,11,11,11,11,11,11,11,11,11
Map_6635,60,65,15,15,15,19,15,15,15,15,15,15,15,15,15,15,14,14,14,14,14,14,14,14,14,14
Map_6636,21,114,18,18,18,20,15,20,15,20,15,20,15,20,15,20,15,15,15,15,15,15,15,15,15,15
Map_6637,30,32,14,14,14,19,14,14,14,14,14,14,14,14,14,14,15,13,15,13,15,13,15,13,14,13
Map_6638,25,43,8,8,8,10,8,8,8,8,8,8,8,8,8,8,8,8,8,8,8,8,8,8,8,8
Map_6639,12,31,8,8,8,9,8,8,8,8,8,8,8,8,8,8,8,8,8,8,8,8,8,8,8,8
Map_6640,9,16,10,10,9,10,9,9,9,9,9,9,9,9,9,9,9,9,12,9,12,9,9,9,9,9
Map_6641,22,96,15,15,15,15,15,14,15,14,15,14,14,14,14,14,15,14,17,14,17,14,15,14,15,14
Map_6642,23,68,20,19,19,20,17,15,17,15,17,15,17,15,17,15,16,15,16,15,16,15,16,15,16,15
Map_6643,42,76,25,25,25,25,25,25,22,25,22,25,25,25,25,25,23,21,23,21,23,21,22,25,22,25
Map_6644,10,15,11,10,11,10,11,10,11,10,11,10,10,10,10,10,11,9,11,9,11,9,11,10,11,10
Map_6645,9,28,9,9,9,13,10,9,10,9,10,9,10,9,10,9,10,9,14,9,14,9,10,9,10,9
Map_6646,32,55,14,14,14,16,14,14,14,14,14,14,14,14,14,14,14,14,14,14,14,14,14,14,14,14
Map_6647,128,123,42,42,42,46,42,60,42,60,42,60,42,60,42,60,42,30,49,30,49,30,42,30,42,30
Map_6648,18,49,16,16,16,23,16,16,16,16,16,16,16,16,16,16,16,16,16,16,16,16,16,16,16,16
Map_6649,39,50,15,15,15,15,15,14,15,14,15,14,15,14,14,14,15,14,15,14,15,14,15,14,15,14
Map_6650,6,12,6,6,6,6,6,6,6,6,6,6,6,6,6,6,6,6,6,6,6,6,6,6,6,6
Map_6651,117,52,38,37,39,54,37,38,37,38,37,38,37,37,37,37,38,33,38,33,38,33,37,38,37,38
Map_6652,28,110,13,13,13,16,13,13,13,13,13,13,13,13,13,13,13,10,13,10,13,10,13,10,13,10
Map_6653,11,29,11,10,10,11,9,9,9,9,9,9,9,9,9,9,9,9,9,9,9,9,9,9,9,9
Map_6654,12,33,11,11,11,15,11,12,11,12,11,12,11,12,11,12,11,11,11,11,11,11,11,11,11,11
Map_6655,15,31,24,22,24,21,21,18,21,18,21,18,18,18,18,18,18,18,18,18,18,18,18,18,18,18
Map_6656,10,67,13,12,13,13,9,9,9,9,9,9,9,9,9,9,9,9,9,9,9,9,9,9,9,9
Map_6657,6,33,6,6,6,11,6,6,6,6,6,6,6,6,6,6,6,6,6,6,6,6,6,6,6,6
Map_6658,46,56,15,15,15,17,15,15,15,15,15,15,15,15,15,15,15,15,15,15,15,15,15,15,15,15
Map_6659,207,116,65,65,51,54,38,37,38,38,38,38,37,37,37,37,35,37,35,37,35,37,35,37,38,37
Map_6660,12,98,9,9,9,9,9,9,9,9,9,9,9,9,9,9,9,9,9,9,9,9,9,9,9,9
Map_6661,22,63,11,11,11,17,11,11,11,11,11,11,11,11,11,11,14,11,14,11,14,11,11,11,11,11
Map_6662,8,28,7,7,7,7,7,7,7,7,7,7,7,7,7,7,7,7,7,7,7,7,7,7,7,7
Map_6663,6,67,6,6,6,6,6,6,6,6,6,6,6,6,6,6,6,6,6,6,6,6,6,6,6,6
Map_6664,20,117,10,10,10,19,10,10,10,10,10,10,10,10,10,10,10,10,18,10,18,10,10,10,10,10
Map_6665,13,133,7,7,7,7,7,7,7,7,7,7,7,7,7,7,7,7,7,7,7,7,7,7,7,7
Map_6666,26,73,16,16,16,34,16,16,16,16,16,16,16,16,16,16,18,16,18,16,18,16,18,16,18,16
Map_6667,44,109,20,20,20,26,19,14,19,14,19,14,14,14,14,14,19,14,19,14,19,14,19,14,19,14
Map_6668,29,88,51,47,50,33,31,30,31,30,31,30,31,30,30,30,31,30,31,30,31,30,31,30,31,30
Map_6669,20,74,14,14,14,26,14,14,14,14,14,14,14,14,14,14,14,14,14,14,14,14,14,14,14,14
Map_6670,9,15,8,8,8,11,8,8,8,8,8,8,8,8,8,8,8,8,11,8,11,8,8,8,8,8
Map_6671,23,110,16,16,16,16,16,16,16,16,16,16,16,16,16,16,16,14,16,14,16,14,16,14,16,14
Map_6672,8,82,8,8,8,11,8,8,8,8,8,8,8,8,8,8,8,8,8,8,8,8,8,8,8,8
Map_6673,18,35,11,11,11,35,20,11,20,11,20,11,20,11,20,11,11,11,11,11,11,11,11,11,11,11
Map_6674,14,50,12,11,11,15,11,11,11,11,11,11,11,11,11,11,11,11,11,11,11,11,11,11,11,11
Map_6675,13,17,10,9,9,9,9,9,9,9,9,9,9,9,9,9,9,9,9,9,9,9,9,9,9,9
Map_6676,38,61,37,37,37,36,36,35,36,35,36,35,35,35,35,35,36,35,36,35,36,35,36,35,36,35
Map_6677,6,20,6,6,6,6,6,6,6,6,6,6,6,6,6,6,6,6,6,6,6,6,6,6,6,6
Map_6678,14,29,14,14,14,14,14,14,14,14,14,14,14,14,14,14,12,14,12,12,12,12,12,14,12,14
Map_6679,6,9,7,7,7,7,6,6,6,6,6,6,6,6,6,6,6,6,6,6,6,6,6,6,6,6
Map_6680,34,57,26,26,26,35,23,23,23,23,23,23,23,23,23,23,24,16,24,16,24,16,23,16,23,16
Map_6681,17,29,17,17,17,22,17,17,17,17,17,17,17,19,17,19,17,17,17,16,17,16,17,17,17,17
Map_6682,10,56,10,9,10,11,10,9,10,9,10,9,10,9,10,9,9,8,9,8,9,8,9,8,9,8
Map_6683,13,46,13,13,13,13,14,13,14,13,14,13,14,13,14,13,13,13,13,13,13,13,13,13,13,13
Map_6684,10,70,10,10,10,17,13,10,13,10,13,10,12,10,12,10,13,10,13,10,13,10,13,10,13,10
Map_6685,9,35,9,9,9,12,9,9,9,9,9,9,9,8,9,8,10,8,10,8,10,8,9,8,9,8
Map_6686,32,49,32,32,32,48,32,32,32,32,32,32,32,32,32,32,33,32,33,32,33,32,33,32,33,32
Map_6687,16,54,15,15,15,22,15,15,15,15,15,15,15,15,15,15,13,13,13,13,13,13,13,13,13,13
Map_6688,58,63,14,14,14,14,14,11,14,11,14,11,14,11,14,11,11,11,11,11,11,11,11,11,14,11
Map_6689,18,187,27,27,27,31,27,27,27,27,27,27,27,27,27,27,49,18,37,18,37,18,47,18,47,18
Map_6690,37,85,26,21,27,21,21,21,21,21,21,21,21,21,21,21,21,20,17,20,17,20,21,21,21,21
Map_6691,13,22,15,15,15,15,15,13,15,13,15,13,14,13,13,13,13,13,13,13,13,13,13,13,14,13
Map_6692,15,30,9,9,9,9,9,9,9,9,9,9,9,9,9,9,9,9,9,9,9,9,9,9,9,9
Map_6693,17,61,10,10,10,11,10,10,10,10,10,10,10,10,10,10,10,10,10,10,10,10,10,10,10,10
Map_6694,20,84,11,11,11,11,9,9,9,9,9,9,9,9,9,9,9,9,9,9,9,9,9,9,9,9
Map_6695,22,68,12,12,12,15,12,12,12,12,12,12,12,12,12,12,12,12,12,12,12,12,12,12,12,12
Map_6696,9,17,7,7,7,10,7,7,7,7,7,7,7,7,7,7,7,7,7,7,7,7,7,7,7,7
Map_6697,13,21,12,12,12,12,9,9,9,9,9,9,9,9,9,9,9,9,9,9,9,9,9,9,9,9
Map_6698,18,59,10,10,10,10,10,10,10,10,10,10,10,10,10,10,10,10,10,10,10,10,10,10,10,10
Map_6699,25,68,17,17,17,13,13,13,13,13,13,13,13,15,15,15,13,12,13,12,13,12,13,13,13,13
Map_6700,9,39,9,9,9,18,9,9,9,9,9,9,9,9,9,9,9,9,9,9,9,9,9,9,9,9
Map_6701,12,38,11,11,11,19,11,12,11,12,11,12,11,12,11,12,11,13,11,13,11,13,11,13,11,13
Map_6702,18,110,30,30,30,21,22,22,22,22,22,22,21,22,21,22,20,20,20,20,20,20,20,21,20,21
Map_6703,32,42,19,19,19,29,19,19,19,19,19,19,19,19,19,19,19,17,22,17,22,17,19,19,19,19
Map_6704,13,19,15,15,15,17,11,11,11,11,11,11,11,11,11,11,11,11,11,11,11,11,11,11,11,11
Map_6705,21,70,10,10,10,22,10,10,10,10,10,10,10,10,10,10,10,10,10,10,10,10,10,10,10,10
Map_6706,7,17,9,7,7,9,7,7,7,7,7,7,7,7,7,7,9,7,9,7,9,7,7,7,7,7
Map_6707,17,75,13,13,13,13,13,13,13,13,13,13,13,13,13,13,13,13,13,13,13,13,13,13,13,13
Map_6708,41,57,24,24,25,24,24,24,24,24,24,24,24,24,24,24,24,24,25,24,25,24,24,24,24,24
Map_6709,130,116,34,41,34,34,57,33,54,33,54,33,47,34,47,34,34,27,34,27,34,27,47,33,47,33
Map_6710,12,26,10,10,10,10,10,10,10,10,10,10,10,10,10,10,10,10,10,10,10,10,10,10,10,10
Map_6711,22,98,9,9,9,9,9,9,9,9,9,9,9,9,9,9,9,9,9,9,9,9,9,9,9,9
Map_6712,20,55,17,17,17,20,17,15,17,15,17,15,17,15,17,15,17,15,19,15,19,15,17,15,17,15
Map_6713,77,102,51,51,51,55,42,23,42,23,42,23,42,23,42,23,34,23,31,23,31,23,34,23,34,23
Map_6714,20,75,17,17,18,18,18,18,18,18,18,18,18,18,18,18,18,17,18,17,18,17,18,17,18,17
Map_6715,26,59,24,24,24,26,24,24,24,24,24,24,24,24,24,24,22,23,22,23,22,23,22,23,22,23
Map_6716,8,12,8,8,8,8,8,8,8,8,8,8,8,8,8,8,8,8,8,8,8,8,8,8,8,8
Map_6717,10,27,9,9,9,9,9,9,9,9,9,9,9,9,9,9,9,9,9,9,9,9,9,9,9,9
Map_6718,6,10,6,6,6,8,7,6,7,6,7,6,7,6,7,6,7,6,7,6,7,6,7,6,7,6
Map_6719,19,99,14,14,14,14,14,14,14,14,14,14,14,14,14,14,14,14,14,14,14,14,14,14,14,14
Map_6720,16,50,11,11,11,12,12,11,12,11,12,11,12,11,12,11,12,11,12,11,12,11,12,11,12,11
Map_6721,11,14,8,8,8,8,8,8,8,8,8,8,8,8,8,8,8,8,11,8,11,8,8,8,8,8
Map_6722,23,80,11,11,10,11,11,10,11,10,11,10,11,10,11,10,11,10,11,10,11,10,11,10,11,10
Map_6723,8,18,8,8,8,8,8,8,8,8,8,8,8,8,8,8,8,8,8,8,8,8,8,8,8,8
Map_6724,10,39,10,10,10,15,10,10,10,10,10,10,10,10,10,10,10,10,11,10,11,10,10,10,10,10
Map_6725,9,17,9,9,9,9,8,8,8,8,8,8,8,8,8,8,8,8,8,8,8,8,8,8,8,8
Map_6726,26,58,13,13,13,15,13,13,13,13,13,13,13,13,13,13,13,13,13,13,13,13,13,13,13,13
Map_6727,141,112,44,44,44,44,44,24,44,24,44,24,45,24,47,24,31,24,33,24,33,24,31,24,24,24
Map_6728,7,13,7,7,7,7,7,7,7,7,7,7,7,7,7,7,7,7,7,7,7,7,7,7,7,7
Map_6729,11,51,13,13,13,15,13,11,13,11,13,11,13,11,13,11,11,11,11,11,11,11,11,11,11,11
Map_6730,6,17,6,6,6,6,6,6,6,6,6,6,6,6,6,6,6,6,6,6,6,6,6,6,6,6
Map_6731,9,24,9,9,9,22,9,9,9,9,9,9,9,9,9,9,9,9,9,9,9,9,9,9,9,9
Map_6732,25,155,17,17,15,17,15,15,15,15,15,15,15,15,15,15,15,15,15,14,15,14,15,15,15,15
Map_6733,36,103,14,14,14,14,14,14,14,14,14,14,14,14,14,14,20,14,20,14,20,14,19,14,14,14
Map_6734,21,85,11,11,11,11,11,11,11,11,11,11,11,11,11,11,11,11,11,11,11,11,11,11,11,11
Map_6735,25,285,20,20,20,20,20,20,20,20,20,20,20,20,20,20,20,20,20,20,24,20,20,20,20,20
Map_6736,29,47,25,25,25,28,25,25,25,25,25,25,25,25,25,25,29,25,29,25,29,25,29,25,29,25
Map_6737,27,54,13,13,13,27,21,21,21,21,21,21,21,21,21,21,13,13,13,13,13,13,13,13,13,13
Map_6738,11,17,11,11,11,14,11,11,11,11,11,11,11,11,11,11,11,11,11,11,11,11,11,11,11,11
Map_6739,14,117,18,14,18,27,14,14,14,14,14,14,14,14,14,14,14,14,14,14,14,14,14,14,14,14
Map_6740,14,40,15,15,14,20,13,14,13,14,13,14,13,14,13,14,13,14,13,13,13,13,13,14,13,14
Map_6741,6,23,6,6,6,6,6,6,6,6,6,6,6,6,6,6,6,6,6,6,6,6,6,6,6,6
Map_6742,12,18,12,12,12,12,12,12,12,12,12,12,12,12,12,12,14,12,14,12,14,12,12,12,12,12
Map_6743,15,24,15,15,15,16,13,13,13,13,13,13,13,13,13,13,13,12,15,12,15,12,13,13,13,13
Map_6744,44,38,14,14,14,27,14,14,14,14,14,14,14,14,14,14,14,12,14,12,14,12,14,12,14,12
Map_6745,30,84,25,25,25,25,25,25,25,25,25,25,25,25,31,31,16,16,16,16,16,16,16,16,16,16
Map_6746,13,18,12,12,12,13,12,12,12,12,12,12,12,12,12,12,12,12,12,12,12,12,12,12,12,12
Map_6747,10,26,8,8,8,11,8,8,8,8,8,8,8,8,8,8,8,8,8,8,8,8,8,8,8,8
Map_6748,20,54,25,24,27,34,19,17,19,17,19,17,19,17,19,17,19,17,19,17,19,17,19,17,19,17
Map_6749,18,40,7,7,7,7,7,7,7,7,7,7,7,7,7,7,7,7,7,7,7,7,7,7,7,7
Map_6750,21,28,16,16,16,16,16,16,16,16,16,16,16,16,16,16,15,15,15,15,15,15,15,15,15,15
Map_6751,15,93,17,15,17,17,17,15,17,15,17,15,15,15,15,15,15,15,15,15,15,15,15,15,15,15
Map_6752,36,135,25,29,28,33,25,29,25,25,25,25,29,29,29,29,25,25,25,25,25,25,25,25,25,25
Map_6753,7,18,8,8,8,8,8,8,8,8,8,8,8,7,7,7,8,7,8,7,8,7,8,7,8,7
Map_6754,12,26,9,9,9,9,9,9,9,9,9,9,9,9,9,9,9,9,9,9,9,9,9,9,9,9
Map_6755,12,52,15,12,12,16,12,11,12,11,12,11,12,11,12,11,13,11,13,11,13,12,12,11,12,11
Map_6756,8,23,9,7,8,9,7,7,7,7,7,7,7,7,7,7,7,7,7,7,7,7,7,7,7,7
Map_6757,7,30,7,7,7,7,7,7,7,7,7,7,7,7,7,7,7,7,7,7,7,7,7,7,7,7
Map_6758,13,57,12,12,12,13,12,12,12,12,12,12,12,12,12,12,12,12,12,12,12,12,12,12,12,12
Map_6759,17,28,16,16,16,19,13,13,13,13,13,13,13,13,13,13,13,13,13,13,13,13,13,13,13,13
Map_6760,16,152,14,14,14,19,13,13,13,13,13,13,13,13,13,13,13,13,13,13,13,13,13,13,13,13
Map_6761,21,153,21,21,28,23,21,21,29,21,29,21,21,21,21,21,19,21,19,19,19,19,26,21,26,21
Map_6762,19,62,11,11,11,11,11,11,11,11,11,11,11,11,11,11,11,11,11,11,11,11,11,11,11,11
Map_6763,18,28,16,15,17,16,17,15,17,15,17,15,17,15,17,15,15,15,15,15,15,15,15,15,15,15
Map_6764,22,55,18,18,18,16,16,16,16,16,16,16,16,16,16,16,16,14,16,14,16,14,16,14,16,14
Map_6765,7,51,7,7,7,7,7,7,7,7,7,7,7,7,7,7,7,7,7,7,7,7,7,7,7,7
Map_6766,131,43,43,42,43,34,29,29,29,29,29,29,29,29,29,29,29,29,29,29,29,29,29,29,29,29
Map_6767,16,35,10,10,10,10,10,10,10,10,10,10,10,10,10,10,10,10,10,10,10,10,10,10,10,10
Map_6768,27,152,37,26,37,30,26,21,26,21,26,21,28,25,28,25,20,21,20,20,20,20,21,21,21,21
Map_6769,17,26,8,8,8,8,8,8,8,8,8,8,8,8,8,8,8,8,8,8,8,8,8,8,8,8
Map_6770,19,162,13,13,13,13,13,13,13,13,13,13,13,13,13,13,13,13,13,13,13,13,13,13,13,13
Map_6771,66,133,24,23,24,32,12,12,12,12,12,12,12,12,12,12,12,12,12,12,12,12,12,12,12,12
Map_6772,12,59,13,11,13,13,11,11,11,11,11,11,11,11,11,11,11,11,11,11,11,11,11,11,11,11
Map_6773,20,36,17,17,17,17,17,17,17,17,17,17,17,17,17,17,17,17,20,17,20,17,17,17,17,17
Map_6774,17,20,12,12,12,15,13,9,13,9,13,9,13,9,13,9,13,9,13,9,13,9,13,9,13,9
Map_6775,4,8,4,4,4,4,4,4,4,4,4,4,4,4,4,4,4,4,4,4,4,4,4,4,4,4
Map_6776,73,208,65,65,65,88,49,44,49,44,49,44,49,63,49,63,51,41,51,49,51,49,51,41,51,41
Map_6777,8,13,7,7,6,8,7,7,7,7,7,7,7,7,7,7,8,6,8,6,8,6,7,6,7,6
Map_6778,9,23,9,9,9,10,9,9,9,9,9,9,9,9,9,9,9,9,9,9,9,9,9,9,9,9
Map_6779,11,30,11,10,11,11,10,10,10,10,10,10,10,10,10,10,11,10,11,10,16,10,10,10,10,10
Map_6780,10,17,9,9,9,9,10,10,10,10,10,10,10,10,10,10,10,9,10,9,10,9,10,9,10,9
Map_6781,170,51,12,12,12,18,11,12,11,12,11,12,11,12,11,12,11,11,11,11,11,11,11,11,11,11
Map_6782,97,76,43,42,43,43,43,38,43,38,43,38,38,38,42,42,40,19,41,19,41,19,40,19,42,19
Map_6783,5,8,4,4,4,4,4,4,4,4,4,4,4,4,4,4,4,4,4,4,4,4,4,4,4,4
Map_6784,9,13,9,9,9,9,9,8,9,8,9,8,9,8,8,8,9,8,9,8,9,8,9,8,9,8
Map_6785,15,20,13,13,11,15,13,13,13,13,13,13,13,13,13,13,13,11,13,11,13,11,13,11,13,11
Map_6786,12,33,12,12,12,12,12,12,12,12,12,12,12,12,12,12,14,12,14,12,14,12,14,12,14,12
Map_6787,12,311,12,12,12,12,12,12,12,12,12,12,12,12,12,12,12,11,12,11,12,11,12,11,12,11
Map_6788,18,190,27,14,22,34,15,14,15,14,15,14,14,14,14,14,14,14,14,13,14,13,14,14,14,14
Map_6789,6,9,6,6,6,6,6,6,6,6,6,6,6,6,6,6,6,6,6,6,6,6,6,6,6,6
Map_6790,13,28,12,12,12,14,12,12,12,12,12,12,12,12,12,12,12,12,12,12,12,12,12,12,12,12
Map_6791,19,49,22,21,22,22,18,18,18,18,18,18,18,18,18,18,16,16,16,16,16,16,16,16,16,16
Map_6792,9,128,9,9,9,14,10,9,10,9,10,9,10,9,10,9,10,9,10,9,10,9,10,9,10,9
Map_6793,16,55,12,12,12,12,12,12,12,12,12,12,12,12,12,12,12,12,12,12,12,12,12,12,12,12
Map_6794,6,17,6,6,6,10,6,6,6,6,6,6,6,6,6,6,6,6,6,6,6,6,6,6,6,6
Map_6795,10,26,10,10,10,10,10,10,10,10,10,10,10,10,10,10,10,10,10,10,10,10,10,10,10,10
Map_6796,15,35,10,10,10,10,10,10,10,10,10,10,10,10,10,10,10,10,10,10,10,10,10,10,10,10
Map_6797,9,17,9,9,9,9,9,9,9,9,9,9,9,9,9,9,9,9,9,9,9,9,9,9,9,9
Map_6798,39,21,11,11,11,11,11,11,11,11,11,11,11,11,11,11,11,8,11,8,11,8,11,8,8,8
Map_6799,29,147,25,24,25,25,24,24,24,24,24,24,24,24,24,24,28,25,28,24,33,24,28,24,28,24
Map_6800,15,28,16,16,16,16,13,13,13,13,13,13,13,13,13,13,13,13,13,13,13,13,13,13,13,13
Map_6801,16,146,15,15,15,21,15,15,15,15,15,15,15,15,15,15,16,15,17,15,17,15,15,15,15,15
Map_6802,10,40,10,10,10,12,11,11,11,11,11,11,11,11,11,11,10,10,10,10,11,10,10,10,10,10
Map_6803,15,25,13,13,13,24,13,13,13,13,13,13,13,13,13,13,17,13,17,13,17,13,13,13,13,13
Map_6804,7,68,7,7,7,7,7,7,7,7,7,7,7,7,7,7,7,7,7,7,7,7,7,7,7,7
Map_6805,20,54,17,17,17,17,13,13,13,13,13,13,13,13,13,13,13,13,13,13,13,13,13,13,13,13
Map_6806,5,9,5,5,5,5,5,5,5,5,5,5,5,5,5,5,5,5,5,5,5,5,5,5,5,5
Map_6807,17,63,8,8,8,14,8,8,8,8,8,8,8,8,8,8,9,8,9,8,9,8,8,8,8,8
Map_6808,183,205,37,32,60,38,31,31,50,31,50,31,31,31,31,31,36,31,48,40,48,40,46,31,46,31
Map_6809,16,68,14,14,14,14,14,14,14,14,14,14,14,14,14,14,14,14,14,14,14,14,14,14,14,14
Map_6810,6,9,6,6,6,6,6,6,6,6,6,6,6,6,6,6,6,6,6,6,6,6,6,6,6,6
Map_6811,12,50,13,13,13,26,13,12,13,12,13,12,13,12,12,12,13,12,13,12,13,12,13,12,13,12
Map_6812,22,31,14,14,14,14,18,16,18,16,18,16,18,16,18,16,16,14,16,14,16,14,16,14,14,14
Map_6813,26,68,12,12,12,18,11,12,11,12,11,12,11,12,11,12,11,11,11,11,11,11,11,11,11,11
Map_6814,17,131,8,8,8,13,8,8,8,8,8,8,8,8,8,8,8,8,10,8,10,8,8,8,8,8
Map_6815,13,38,13,13,13,21,16,16,16,16,16,16,16,16,16,16,21,14,21,13,21,13,16,15,16,15
Map_6816,8,33,6,6,6,6,6,6,6,6,6,6,6,6,6,6,6,6,6,6,6,6,6,6,6,6
Map_6817,49,45,24,24,27,29,24,24,24,24,24,24,24,24,24,24,24,24,24,24,24,24,24,24,24,24
Map_6818,10,32,10,10,10,11,10,10,10,10,10,10,10,10,10,10,11,10,11,10,11,10,10,10,10,10
Map_6819,5,7,5,5,5,5,5,5,5,5,5,5,5,5,5,5,5,5,5,5,5,5,5,5,5,5
Map_6820,36,34,19,19,19,19,19,19,19,19,19,19,19,19,19,19,19,19,19,19,19,19,19,19,19,19
Map_6821,28,109,71,68,65,55,23,22,23,22,23,22,23,22,23,22,23,18,23,18,23,18,23,18,23,18
Map_6822,68,60,17,17,17,17,17,17,17,17,17,17,17,17,17,17,17,17,17,17,17,17,17,17,17,17
Map_6823,35,37,26,26,26,24,21,21,21,21,21,21,21,21,21,21,21,21,21,21,21,21,21,21,21,21
Map_6824,33,47,13,13,13,13,13,13,13,13,13,13,13,13,13,13,13,13,13,13,13,13,13,13,13,13
Map_6825,28,33,9,9,9,9,9,9,9,9,9,9,9,9,9,9,9,9,9,9,9,9,9,9,9,9
Map_6826,18,37,21,20,21,21,20,20,20,20,20,20,20,20,20,20,19,18,19,18,19,18,19,18,19,18
Map_6827,33,58,24,24,24,26,28,28,28,28,28,28,28,28,28,28,28,28,27,28,27,28,28,28,28,28
Map_6828,7,12,7,6,6,7,6,6,6,6,6,6,6,6,6,6,6,6,6,6,6,6,6,6,6,6
Map_6829,39,89,24,22,24,26,19,25,19,25,19,25,19,25,19,25,19,18,19,18,19,18,19,18,19,18
Map_6830,14,31,12,12,12,14,12,12,12,12,12,12,12,12,12,12,12,11,12,11,12,11,12,11,12,11
Map_6831,9,53,8,8,9,8,8,8,8,8,8,8,8,8,8,8,10,8,10,8,10,8,8,8,8,8
Map_6832,252,148,21,21,21,21,21,21,21,21,21,21,21,21,21,21,26,16,26,16,26,16,22,16,17,16
Map_6833,5,201,5,5,5,5,5,5,5,5,5,5,5,5,5,5,5,5,6,5,6,5,5,5,5,5
Map_6834,13,96,18,18,18,17,15,13,15,13,15,13,15,13,15,13,14,13,14,13,14,13,15,13,15,13
Map_6835,26,71,13,13,13,15,13,13,13,13,13,13,13,13,13,13,13,13,13,13,13,13,13,13,13,13
Map_6836,8,30,8,8,8,18,8,8,8,8,8,8,8,8,8,8,8,8,8,8,8,8,8,8,8,8
Map_6837,8,56,8,8,8,8,8,8,8,8,8,8,8,8,8,8,8,8,8,8,8,8,8,8,8,8
Map_6838,19,54,15,15,16,17,15,15,15,15,15,15,15,15,15,15,15,15,15,15,15,15,15,15,15,15
Map_6839,27,50,25,25,25,20,19,18,19,18,19,18,18,18,18,18,15,15,15,15,15,15,15,15,15,15
Map_6840,6,12,6,6,6,7,6,6,6,6,6,6,6,6,6,6,6,6,6,6,6,6,6,6,6,6
Map_6841,23,33,21,14,14,24,14,14,14,14,14,14,14,14,14,14,14,14,16,14,16,14,14,14,14,14
Map_6842,21,133,11,11,11,11,11,12,11,12,11,12,11,12,11,12,11,12,11,12,11,12,11,12,11,12
Map_6843,9,40,9,9,9,9,9,9,9,9,9,9,9,9,9,9,9,9,9,9,9,9,9,9,9,9
Map_6844,31,74,24,27,24,24,24,27,24,27,24,27,28,31,28,31,24,28,24,22,24,22,24,27,24,27
Map_6845,46,38,11,11,11,14,11,15,11,15,11,15,11,15,11,15,11,11,11,11,11,11,11,11,11,11
Map_6846,14,41,19,14,19,14,13,13,13,13,13,13,13,13,13,13,16,13,16,13,16,13,13,13,13,13
Map_6847,82,99,19,19,17,53,19,19,19,19,19,19,19,19,19,19,19,17,19,17,19,17,19,17,19,17
Map_6848,22,88,17,15,17,34,16,15,16,15,16,15,15,15,15,15,17,15,17,15,17,15,17,15,17,15
Map_6849,9,42,8,8,8,8,8,8,8,8,8,8,8,8,8,8,8,8,8,8,8,8,8,8,8,8
Map_6850,24,44,14,14,14,19,14,14,14,14,14,14,14,14,14,14,14,14,14,14,14,14,14,14,14,14
Map_6851,21,31,23,18,20,23,18,18,20,18,20,18,18,18,18,18,17,16,16,16,16,16,17,18,17,18
Map_6852,105,63,27,27,38,29,27,27,27,27,27,27,27,27,27,27,27,24,24,23,24,23,27,24,27,24
Map_6853,22,44,12,12,14,15,12,11,12,11,12,11,12,11,12,11,12,11,12,11,12,11,12,11,12,11
Map_6854,35,99,29,28,29,28,28,28,28,28,28,28,28,28,28,28,24,24,24,24,24,24,24,28,24,28
Map_6855,43,52,26,19,26,26,15,19,15,19,15,19,15,19,15,19,15,14,15,14,15,14,14,14,14,14
Map_6856,19,36,16,16,16,17,16,16,16,16,16,16,16,16,16,16,16,16,16,16,16,16,16,16,16,16
Map_6857,12,19,12,12,12,13,11,11,11,11,11,11,11,11,11,11,11,11,11,11,11,11,11,11,11,11
Map_6858,56,37,20,20,20,20,19,22,19,22,19,22,19,22,19,22,19,19,19,19,19,19,19,19,19,19
Map_6859,19,94,20,16,17,30,16,16,16,16,16,16,16,16,16,16,16,16,16,17,16,17,16,16,16,16
Map_6860,196,324,15,15,15,15,15,15,15,15,15,15,15,15,15,15,25,25,25,25,25,25,25,25,25,25
Map_6861,18,219,11,11,11,11,11,11,11,11,11,11,11,11,11,11,16,11,16,11,16,11,11,11,11,11
Map_6862,8,13,8,8,8,8,8,8,8,8,8,8,8,8,8,8,8,8,8,8,8,8,8,8,8,8
Map_6863,21,40,13,13,13,13,13,13,13,13,13,13,13,13,13,13,21,13,19,13,19,13,13,13,13,13
Map_6864,12,33,12,12,12,14,12,12,12,12,12,12,12,12,12,12,14,12,14,12,14,12,12,12,12,12
Map_6865,6,36,6,6,6,6,6,6,6,6,6,6,6,6,6,6,6,6,6,6,6,6,6,6,6,6
Map_6866,5,26,5,5,5,5,5,5,5,5,5,5,5,5,5,5,5,5,5,5,5,5,5,5,5,5
Map_6867,7,17,7,7,7,7,7,7,7,7,7,7,7,7,7,7,7,7,7,7,7,7,7,7,7,7
Map_6868,17,186,16,16,16,17,13,13,13,13,13,13,13,13,13,13,16,13,16,13,16,13,16,13,13,13
Map_6869,12,29,10,10,10,10,10,10,10,10,10,10,10,10,10,10,12,10,12,10,12,10,12,10,12,10
Map_6870,20,32,19,19,19,19,19,19,19,19,19,19,19,19,19,19,19,17,19,17,19,17,17,17,17,17
Map_6871,17,39,14,14,14,14,14,14,14,14,14,14,14,14,14,14,14,14,14,14,14,14,14,14,14,14
Map_6872,13,85,13,13,13,13,13,13,13,13,13,13,13,13,13,13,13,13,13,13,13,13,13,13,13,13
Map_6873,7,14,7,7,7,7,7,7,7,7,7,7,7,7,7,7,7,7,7,7,7,7,7,7,7,7
Map_6874,19,59,14,14,14,14,14,14,14,14,14,14,14,14,14,14,14,14,14,14,14,14,14,14,14,14
Map_6875,18,40,13,13,13,18,14,13,14,13,14,13,14,13,15,13,15,14,15,14,15,14,14,13,14,13
Map_6876,8,79,8,8,8,8,8,8,8,8,8,8,8,8,8,8,8,8,8,8,8,8,8,8,8,8
Map_6877,15,26,12,12,12,22,12,12,12,12,12,12,12,12,12,12,12,12,12,12,12,12,12,12,12,12
Map_6878,10,114,10,10,10,10,10,10,10,10,10,10,10,10,10,10,13,10,13,10,13,10,13,10,10,10
Map_6879,13,114,12,12,12,25,9,9,9,9,9,9,9,9,9,9,9,9,9,9,9,9,9,9,9,9
Map_6880,6,11,5,5,5,5,5,5,5,5,5,5,5,5,5,5,5,5,5,5,5,5,5,5,5,5
Map_6881,70,69,20,20,20,31,30,30,30,30,30,30,30,30,30,30,18,18,18,18,18,18,18,18,18,18
Map_6882,42,59,21,21,21,38,18,18,18,18,18,18,18,18,18,18,20,18,29,18,29,18,18,18,18,18
Map_6883,8,12,8,7,8,10,7,7,7,7,7,7,7,7,7,7,7,7,7,7,7,7,7,7,7,7
Map_6884,28,154,17,17,17,21,17,15,17,15,17,15,15,15,15,15,17,15,17,15,17,15,17,15,17,15
Map_6885,27,123,15,15,24,34,15,15,15,15,15,15,15,15,15,15,15,15,15,15,15,15,15,15,15,15
Map_6886,14,20,13,13,14,17,13,13,13,13,13,13,13,13,13,13,13,12,13,12,13,12,13,12,13,12
Map_6887,16,57,19,19,19,34,20,19,20,19,20,19,20,19,19,19,20,16,24,16,24,16,20,16,20,16
Map_6888,6,10,6,6,6,6,6,6,6,6,6,6,6,6,6,6,6,6,6,6,6,6,6,6,6,6
Map_6889,28,39,23,23,23,23,23,14,23,14,23,14,23,14,23,14,22,14,22,14,22,14,21,14,21,14
Map_6890,36,76,16,16,16,21,16,16,16,16,16,16,16,16,16,16,16,14,16,14,16,14,16,14,16,14
Map_6891,39,64,23,23,23,24,23,28,23,28,23,28,23,32,23,32,23,28,23,28,23,28,23,28,23,28
Map_6892,6,217,6,6,6,6,6,6,6,6,6,6,6,6,6,6,6,6,6,6,6,6,6,6,6,6
Map_6893,6,17,6,6,6,6,6,6,6,6,6,6,6,6,6,6,6,6,6,6,6,6,6,6,6,6
Map_6894,6,26,6,6,6,6,6,6,6,6,6,6,6,6,6,6,6,6,6,6,6,6,6,6,6,6
Map_6895,7,33,8,7,7,9,7,7,7,7,7,7,7,7,7,7,7,7,7,7,7,7,7,7,7,7
Map_6896,34,71,13,13,13,13,13,13,13,13,13,13,13,13,13,13,13,13,13,13,13,13,13,13,13,13
Map_6897,39,39,9,9,9,9,9,9,9,9,9,9,9,8,8,8,9,8,9,8,9,8,9,8,9,8
Map_6898,7,72,7,7,7,7,7,7,7,7,7,7,7,7,7,7,7,7,7,7,7,7,7,7,7,7
Map_6899,113,155,32,32,32,32,32,26,32,26,32,26,32,26,32,26,35,26,40,26,40,26,32,26,32,26
Map_6900,19,33,12,12,12,12,12,12,12,12,12,12,12,12,12,12,12,12,14,12,14,12,12,12,12,12
Map_6901,32,170,23,23,23,39,18,18,18,18,18,18,18,18,18,18,23,23,23,23,28,23,18,18,18,18
Map_6902,17,39,12,12,12,12,12,15,12,15,12,15,12,15,12,15,12,12,12,12,12,12,12,12,12,12
Map_6903,27,151,37,37,27,48,23,23,23,23,23,23,23,23,23,23,20,18,20,18,20,18,20,18,20,18
Map_6904,50,33,7,7,7,11,7,7,7,7,7,7,7,7,7,7,7,7,7,7,7,7,7,7,7,7
Map_6905,9,36,9,9,8,9,8,8,8,8,8,8,8,8,8,8,8,8,8,8,8,8,8,8,8,8
Map_6906,6,30,6,6,6,6,6,6,6,6,6,6,6,6,6,6,6,6,6,6,6,6,6,6,6,6
Map_6907,9,14,9,9,9,12,9,9,9,9,9,9,9,9,9,9,9,9,9,9,9,9,9,9,9,9
Map_6908,109,291,26,26,28,29,26,26,24,24,24,24,26,26,26,26,25,24,25,24,25,24,25,24,25,24
Map_6909,8,138,8,8,8,10,8,8,8,8,8,8,8,8,8,8,8,8,8,8,8,8,8,8,8,8
Map_6910,53,135,18,18,18,26,15,15,15,15,15,15,15,15,15,15,15,15,15,15,15,15,15,15,15,15
Map_6911,26,49,22,22,22,22,22,22,22,22,22,22,22,22,22,22,17,16,17,16,17,16,17,16,17,16
Map_6912,9,26,8,8,8,10,8,8,8,8,8,8,8,8,8,8,8,8,8,8,8,8,8,8,8,8
Map_6913,38,120,36,36,33,55,29,25,29,25,29,25,25,25,25,25,25,25,25,25,25,25,25,25,25,25
Map_6914,14,36,14,14,15,18,14,14,14,14,14,14,14,14,14,14,14,14,14,14,14,14,14,14,14,14
Map_6915,6,37,6,6,6,6,6,6,6,6,6,6,6,6,6,6,6,6,6,6,6,6,6,6,6,6
Map_6916,25,100,10,10,10,10,10,10,10,10,10,10,10,10,10,10,10,10,10,10,10,11,10,10,10,10
Map_6917,36,66,19,19,22,19,19,19,19,19,19,19,19,19,19,19,19,19,19,19,19,19,19,19,19,19
Map_6918,31,97,23,18,18,24,18,18,18,18,18,18,18,18,18,18,18,18,18,18,18,18,18,18,18,18
Map_6919,32,138,17,16,19,17,16,16,16,16,16,16,16,16,16,16,17,16,18,16,18,16,16,16,16,16
Map_6920,14,169,11,11,11,11,11,11,11,11,11,11,11,11,11,11,11,11,11,11,11,11,11,11,11,11
Map_6921,10,90,12,12,12,12,12,12,12,12,12,12,12,12,12,12,12,10,12,10,12,10,12,10,12,10
Map_6922,5,11,5,5,5,5,5,5,5,5,5,5,5,5,5,5,5,5,5,5,5,5,5,5,5,5
Map_6923,6,27,6,6,6,6,6,6,6,6,6,6,6,6,6,6,6,6,6,6,6,6,6,6,6,6
Map_6924,12,38,12,12,12,14,12,12,12,12,12,12,12,12,12,12,12,12,12,12,12,12,12,12,12,12
Map_6925,28,54,17,17,12,17,14,14,14,14,14,14,14,14,14,14,14,12,14,12,14,12,14,12,14,12
Map_6926,8,49,5,5,5,5,5,5,5,5,5,5,5,5,5,5,5,5,5,5,5,5,5,5,5,5
Map_6927,7,38,8,7,8,8,7,7,7,7,7,7,7,7,7,7,7,7,7,7,7,7,7,7,7,7
Map_6928,4,16,4,4,4,4,4,4,4,4,4,4,4,4,4,4,4,4,4,4,4,4,4,4,4,4
Map_6929,18,27,11,11,11,11,11,11,11,11,11,11,11,11,11,11,11,11,11,11,11,11,11,11,11,11
Map_6930,8,34,8,8,8,8,8,8,8,8,8,8,8,8,8,8,8,8,8,8,8,8,8,8,8,8
Map_6931,15,50,13,13,13,15,13,13,13,13,13,13,13,13,13,13,15,13,15,15,15,15,13,13,13,13
Map_6932,18,49,16,16,16,16,16,16,16,16,16,16,16,16,16,16,16,16,16,16,16,16,16,16,16,16
Map_6933,7,19,7,7,7,7,7,7,7,7,7,7,7,7,7,7,7,7,7,7,7,7,7,7,7,7
Map_6934,9,17,9,9,9,9,9,9,9,9,9,9,9,9,9,9,9,9,9,9,9,9,9,9,9,9
Map_6935,20,25,15,15,15,15,15,15,15,15,15,15,15,15,15,15,17,15,17,15,17,15,17,15,17,15
Map_6936,8,24,8,8,8,10,8,8,8,8,8,8,8,8,8,8,8,8,8,8,8,8,8,8,8,8
Map_6937,14,38,12,11,12,12,11,11,11,11,11,11,11,11,11,11,11,11,11,11,11,11,11,11,11,11
Map_6938,6,15,6,6,6,8,6,6,6,6,6,6,6,6,6,6,6,6,6,6,6,6,6,6,6,6
Map_6939,31,36,24,26,23,24,19,23,19,23,19,23,19,26,19,26,19,19,21,19,21,19,19,19,19,19
Map_6940,23,70,8,8,8,8,10,8,10,8,10,8,10,8,10,8,10,8,10,8,10,8,10,8,10,8
Map_6941,66,65,12,12,12,12,12,12,12,12,12,12,12,12,12,12,12,12,12,12,12,12,12,12,12,12
Map_6942,60,153,38,38,38,37,38,29,38,29,38,29,29,29,29,29,37,29,37,29,37,29,37,29,37,29
Map_6943,10,74,9,9,9,9,9,9,9,9,9,9,9,9,9,9,9,9,9,9,9,9,9,9,9,9
Map_6944,10,16,10,10,10,10,10,10,10,10,10,10,10,10,10,10,10,10,10,10,10,10,10,10,10,10
Map_6945,8,69,8,8,8,25,8,8,8,8,8,8,8,8,8,8,8,8,8,8,8,8,8,8,8,8
Map_6946,12,32,8,8,8,8,8,8,8,8,8,8,8,8,8,8,8,8,8,8,8,8,8,8,8,8
Map_6947,21,141,14,14,14,14,14,14,14,14,14,14,14,14,14,14,21,13,14,13,14,13,14,13,14,13
Map_6948,345,122,12,12,12,37,12,12,12,12,12,12,12,12,12,12,22,12,22,12,22,12,12,12,12,12
Map_6949,20,50,15,15,15,20,15,15,15,15,15,15,15,15,15,15,15,15,15,15,15,15,15,15,15,15
Map_6950,26,50,22,22,22,22,19,22,19,22,19,22,19,22,19,22,19,19,19,19,19,19,19,19,19,19
Map_6951,24,28,19,19,19,22,15,19,15,19,15,19,15,19,15,19,15,15,15,15,15,15,15,15,15,15
Map_6952,37,100,16,16,16,19,16,16,16,16,16,16,16,16,16,16,17,16,17,17,17,17,17,16,17,16
Map_6953,8,16,7,7,7,9,7,7,7,7,7,7,7,7,7,7,7,7,7,7,7,7,7,7,7,7
Map_6954,18,47,16,16,16,30,16,16,16,16,16,16,16,16,16,16,16,16,16,16,16,16,16,16,16,16
Map_6955,12,33,9,9,9,9,9,9,9,9,9,9,9,9,9,9,9,9,9,9,9,9,9,9,9,9
Map_6956,15,18,11,11,11,11,11,11,11,11,11,11,11,11,11,11,11,11,11,11,11,11,11,11,11,11
Map_6957,33,44,17,17,17,36,15,17,15,17,15,17,15,17,15,17,15,15,15,15,15,15,15,15,15,15
Map_6958,9,44,9,9,9,12,9,9,9,9,9,9,9,9,9,9,10,9,10,9,10,9,10,9,9,9
Map_6959,229,210,67,40,47,53,26,26,26,26,26,26,26,26,26,26,27,26,27,26,27,26,27,26,26,26
Map_6960,6,25,6,6,6,6,6,6,6,6,6,6,6,6,6,6,6,6,6,6,6,6,6,6,6,6
Map_6961,11,143,10,10,10,14,10,10,10,10,10,10,10,10,10,10,10,10,10,10,10,10,10,10,10,10
Map_6962,14,33,11,11,14,18,12,11,12,11,12,11,12,11,12,11,16,11,16,11,16,11,12,11,12,11
Map_6963,40,49,20,20,20,22,20,20,20,20,20,20,20,20,20,20,20,20,25,20,25,20,20,20,20,20
Map_6964,9,26,9,9,9,9,9,9,9,9,9,9,9,9,9,9,9,9,9,9,9,9,9,9,9,9
Map_6965,10,43,10,10,10,8,8,8,8,8,8,8,8,8,8,8,8,8,8,8,8,8,8,8,8,8
Map_6966,77,179,20,20,20,20,14,20,14,20,14,20,14,20,14,20,14,18,15,19,15,19,14,18,14,18
Map_6967,4,21,4,4,4,4,4,4,4,4,4,4,4,4,4,4,4,4,4,4,4,4,4,4,4,4
Map_6968,8,32,8,8,8,13,8,8,8,8,8,8,8,8,8,8,8,8,8,8,8,8,8,8,8,8
Map_6969,7,138,7,7,7,7,7,7,7,7,7,7,7,7,7,7,7,7,7,7,7,7,7,7,7,7
Map_6970,12,20,11,11,11,11,11,11,11,11,11,11,11,11,11,11,11,11,11,11,11,11,11,11,11,11
Map_6971,9,168,9,9,9,9,9,9,9,9,9,9,9,9,9,9,9,9,9,9,9,9,9,9,9,9
Map_6972,17,24,13,13,13,13,13,13,13,13,13,13,13,13,13,13,13,13,15,13,15,13,13,13,13,13
Map_6973,87,154,28,28,28,28,23,20,23,20,23,20,23,28,23,28,23,23,23,23,23,23,23,23,23,23
Map_6974,4,20,4,4,4,4,4,4,4,4,4,4,4,4,4,4,4,4,4,4,4,4,4,4,4,4
Map_6975,27,88,40,49,40,48,32,32,32,32,32,32,32,47,47,47,32,36,26,36,26,36,31,36,31,36
Map_6976,10,31,9,9,9,9,9,9,9,9,9,9,9,9,9,9,9,9,9,9,9,9,9,9,9,9
Map_6977,7,17,6,6,6,11,6,6,6,6,6,6,6,6,6,6,6,6,6,6,6,6,6,6,6,6
Map_6978,13,20,11,11,11,11,11,11,11,11,11,11,11,11,11,11,11,11,11,11,11,11,11,11,11,11
Map_6979,4,17,4,4,5,4,4,4,4,4,4,4,4,4,4,4,4,4,4,4,4,4,4,4,4,4
Map_6980,12,22,10,10,10,13,10,9,10,9,10,9,10,9,10,9,9,9,9,9,9,9,9,9,9,9
Map_6981,19,41,13,13,13,13,13,13,13,13,13,13,13,13,13,13,13,13,13,13,13,13,13,13,13,13
Map_6982,6,10,6,6,6,8,6,6,6,6,6,6,6,6,6,6,6,6,6,6,6,6,6,6,6,6
Map_6983,5,20,5,5,5,5,5,5,5,5,5,5,5,5,5,5,5,5,5,5,5,5,5,5,5,5
Map_6984,12,102,9,9,9,9,9,9,9,9,9,9,9,9,9,9,9,9,9,9,9,9,9,9,9,9
Map_6985,8,29,9,9,9,9,9,8,9,8,9,8,8,8,8,8,9,8,9,8,9,8,9,8,9,8
Map_6986,435,197,57,47,28,226,16,16,16,16,16,16,16,16,16,16,16,16,16,16,16,16,16,16,16,16
Map_6987,71,83,21,21,21,26,10,10,10,10,10,10,10,10,10,10,10,10,10,10,10,10,10,10,10,10
Map_6988,11,59,11,11,11,19,11,11,11,11,11,11,11,11,11,11,13,11,13,11,13,11,11,11,11,11
Map_6989,10,20,10,10,10,11,10,10,10,10,10,10,10,10,10,10,10,10,10,10,10,10,10,10,10,10
Map_6990,12,29,10,10,10,11,10,10,10,10,10,10,10,10,10,10,10,10,10,10,10,10,10,10,10,10
Map_6991,27,46,18,18,22,28,18,18,18,18,18,18,18,18,18,18,18,18,18,18,18,18,18,18,18,18
Map_6992,10,24,8,8,8,8,8,8,8,8,8,8,8,8,8,8,8,8,10,8,10,8,8,8,8,8
Map_6993,6,27,7,6,6,7,6,6,6,6,6,6,6,6,6,6,6,6,6,6,6,6,6,6,6,6
Map_6994,6,13,6,6,6,6,6,6,6,6,6,6,6,6,6,6,6,6,6,6,6,6,6,6,6,6
Map_6995,10,16,10,10,10,10,10,10,10,10,10,10,10,10,10,10,10,10,10,10,10,10,10,10,10,10
Map_6996,14,213,8,8,8,11,8,8,8,8,8,8,8,8,8,8,8,8,8,8,8,8,8,8,8,8
Map_6997,16,34,17,16,17,17,12,12,12,12,12,12,12,12,12,12,12,12,12,12,12,12,12,12,12,12
Map_6998,129,251,113,107,120,59,42,107,42,107,42,107,41,103,41,103,27,27,27,27,27,27,27,47,27,47
Map_6999,9,96,9,9,9,9,9,9,9,9,9,9,9,9,9,9,9,9,9,9,9,9,9,9,9,9
Map_7000,28,111,10,10,10,14,9,9,9,9,9,9,9,9,9,9,9,9,9,9,9,9,9,9,9,9
Map_7001,12,41,9,9,9,9,9,9,9,9,9,9,9,9,9,9,9,9,9,9,9,9,9,9,9,9
Map_7002,12,106,11,11,11,21,11,11,11,11,11,11,11,11,11,11,14,11,14,11,14,11,14,11,14,11
Map_7003,13,40,14,14,14,16,14,13,14,13,14,13,14,13,13,13,14,13,15,13,15,13,14,13,14,13
Map_7004,9,60,9,9,9,9,9,9,9,9,9,9,9,9,9,9,10,9,10,9,10,9,10,9,10,9
Map_7005,75,138,18,18,18,16,14,14,14,14,14,14,14,14,14,14,15,14,15,14,15,14,15,14,15,14
Map_7006,25,138,25,24,24,25,22,21,22,21,22,21,22,21,21,21,22,21,22,21,22,21,22,21,22,21
Map_7007,16,30,17,16,17,18,16,16,16,16,16,16,16,16,16,16,16,16,16,16,16,16,16,16,16,16
Map_7008,5,142,5,5,5,5,5,5,5,5,5,5,5,5,5,5,5,5,5,5,5,5,5,5,5,5
Map_7009,39,111,25,25,26,27,24,22,24,22,24,22,24,22,24,22,23,22,23,22,23,22,23,22,23,22
Map_7010,99,105,38,38,47,36,38,31,38,31,38,31,38,31,38,31,31,31,35,31,35,31,31,31,38,31
Map_7011,6,72,6,6,6,6,6,6,6,6,6,6,6,6,6,6,6,6,6,6,6,6,6,6,6,6
Map_7012,24,79,23,22,23,25,20,20,20,20,20,20,20,20,20,20,20,20,20,20,20,20,20,20,20,20
Map_7013,10,225,10,10,10,10,10,10,10,10,10,10,10,10,10,10,10,10,10,10,13,10,10,10,10,10
Map_7014,98,217,11,11,11,13,11,10,11,10,11,10,10,10,10,10,11,10,11,10,11,10,11,10,11,10
Map_7015,40,43,16,16,16,16,16,16,16,16,16,16,16,16,16,16,16,16,16,16,16,16,16,16,16,16
Map_7016,9,195,11,10,9,11,10,9,10,9,10,9,10,9,10,9,11,9,11,9,11,9,10,9,10,9
Map_7017,12,38,12,12,12,12,12,12,12,12,12,12,12,12,12,12,13,12,13,12,13,12,13,12,13,12
Map_7018,10,24,9,9,9,18,9,9,9,9,9,9,9,9,9,9,9,9,9,9,9,9,9,9,9,9
Map_7019,30,99,19,19,19,19,14,14,14,14,14,14,14,14,14,14,16,14,16,14,16,14,16,14,16,14
Map_7020,36,80,34,34,34,32,30,29,30,29,30,29,29,29,29,29,30,29,30,29,30,29,30,29,30,29
Map_7021,7,10,8,7,7,8,7,7,7,7,7,7,7,7,7,7,7,7,7,7,7,7,7,7,7,7
Map_7022,16,102,10,10,12,10,10,10,10,10,10,10,10,10,10,10,10,9,10,9,10,9,10,9,10,9
Map_7023,8,26,8,8,8,8,8,8,8,8,8,8,8,8,8,8,11,8,11,8,11,8,8,8,8,8
Map_7024,15,39,15,15,14,18,11,11,11,11,11,11,11,11,11,11,11,11,11,11,11,11,11,11,11,11
Map_7025,15,48,15,15,15,15,15,15,15,15,15,15,15,15,15,15,14,14,14,14,14,14,14,15,14,15
Map_7026,8,35,8,8,8,12,8,8,8,8,8,8,8,8,8,8,10,8,10,8,10,8,10,8,10,8
Map_7027,11,28,11,11,11,12,11,11,11,11,11,11,11,11,11,11,13,11,13,11,13,11,12,11,11,11
Map_7028,20,45,13,13,13,36,13,13,13,13,13,13,13,13,13,13,13,13,13,13,13,13,13,13,13,13
Map_7029,12,18,12,12,12,15,14,12,14,12,14,12,13,12,13,12,14,12,14,12,14,12,14,12,14,12
Map_7030,22,44,10,10,10,10,10,9,10,9,10,9,10,9,9,9,10,9,10,9,10,9,10,9,10,9
Map_7031,17,190,11,11,11,12,11,11,11,11,11,11,11,11,11,11,12,11,12,11,12,11,11,11,11,11
Map_7032,7,32,7,7,7,7,7,7,7,7,7,7,7,7,7,7,7,7,7,7,7,7,7,7,7,7
Map_7033,15,51,13,13,13,13,13,13,13,13,13,13,13,13,13,13,13,13,13,13,13,13,13,13,13,13
Map_7034,9,59,9,9,9,9,9,9,9,9,9,9,9,9,9,9,9,9,9,9,9,9,9,9,9,9
Map_7035,6,123,6,6,6,10,6,6,6,6,6,6,6,6,6,6,6,6,6,6,6,6,6,6,6,6
Map_7036,64,115,21,21,21,66,21,21,21,21,21,21,21,21,21,21,21,21,21,21,21,21,21,21,21,21
Map_7037,9,39,9,9,9,9,9,9,9,9,9,9,9,9,9,9,9,9,9,9,9,9,9,9,9,9
Map_7038,64,153,20,19,20,20,19,19,19,19,19,19,19,19,19,19,19,19,19,19,19,19,19,19,19,19
Map_7039,4,11,4,4,4,5,4,4,4,4,4,4,4,4,4,4,4,4,4,4,4,4,4,4,4,4
Map_7040,13,167,9,9,9,9,9,9,9,9,9,9,9,9,9,9,9,9,9,9,9,9,9,9,9,9
Map_7041,12,89,18,18,12,18,18,12,18,12,18,12,18,12,18,12,13,12,13,12,13,12,13,12,13,12
Map_7042,24,163,15,15,15,15,15,15,15,15,15,15,15,15,15,15,15,15,15,15,15,15,15,15,15,15
Map_7043,49,141,32,32,32,35,32,32,32,32,32,32,32,32,32,32,35,32,35,32,35,32,35,32,32,32
Map_7044,15,59,9,9,9,11,9,9,9,9,9,9,9,9,9,9,9,9,9,9,9,9,9,9,9,9
Map_7045,24,106,15,15,15,19,15,15,15,15,15,15,15,15,15,15,15,15,15,15,15,15,15,15,15,15
Map_7046,7,87,7,7,7,8,7,7,7,7,7,7,7,7,7,7,7,7,7,7,7,7,7,7,7,7
Map_7047,92,146,34,34,34,35,23,23,23,23,23,23,23,23,23,23,23,23,28,23,39,23,23,23,23,23
Map_7048,10,26,7,7,7,7,7,7,7,7,7,7,7,7,7,7,7,7,7,7,7,7,7,7,7,7
Map_7049,9,24,11,11,11,11,11,11,11,11,11,11,11,11,11,11,9,9,9,9,9,9,9,9,9,9
Map_7050,15,50,12,12,13,12,12,16,12,15,12,15,12,16,12,16,15,12,15,12,15,12,12,12,13,12
Map_7051,30,57,18,18,26,20,16,18,16,18,16,18,16,18,16,18,16,16,16,16,16,16,16,16,16,16
Map_7052,57,85,15,15,15,15,20,15,20,15,20,15,20,15,20,15,20,15,20,15,20,15,20,15,20,15
Map_7053,10,148,9,9,9,11,9,9,9,9,9,9,9,9,9,9,9,9,9,9,9,9,9,9,9,9
Map_7054,24,68,19,19,19,19,19,19,19,19,19,19,19,19,19,19,19,19,19,19,19,19,19,19,19,19
Map_7055,22,142,16,16,16,37,16,16,16,16,16,16,16,16,16,16,16,16,17,16,17,16,16,16,16,16
Map_7056,44,112,20,19,13,26,14,14,14,14,14,14,14,14,14,14,14,13,14,13,14,13,14,13,14,13
Map_7057,9,17,8,8,8,8,7,7,7,7,7,7,7,7,7,7,7,7,7,7,7,7,7,7,7,7
Map_7058,11,46,15,11,14,15,14,11,14,11,14,11,11,11,11,11,13,11,13,11,13,11,13,11,13,11
Map_7059,20,183,6,6,6,7,6,6,6,6,6,6,6,6,6,6,7,6,7,6,7,6,6,6,6,6
Map_7060,8,36,7,7,7,7,7,7,7,7,7,7,7,7,7,7,7,7,7,7,7,7,7,7,7,7
Map_7061,13,17,10,10,10,10,10,10,10,10,10,10,10,10,10,10,11,10,11,10,11,10,10,10,10,10
Map_7062,15,42,15,15,15,21,12,12,12,12,12,12,12,12,12,12,12,12,20,12,20,12,12,12,12,12
Map_7063,32,63,29,29,29,22,31,27,31,27,31,27,31,27,31,27,31,27,31,27,31,27,31,27,31,27
Map_7064,28,103,18,18,18,18,18,18,18,18,18,18,18,18,18,18,20,13,20,13,20,13,20,13,20,13
Map_7065,12,26,11,11,11,11,11,12,11,12,11,12,11,12,11,12,11,11,11,11,11,11,11,11,11,11
Map_7066,18,114,19,19,19,19,18,15,18,15,18,15,18,15,18,15,15,15,15,15,15,15,15,15,18,15
Map_7067,181,248,28,28,28,34,27,27,27,27,27,27,27,27,27,27,27,27,27,27,27,27,27,27,27,27
Map_7068,23,81,22,22,22,29,22,22,22,22,22,22,22,22,22,22,18,18,18,18,18,18,18,18,18,18
Map_7069,28,226,15,15,20,17,14,15,14,15,14,15,15,15,15,15,15,14,17,14,17,14,14,15,14,15
Map_7070,8,30,8,8,8,14,10,8,10,8,10,8,10,8,10,8,10,8,10,8,10,8,10,8,10,8
Map_7071,5,7,5,5,5,5,5,5,5,5,5,5,5,5,5,5,5,5,5,5,5,5,5,5,5,5
Map_7072,12,63,9,7,7,9,7,7,7,7,7,7,7,7,7,7,9,7,9,7,9,7,7,7,7,7
Map_7073,10,17,9,9,9,9,9,9,9,9,9,9,9,9,9,9,9,9,9,9,9,9,9,9,9,9
Map_7074,9,23,9,9,9,9,11,9,11,9,11,9,11,9,11,9,11,9,11,9,11,9,11,9,11,9
Map_7075,6,10,6,5,5,6,5,5,5,5,5,5,5,5,5,5,6,5,6,5,6,5,5,5,5,5
Map_7076,18,218,17,17,17,17,17,17,17,17,17,17,17,17,17,17,17,17,17,17,17,17,17,17,17,17
Map_7077,13,101,14,14,14,14,14,14,14,14,14,14,14,14,14,14,14,14,16,14,16,14,14,14,14,14
Map_7078,24,90,18,16,16,20,15,15,15,15,15,15,15,15,15,15,15,15,15,15,15,15,15,15,15,15
Map_7079,50,71,29,29,28,18,18,23,18,23,18,23,18,28,18,28,16,16,16,16,16,16,16,16,16,16
Map_7080,19,89,21,20,21,19,14,17,14,17,14,17,14,20,14,20,14,14,14,14,14,14,14,14,14,17
Map_7081,6,15,6,6,6,6,6,6,6,6,6,6,6,6,6,6,6,6,6,6,6,6,6,6,6,6
Map_7082,247,159,52,51,52,53,36,27,36,27,36,27,36,27,36,27,37,25,37,25,37,25,36,25,36,27
Map_7083,45,61,31,31,36,30,31,30,31,30,31,30,31,30,31,30,31,25,31,25,31,25,31,25,31,25
Map_7084,21,46,21,20,20,22,20,20,20,20,20,20,20,20,20,20,26,19,34,19,34,19,23,19,23,19
Map_7085,9,87,9,9,9,9,9,9,9,9,9,9,9,9,9,9,9,9,9,9,9,9,9,9,9,9
Map_7086,15,34,16,16,16,16,16,16,16,16,16,16,16,16,16,16,17,13,17,13,17,13,17,13,17,13
Map_7087,25,41,9,9,9,9,9,9,9,9,9,9,9,9,9,9,9,9,9,9,9,9,9,9,9,9
Map_7088,12,37,12,12,12,19,12,12,12,12,12,12,12,12,12,12,18,12,18,12,18,12,12,12,12,12
Map_7089,18,31,16,13,15,16,16,13,16,13,16,13,13,13,13,13,13,13,15,13,15,13,13,13,13,13
Map_7090,19,83,15,15,15,15,15,15,15,15,15,15,15,15,15,15,15,15,15,15,15,15,15,15,15,15
Map_7091,6,9,5,5,5,5,5,5,5,5,5,5,5,5,5,5,5,5,5,5,5,5,5,5,5,5
Map_7092,12,26,10,10,10,10,10,10,10,10,10,10,10,10,10,10,10,10,10,10,10,10,10,10,10,10
Map_7093,5,21,5,5,5,7,5,5,5,5,5,5,5,5,5,5,5,5,5,5,5,5,5,5,5,5
Map_7094,8,33,8,8,8,9,8,8,8,8,8,8,8,8,8,8,9,8,9,8,9,8,9,8,9,8
Map_7095,10,68,10,10,10,10,10,10,10,10,10,10,10,10,10,10,11,10,12,10,12,10,10,10,10,10
Map_7096,8,18,8,8,8,8,8,8,8,8,8,8,8,8,8,8,8,8,8,8,8,8,8,8,8,8
Map_7097,24,76,14,14,14,15,14,14,14,14,14,14,14,14,14,14,15,14,15,14,15,14,14,14,14,14
Map_7098,29,163,14,14,14,14,14,13,14,13,14,13,13,13,13,13,14,13,14,13,14,13,14,13,14,13
Map_7099,10,25,12,12,12,12,11,10,11,10,11,10,10,10,10,10,11,10,11,10,11,10,11,10,11,10
Map_7100,10,158,10,10,10,10,10,10,10,10,10,10,10,10,10,10,11,10,16,10,16,10,11,10,10,10
Map_7101,11,22,12,9,9,13,9,9,9,9,9,9,9,9,9,9,12,9,12,9,12,9,9,9,9,9
Map_7102,10,25,7,7,7,7,7,7,7,7,7,7,7,7,7,7,7,7,7,7,7,7,7,7,7,7
Map_7103,9,97,12,9,12,13,9,9,9,9,9,9,9,9,9,9,18,9,18,9,18,9,17,9,17,9
Map_7104,19,101,12,12,12,12,12,12,12,12,12,12,12,12,12,12,12,12,16,13,16,13,12,12,12,12
Map_7105,47,47,18,18,29,18,18,18,18,18,18,18,18,18,18,18,18,18,18,18,18,18,18,18,18,18
Map_7106,10,30,8,8,8,8,8,8,8,8,8,8,8,8,8,8,8,8,8,8,8,8,8,8,8,8
Map_7107,10,19,7,7,7,22,7,7,7,7,7,7,7,7,7,7,7,7,7,7,7,7,7,7,7,7
Map_7108,12,70,14,14,14,14,14,14,14,14,14,14,14,14,14,14,14,14,14,12,14,12,14,14,14,14
Map_7109,17,43,14,14,14,20,14,14,14,14,14,14,14,14,14,14,17,14,17,14,17,14,16,14,14,14
Map_7110,12,17,11,11,11,12,11,11,11,11,11,11,11,11,11,11,11,11,11,11,11,11,11,11,11,11
Map_7111,13,47,14,13,13,14,13,13,13,13,13,13,13,13,13,13,16,13,21,13,21,13,16,13,16,13
Map_7112,14,45,18,16,18,18,16,16,16,16,16,16,16,16,16,16,12,12,12,12,12,12,12,16,12,16
Map_7113,10,45,10,10,17,19,13,10,13,10,13,10,13,10,13,10,12,10,12,10,12,10,12,10,12,10
Map_7114,20,76,19,17,19,19,18,14,18,14,18,14,17,14,17,14,15,14,15,14,15,14,18,14,18,14
Map_7115,17,64,9,9,9,11,9,9,9,9,9,9,9,9,9,9,9,9,9,9,9,9,9,9,9,9
Map_7116,47,46,19,19,19,24,19,19,19,19,19,19,19,19,19,19,19,19,19,19,19,19,19,19,19,19
Map_7117,13,30,13,13,13,13,13,10,13,10,13,10,11,10,10,10,13,10,13,10,13,10,13,10,13,10
Map_7118,6,32,6,6,6,6,6,6,6,6,6,6,6,6,6,6,6,6,7,6,7,6,6,6,6,6
Map_7119,6,35,6,6,6,9,6,6,6,6,6,6,6,6,6,6,6,6,7,6,7,6,6,6,6,6
Map_7120,17,29,17,17,17,17,17,17,17,17,17,17,17,17,17,17,17,17,20,17,20,17,17,17,17,17
Map_7121,17,50,12,12,9,12,10,9,10,9,10,9,10,9,10,9,10,9,10,9,10,9,10,9,10,9
Map_7122,14,63,11,11,11,15,11,11,11,11,11,11,11,11,11,11,11,11,11,11,11,11,11,11,11,11
Map_7123,22,214,15,15,13,15,15,15,15,15,15,15,15,15,15,15,15,15,15,15,15,15,15,15,15,15
Map_7124,54,125,67,32,73,75,29,29,29,29,29,29,29,29,29,29,29,29,29,29,29,29,29,29,29,29
Map_7125,23,77,22,22,22,22,19,22,19,21,19,21,19,22,19,22,19,21,19,21,19,21,19,21,19,21
Map_7126,8,24,9,8,9,9,9,8,9,8,9,8,8,8,8,8,9,8,9,8,9,8,9,8,9,8
Map_7127,4,7,4,4,4,4,4,4,4,4,4,4,4,4,4,4,4,4,4,4,4,4,4,4,4,4
Map_7128,10,21,10,10,10,10,10,10,10,10,10,10,10,10,10,10,10,10,10,10,10,10,10,10,10,10
Map_7129,10,28,8,8,8,8,8,8,8,8,8,8,8,8,8,8,8,8,8,8,8,8,8,8,8,8
Map_7130,6,9,6,6,6,6,6,6,6,6,6,6,6,6,6,6,6,6,6,6,6,6,6,6,6,6
Map_7131,13,60,12,12,12,13,12,12,14,12,14,12,12,12,12,12,14,12,14,12,14,12,14,12,14,12
Map_7132,28,139,16,19,16,19,17,17,16,16,16,16,17,17,17,17,17,16,17,16,17,16,16,16,16,16
Map_7133,10,27,10,10,10,11,11,10,11,10,11,10,11,10,11,10,11,10,11,10,11,10,11,10,11,10
Map_7134,15,134,15,15,14,15,14,13,14,13,14,13,14,13,14,13,14,13,14,13,14,13,14,13,14,13
Map_7135,11,48,9,9,9,9,9,9,9,9,9,9,9,9,9,9,9,9,9,9,9,9,9,9,9,9
Map_7136,8,12,9,7,7,9,7,7,7,7,7,7,7,7,7,7,7,7,7,7,7,7,7,7,7,7
Map_7137,55,85,19,19,19,21,19,19,19,19,19,19,19,19,19,19,19,19,19,19,19,19,19,19,19,19
Map_7138,22,36,17,17,17,14,14,14,14,14,14,14,14,14,14,14,14,14,14,14,14,14,14,14,14,14
Map_7139,12,27,9,9,9,12,9,9,9,9,9,9,9,9,9,9,9,9,9,9,9,9,9,9,9,9
Map_7140,6,121,7,6,6,7,6,6,6,6,6,6,6,6,6,6,6,6,6,6,6,6,6,6,6,6
Map_7141,14,60,12,12,12,12,12,10,12,10,12,10,12,10,12,10,10,10,10,10,10,10,12,10,12,10
Map_7142,42,54,47,45,47,28,24,23,24,23,24,23,23,23,23,23,23,23,23,23,23,23,23,23,23,23
Map_7143,14,25,14,14,14,15,14,14,14,14,14,14,14,14,14,14,13,13,13,13,13,13,13,13,13,13
Map_7144,44,132,28,24,28,33,33,24,33,24,33,24,28,24,28,24,29,28,29,28,29,28,33,24,33,24
Map_7145,15,32,13,13,13,10,9,9,9,9,9,9,9,9,9,9,9,9,9,9,9,9,9,9,9,9
Map_7146,11,31,11,11,11,12,11,11,11,11,11,11,11,11,11,11,11,11,11,11,11,11,11,11,11,11
Map_7147,14,82,14,14,14,14,14,14,14,14,14,14,14,14,14,14,14,14,14,14,14,14,14,14,14,14
Map_7148,28,49,19,19,19,19,19,19,19,19,19,19,19,19,19,19,19,19,19,19,19,19,19,19,19,19
Map_7149,14,65,11,11,11,11,11,11,11,11,11,11,11,11,11,11,11,11,11,11,11,11,11,11,11,11
Map_7150,8,27,10,8,8,10,8,8,8,8,8,8,8,8,8,8,10,8,10,8,10,8,10,8,10,8
Map_7151,8,166,8,8,8,12,8,8,8,8,8,8,8,8,8,8,8,8,12,8,12,8,8,8,8,8
Map_7152,18,47,15,15,15,17,16,15,16,15,16,15,16,15,16,15,16,14,17,14,17,14,16,14,16,14
Map_7153,13,37,30,13,37,18,18,12,18,12,18,12,18,12,18,12,14,12,14,12,14,12,14,12,14,12
Map_7154,52,138,49,43,49,45,27,35,27,35,27,35,35,35,35,35,27,31,34,23,46,23,27,31,27,31
Map_7155,8,298,14,8,8,13,8,8,8,8,8,8,8,8,8,8,8,8,8,8,8,8,8,8,8,8
Map_7156,24,120,9,9,9,9,9,10,9,10,9,10,10,10,10,10,9,9,9,9,9,9,9,10,9,10
Map_7157,8,37,8,8,8,13,8,8,8,8,8,8,8,8,8,8,8,8,12,8,12,8,8,8,8,8
Map_7158,41,44,17,17,19,20,17,17,17,17,17,17,17,17,17,17,18,17,20,17,20,17,17,17,17,17
Map_7159,10,101,11,11,11,13,12,11,12,11,12,11,11,11,11,11,13,11,12,11,12,11,12,11,12,11
Map_7160,15,81,15,15,15,20,15,15,15,15,15,15,15,15,15,15,16,12,16,12,16,12,16,12,15,12
Map_7161,12,99,16,13,16,20,12,12,12,12,12,12,12,12,12,12,12,12,12,12,12,12,12,12,12,12
Map_7162,7,20,12,9,7,12,9,7,9,7,9,7,9,7,9,7,9,7,9,7,9,7,9,7,9,7
Map_7163,11,39,14,14,14,14,14,11,14,11,14,11,14,11,14,11,14,11,14,11,14,11,14,11,14,11
Map_7164,285,87,18,18,18,24,16,16,16,16,16,16,16,16,16,16,16,15,16,15,16,15,16,15,16,15
Map_7165,7,14,7,7,7,12,7,7,7,7,7,7,7,7,7,7,7,7,7,7,7,7,7,7,7,7
Map_7166,70,79,30,30,30,31,30,30,30,30,30,30,30,30,30,30,30,30,30,30,30,30,30,30,30,30
Map_7167,15,22,14,14,14,19,14,14,14,14,14,14,14,14,14,14,15,14,15,14,15,14,14,14,14,14
Map_7168,18,32,13,13,13,15,13,13,13,13,13,13,13,13,13,13,13,11,13,11,13,11,13,11,13,11
Map_7169,7,16,7,7,7,9,7,7,7,7,7,7,7,7,7,7,8,7,8,7,8,7,7,7,7,7
Map_7170,82,318,50,50,44,107,17,17,17,17,17,17,17,17,17,17,17,17,17,17,17,17,17,17,17,17
Map_7171,10,28,8,8,8,10,8,8,8,8,8,8,8,9,8,9,9,8,9,8,9,8,8,8,8,8
Map_7172,6,46,6,6,6,6,6,6,6,6,6,6,6,6,6,6,6,6,6,6,6,6,6,6,6,6
Map_7173,6,25,6,6,6,6,6,6,6,6,6,6,6,6,6,6,6,6,6,6,6,6,6,6,6,6
Map_7174,7,13,9,9,7,9,7,7,7,7,7,7,7,7,7,7,7,7,7,7,7,7,7,7,7,7
Map_7175,29,57,20,20,20,21,20,20,20,20,20,20,20,20,20,20,24,20,20,20,20,20,20,20,20,20
Map_7176,14,40,12,12,12,16,16,12,16,12,16,12,16,12,16,12,12,12,12,12,12,12,12,12,12,12
Map_7177,15,127,15,15,15,15,15,15,15,15,15,15,15,15,15,15,15,15,17,15,17,15,15,15,15,15
Map_7178,22,66,22,22,22,25,21,21,21,21,21,21,20,20,20,20,21,21,21,21,21,21,21,21,21,21
Map_7179,9,18,9,9,9,10,9,9,9,9,9,9,9,9,9,9,9,9,9,9,9,9,9,9,9,9
Map_7180,27,142,11,11,11,11,11,11,11,11,11,11,11,11,11,11,10,10,10,10,10,10,10,10,10,10
Map_7181,37,42,18,18,18,18,18,18,18,18,18,18,18,18,18,18,18,19,23,19,23,19,18,18,18,18
Map_7182,20,24,17,16,17,18,16,17,16,17,16,17,16,16,16,16,14,14,14,14,14,14,14,14,14,16
Map_7183,13,24,15,12,12,15,12,12,12,12,12,12,12,12,12,12,12,12,12,12,12,12,12,12,12,12
Map_7184,20,45,21,21,20,21,17,16,17,16,17,16,16,16,16,16,17,16,17,16,17,16,17,16,17,16
Map_7185,34,59,33,33,33,34,28,28,28,28,28,28,28,28,28,28,28,27,28,27,28,27,28,34,28,34
Map_7186,56,56,24,24,24,24,24,23,24,23,24,23,24,23,23,23,19,18,19,18,19,18,22,18,22,18
Map_7187,12,145,12,12,12,17,12,12,12,12,12,12,12,12,12,12,13,12,16,12,16,12,12,12,12,12
Map_7188,7,58,7,7,7,7,7,7,7,7,7,7,7,7,7,7,7,7,7,7,7,7,7,7,7,7
Map_7189,18,80,10,10,10,15,10,10,10,10,10,10,10,10,10,10,10,10,10,10,10,10,10,10,10,10
Map_7190,10,144,9,9,9,9,9,9,9,9,9,9,9,9,9,9,9,9,10,9,10,9,9,9,9,9
Map_7191,63,63,17,17,17,17,17,17,17,17,17,17,17,17,17,17,17,17,17,17,17,17,17,17,17,17
Map_7192,7,10,6,6,6,6,6,6,6,6,6,6,6,6,6,6,6,6,6,6,6,6,6,6,6,6
Map_7193,35,64,14,13,21,15,13,13,13,13,13,13,13,13,13,13,14,13,14,13,14,13,13,13,13,13
Map_7194,7,34,7,7,7,7,7,7,7,7,7,7,7,7,7,7,7,7,7,7,7,7,7,7,7,7
Map_7195,12,57,8,8,8,8,8,8,8,8,8,8,8,8,8,8,8,8,8,8,8,8,8,8,8,8
Map_7196,11,85,15,10,11,15,10,10,10,10,10,10,10,10,10,10,10,10,10,10,10,10,10,10,10,10
Map_7197,12,62,16,12,16,15,9,9,9,9,9,9,9,9,9,9,10,9,10,9,10,9,9,9,9,9
Map_7198,17,165,22,17,17,22,17,17,17,17,17,17,17,17,17,17,17,17,17,17,27,17,17,17,17,17
Map_7199,20,50,20,19,20,20,19,19,19,19,19,19,19,19,19,19,19,19,19,18,19,18,19,19,19,19
Map_7200,5,11,5,5,5,5,5,5,5,5,5,5,5,5,5,5,5,5,5,5,5,5,5,5,5,5
Map_7201,70,62,21,21,21,21,21,17,21,17,21,17,21,35,21,35,18,21,18,21,18,21,19,21,19,21
Map_7202,34,157,34,25,38,41,26,26,26,26,26,26,26,26,26,26,22,22,22,22,22,22,22,22,22,22
Map_7203,16,24,15,15,15,17,15,12,15,12,15,12,15,12,15,12,16,12,16,12,16,12,15,12,15,12
Map_7204,15,59,13,12,13,13,13,12,13,12,13,12,12,12,12,12,12,12,12,12,12,12,12,12,12,12
Map_7205,8,65,7,7,8,7,7,7,7,7,7,7,7,7,7,7,7,7,7,7,7,7,7,7,7,7
Map_7206,22,53,19,19,19,19,19,19,19,19,19,19,19,19,19,19,19,19,19,19,19,19,19,19,19,19
Map_7207,46,71,24,24,24,33,25,30,25,30,25,30,25,33,25,33,24,22,25,22,25,22,24,22,24,22
Map_7208,10,234,9,9,9,9,9,9,9,9,9,9,9,9,9,9,10,9,10,9,10,9,9,9,9,9
Map_7209,7,20,6,6,6,6,6,7,6,7,6,7,6,7,6,7,6,6,6,6,6,6,6,6,6,6
Map_7210,132,113,12,12,12,12,12,12,12,12,12,12,12,12,12,12,12,12,12,12,12,12,12,12,12,12
Map_7211,7,13,7,7,7,10,7,7,7,7,7,7,7,7,7,7,7,7,7,7,7,7,7,7,7,7
Map_7212,39,29,29,26,19,14,14,14,14,14,14,14,14,14,14,14,14,14,14,14,14,14,14,14,14,14
Map_7213,48,61,14,14,20,14,14,14,14,14,14,14,14,14,14,14,14,14,14,14,14,14,14,14,14,14
Map_7214,293,152,15,15,15,15,15,15,15,15,15,15,15,15,15,15,15,15,15,15,15,15,15,15,15,15
Map_7215,10,18,10,10,10,16,10,10,10,10,10,10,10,10,10,10,10,10,10,10,10,10,10,10,10,10
Map_7216,14,37,14,14,14,14,14,14,14,14,14,14,14,14,14,14,14,14,14,14,14,14,14,14,14,14
Map_7217,101,156,16,16,16,17,16,16,16,16,16,16,16,16,16,16,16,16,16,16,16,16,16,16,16,16
Map_7218,115,192,35,35,27,35,35,30,35,30,35,30,30,30,30,30,33,23,33,23,33,23,35,23,35,23
Map_7219,8,22,8,8,8,8,8,8,8,8,8,8,8,8,8,8,8,8,8,8,8,8,8,8,8,8
Map_7220,28,85,33,33,33,47,29,29,29,29,29,29,29,29,29,29,25,25,25,25,25,25,25,25,25,25
Map_7221,8,19,8,8,7,14,9,8,9,8,9,8,9,8,9,8,9,7,14,7,14,7,9,7,9,7
Map_7222,10,21,8,8,8,8,8,8,8,8,8,8,8,8,8,8,8,8,8,8,8,8,8,8,8,8
Map_7223,23,57,13,13,13,21,21,18,21,18,21,18,21,18,21,18,16,14,16,14,16,14,16,14,16,14
Map_7224,7,24,7,7,7,7,7,7,7,7,7,7,7,7,7,7,7,7,7,7,7,7,7,7,7,7
Map_7225,16,83,12,12,12,18,12,12,12,12,12,12,12,12,12,12,12,12,12,12,12,12,12,12,12,12
Map_7226,4,12,4,4,4,4,4,4,4,4,4,4,4,4,4,4,4,4,4,4,4,4,4,4,4,4
Map_7227,9,14,8,8,8,8,8,8,8,8,8,8,8,8,8,8,8,8,8,8,8,8,8,8,8,8
Map_7228,21,39,20,20,20,13,13,13,13,13,13,13,13,13,13,13,13,13,13,13,13,13,14,13,13,13
Map_7229,158,54,29,29,29,41,29,29,29,29,29,29,29,29,29,29,31,23,34,23,34,23,31,23,29,23
Map_7230,22,191,13,13,13,19,13,13,13,13,13,13,13,13,13,13,13,12,13,12,13,12,13,12,13,13
Map_7231,11,63,12,11,12,22,11,11,12,11,12,11,11,11,11,11,11,11,11,11,11,11,11,11,11,11
Map_7232,33,74,30,30,30,32,30,28,30,28,30,28,30,28,30,28,27,28,27,28,27,28,27,28,27,28
Map_7233,81,60,32,30,51,32,30,30,30,30,30,30,30,30,30,30,32,30,32,30,32,30,30,30,30,30
Map_7234,8,30,8,8,8,8,8,8,8,8,8,8,8,8,8,8,8,8,8,8,8,8,8,8,8,8
Map_7235,9,22,9,9,9,15,9,9,9,9,9,9,9,9,9,9,10,9,10,9,10,9,9,9,9,9
Map_7236,6,43,6,6,6,8,6,6,6,6,6,6,6,6,6,6,6,6,8,6,8,6,6,6,6,6
Map_7237,10,33,10,10,10,10,10,8,10,8,10,8,10,8,10,8,8,8,8,8,8,8,8,8,8,8
Map_7238,8,14,8,8,8,8,8,8,8,8,8,8,8,8,8,8,8,8,8,8,8,8,8,8,8,8
Map_7239,15,27,15,15,15,15,15,14,15,14,15,14,15,14,15,14,15,14,15,14,15,14,15,14,15,14
Map_7240,9,17,10,9,10,12,9,9,9,9,9,9,9,9,9,9,9,9,9,9,9,9,9,9,9,9
Map_7241,17,36,17,17,17,22,17,17,17,17,17,17,17,17,17,17,15,15,15,15,15,15,15,15,15,15
Map_7242,28,78,12,12,12,9,9,9,9,9,9,9,9,9,9,9,9,9,9,9,9,9,9,9,9,9
Map_7243,16,33,19,19,19,21,19,15,19,15,19,15,19,15,19,15,15,15,15,15,15,15,18,15,18,15
Map_7244,9,17,8,8,8,10,8,8,8,8,8,8,8,8,8,8,8,8,8,8,8,8,8,8,8,8
Map_7245,73,194,9,9,9,11,9,9,9,9,9,9,9,9,9,9,9,9,9,9,9,9,9,9,9,9
Map_7246,19,59,19,19,19,19,19,19,19,19,19,19,19,19,19,19,19,19,19,19,26,19,19,19,19,19
Map_7247,16,120,18,16,18,20,19,16,17,16,17,16,16,16,16,16,16,16,16,16,16,16,16,16,16,16
Map_7248,30,39,26,26,21,26,26,24,26,24,26,24,26,24,26,24,24,24,24,24,24,24,24,24,26,24
Map_7249,8,121,8,8,8,8,8,8,8,8,8,8,8,8,8,8,10,8,10,8,10,8,8,8,8,8
Map_7250,17,259,19,17,17,19,17,17,17,17,17,17,17,17,17,17,19,17,19,17,19,17,19,17,17,17
Map_7251,11,22,11,11,11,11,11,11,11,11,11,11,11,11,11,11,11,11,11,11,11,11,11,11,11,11
Map_7252,26,43,23,23,23,23,22,22,22,22,22,22,22,22,22,22,13,13,13,13,13,13,13,13,13,13
Map_7253,16,39,14,12,14,14,14,16,14,16,14,16,14,16,14,16,14,12,14,12,14,12,14,12,14,12
Map_7254,39,46,30,30,29,30,23,29,23,29,23,29,23,29,23,29,23,23,23,23,23,23,23,25,23,29
Map_7255,42,78,21,20,33,32,21,21,21,21,21,21,20,20,20,20,21,20,21,20,21,20,21,20,21,20
Map_7256,9,62,9,9,9,9,9,9,9,9,9,9,9,9,9,9,9,9,9,9,9,9,9,9,9,9
Map_7257,7,25,7,7,7,7,7,7,7,7,7,7,7,7,7,7,7,7,9,7,9,7,7,7,7,7
Map_7258,22,43,17,17,17,17,15,15,15,15,15,15,15,15,15,15,15,15,15,15,15,15,15,15,15,15
Map_7259,11,51,10,10,10,10,10,10,10,10,10,10,10,10,10,10,10,10,10,10,10,10,10,10,10,10
Map_7260,13,22,9,9,9,13,9,9,9,9,9,9,9,9,9,9,9,9,9,9,9,9,9,9,9,9
Map_7261,8,18,8,8,8,8,8,8,8,8,8,8,8,8,8,8,8,8,12,8,12,8,8,8,8,8
Map_7262,10,44,10,10,10,10,10,10,10,10,10,10,10,10,10,10,12,10,12,10,12,10,10,10,10,10
Map_7263,15,94,11,11,11,16,11,11,11,11,11,11,11,11,11,11,11,11,11,11,11,11,11,11,11,11
Map_7264,5,24,6,6,6,6,6,5,6,5,6,5,5,5,5,5,6,5,6,5,6,5,6,5,6,5
Map_7265,9,80,9,9,9,9,9,9,9,9,9,9,9,9,9,9,9,9,9,9,9,9,9,9,9,9
Map_7266,13,80,10,10,10,13,10,10,10,10,10,10,10,10,10,10,10,10,10,10,10,10,10,10,10,10
Map_7267,10,24,6,6,6,6,6,6,6,6,6,6,6,6,6,6,6,6,6,6,6,6,6,6,6,6
Map_7268,7,26,8,7,8,8,7,7,7,7,7,7,7,7,7,7,11,7,11,7,11,7,7,7,7,7
Map_7269,5,8,6,5,6,6,5,5,5,5,5,5,5,5,5,5,5,5,5,5,5,5,5,5,5,5
Map_7270,10,17,10,10,10,10,10,10,10,10,10,10,10,10,10,10,10,10,10,10,10,10,10,10,10,10
Map_7271,9,148,10,10,10,13,9,9,9,9,9,9,9,9,9,9,9,9,9,9,9,9,9,9,9,9
Map_7272,12,94,10,9,10,18,9,9,9,9,9,9,9,9,9,9,10,9,13,9,13,9,9,9,9,9
Map_7273,6,12,6,6,6,8,6,6,6,6,6,6,6,6,6,6,6,6,8,6,8,6,6,6,6,6
Map_7274,68,55,16,16,16,16,16,16,16,16,16,16,16,16,16,16,16,16,16,16,16,16,16,16,16,16
Map_7275,70,134,37,32,37,64,26,26,26,26,26,26,26,25,25,25,23,22,23,22,23,22,23,22,23,22
Map_7276,15,25,9,9,9,10,9,9,9,9,9,9,9,9,9,9,9,9,9,9,9,9,9,9,9,9
Map_7277,29,40,18,18,18,29,18,18,18,18,18,18,18,18,18,18,18,18,18,18,18,18,18,18,18,18
Map_7278,218,81,26,28,31,41,26,27,26,27,26,27,27,27,27,27,26,26,26,26,26,26,26,27,26,27
Map_7279,11,39,11,11,11,14,12,11,12,11,12,11,12,11,12,11,14,11,14,11,14,11,12,11,12,11
Map_7280,10,71,9,9,9,17,9,9,9,9,9,9,9,9,9,9,9,9,9,9,9,9,9,9,9,9
Map_7281,7,13,7,7,7,7,7,7,7,7,7,7,7,7,7,7,7,7,12,7,12,7,7,7,7,7
Map_7282,9,118,9,9,9,9,9,9,9,9,9,9,9,9,9,9,9,9,9,9,9,9,9,9,9,9
Map_7283,50,92,28,26,27,29,20,20,20,20,20,20,20,20,20,20,18,20,18,20,18,20,18,20,18,20
Map_7284,24,43,11,11,11,19,16,11,16,11,16,11,16,11,16,11,16,11,16,11,16,11,16,11,16,11
Map_7285,11,44,10,10,10,10,10,10,10,10,10,10,10,10,10,10,10,10,13,10,13,10,10,10,10,10
Map_7286,15,116,13,12,13,13,13,12,13,12,13,12,12,12,12,12,13,12,13,12,13,12,13,12,13,12
Map_7287,23,58,17,17,17,20,15,15,15,15,15,15,15,15,15,15,17,15,17,15,17,15,17,15,17,15
Map_7288,33,81,16,15,15,16,15,15,15,15,15,15,15,15,15,15,16,15,16,15,16,15,15,15,15,15
Map_7289,12,19,10,10,10,12,10,10,10,10,10,10,10,10,10,10,10,10,10,10,10,10,10,10,10,10
Map_7290,7,89,6,6,6,6,6,6,6,6,6,6,6,6,6,6,6,6,6,6,6,6,6,6,6,6
Map_7291,21,158,11,11,11,11,11,11,11,11,11,11,11,11,11,11,11,11,11,11,11,11,11,11,11,11
Map_7292,8,12,8,8,8,10,8,8,8,8,8,8,8,8,8,8,9,8,9,8,9,8,8,8,8,8
Map_7293,15,119,14,14,11,14,11,11,11,11,11,11,11,11,11,11,11,11,11,11,11,11,11,11,11,11
Map_7294,30,80,14,14,14,14,14,19,14,19,14,19,14,19,14,19,14,14,14,14,14,14,14,14,14,14
Map_7295,18,173,18,20,18,18,18,18,18,18,18,18,18,18,18,18,17,14,17,14,17,14,18,14,20,14
Map_7296,9,14,9,9,9,11,9,9,9,9,9,9,9,9,9,9,11,9,11,9,11,9,9,9,9,9
Map_7297,17,27,12,12,12,12,17,12,17,12,17,12,14,12,14,12,15,12,15,12,15,12,14,12,14,12
Map_7298,16,35,16,16,16,17,16,14,16,14,16,14,14,14,14,14,16,14,16,14,16,14,16,14,16,14
Map_7299,45,46,39,39,39,39,39,39,39,29,39,29,39,39,39,39,23,26,23,26,23,26,23,29,23,29
Map_7300,16,43,16,16,16,15,15,15,15,15,15,15,16,16,16,16,15,15,15,15,15,15,15,15,15,15
Map_7301,11,24,11,11,11,14,11,11,11,11,11,11,11,11,11,11,11,11,13,11,13,11,11,11,11,11
Map_7302,29,40,21,21,21,29,21,21,21,21,21,21,21,21,26,26,25,20,25,20,25,20,21,20,21,21
Map_7303,38,54,23,23,23,23,23,23,23,23,23,23,23,23,23,23,22,23,22,23,22,23,22,23,22,23
Map_7304,7,41,7,7,7,11,7,7,7,7,7,7,7,7,7,7,7,7,7,7,7,7,7,7,7,7
Map_7305,9,62,9,9,9,34,9,9,9,9,9,9,9,9,9,9,9,9,9,9,9,9,9,9,9,9
Map_7306,14,26,10,10,10,10,10,10,10,10,10,10,10,10,10,10,11,10,11,10,11,10,10,10,10,10
Map_7307,43,56,21,20,20,21,20,20,20,20,20,20,20,20,20,20,20,20,20,20,20,20,20,20,20,20
Map_7308,12,44,12,12,12,18,12,12,12,12,12,12,12,12,12,12,15,12,15,12,15,12,12,12,12,12
Map_7309,15,38,20,20,20,16,16,16,16,16,16,16,16,16,16,16,16,14,16,14,16,14,16,14,16,14
Map_7310,6,71,6,6,6,7,6,6,6,6,6,6,6,6,6,6,6,6,6,6,6,6,6,6,6,6
Map_7311,8,49,8,8,8,8,8,8,8,8,8,8,8,8,8,8,8,8,8,8,8,8,8,8,8,8
Map_7312,10,100,10,10,10,11,10,10,10,10,10,10,10,10,10,10,10,10,10,10,10,10,10,10,10,10
Map_7313,125,356,91,112,103,59,59,57,59,57,59,57,57,57,57,57,63,57,63,57,63,57,62,57,57,57
Map_7314,7,14,7,7,7,10,7,7,7,7,7,7,7,7,7,7,7,7,7,7,7,7,7,7,7,7
Map_7315,17,97,17,17,17,17,17,19,17,19,17,19,17,19,17,19,18,19,18,19,18,19,17,19,17,19
Map_7316,145,103,24,24,24,34,23,20,23,20,23,20,23,20,23,20,20,20,20,20,22,20,20,20,20,20
Map_7317,17,44,18,18,18,22,18,17,18,17,18,17,17,17,17,17,18,14,18,14,18,14,16,14,16,14
Map_7318,7,20,5,5,5,5,5,5,5,5,5,5,5,5,5,5,5,5,5,5,5,5,5,5,5,5
Map_7319,23,38,14,14,14,16,14,14,14,14,14,14,14,14,14,14,14,14,14,14,14,14,14,14,14,14
Map_7320,32,143,11,11,11,16,11,11,11,11,11,11,11,11,11,11,11,11,11,11,11,11,11,11,11,11
Map_7321,8,27,8,8,8,8,8,8,8,8,8,8,8,8,8,8,8,8,8,8,8,8,8,8,8,8
Map_7322,37,39,18,18,18,19,18,18,18,18,18,18,18,18,18,18,18,18,27,18,28,18,18,18,18,18
Map_7323,29,115,29,28,32,29,22,26,22,26,22,26,22,27,22,27,22,22,21,22,21,22,22,22,22,22
Map_7324,8,33,9,8,9,13,9,8,9,8,9,8,8,8,8,8,9,8,9,8,9,8,9,8,9,8
Map_7325,14,26,11,11,11,11,11,11,11,11,11,11,11,11,11,11,11,11,11,11,11,11,11,11,11,11
Map_7326,30,59,18,18,20,20,18,18,18,18,18,18,18,18,18,18,21,18,21,18,21,18,21,18,21,18
Map_7327,17,42,9,9,9,9,9,9,9,9,9,9,9,9,9,9,9,9,9,9,9,9,9,9,9,9
Map_7328,11,27,9,9,9,9,9,9,9,9,9,9,9,9,9,9,9,9,9,9,9,9,9,9,9,9
Map_7329,62,50,20,20,20,37,20,20,20,20,20,20,20,20,20,20,28,20,33,20,33,20,20,20,20,20
Map_7330,12,26,11,10,10,11,10,10,10,10,10,10,10,10,10,10,10,10,10,10,10,10,10,10,10,10
Map_7331,12,108,13,13,13,18,13,13,13,13,13,13,13,13,13,13,13,12,13,12,13,12,13,12,13,12
Map_7332,13,39,20,20,20,22,20,13,20,13,20,13,20,13,20,13,13,13,13,13,13,13,13,13,13,13
Map_7333,54,67,18,18,16,18,18,13,18,13,18,13,18,13,18,13,16,13,16,13,16,13,16,13,16,13
Map_7334,9,18,10,9,9,10,9,9,9,9,9,9,9,9,9,9,10,9,10,9,10,9,9,9,9,9
Map_7335,18,87,15,13,15,13,13,13,13,13,13,13,13,13,13,13,13,13,13,13,13,13,13,13,13,13
Map_7336,31,84,26,26,25,33,25,21,25,21,25,21,21,21,21,21,26,16,26,16,30,16,22,16,22,16
Map_7337,6,10,7,7,7,7,7,6,7,6,7,6,6,6,6,6,7,6,7,6,7,6,7,6,7,6
Map_7338,12,51,13,12,13,19,10,10,10,10,10,10,10,10,10,10,10,10,10,10,10,10,10,10,10,10
Map_7339,12,28,12,12,12,12,12,12,12,12,12,12,12,12,12,12,12,12,12,12,12,12,12,12,12,12
Map_7340,18,97,26,25,26,31,28,22,28,22,28,22,25,19,25,19,18,22,18,22,18,23,18,22,18,22
Map_7341,32,72,14,14,14,14,14,14,14,14,14,14,14,14,14,14,14,14,14,14,14,14,14,14,14,14
Map_7342,9,34,9,9,9,9,9,9,9,9,9,9,9,9,9,9,9,9,9,9,9,9,9,9,9,9
Map_7343,17,41,18,18,18,18,18,28,18,28,18,28,18,28,18,28,18,23,18,18,18,18,18,23,18,23
Map_7344,6,32,6,6,6,11,6,6,6,6,6,6,6,6,6,6,6,6,6,6,6,6,6,6,6,6
Map_7345,10,172,10,10,10,10,10,10,10,10,10,10,10,10,10,10,10,10,10,10,10,10,10,10,10,10
Map_7346,15,73,8,8,8,11,8,8,8,8,8,8,8,8,8,8,8,8,8,8,8,8,8,8,8,8
Map_7347,67,314,27,27,27,27,27,27,27,27,27,27,27,27,27,27,31,19,31,19,31,19,29,19,29,19
Map_7348,7,69,6,6,6,9,6,5,6,5,6,5,6,5,5,5,6,5,6,5,6,5,6,5,6,5
Map_7349,10,33,10,10,10,12,10,10,10,10,10,10,10,10,10,10,10,10,10,10,10,10,10,10,10,10
Map_7350,33,82,37,33,37,44,24,22,24,22,24,22,23,29,23,29,24,23,24,23,24,23,24,23,24,23
Map_7351,325,230,136,142,275,159,97,94,98,94,98,94,97,94,97,94,84,110,84,110,84,110,88,118,88,118
Map_7352,11,71,10,10,10,10,9,9,9,9,9,9,9,9,9,9,9,9,9,9,9,9,9,9,9,9
Map_7353,131,112,42,42,53,43,35,22,35,22,35,22,35,22,35,22,32,22,32,22,32,22,32,22,32,22
Map_7354,22,119,17,16,17,17,16,16,16,16,16,16,16,16,16,16,14,14,14,14,14,14,14,14,14,14
Map_7355,207,312,64,64,44,83,64,64,64,64,64,64,64,64,80,80,63,33,38,33,38,33,67,33,76,33
Map_7356,12,37,13,12,13,13,9,9,9,9,9,9,9,9,9,9,9,9,9,9,9,9,9,9,9,9
Map_7357,50,305,15,15,15,15,15,15,15,15,15,15,15,15,15,15,15,15,15,15,15,15,15,15,15,15
Map_7358,14,136,14,14,14,14,14,14,14,14,14,14,14,14,14,14,13,13,13,13,13,13,13,13,14,13
Map_7359,6,10,6,6,6,6,6,6,6,6,6,6,6,6,6,6,6,6,6,6,6,6,6,6,6,6
Map_7360,10,21,10,10,10,12,10,10,10,10,10,10,10,10,10,10,10,10,10,10,10,10,10,10,10,10
Map_7361,7,16,7,7,7,9,7,7,7,7,7,7,7,7,7,7,7,7,7,7,7,7,7,7,7,7
Map_7362,22,50,18,16,18,18,16,16,16,16,16,16,16,16,16,16,18,17,18,17,18,17,18,17,18,17
Map_7363,11,163,11,11,11,11,11,11,11,11,11,11,11,11,11,11,11,11,11,11,11,11,11,11,11,11
Map_7364,12,21,9,9,9,14,9,9,9,9,9,9,9,9,9,9,10,8,10,8,10,8,10,8,10,8
Map_7365,9,74,9,9,9,9,9,9,9,9,9,9,9,9,9,9,10,9,10,9,10,9,10,9,10,9
Map_7366,7,39,7,7,7,7,7,7,7,7,7,7,7,7,7,7,7,7,7,7,7,7,7,7,7,7
Map_7367,23,44,20,20,20,20,15,15,15,15,15,15,15,15,15,15,15,15,19,15,19,15,15,15,15,15
Map_7368,23,93,15,15,17,18,15,15,15,15,15,15,15,15,15,15,15,15,15,15,15,15,15,15,15,15
Map_7369,18,89,22,22,22,40,18,17,18,17,18,17,17,17,17,17,17,17,17,17,17,17,17,17,17,17
Map_7370,14,31,14,14,14,14,14,14,14,14,14,14,14,14,14,14,14,14,14,14,14,14,14,14,14,14
Map_7371,17,24,18,17,18,18,16,16,16,16,16,16,16,16,16,16,16,15,16,15,16,15,16,15,16,15
Map_7372,12,59,13,11,19,13,11,11,11,11,11,11,11,11,11,11,11,11,11,11,11,11,11,11,11,11
Map_7373,17,85,11,11,11,11,9,9,9,9,9,9,9,9,9,9,9,9,9,9,9,9,9,9,9,9
Map_7374,43,234,12,12,12,15,12,12,12,12,12,12,12,12,12,12,12,12,12,12,12,12,12,12,12,12
Map_7375,16,158,16,16,18,23,16,16,16,16,16,16,16,16,16,16,20,16,20,16,20,16,16,16,16,16
Map_7376,18,58,12,12,12,12,12,10,12,10,12,10,12,10,12,10,12,10,12,10,12,10,12,10,12,10
Map_7377,19,60,10,10,10,10,10,10,10,10,10,10,10,10,10,10,11,10,11,10,11,10,11,10,11,10
Map_7378,17,109,7,7,7,21,7,7,7,7,7,7,7,7,7,7,7,7,7,7,7,7,7,7,7,7
Map_7379,23,66,10,9,9,11,9,9,9,9,9,9,9,9,9,9,10,9,10,9,10,9,10,9,9,9
Map_7380,5,28,5,5,5,5,5,5,5,5,5,5,5,5,5,5,5,5,5,5,5,5,5,5,5,5
Map_7381,10,56,11,10,11,13,10,10,10,10,10,10,10,10,10,10,10,10,10,10,10,10,10,10,10,10
Map_7382,5,10,7,5,5,7,5,5,5,5,5,5,5,5,5,5,5,5,7,5,7,5,5,5,5,5
Map_7383,4,61,4,4,4,4,4,4,4,4,4,4,4,4,4,4,4,4,4,4,4,4,4,4,4,4
Map_7384,17,51,15,13,13,15,13,13,13,13,13,13,13,13,13,13,13,13,13,13,13,13,13,13,13,13
Map_7385,9,41,9,9,9,9,9,9,9,9,9,9,9,9,9,9,10,8,10,8,10,8,9,8,9,8
Map_7386,29,339,77,57,21,70,21,21,21,21,21,21,21,21,21,21,22,20,22,20,22,20,20,20,20,21
Map_7387,18,55,12,12,12,19,13,12,13,12,13,12,12,12,12,12,13,12,13,12,13,12,13,12,13,12
Map_7388,17,39,9,9,9,9,9,9,9,9,9,9,9,9,9,9,9,9,9,9,9,9,9,9,9,9
Map_7389,13,35,12,12,12,12,12,12,12,12,12,12,12,12,12,12,12,12,12,12,12,12,12,12,12,12
Map_7390,27,70,10,10,10,23,10,10,10,10,10,10,10,10,10,10,10,10,10,10,10,10,10,10,10,10
Map_7391,17,40,16,15,16,14,11,11,11,11,11,11,11,11,11,11,11,11,11,11,11,11,11,11,11,11
Map_7392,50,94,20,20,20,25,25,20,25,20,25,20,33,20,33,20,35,20,35,20,35,20,34,20,34,20
Map_7393,33,53,34,34,34,34,23,20,23,20,23,20,23,20,23,20,23,20,25,20,25,20,23,20,23,20
Map_7394,6,8,6,6,6,6,6,6,6,6,6,6,6,6,6,6,6,6,6,6,6,6,6,6,6,6
Map_7395,12,22,11,11,11,11,10,11,10,11,10,11,10,11,10,11,10,10,10,10,10,10,10,10,10,10
Map_7396,11,33,8,8,8,11,8,8,8,8,8,8,8,8,8,8,8,8,8,8,8,8,8,8,8,8
Map_7397,13,41,19,19,18,14,11,17,11,17,11,17,11,17,11,17,11,11,11,11,11,11,11,11,11,17
Map_7398,39,205,11,11,11,11,10,10,10,10,10,10,10,10,10,10,11,10,11,10,11,10,11,10,10,10
Map_7399,11,58,11,11,11,11,11,11,11,11,11,11,11,11,11,11,11,11,11,11,11,11,11,11,11,11
Map_7400,16,123,18,18,23,18,18,18,18,18,18,18,18,18,18,18,18,13,20,13,20,13,18,13,18,13
Map_7401,38,69,27,27,27,27,27,23,27,23,27,23,25,23,25,23,32,23,32,23,32,23,27,23,27,23
Map_7402,78,131,28,28,28,50,18,18,18,18,18,18,18,18,18,18,18,18,27,18,27,18,18,18,18,18
Map_7403,14,37,13,13,13,14,13,13,13,13,13,13,13,13,13,13,13,12,13,12,13,12,13,12,13,12
Map_7404,12,71,16,16,16,15,17,12,17,12,17,12,15,12,15,12,17,12,17,12,17,12,17,12,17,12
Map_7405,234,142,16,16,16,17,18,18,18,18,18,18,18,18,18,18,18,16,18,16,18,16,18,16,18,16
Map_7406,14,94,16,16,16,16,16,11,16,11,16,11,16,11,16,11,14,11,14,11,14,11,14,11,14,11
Map_7407,19,65,8,8,8,8,8,8,8,8,8,8,8,8,8,8,8,8,8,8,8,8,8,8,8,8
Map_7408,56,79,17,17,17,17,17,17,17,17,17,17,17,17,17,17,20,14,20,14,20,14,20,17,17,17
Map_7409,14,45,14,14,14,18,14,14,14,14,14,14,14,14,14,14,14,14,14,14,14,14,14,14,14,14
Map_7410,301,165,19,19,23,19,19,19,19,19,19,19,19,19,19,19,21,20,20,18,20,18,21,20,21,20
Map_7411,7,120,7,7,7,14,7,7,7,7,7,7,7,7,7,7,7,7,7,7,7,7,7,7,7,7
Map_7412,6,11,6,6,6,8,6,6,6,6,6,6,6,6,6,6,6,6,6,6,6,6,6,6,6,6
Map_7413,13,97,12,12,12,12,12,12,12,12,12,12,12,12,12,12,12,12,14,12,14,12,12,12,12,12
Map_7414,315,83,26,26,26,50,26,28,26,28,26,28,26,37,26,37,23,23,23,23,23,23,26,23,26,30
Map_7415,8,24,9,9,9,12,8,8,8,8,8,8,8,8,8,8,8,8,8,8,8,8,8,8,8,8
Map_7416,50,43,17,17,17,17,17,17,17,17,17,17,17,17,17,17,19,17,23,17,23,17,19,17,17,17
Map_7417,36,108,21,21,21,20,18,18,18,18,18,18,18,18,18,18,18,18,18,18,18,18,18,18,18,18
Map_7418,27,49,24,22,22,29,22,22,22,22,22,22,22,22,22,22,26,23,26,23,26,23,23,22,23,22
Map_7419,54,221,14,14,17,18,14,14,14,14,14,14,14,14,14,14,15,14,15,14,15,14,14,14,14,14
Map_7420,76,179,26,26,26,28,26,26,26,26,26,26,26,26,26,26,24,21,24,21,24,21,24,21,24,21
Map_7421,8,24,8,8,8,9,8,8,8,8,8,8,8,8,8,8,8,8,8,8,8,8,8,8,8,8
Map_7422,19,27,17,17,17,17,18,16,18,16,18,16,18,16,18,16,18,16,23,16,23,16,18,16,18,16
Map_7423,17,40,17,17,17,17,17,17,17,17,17,17,17,17,17,17,17,15,17,15,17,15,17,15,17,15
Map_7424,8,40,9,9,9,10,9,9,9,9,9,9,9,9,9,9,8,8,8,8,8,8,8,8,8,8
Map_7425,64,41,22,22,22,22,22,22,22,22,22,22,22,22,22,22,22,14,22,14,22,14,22,14,22,14
Map_7426,7,71,7,7,7,14,7,7,7,7,7,7,7,7,7,7,7,7,7,7,7,7,7,7,7,7
Map_7427,5,21,7,6,6,10,5,5,5,5,5,5,5,5,5,5,7,5,7,5,7,5,5,5,5,5
Map_7428,37,156,9,9,9,9,9,9,9,9,9,9,9,9,9,9,9,9,9,9,9,9,9,9,9,9
Map_7429,14,63,15,15,15,15,15,14,15,14,15,14,14,14,14,14,14,14,14,14,14,14,14,14,14,14
Map_7430,138,74,17,16,17,18,14,14,14,14,14,14,14,14,14,14,14,13,14,13,14,13,14,13,14,13
Map_7431,14,49,10,10,10,10,10,10,10,10,10,10,10,10,10,10,10,10,10,10,10,10,10,10,10,10
Map_7432,11,21,7,7,7,7,7,7,7,7,7,7,7,7,7,7,7,7,7,7,7,7,7,7,7,7
Map_7433,9,109,9,9,9,9,9,9,9,9,9,9,9,9,9,9,9,9,9,9,9,9,9,9,9,9
Map_7434,14,18,11,11,11,9,13,11,13,11,13,11,13,11,13,11,9,9,9,9,9,9,9,10,9,10
Map_7435,6,9,6,6,6,7,6,6,6,6,6,6,6,6,6,6,6,6,6,6,6,6,6,6,6,6
Map_7436,13,61,9,9,11,9,9,9,9,9,9,9,9,9,9,9,9,9,9,9,9,9,9,9,9,9
Map_7437,13,88,10,10,10,10,10,10,10,10,10,10,10,10,10,10,10,10,10,10,10,10,10,10,10,10
Map_7438,66,76,26,26,26,31,23,17,23,17,23,17,23,17,23,17,17,17,17,17,17,17,17,17,17,17
Map_7439,9,28,9,9,9,9,9,9,9,9,9,9,9,9,9,9,9,9,9,9,9,9,9,9,9,9
Map_7440,9,22,9,9,9,14,9,9,9,9,9,9,9,9,9,9,13,9,13,9,13,9,9,9,9,9
Map_7441,14,43,16,16,14,16,16,16,16,14,16,14,16,16,16,16,16,13,17,13,17,13,16,14,16,14
Map_7442,8,20,7,7,7,9,7,7,7,7,7,7,7,7,7,7,7,7,7,7,7,7,7,7,7,7
Map_7443,91,121,26,26,26,30,24,25,24,25,24,25,24,25,24,25,24,25,24,26,24,26,24,25,24,25
Map_7444,9,51,9,8,9,9,8,8,8,8,8,8,8,8,8,8,8,8,8,8,8,8,8,8,8,8
Map_7445,12,18,12,12,12,17,12,11,12,11,12,11,11,11,11,11,12,11,12,11,12,11,12,11,12,11
Map_7446,24,78,12,12,12,19,12,11,12,11,12,11,11,11,11,11,16,11,16,11,16,11,12,11,12,11
Map_7447,24,87,16,16,16,16,15,15,15,15,15,15,15,15,15,15,15,15,15,15,15,15,15,15,15,15
Map_7448,14,48,12,12,12,12,12,12,12,12,12,12,12,12,12,12,12,12,12,12,12,12,12,12,12,12
Map_7449,17,41,16,16,16,18,15,15,15,15,15,15,15,15,15,15,15,14,15,14,15,14,15,14,15,14
Map_7450,22,23,13,13,13,13,12,12,12,12,12,12,12,12,12,12,12,12,12,12,12,12,12,12,12,12
Map_7451,8,28,8,8,8,8,8,8,8,8,8,8,8,8,8,8,8,8,8,8,8,8,8,8,8,8
Map_7452,6,16,6,6,6,9,6,6,6,6,6,6,6,6,6,6,6,6,6,6,6,6,6,6,6,6
Map_7453,19,32,22,20,20,23,20,20,20,20,20,20,20,20,20,20,19,17,19,17,19,17,19,17,19,17
Map_7454,46,74,27,27,27,35,31,25,31,25,31,25,31,25,31,31,31,25,31,25,31,25,33,25,33,25
Map_7455,39,155,51,48,51,50,18,18,18,18,18,18,18,18,18,18,18,18,18,18,18,18,18,18,18,18
Map_7456,8,63,8,8,8,8,8,8,8,8,8,8,8,8,8,8,8,8,8,8,8,8,8,8,8,8
Map_7457,213,32,19,19,19,19,18,18,18,18,18,18,18,18,18,18,18,18,21,21,21,21,18,18,18,18
Map_7458,11,19,9,9,9,11,9,9,9,9,9,9,9,9,9,9,9,9,9,9,9,9,9,9,9,9
Map_7459,20,93,20,20,20,23,20,20,20,20,20,20,20,20,20,20,21,20,21,20,21,20,20,20,20,20
Map_7460,11,223,11,11,11,15,11,11,11,11,11,11,11,11,11,11,11,11,11,11,11,11,11,11,11,11
Map_7461,147,255,19,19,19,65,20,20,20,20,20,20,20,20,20,20,20,20,22,20,23,20,20,20,20,20
Map_7462,22,77,12,12,14,14,12,12,12,12,12,12,12,12,12,12,12,12,12,12,12,12,12,12,12,12
Map_7463,13,28,8,8,8,8,8,8,8,8,8,8,8,8,8,8,8,8,8,8,8,8,8,8,8,8
Map_7464,86,66,52,46,52,52,48,46,48,46,48,46,48,46,48,46,47,44,47,44,47,44,47,44,47,44
Map_7465,14,27,15,15,15,17,13,15,13,15,13,15,13,16,13,16,13,13,13,13,13,13,13,13,13,13
Map_7466,4,28,4,4,4,4,4,4,4,4,4,4,4,4,4,4,4,4,4,4,4,4,4,4,4,4
Map_7467,9,23,9,9,9,12,9,9,9,9,9,9,9,9,9,9,9,9,9,9,9,9,9,9,9,9
Map_7468,14,95,10,10,10,10,10,10,10,10,10,10,10,10,10,10,10,10,10,10,10,10,10,10,10,10
Map_7469,18,228,18,18,18,42,18,9,18,9,18,9,18,9,18,9,20,9,20,9,20,9,20,9,20,9
Map_7470,30,111,19,15,19,19,15,15,15,15,15,15,15,15,15,15,19,15,19,15,19,15,15,15,15,15
Map_7471,5,58,5,5,5,5,5,5,5,5,5,5,5,5,5,5,5,5,5,5,5,5,5,5,5,5
Map_7472,31,39,24,24,24,22,22,22,22,22,22,22,22,22,22,22,20,20,20,20,20,20,20,20,20,20
Map_7473,16,164,12,12,12,12,12,12,12,12,12,12,12,12,12,12,12,12,12,12,12,12,12,12,12,12
Map_7474,4,12,4,4,4,4,4,4,4,4,4,4,4,4,4,4,4,4,4,4,4,4,4,4,4,4
Map_7475,29,258,25,24,25,29,22,22,22,22,22,22,22,22,22,22,19,19,19,19,19,19,19,19,19,19
Map_7476,146,55,20,20,20,21,21,20,21,20,21,20,21,18,21,18,18,18,18,18,18,18,18,18,21,18
Map_7477,13,39,13,13,13,13,13,13,13,13,13,13,13,13,13,13,15,13,15,13,15,13,15,13,15,13
Map_7478,6,23,6,6,6,6,6,6,6,6,6,6,6,6,6,6,6,6,6,6,6,6,6,6,6,6
Map_7479,8,22,9,8,8,9,8,8,8,8,8,8,8,8,8,8,8,8,8,8,8,8,8,8,8,8
Map_7480,8,17,8,8,8,8,8,8,8,8,8,8,8,8,8,8,8,8,8,8,8,8,8,8,8,8
Map_7481,10,55,11,11,9,11,8,8,8,8,8,8,8,8,8,8,8,8,8,8,8,8,8,8,8,8
Map_7482,128,133,17,17,17,24,17,17,17,17,17,17,17,17,17,17,20,18,21,18,21,18,20,17,23,17
Map_7483,6,15,6,6,6,6,6,6,6,6,6,6,6,6,6,6,6,6,10,6,10,6,6,6,6,6
Map_7484,9,241,9,9,9,9,9,9,9,9,9,9,9,9,9,9,9,9,9,9,9,9,9,9,9,9
Map_7485,12,33,9,9,9,9,9,9,9,9,9,9,9,9,9,9,9,9,9,9,9,9,9,9,9,9
Map_7486,15,35,13,13,13,13,13,13,13,13,13,13,13,13,13,13,13,13,15,13,15,13,13,13,13,13
Map_7487,54,118,26,26,26,27,26,26,26,26,26,26,26,26,26,26,31,26,31,26,31,26,31,26,31,26
Map_7488,20,40,15,15,19,19,15,15,15,15,15,15,15,15,15,15,18,14,18,14,18,14,14,14,14,14
Map_7489,7,45,7,7,7,7,7,7,7,7,7,7,7,7,7,7,7,7,7,7,7,7,7,7,7,7
Map_7490,14,47,11,11,11,19,11,11,11,11,11,11,11,11,11,11,11,11,11,11,11,11,11,11,11,11
Map_7491,30,54,35,26,35,32,23,26,23,26,23,26,23,26,23,26,23,21,23,21,23,21,23,21,23,21
Map_7492,20,63,20,20,20,44,12,12,12,12,12,12,12,12,12,12,12,12,12,12,12,12,12,12,12,12
Map_7493,97,94,9,9,9,11,9,9,9,9,9,9,9,9,9,9,9,9,9,9,9,9,9,9,9,9
Map_7494,26,75,17,17,17,17,17,18,17,18,17,18,17,16,17,16,19,17,19,17,19,17,20,17,20,17
Map_7495,106,82,25,23,21,27,24,22,24,22,24,22,23,22,23,22,24,22,24,21,24,21,24,22,24,22
Map_7496,9,20,8,8,8,8,8,8,8,8,8,8,8,8,8,8,10,8,10,8,10,8,8,8,8,8
Map_7497,16,49,16,18,18,23,16,13,16,13,16,13,18,13,18,13,13,13,13,13,13,13,13,13,13,13
Map_7498,6,13,6,6,6,6,6,6,6,6,6,6,6,6,6,6,6,6,6,6,6,6,6,6,6,6
Map_7499,26,59,22,22,24,23,17,17,17,17,17,17,17,17,17,17,19,17,19,17,19,17,17,17,17,17
Map_7500,32,45,19,19,19,19,19,19,19,19,19,19,19,19,19,19,21,19,21,20,21,20,20,19,20,19
Map_7501,30,43,20,20,20,18,20,19,20,19,20,19,19,19,19,19,20,15,20,15,20,15,18,15,18,15
Map_7502,6,9,5,5,5,6,5,5,5,5,5,5,5,5,5,5,5,5,5,5,5,5,5,5,5,5
Map_7503,14,37,9,9,9,10,9,10,9,10,9,10,9,10,9,10,9,9,9,9,9,9,9,9,9,9
Map_7504,40,58,17,17,17,47,17,17,17,17,17,17,17,17,17,17,16,16,17,16,17,16,16,16,16,16
Map_7505,42,52,23,23,18,23,23,20,23,20,23,20,23,20,23,20,23,18,23,18,23,18,23,18,23,18
Map_7506,5,16,6,6,6,9,6,5,6,5,6,5,5,5,5,5,6,5,6,5,6,5,6,5,6,5
Map_7507,17,96,16,16,16,16,16,17,16,17,16,17,16,17,16,17,16,17,16,17,16,17,16,17,16,17
Map_7508,8,70,7,7,7,9,7,7,7,7,7,7,7,7,7,7,7,7,7,7,7,7,7,7,7,7
Map_7509,38,96,15,15,15,15,15,15,15,15,15,15,15,15,15,15,15,15,15,15,15,15,15,15,15,15
Map_7510,202,203,15,15,15,28,15,15,15,15,15,15,15,15,15,15,15,15,15,15,15,15,15,15,15,15
Map_7511,33,282,39,39,38,34,16,39,16,39,16,39,16,39,16,39,16,16,16,16,16,16,16,39,16,39
Map_7512,40,141,34,31,39,31,30,30,30,30,30,30,30,30,30,30,30,30,30,29,30,29,30,30,30,30
Map_7513,12,29,12,12,12,12,12,12,12,12,12,12,12,13,13,13,14,11,14,11,14,11,12,11,12,11
Map_7514,15,58,8,8,9,11,8,8,8,8,8,8,8,8,8,8,8,8,8,8,8,8,8,8,8,8
Map_7515,108,67,40,38,45,40,26,28,26,28,26,28,26,28,26,28,26,23,31,23,31,23,26,23,26,23
Map_7516,13,73,12,12,12,17,12,12,12,12,12,12,12,12,12,12,12,12,12,12,12,12,12,12,12,12
Map_7517,15,29,9,9,9,9,9,9,9,9,9,9,9,9,9,9,9,9,9,9,9,9,9,9,9,9
Map_7518,64,57,28,26,28,31,28,25,28,25,28,25,25,25,25,25,22,25,22,25,22,25,22,25,22,25
Map_7519,9,20,8,8,8,8,8,8,8,8,8,8,8,8,8,8,8,8,8,8,8,8,8,8,8,8
Map_7520,6,16,7,7,6,7,7,6,7,6,7,6,7,6,7,6,7,6,7,6,7,6,7,6,7,6
Map_7521,9,58,9,9,9,11,9,9,9,9,9,9,9,9,9,9,9,9,9,9,9,9,9,9,9,9
Map_7522,46,55,12,12,12,15,12,12,12,12,12,12,12,12,12,12,12,12,12,12,12,12,12,12,12,12
Map_7523,11,65,12,12,12,20,12,11,12,11,12,11,11,11,11,11,12,11,12,11,12,11,11,11,11,11
Map_7524,13,56,12,12,12,14,12,12,12,12,12,12,12,12,12,12,13,12,13,12,13,12,13,12,13,12
Map_7525,66,31,25,25,25,25,25,19,25,19,25,19,25,19,25,19,19,19,19,19,19,19,19,19,19,19
Map_7526,8,46,11,8,8,18,8,8,8,8,8,8,8,8,8,8,8,8,8,8,8,8,8,8,8,8
Map_7527,10,75,10,10,10,10,10,10,10,10,10,10,10,10,10,10,9,9,9,9,9,9,9,9,9,9
Map_7528,9,31,9,9,9,12,9,9,9,9,9,9,9,9,9,9,9,9,9,9,9,9,9,9,9,9
Map_7529,18,42,15,15,15,15,15,15,15,15,15,15,15,15,15,15,15,15,15,15,15,15,15,15,15,15
Map_7530,21,76,16,14,16,16,15,14,15,14,15,14,14,14,14,14,16,13,16,13,16,13,14,13,14,13
Map_7531,7,18,7,7,7,15,9,7,9,7,9,7,9,7,9,7,9,7,14,7,14,7,9,7,9,7
Map_7532,18,41,12,12,12,12,12,10,12,10,12,10,10,10,10,10,10,10,10,10,10,10,10,10,10,10
Map_7533,11,19,9,9,9,9,11,9,11,9,11,9,11,9,11,9,9,9,9,9,9,9,9,9,9,9
Map_7534,13,63,13,13,13,14,13,13,13,13,13,13,13,13,13,13,13,13,13,13,13,13,13,13,13,13
Map_7535,12,24,12,12,12,12,12,12,12,12,12,12,11,11,11,11,11,11,11,11,11,11,11,11,11,11
Map_7536,19,115,17,17,17,27,29,24,29,24,29,24,29,24,29,24,29,24,30,24,30,24,29,24,29,24
Map_7537,29,56,16,16,16,17,16,16,16,16,16,16,16,16,16,16,16,15,19,15,19,15,16,15,16,15
Map_7538,32,163,13,13,13,14,13,12,13,12,13,12,13,12,12,12,13,12,13,12,13,12,13,12,13,12
Map_7539,85,92,30,30,28,36,31,15,31,15,31,15,21,15,21,15,17,15,19,15,19,15,17,15,15,15
Map_7540,15,61,10,10,10,10,10,10,10,10,10,10,10,10,10,10,10,10,10,10,10,10,10,10,10,10
Map_7541,7,65,7,7,7,7,7,7,7,7,7,7,7,7,7,7,7,7,7,7,7,7,7,7,7,7
Map_7542,6,27,8,6,6,8,6,6,6,6,6,6,6,6,6,6,8,6,8,6,8,6,6,6,6,6
Map_7543,6,20,6,6,6,6,6,6,6,6,6,6,6,6,6,6,6,6,6,6,6,6,6,6,6,6
Map_7544,11,69,8,8,8,11,8,8,8,8,8,8,8,8,8,8,8,8,8,8,8,8,8,8,8,8
Map_7545,11,31,11,11,11,11,11,11,11,11,11,11,11,11,11,11,11,11,11,11,11,11,11,11,11,11
Map_7546,9,29,9,9,9,13,9,9,9,9,9,9,9,9,9,9,9,9,12,9,12,9,9,9,9,9
Map_7547,16,176,18,18,18,18,18,18,18,18,18,18,18,18,18,18,17,16,17,16,17,16,17,16,17,16
Map_7548,20,71,21,21,21,34,22,13,22,13,22,13,22,13,22,13,22,13,22,13,22,13,22,13,22,13
Map_7549,11,23,11,11,11,12,11,11,11,11,11,11,11,11,11,11,12,11,12,11,12,11,11,11,11,11
Map_7550,7,68,8,7,8,8,8,7,8,7,8,7,7,7,7,7,8,7,8,7,8,7,8,7,8,7
Map_7551,25,82,21,21,21,26,21,19,21,19,21,19,21,19,21,19,22,19,22,19,22,19,21,19,21,19
Map_7552,22,142,21,21,21,46,23,21,23,21,23,21,21,21,21,21,15,21,15,15,15,15,15,21,15,21
Map_7553,22,54,8,8,8,13,8,8,8,8,8,8,8,8,8,8,8,8,8,8,8,8,8,8,8,8
Map_7554,20,112,16,16,16,26,16,13,16,13,16,13,16,13,16,13,15,13,15,13,15,13,15,13,15,13
Map_7555,25,27,10,10,10,10,10,10,10,10,10,10,10,10,10,10,10,10,10,10,10,10,10,10,10,10
Map_7556,13,63,15,15,15,15,15,16,15,16,15,16,15,16,15,16,14,13,15,13,15,13,14,13,14,13
Map_7557,27,31,24,24,24,25,18,17,18,17,18,17,18,17,18,17,18,17,18,17,18,17,18,17,18,17
Map_7558,19,49,17,14,17,20,17,14,17,14,17,14,14,14,14,14,11,11,11,11,11,11,11,11,11,11
Map_7559,28,66,11,11,11,11,11,10,11,10,11,10,11,10,11,10,12,10,15,10,15,10,12,10,12,10
Map_7560,37,147,19,19,19,19,25,25,25,25,25,25,25,25,25,25,25,19,25,19,25,19,25,19,25,19
Map_7561,28,52,14,14,14,14,14,18,14,18,14,18,14,18,14,18,14,14,14,14,14,14,14,14,14,14
Map_7562,6,10,4,4,4,4,4,4,4,4,4,4,4,4,4,4,4,4,4,4,4,4,4,4,4,4
Map_7563,12,65,9,9,9,9,9,9,9,9,9,9,9,9,9,9,9,9,9,9,9,9,9,9,9,9
Map_7564,113,85,23,23,23,41,23,23,23,23,23,23,23,23,23,23,27,23,27,23,27,23,23,23,23,23
Map_7565,9,73,9,9,9,13,9,9,9,9,9,9,9,9,9,9,9,9,9,9,9,9,9,9,9,9
Map_7566,14,27,15,13,13,16,13,13,13,13,13,13,13,13,13,13,13,13,13,13,13,13,13,13,13,13
Map_7567,7,84,10,8,8,10,8,7,8,7,8,7,8,7,7,7,8,7,8,7,8,7,8,7,8,7
Map_7568,99,74,27,18,27,27,18,18,18,18,18,18,18,18,18,18,18,18,18,18,18,18,18,18,18,18
Map_7569,12,26,12,12,12,12,11,12,11,12,11,12,11,12,11,12,12,11,14,11,14,11,11,11,11,11
Map_7570,5,9,7,5,5,7,5,5,5,5,5,5,5,5,5,5,6,5,6,5,6,5,5,5,5,5
Map_7571,16,97,18,18,18,55,15,15,15,15,15,15,15,15,15,15,15,15,15,15,15,15,15,16,15,16
Map_7572,12,36,13,12,13,13,13,12,13,12,13,12,12,12,12,12,13,12,13,12,13,12,13,12,13,12
Map_7573,15,174,15,15,15,15,15,15,15,15,15,15,15,15,15,15,15,15,15,15,15,15,15,15,15,15
Map_7574,12,37,11,11,11,14,11,11,11,11,11,11,11,11,11,11,11,11,11,11,11,11,11,11,11,11
Map_7575,6,27,6,6,6,6,6,6,6,6,6,6,6,6,6,6,6,6,6,6,6,6,6,6,6,6
Map_7576,15,28,14,14,14,17,14,14,14,14,14,14,14,14,14,14,14,14,14,14,14,14,14,14,14,14
Map_7577,8,107,7,7,7,7,7,7,7,7,7,7,7,7,7,7,7,7,7,7,7,7,7,7,7,7
Map_7578,25,45,13,13,13,19,13,13,13,13,13,13,13,13,13,13,13,13,13,13,13,13,13,13,13,13
Map_7579,17,31,11,11,11,16,11,16,11,16,11,16,11,18,11,18,11,11,14,11,14,11,11,11,11,11
Map_7580,29,27,20,20,28,20,20,19,20,19,20,19,20,19,23,23,12,12,12,12,12,12,12,12,12,12
Map_7581,8,109,8,8,8,8,8,8,8,8,8,8,8,8,8,8,8,8,8,8,8,8,8,8,8,8
Map_7582,10,15,10,10,10,10,10,10,10,10,10,10,10,10,10,10,10,10,10,10,10,10,10,10,10,10
Map_7583,12,18,10,10,10,12,10,10,10,10,10,10,10,10,10,10,10,10,10,10,10,10,10,10,10,10
Map_7584,21,162,13,13,13,21,13,13,13,13,13,13,13,13,13,13,13,13,13,13,13,13,13,13,13,13
Map_7585,10,28,7,7,7,7,7,7,7,7,7,7,7,7,7,7,7,7,7,7,7,7,7,7,7,7
Map_7586,11,112,11,11,11,11,11,11,11,11,11,11,11,11,11,11,11,11,11,11,11,11,11,11,11,11
Map_7587,41,114,32,32,32,35,32,28,32,28,32,28,32,28,32,28,29,22,29,22,29,22,29,22,29,22
Map_7588,11,40,7,7,7,8,7,7,7,7,7,7,7,7,7,7,7,7,7,7,7,7,7,7,7,7
Map_7589,5,8,5,5,5,5,5,5,5,5,5,5,5,5,5,5,5,5,5,5,5,5,5,5,5,5
Map_7590,4,11,4,4,4,4,4,4,4,4,4,4,4,4,4,4,4,4,4,4,4,4,4,4,4,4
Map_7591,8,20,7,7,7,7,7,7,7,7,7,7,7,7,7,7,7,7,7,7,7,7,7,7,7,7
Map_7592,7,50,7,7,7,9,7,7,7,7,7,7,7,7,7,7,7,7,7,7,7,7,7,7,7,7
Map_7593,7,10,8,8,8,8,7,7,7,7,7,7,7,7,7,7,7,7,7,7,7,7,7,7,7,7
Map_7594,17,33,18,18,17,19,18,18,18,18,18,18,18,18,18,18,18,18,18,18,18,18,18,18,18,18
Map_7595,8,17,7,7,7,7,7,7,7,7,7,7,7,7,7,7,7,7,7,7,7,7,7,7,7,7
Map_7596,19,81,29,26,30,29,20,18,20,18,20,18,20,17,19,17,20,17,20,17,20,17,20,17,20,17
Map_7597,15,54,11,11,11,11,11,11,11,11,11,11,11,11,11,11,19,10,19,10,19,10,11,10,11,10
Map_7598,8,32,8,8,8,13,8,8,8,8,8,8,8,8,8,8,8,8,8,8,8,8,8,8,8,8
Map_7599,28,41,14,14,14,33,16,16,16,16,16,16,16,16,16,16,16,14,16,14,16,14,16,14,16,14
Map_7600,8,14,9,8,8,9,8,8,8,8,8,8,8,8,8,8,8,8,8,8,8,8,8,8,8,8
Map_7601,9,20,8,8,8,8,8,8,8,8,8,8,8,8,8,8,8,8,8,8,8,8,8,8,8,8
Map_7602,10,43,8,7,7,12,7,7,7,7,7,7,7,7,7,7,7,7,7,7,7,7,7,7,7,7
Map_7603,206,264,43,43,43,43,43,56,43,56,43,56,43,43,43,43,51,46,62,46,62,46,51,46,50,46
Map_7604,16,30,15,15,15,15,15,15,15,15,15,15,17,15,17,15,15,13,15,13,27,13,15,13,15,13
Map_7605,78,73,51,50,51,49,45,45,45,45,45,45,45,45,45,45,47,45,47,45,47,45,45,45,45,45
Map_7606,27,80,19,18,16,22,18,22,18,22,18,22,18,22,18,22,15,16,15,15,15,15,18,16,18,16
Map_7607,12,21,11,10,11,11,11,10,11,10,11,10,10,10,10,10,12,10,12,10,12,10,11,10,11,10
Map_7608,51,66,25,25,25,30,19,19,19,19,19,19,19,19,19,19,20,18,20,18,20,18,20,18,20,18
Map_7609,16,24,12,12,13,13,11,12,11,12,11,12,11,12,11,12,11,11,11,11,11,11,11,11,11,11
Map_7610,24,31,19,19,24,19,19,19,19,19,19,19,19,19,19,19,19,17,19,17,19,17,17,17,17,17
Map_7611,27,133,15,15,15,18,15,15,15,15,15,15,15,15,15,15,15,15,15,15,15,15,15,15,15,15
Map_7612,30,147,33,33,33,55,24,22,24,22,24,22,22,24,24,24,24,22,24,22,24,22,24,22,24,22
Map_7613,19,23,19,19,19,19,19,16,19,16,19,16,19,16,18,16,19,16,19,15,19,15,19,16,19,16
Map_7614,15,93,15,15,15,20,15,15,15,15,15,15,15,15,15,15,15,15,15,15,15,15,15,15,15,15
Map_7615,26,39,21,21,21,21,21,27,21,27,21,27,21,26,20,26,21,18,21,18,21,18,21,18,21,18
Map_7616,19,63,26,26,26,26,19,19,19,19,19,19,19,19,19,19,19,23,19,19,19,19,19,23,19,23
Map_7617,11,36,10,10,10,10,10,10,10,10,10,10,10,10,10,10,10,10,10,10,10,10,10,10,10,10
Map_7618,9,22,10,8,8,10,8,8,8,8,8,8,8,8,8,8,8,8,8,8,8,8,8,8,8,8
Map_7619,17,39,16,14,16,24,12,12,12,12,12,12,12,12,12,12,12,12,12,12,12,12,12,12,12,12
Map_7620,4,12,3,3,3,3,3,3,3,3,3,3,3,3,3,3,3,3,3,3,3,3,3,3,3,3
Map_7621,7,13,8,7,7,8,7,7,7,7,7,7,7,7,7,7,7,7,7,7,7,7,7,7,7,7
Map_7622,21,69,24,22,24,24,22,21,22,21,22,21,21,21,21,21,14,14,14,14,14,14,14,14,14,14
Map_7623,29,106,19,19,19,19,19,19,19,19,19,19,19,19,19,19,17,16,17,16,17,16,17,16,17,16
Map_7624,5,19,5,5,5,5,5,5,5,5,5,5,5,5,5,5,5,5,5,5,5,5,5,5,5,5
Map_7625,13,33,11,11,11,22,11,11,11,11,11,11,11,11,11,11,11,11,11,11,11,11,11,11,11,11
Map_7626,18,35,14,14,14,14,14,12,14,12,14,12,14,12,14,12,12,12,12,12,12,12,14,12,14,12
Map_7627,46,122,55,20,58,66,20,20,20,20,20,20,20,20,20,20,36,20,36,20,36,20,20,20,20,20
Map_7628,9,23,9,9,9,12,9,9,9,9,9,9,9,9,9,9,9,9,9,9,9,9,9,9,9,9
Map_7629,16,23,13,13,13,15,13,13,13,13,13,13,13,13,13,13,13,13,13,13,13,13,13,13,13,13
Map_7630,10,52,6,6,6,7,6,6,6,6,6,6,6,6,6,6,6,6,6,6,6,6,6,6,6,6
Map_7631,10,25,6,6,6,7,6,6,6,6,6,6,6,6,6,6,6,6,6,6,6,6,6,6,6,6
Map_7632,7,17,7,7,7,7,7,7,7,7,7,7,7,7,7,7,7,7,7,7,7,7,7,7,7,7
Map_7633,7,25,7,7,7,7,7,7,7,7,7,7,7,7,7,7,7,7,7,7,7,7,7,7,7,7
Map_7634,205,97,32,33,32,28,29,19,29,19,29,19,29,19,29,19,19,19,19,19,19,19,31,19,31,19
Map_7635,22,38,15,15,15,22,15,15,15,15,15,15,14,14,14,14,15,15,15,15,15,15,15,14,15,14
Map_7636,7,57,7,7,7,11,7,7,7,7,7,7,7,7,7,7,7,7,7,7,7,7,7,7,7,7
Map_7637,6,13,6,6,6,6,6,6,6,6,6,6,6,6,6,6,6,6,6,6,6,6,6,6,6,6
Map_7638,19,46,13,13,13,13,13,13,13,13,13,13,13,13,13,13,13,13,13,13,13,13,13,13,13,13
Map_7639,8,51,7,7,8,7,7,7,7,7,7,7,7,7,7,7,7,7,7,7,7,7,7,7,7,7
Map_7640,11,19,15,15,11,15,11,11,11,11,11,11,11,11,11,11,11,11,11,11,11,11,11,11,11,11
Map_7641,65,55,17,17,17,18,17,17,17,17,17,17,17,17,17,17,18,17,18,17,18,17,17,17,17,17
Map_7642,39,53,34,33,34,37,22,22,22,22,22,22,22,22,22,22,22,22,22,22,22,22,22,22,22,22
Map_7643,12,20,8,8,8,8,8,8,8,8,8,8,8,8,8,8,8,8,8,8,8,8,8,8,8,8
Map_7644,45,50,17,17,17,17,17,17,17,17,17,17,17,17,17,17,17,17,17,17,17,17,17,17,17,17
Map_7645,20,25,15,14,14,15,14,14,14,14,14,14,14,14,14,14,14,12,15,12,15,12,14,12,14,12
Map_7646,25,65,25,25,25,25,21,25,21,25,21,25,21,25,21,25,21,21,21,21,21,21,21,21,21,21
Map_7647,62,60,21,21,21,23,21,21,21,21,21,21,21,21,21,21,16,16,16,16,16,16,16,16,16,16
Map_7648,4,11,4,4,4,6,4,4,4,4,4,4,4,4,4,4,4,4,4,4,4,4,4,4,4,4
Map_7649,10,158,6,5,6,6,5,5,5,5,5,5,5,5,5,5,5,5,5,5,5,5,5,5,5,5
Map_7650,78,77,40,39,40,41,38,38,38,38,38,38,38,38,38,38,26,36,27,25,27,25,43,36,43,38
Map_7651,5,10,5,5,5,5,5,5,5,5,5,5,5,5,5,5,5,5,5,5,5,5,5,5,5,5
Map_7652,27,26,19,20,19,22,18,20,18,20,18,20,17,20,17,20,17,17,17,17,17,17,17,20,17,20
Map_7653,18,49,15,13,15,15,32,13,32,13,32,13,32,13,32,13,32,13,32,13,35,13,32,13,32,13
Map_7654,4,10,4,4,4,4,4,4,4,4,4,4,4,4,4,4,4,4,4,4,4,4,4,4,4,4
Map_7655,12,252,12,12,12,12,12,12,12,12,12,12,12,12,12,12,12,12,12,12,12,12,12,12,12,12
Map_7656,16,21,13,13,13,17,14,14,14,14,14,14,14,14,14,14,13,13,13,13,13,13,13,13,13,13
Map_7657,13,20,13,13,13,12,10,10,10,10,10,10,10,10,10,10,12,10,12,10,12,10,10,10,10,10
Map_7658,30,167,16,15,16,16,15,15,15,15,15,15,15,15,15,15,15,15,15,15,15,15,15,15,15,15
Map_7659,18,23,18,18,18,22,18,15,18,15,18,15,18,15,18,15,18,15,18,15,18,15,18,15,18,15
Map_7660,12,20,10,10,10,10,10,9,10,9,10,9,10,9,10,9,10,9,10,9,10,9,10,9,10,9
Map_7661,39,229,32,32,32,41,24,21,24,21,24,21,24,21,24,21,21,21,21,21,21,21,21,21,21,21
Map_7662,8,68,8,8,8,8,8,8,8,8,8,8,8,8,8,8,8,8,8,8,8,8,8,8,8,8
Map_7663,13,55,12,10,12,13,12,10,12,10,12,10,10,10,10,10,12,10,12,10,12,10,12,10,12,10
Map_7664,8,13,8,8,8,10,8,8,8,8,8,8,8,8,8,8,8,8,8,8,8,8,8,8,8,8
Map_7665,4,9,4,4,4,4,4,4,4,4,4,4,4,4,4,4,4,4,4,4,4,4,4,4,4,4
Map_7666,12,53,13,13,13,13,12,10,12,10,12,10,10,10,10,10,12,10,12,10,12,10,12,10,12,10
Map_7667,28,49,14,14,14,14,14,14,14,14,14,14,14,14,14,14,14,14,14,14,14,14,14,14,14,14
Map_7668,181,108,26,26,26,26,26,26,26,26,26,26,26,26,26,26,23,21,23,21,23,21,23,21,22,21
Map_7669,21,81,20,17,20,24,17,17,17,17,17,17,17,17,17,17,21,17,21,17,21,17,17,17,17,17
Map_7670,131,119,46,46,46,46,53,40,53,40,53,40,40,40,40,40,38,33,38,33,38,33,38,33,44,33
Map_7671,13,27,13,13,13,14,13,13,13,13,13,13,13,13,13,13,14,11,14,11,14,11,13,11,13,11
Map_7672,9,67,9,9,7,9,9,7,9,7,9,7,9,7,9,7,9,7,9,7,9,7,9,7,9,7
Map_7673,34,31,29,29,25,32,29,29,29,29,29,29,29,29,29,29,18,18,18,18,18,18,18,18,18,18
Map_7674,77,129,54,54,54,41,26,26,26,26,26,26,26,26,26,26,26,26,34,26,34,26,26,26,26,26
Map_7675,8,20,7,7,7,7,7,7,7,7,7,7,7,7,7,7,7,7,7,7,7,7,7,7,7,7
Map_7676,6,11,6,6,6,6,6,6,6,6,6,6,6,6,6,6,7,6,7,6,7,6,7,6,7,6
Map_7677,33,64,13,13,15,27,13,13,13,13,13,13,13,13,13,13,25,13,25,14,25,14,13,13,13,13
Map_7678,14,46,16,16,16,19,14,14,14,14,14,14,14,14,14,14,14,14,14,14,14,14,14,14,14,14
Map_7679,7,13,7,7,7,9,7,7,7,7,7,7,7,7,7,7,7,7,7,7,7,7,7,7,7,7
Map_7680,15,121,20,16,20,14,11,11,11,11,11,11,11,11,11,11,12,11,12,11,12,11,12,11,12,11
Map_7681,5,20,5,5,5,5,5,5,5,5,5,5,5,5,5,5,5,5,5,5,5,5,5,5,5,5
Map_7682,6,127,6,6,6,6,6,6,6,6,6,6,6,6,6,6,6,6,6,6,6,6,6,6,6,6
Map_7683,10,38,11,10,11,14,10,10,10,10,10,10,10,10,10,10,9,10,9,10,9,10,9,10,9,10
Map_7684,6,26,5,5,5,5,5,5,5,5,5,5,5,5,5,5,5,5,5,5,5,5,5,5,5,5
Map_7685,6,13,6,6,6,6,6,6,6,6,6,6,6,6,6,6,6,6,6,6,6,6,6,6,6,6
Map_7686,8,31,8,8,8,8,8,8,8,8,8,8,8,8,8,8,8,8,8,8,8,8,8,8,8,8
Map_7687,36,50,18,14,18,18,17,14,17,14,17,14,17,14,17,14,17,14,17,14,17,14,17,14,17,14
Map_7688,153,119,32,32,32,42,32,34,32,34,32,34,32,34,32,34,32,34,32,34,32,34,32,34,32,34
Map_7689,16,29,14,13,14,14,13,13,13,13,13,13,13,13,13,13,13,13,13,13,13,13,13,13,13,13
Map_7690,9,81,10,9,10,16,10,9,10,9,10,9,9,9,9,9,9,9,9,9,9,9,9,9,9,9
Map_7691,39,43,28,28,28,32,14,18,14,18,14,18,14,31,14,31,14,14,14,14,14,14,14,14,14,14
Map_7692,8,160,8,8,8,14,8,8,8,8,8,8,8,8,8,8,8,8,8,8,8,8,8,8,8,8
Map_7693,15,24,10,10,10,10,10,10,10,10,10,10,10,10,10,10,10,10,10,10,10,10,10,10,10,10
Map_7694,6,21,6,6,6,6,6,6,6,6,6,6,6,6,6,6,7,6,7,6,7,6,6,6,6,6
Map_7695,10,150,10,10,10,10,10,10,10,10,10,10,10,10,10,10,10,10,10,10,10,10,10,10,10,10
Map_7696,12,163,11,11,11,11,11,11,11,11,11,11,11,11,11,11,10,10,10,10,10,10,10,10,10,10
Map_7697,9,39,10,10,10,12,10,10,10,10,10,10,10,10,10,10,10,9,10,9,10,9,10,9,10,9
Map_7698,19,79,12,12,12,29,15,15,15,15,15,15,15,15,15,15,15,12,15,12,15,12,15,12,15,12
Map_7699,15,179,12,12,12,14,12,12,12,12,12,12,12,12,12,12,12,12,12,12,12,12,12,12,12,12
Map_7700,7,51,7,7,7,7,7,7,7,7,7,7,7,7,7,7,7,7,7,7,7,7,7,7,7,7
Map_7701,10,21,10,10,10,17,16,10,16,10,16,10,17,10,17,10,10,10,10,10,10,10,10,10,10,10
Map_7702,13,72,14,14,14,11,11,11,11,11,11,11,11,11,11,11,15,11,15,11,15,11,11,11,11,11
Map_7703,35,187,17,17,19,20,16,17,16,17,16,17,16,19,16,19,16,16,16,16,16,16,16,16,16,16
Map_7704,5,71,5,5,5,5,5,5,5,5,5,5,5,5,5,5,5,5,5,5,5,5,5,5,5,5
Map_7705,30,50,10,10,10,13,10,9,10,9,10,9,9,9,9,9,9,9,9,9,9,9,9,9,9,9
Map_7706,74,211,24,24,24,24,24,24,24,24,24,24,24,24,24,24,24,24,24,24,24,24,24,24,24,24
Map_7707,8,27,8,8,8,8,8,8,8,8,8,8,8,8,8,8,8,8,8,8,8,8,8,8,8,8
Map_7708,9,17,9,9,9,12,9,9,9,9,9,9,9,9,9,9,9,9,9,9,9,9,9,9,9,9
Map_7709,15,59,11,11,11,13,8,8,8,8,8,8,8,8,8,8,8,8,8,8,8,8,8,8,8,8
Map_7710,16,74,13,13,13,13,13,13,13,13,13,13,13,13,13,13,13,13,13,13,16,13,13,13,13,13
Map_7711,11,20,11,11,11,11,11,11,11,11,11,11,11,11,11,11,11,11,11,11,11,11,11,11,11,11
Map_7712,10,15,9,9,9,9,10,9,10,9,10,9,10,9,10,9,10,9,12,9,12,9,10,9,10,9
Map_7713,19,255,18,18,18,19,18,18,18,18,18,18,18,18,18,18,18,18,18,15,18,15,18,18,18,18
Map_7714,20,40,19,18,19,19,19,19,19,19,19,19,18,18,18,18,19,18,19,14,19,14,14,18,14,18
Map_7715,16,49,9,9,9,14,10,9,10,9,10,9,10,9,10,9,10,9,10,9,10,9,10,9,10,9
Map_7716,18,107,11,11,11,16,13,14,13,14,13,14,13,14,13,14,12,11,12,11,12,11,12,11,12,11
Map_7717,27,55,17,17,17,17,17,19,17,19,17,19,17,19,17,19,17,17,17,17,17,17,17,17,17,17
Map_7718,43,59,23,23,23,23,23,23,23,23,23,23,23,23,23,23,23,24,23,24,27,24,23,24,23,24
Map_7719,14,23,15,15,16,16,15,15,15,15,15,15,15,15,15,15,15,15,15,14,15,14,15,15,15,15
Map_7720,11,81,11,11,11,14,11,11,11,11,11,11,11,11,11,11,14,11,14,11,14,11,11,11,11,11
Map_7721,14,138,12,12,12,15,12,12,12,12,12,12,12,12,12,12,12,13,12,13,12,14,12,12,12,12
Map_7722,38,175,18,18,18,18,18,23,18,23,18,23,18,23,18,23,18,18,18,18,18,18,18,18,18,18
Map_7723,13,36,11,9,11,11,10,9,10,9,10,9,9,9,9,9,9,9,9,9,9,9,9,9,9,9
Map_7724,5,16,5,5,5,5,5,5,5,5,5,5,5,5,5,5,5,5,5,5,5,5,5,5,5,5
Map_7725,9,32,9,9,9,9,9,9,9,9,9,9,9,9,9,9,9,9,9,9,9,9,9,9,9,9
Map_7726,8,57,8,7,8,8,7,7,7,7,7,7,7,7,7,7,7,7,7,7,7,7,7,7,7,7
Map_7727,9,136,7,6,7,7,7,6,7,6,7,6,6,6,6,6,7,6,7,6,7,6,7,6,7,6
Map_7728,16,38,11,11,11,11,11,11,11,11,11,11,11,11,11,11,11,11,11,11,11,11,11,11,11,11
Map_7729,19,112,15,15,15,15,15,15,15,15,15,15,15,15,15,15,15,15,15,15,15,15,15,15,15,15
Map_7730,33,152,10,10,10,13,10,10,10,10,10,10,10,10,10,10,10,10,10,10,10,10,10,10,10,10
Map_7731,18,43,11,11,11,11,11,11,11,11,11,11,11,11,11,11,10,10,10,10,10,10,10,10,10,10
Map_7732,5,13,5,5,5,8,5,5,5,5,5,5,5,5,5,5,5,5,5,5,5,5,5,5,5,5
Map_7733,19,48,19,19,19,22,19,19,19,19,19,19,19,19,19,19,16,19,16,16,16,16,16,19,16,19
Map_7734,20,32,16,16,16,13,13,13,13,13,13,13,13,13,13,13,13,13,13,13,13,13,13,13,13,13
Map_7735,12,27,10,10,10,10,10,10,10,10,10,10,10,10,10,10,10,10,10,10,10,10,10,10,10,10
Map_7736,9,20,8,8,8,8,8,8,8,8,8,8,8,8,8,8,8,8,8,8,8,8,8,8,8,8
Map_7737,24,56,20,20,20,19,16,16,16,16,16,16,16,16,16,16,19,16,19,16,19,16,19,16,16,16
Map_7738,6,32,6,6,6,8,6,6,6,6,6,6,6,6,6,6,6,6,6,6,6,6,6,6,6,6
Map_7739,16,65,14,14,14,18,14,15,14,15,14,15,14,14,15,17,14,14,15,14,15,14,14,14,14,14
Map_7740,7,31,7,7,7,8,7,7,7,7,7,7,7,7,7,7,7,7,7,7,7,7,7,7,7,7
Map_7741,164,179,16,16,16,16,16,16,16,16,16,16,16,16,16,16,16,16,26,16,26,16,16,16,16,16
Map_7742,97,86,20,20,20,20,65,20,65,20,65,20,65,20,65,20,28,20,29,20,29,20,28,20,28,20
Map_7743,10,34,8,8,8,11,8,8,8,8,8,8,8,8,8,8,8,8,8,8,8,8,8,8,8,8
Map_7744,28,74,19,19,19,27,21,19,21,19,21,19,21,19,21,19,23,19,27,19,27,19,23,19,23,19
Map_7745,16,64,11,11,11,11,11,11,11,11,11,11,11,11,11,11,11,11,11,11,11,11,11,11,11,11
Map_7746,23,41,32,23,32,32,17,17,17,17,17,17,17,17,17,17,19,17,19,17,19,17,19,17,17,17
Map_7747,21,72,17,17,17,17,16,16,16,16,16,16,16,16,15,19,16,15,15,15,15,15,16,15,16,15
Map_7748,7,34,7,7,7,8,7,7,7,7,7,7,7,7,7,7,7,7,7,7,7,7,7,7,7,7
Map_7749,19,27,17,17,17,17,17,17,17,17,17,17,17,17,17,17,17,17,17,17,17,17,17,17,17,17
Map_7750,5,43,5,5,5,5,5,5,5,5,5,5,5,5,5,5,5,5,5,5,5,5,5,5,5,5
Map_7751,54,82,9,9,9,9,9,9,9,9,9,9,9,9,9,9,9,9,9,9,9,9,9,9,9,9
Map_7752,11,15,8,8,9,9,8,8,8,8,8,8,8,8,8,8,8,8,8,8,8,8,8,8,8,8
Map_7753,21,82,14,14,14,14,14,14,14,14,14,14,14,14,14,14,14,14,14,14,17,14,14,14,14,14
Map_7754,6,11,7,6,7,7,6,6,6,6,6,6,6,6,6,6,6,6,6,6,6,6,6,6,6,6
Map_7755,107,77,49,25,49,26,24,24,24,24,24,24,24,24,24,24,24,21,24,21,24,21,21,21,21,21
Map_7756,28,53,27,27,27,26,26,27,26,27,26,27,27,27,27,27,17,17,17,17,17,17,17,17,17,17
Map_7757,34,182,12,12,12,15,12,12,12,12,12,12,12,12,12,12,12,12,12,12,12,12,12,12,12,12
Map_7758,8,67,8,8,8,8,8,8,8,8,8,8,8,8,8,8,8,8,8,8,8,8,8,8,8,8
Map_7759,7,28,7,7,7,7,7,7,7,7,7,7,7,7,7,7,7,7,7,7,7,7,7,7,7,7
Map_7760,350,244,23,23,23,23,21,31,21,31,21,31,21,31,21,31,29,26,29,27,29,27,21,26,21,26
Map_7761,36,43,29,29,29,30,21,21,21,21,21,21,21,21,21,21,21,21,23,21,23,21,21,21,21,21
Map_7762,18,33,11,11,11,11,12,12,12,12,12,12,12,12,12,12,11,11,11,11,11,11,11,11,11,11
Map_7763,225,255,17,17,48,17,17,17,17,17,17,17,17,17,17,17,17,17,17,17,17,17,17,17,17,17
Map_7764,27,36,22,27,30,22,26,26,26,26,26,26,24,24,24,24,17,16,17,16,17,16,17,16,17,16
Map_7765,38,94,15,15,15,17,13,15,13,15,13,15,13,15,13,15,13,13,13,13,13,13,13,13,13,13
Map_7766,15,37,15,15,15,18,15,15,15,15,15,15,15,15,15,15,15,14,15,14,15,14,15,14,15,14
Map_7767,25,37,15,15,15,17,15,15,15,15,15,15,15,15,15,15,15,15,15,15,15,15,15,15,15,15
Map_7768,41,49,19,18,18,19,18,18,18,18,18,18,18,18,18,18,18,18,21,18,21,18,18,18,18,18
Map_7769,47,80,12,11,12,12,21,21,21,21,21,21,21,21,21,21,21,10,21,10,21,10,19,10,19,10
Map_7770,54,100,20,20,20,20,20,20,20,20,20,20,20,20,20,20,20,35,20,35,20,35,20,35,20,35
Map_7771,12,28,8,8,8,8,8,8,8,8,8,8,8,8,8,8,8,8,8,8,8,8,8,8,8,8
Map_7772,13,76,14,14,14,16,14,13,14,13,14,13,14,13,14,13,13,13,13,13,13,13,13,13,13,13
Map_7773,13,26,13,13,13,13,13,13,13,13,13,13,13,13,13,13,13,13,13,13,13,13,13,13,13,13
Map_7774,13,23,12,12,12,14,11,11,11,11,11,11,11,11,11,11,11,11,11,11,11,11,11,11,11,11
Map_7775,11,24,11,11,11,15,11,9,11,9,11,9,11,9,11,9,11,9,11,9,11,9,11,9,11,9
Map_7776,27,72,12,12,12,12,12,12,12,12,12,12,12,12,12,12,13,12,13,12,15,12,12,12,12,12
Map_7777,42,55,17,17,23,13,13,17,13,17,13,17,13,17,13,29,13,13,13,13,13,13,13,13,13,13
Map_7778,13,146,12,12,12,37,12,10,12,10,12,10,12,10,11,10,10,10,10,10,13,10,10,10,10,10
Map_7779,11,17,10,10,10,10,10,10,10,10,10,10,10,10,10,10,10,10,10,10,11,10,10,10,10,10
Map_7780,14,45,14,14,14,14,14,14,14,14,14,14,14,14,14,14,14,14,14,14,14,14,14,14,14,14
Map_7781,69,208,23,18,22,24,18,18,18,18,18,18,18,18,18,18,18,18,18,18,18,18,18,18,18,18
Map_7782,17,50,17,17,17,20,13,13,13,13,13,13,13,13,13,13,15,13,15,13,15,13,15,13,15,13
Map_7783,8,22,8,8,8,9,8,8,8,8,8,8,8,8,8,8,9,8,12,8,12,8,8,8,8,8
Map_7784,10,19,9,9,9,9,9,9,9,9,9,9,9,9,9,9,9,9,9,9,9,9,9,9,9,9
Map_7785,6,13,6,6,6,6,6,6,6,6,6,6,6,6,6,6,6,6,6,6,6,6,6,6,6,6
Map_7786,21,36,17,17,17,17,17,17,17,17,17,17,17,17,17,17,18,15,18,15,18,15,18,15,18,15
Map_7787,29,140,29,29,29,31,29,26,29,26,29,26,29,26,29,26,22,26,22,28,22,28,22,26,22,26
Map_7788,25,149,18,18,18,18,17,17,17,17,17,17,17,17,17,17,17,17,17,17,17,17,17,17,17,17
Map_7789,24,45,16,16,16,17,14,14,14,14,14,14,14,14,14,14,14,14,14,14,14,14,14,14,14,14
Map_7790,90,79,15,15,15,15,21,15,21,15,21,15,15,15,15,15,21,15,21,15,21,15,21,15,21,15
Map_7791,40,133,31,31,26,40,31,31,31,31,31,31,31,31,31,31,26,28,26,22,26,22,24,28,24,28
Map_7792,8,206,8,8,8,8,8,8,8,8,8,8,8,8,8,8,8,8,8,8,8,8,8,8,8,8
Map_7793,13,43,13,13,13,13,13,13,13,13,13,13,13,13,13,13,13,13,13,13,13,13,13,13,13,13
Map_7794,77,93,23,23,23,23,18,18,18,18,18,18,18,18,18,18,18,18,18,18,18,18,18,18,18,18
Map_7795,49,127,12,12,12,18,18,18,18,18,18,18,18,18,18,18,12,12,14,12,14,12,12,12,12,12
Map_7796,30,116,22,22,22,27,21,21,21,21,21,21,22,22,22,22,21,17,21,17,21,17,17,21,17,21
Map_7797,6,19,6,6,6,8,6,6,6,6,6,6,6,6,6,6,6,6,6,6,6,6,6,6,6,6
Map_7798,5,13,5,5,5,6,5,5,5,5,5,5,5,5,5,5,5,5,5,5,5,5,5,5,5,5
Map_7799,38,103,34,34,34,28,29,21,29,21,29,21,27,21,27,21,29,21,28,21,28,21,29,21,29,21
Map_7800,17,52,15,15,15,19,17,17,17,17,17,17,15,17,15,17,15,15,15,15,15,15,17,15,17,15
Map_7801,8,28,8,8,8,10,8,8,8,8,8,8,8,8,8,8,7,7,7,7,7,7,7,7,7,7
Map_7802,8,12,8,8,8,9,8,8,8,8,8,8,8,8,8,8,8,8,8,8,8,8,8,8,8,8
Map_7803,19,60,16,16,16,16,16,16,16,16,16,16,16,16,16,16,16,16,16,16,22,16,16,16,16,16
Map_7804,28,92,19,19,19,19,19,19,19,19,19,19,19,19,19,19,19,19,19,19,19,19,19,19,19,19
Map_7805,8,16,8,8,8,8,8,8,8,8,8,8,8,8,8,8,8,8,8,8,8,8,8,8,8,8
Map_7806,21,41,19,19,19,19,19,18,19,18,19,18,19,18,18,18,18,14,18,14,18,14,18,14,18,14
Map_7807,14,49,14,14,14,18,14,19,14,19,14,19,14,19,14,19,14,14,14,14,14,14,14,14,14,14
Map_7808,26,84,19,19,19,36,19,19,19,19,19,19,19,19,19,19,19,19,19,19,19,19,19,19,19,19
Map_7809,6,47,6,6,6,6,6,6,6,6,6,6,6,6,6,6,6,6,6,6,6,6,6,6,6,6
Map_7810,29,104,15,15,15,15,15,15,15,15,15,15,15,15,15,15,15,15,15,15,15,15,15,15,15,15
Map_7811,11,59,7,7,7,7,7,7,7,7,7,7,7,7,7,7,7,7,7,7,7,7,7,7,7,7
Map_7812,19,31,21,18,18,21,19,19,19,19,19,19,19,19,19,19,20,18,20,18,20,18,19,19,19,19
Map_7813,12,34,8,8,8,12,8,8,8,8,8,8,8,8,8,8,8,8,8,8,8,8,8,8,8,8
Map_7814,139,250,29,29,29,33,29,29,29,29,29,29,29,29,29,29,29,29,35,29,35,29,29,29,29,29
Map_7815,25,50,9,9,9,9,9,9,9,9,9,9,9,9,9,9,9,9,9,9,9,9,9,9,9,9
Map_7816,23,73,16,16,16,16,16,16,16,16,16,16,16,16,16,16,16,16,16,16,16,16,16,16,16,16
Map_7817,44,73,25,23,29,22,23,21,23,21,23,21,23,21,23,21,23,21,23,21,23,21,23,21,23,21
Map_7818,15,159,20,20,15,34,15,15,15,15,15,15,15,15,15,15,15,15,15,13,15,13,15,15,15,15
Map_7819,9,37,9,9,9,12,9,9,9,9,9,9,9,9,9,9,9,9,9,9,9,9,9,9,9,9
Map_7820,7,13,7,7,7,7,7,7,7,7,7,7,7,7,7,7,7,7,7,7,7,7,7,7,7,7
Map_7821,38,49,23,23,23,17,15,15,15,15,15,15,15,15,15,15,15,15,15,15,15,15,15,15,15,15
Map_7822,147,52,15,15,15,27,27,15,27,15,27,15,27,15,27,15,27,15,26,15,26,15,27,15,27,15
Map_7823,14,84,14,14,14,16,14,14,14,14,14,14,14,14,14,14,14,14,14,14,14,14,14,14,14,14
Map_7824,7,23,7,7,7,7,7,7,7,7,7,7,7,7,7,7,7,7,7,7,7,7,7,7,7,7
Map_7825,26,50,9,9,9,13,9,9,9,9,9,9,9,9,9,9,9,9,9,9,12,12,9,9,9,9
Map_7826,17,27,11,11,12,13,11,11,11,11,11,11,11,11,11,11,11,11,11,11,11,11,11,11,11,11
Map_7827,9,21,8,8,8,11,8,8,8,8,8,8,8,8,8,8,8,8,8,8,8,8,8,8,8,8
Map_7828,14,25,9,9,9,9,9,9,9,9,9,9,9,9,9,9,9,9,9,9,9,9,9,9,9,9
Map_7829,53,103,13,11,13,15,13,11,13,11,13,11,11,11,11,11,13,11,13,11,13,11,13,11,13,11
Map_7830,63,59,12,12,12,13,16,12,16,12,16,12,16,12,16,12,16,12,19,12,19,12,16,12,16,12
Map_7831,22,173,7,6,7,7,7,6,7,6,7,6,6,6,6,6,7,6,7,6,7,6,7,6,7,6
Map_7832,15,41,10,10,10,10,10,10,10,10,10,10,10,10,10,10,10,10,10,10,10,10,10,10,10,10
Map_7833,7,20,8,8,8,8,8,7,8,7,8,7,8,7,8,7,8,7,8,7,8,7,8,7,8,7
Map_7834,51,103,34,34,36,55,45,25,34,25,34,25,35,34,35,34,34,28,34,28,34,28,34,25,34,25
Map_7835,8,14,9,8,8,9,8,8,8,8,8,8,8,8,8,8,8,8,8,8,8,8,8,8,8,8
Map_7836,30,38,13,13,13,15,12,13,12,13,12,13,12,13,12,13,12,12,12,12,12,12,12,12,12,12
Map_7837,6,14,6,6,6,10,6,6,6,6,6,6,6,6,6,6,8,6,8,6,8,6,6,6,6,6
Map_7838,174,70,32,33,33,25,25,21,25,21,25,21,25,21,25,21,26,21,26,21,26,21,24,21,21,21
Map_7839,17,86,11,11,11,20,11,11,11,11,11,11,11,11,11,11,12,11,12,11,12,11,11,11,11,11
Map_7840,7,70,7,7,7,9,7,7,7,7,7,7,7,7,7,7,9,7,9,7,9,7,7,7,7,7
Map_7841,10,43,9,9,10,10,9,9,9,9,9,9,9,9,9,9,9,9,9,9,9,9,9,9,9,9
Map_7842,7,14,7,7,7,11,7,7,7,7,7,7,7,7,7,7,7,7,7,7,7,7,7,7,7,7
Map_7843,59,72,19,19,19,19,19,19,19,19,19,19,19,19,19,19,25,19,25,19,25,19,22,19,22,19
Map_7844,12,45,9,9,9,10,9,9,9,9,9,9,9,9,9,9,9,9,9,9,9,9,9,9,9,9
Map_7845,24,101,16,16,16,22,16,16,16,16,16,16,16,18,18,18,16,16,16,16,16,16,16,16,16,16
Map_7846,15,37,14,14,14,14,14,14,14,14,14,14,14,14,14,14,14,14,14,14,14,14,14,14,14,14
Map_7847,8,59,6,6,6,6,6,6,6,6,6,6,6,6,6,6,6,6,6,6,6,6,6,6,6,6
Map_7848,9,131,9,9,9,18,9,9,9,9,9,9,9,9,9,9,9,9,9,9,9,9,9,9,9,9
Map_7849,5,14,5,5,5,7,5,5,5,5,5,5,5,5,5,5,5,5,5,5,5,5,5,5,5,5
Map_7850,14,79,13,13,13,13,13,13,13,13,13,13,13,13,13,13,13,13,13,13,15,13,13,13,13,13
Map_7851,18,23,15,14,15,14,14,14,14,14,14,14,14,14,14,14,14,14,14,14,14,14,14,14,14,14
Map_7852,10,35,10,10,10,10,10,10,10,10,10,10,10,10,10,10,10,10,10,10,10,10,10,10,10,10
Map_7853,45,109,25,25,25,21,21,21,21,21,21,21,21,21,21,21,25,21,25,21,25,21,25,21,25,21
Map_7854,7,17,7,7,7,8,7,7,7,7,7,7,7,7,7,7,7,7,7,7,7,7,7,7,7,7
Map_7855,35,94,28,28,30,17,15,15,15,15,15,15,15,15,15,15,15,15,15,15,15,15,15,15,15,15
Map_7856,24,220,17,16,17,50,14,14,14,14,14,14,14,14,14,14,17,14,17,14,17,14,14,14,14,14
Map_7857,7,101,7,7,7,7,7,7,7,7,7,7,7,7,7,7,7,7,7,7,7,7,7,7,7,7
Map_7858,25,48,20,19,13,28,19,13,19,13,19,13,19,13,19,13,21,12,21,12,21,12,20,12,19,12
Map_7859,24,202,23,23,28,23,23,17,23,17,23,17,23,17,28,17,23,17,20,17,20,17,23,17,23,17
Map_7860,43,47,19,19,19,25,17,17,17,17,17,17,17,17,17,17,17,17,19,17,19,17,17,17,17,17
Map_7861,15,18,12,12,12,12,12,12,12,12,12,12,12,12,12,12,12,12,12,12,12,12,12,12,12,12
Map_7862,48,67,18,18,18,29,18,18,18,18,18,18,18,18,18,18,19,18,19,18,19,18,18,18,18,18
Map_7863,22,41,17,17,17,19,17,17,17,17,17,17,17,17,17,17,17,17,17,17,17,17,17,17,17,17
Map_7864,17,31,17,17,17,20,17,17,17,17,17,17,17,17,17,17,22,17,22,17,22,17,17,17,17,17
Map_7865,31,103,20,20,20,20,20,17,20,17,20,17,17,17,17,17,21,17,21,17,21,17,21,17,21,17
Map_7866,22,114,12,12,12,12,12,12,12,12,12,12,12,12,12,12,12,12,12,12,12,12,12,12,12,12
Map_7867,7,15,7,7,7,8,7,7,7,7,7,7,7,7,7,7,7,7,7,7,7,7,7,7,7,7
Map_7868,25,284,10,10,10,10,10,10,10,10,10,10,10,10,10,10,11,10,11,10,11,10,11,10,11,10
Map_7869,45,60,36,36,41,44,41,42,41,42,41,42,41,43,41,43,34,38,34,38,34,38,41,38,41,34
Map_7870,21,34,16,15,16,23,14,15,14,15,14,15,14,15,14,15,14,14,14,14,14,14,14,14,14,14
Map_7871,34,62,16,16,16,20,14,14,14,14,14,14,14,14,14,14,14,14,14,14,14,14,14,14,14,14
Map_7872,22,29,18,18,18,18,12,12,12,12,12,12,12,12,12,12,12,12,12,12,12,12,12,12,12,12
Map_7873,30,65,15,14,15,18,15,14,15,14,15,14,14,14,14,14,15,14,15,14,15,14,15,14,15,14
Map_7874,58,74,42,42,42,32,28,28,27,28,27,28,28,28,28,28,28,28,28,28,28,28,28,28,28,28
Map_7875,9,32,10,10,10,10,10,9,10,9,10,9,9,9,9,9,10,9,10,9,10,9,10,9,10,9
Map_7876,24,47,15,15,15,20,15,15,15,15,15,15,15,15,15,15,16,15,16,15,16,15,15,15,15,15
Map_7877,29,84,28,28,28,100,25,23,25,23,25,23,25,23,25,23,22,22,22,22,22,22,25,22,25,22
Map_7878,15,44,11,11,11,13,11,13,11,13,11,13,11,13,11,13,11,11,11,11,11,11,11,11,11,11
Map_7879,7,68,7,7,7,7,7,7,7,7,7,7,7,7,7,7,7,7,7,7,7,7,7,7,7,7
Map_7880,15,89,15,13,13,15,13,13,13,13,13,13,13,13,13,13,13,12,13,12,13,12,13,12,13,12
Map_7881,8,14,8,8,8,11,8,8,8,8,8,8,8,8,8,8,8,8,8,8,8,8,8,8,8,8
Map_7882,5,17,5,5,5,5,5,5,5,5,5,5,5,5,5,5,5,5,5,5,5,5,5,5,5,5
Map_7883,11,105,11,11,11,11,11,11,11,11,11,11,11,11,11,11,10,10,10,10,10,10,10,10,10,10
Map_7884,5,19,5,5,5,5,5,5,5,5,5,5,5,5,5,5,5,5,5,5,5,5,5,5,5,5
Map_7885,21,154,25,25,25,25,26,39,26,39,26,39,26,39,26,39,27,21,27,21,27,21,26,28,26,32
Map_7886,13,29,8,8,8,8,8,8,8,8,8,8,8,8,8,8,8,8,8,8,8,8,8,8,8,8
Map_7887,11,31,16,14,16,16,14,11,14,11,14,11,14,11,14,11,15,11,15,11,15,11,15,11,15,11
Map_7888,23,54,15,15,15,19,15,14,15,14,15,14,14,14,14,14,15,14,15,14,15,14,15,14,15,14
Map_7889,15,70,13,13,13,13,13,13,13,13,13,13,13,13,13,13,13,13,13,13,13,13,13,13,13,13
Map_7890,57,98,16,16,16,18,16,16,16,16,16,16,16,16,16,16,16,16,16,16,16,16,16,16,16,16
Map_7891,27,53,15,15,15,18,15,15,15,15,15,15,15,15,15,15,18,15,15,15,15,15,15,15,15,15
Map_7892,10,27,12,12,12,18,12,11,12,11,12,11,12,11,12,11,12,11,12,11,12,11,12,11,12,11
Map_7893,8,12,8,8,8,8,8,8,8,8,8,8,8,8,8,8,9,8,9,8,9,8,8,8,8,8
Map_7894,7,32,7,7,7,7,7,7,7,7,7,7,7,7,7,7,7,7,7,7,7,7,7,7,7,7
Map_7895,9,58,11,11,11,14,11,11,11,11,11,11,11,11,11,11,9,9,9,9,9,9,9,9,9,9
Map_7896,55,122,29,29,29,29,28,28,28,28,28,28,28,28,28,28,25,28,25,27,25,27,25,28,25,28
Map_7897,13,33,8,8,8,9,8,8,8,8,8,8,8,8,8,8,8,8,8,8,8,8,8,8,8,8
Map_7898,481,52,36,36,52,36,31,35,31,35,31,35,31,35,31,35,18,18,18,18,18,18,18,18,18,18
Map_7899,10,28,9,9,9,9,9,8,9,8,9,8,8,8,8,8,9,8,9,8,9,8,8,8,8,8
Map_7900,13,26,10,10,10,10,10,9,10,9,10,9,9,9,9,9,10,9,10,9,10,9,10,9,10,9
Map_7901,22,60,16,16,16,16,15,16,15,16,15,16,14,16,14,16,15,14,15,14,15,14,15,16,15,16
Map_7902,18,63,17,15,17,21,15,15,15,15,15,15,15,15,15,15,17,15,17,15,17,15,17,15,17,15
Map_7903,8,58,8,8,8,8,8,8,8,8,8,8,8,8,8,8,8,8,8,8,8,8,8,8,8,8
Map_7904,80,70,52,34,52,50,34,34,24,34,24,34,34,34,34,34,16,16,16,16,16,16,16,21,16,34
Map_7905,25,34,11,11,11,13,11,11,11,11,11,11,11,11,11,11,11,11,11,11,11,11,11,11,11,11
Map_7906,11,64,10,10,10,10,10,10,10,10,10,10,10,10,10,10,10,10,10,10,10,10,10,10,10,10
Map_7907,15,151,13,13,13,13,13,13,13,13,13,13,13,13,13,13,13,13,13,13,13,13,13,13,13,13
Map_7908,9,29,11,11,11,11,11,9,11,9,11,9,11,9,11,9,12,9,12,9,12,9,11,9,11,9
Map_7909,6,43,6,6,6,6,6,6,6,6,6,6,6,6,6,6,6,6,6,6,6,6,6,6,6,6
Map_7910,14,118,7,7,7,7,7,7,7,7,7,7,7,7,7,7,7,7,7,7,7,7,7,7,7,7
Map_7911,197,187,42,42,126,42,42,36,42,36,42,36,42,36,42,36,50,36,50,36,50,36,43,36,43,36
Map_7912,10,65,11,11,11,26,11,10,11,10,11,10,10,10,10,10,10,10,10,10,10,10,10,10,10,10
Map_7913,7,12,7,7,7,7,7,7,7,7,7,7,7,7,7,7,7,7,7,7,7,7,7,7,7,7
Map_7914,7,24,7,7,7,13,7,7,7,7,7,7,7,7,7,7,7,7,7,7,7,7,7,7,7,7
Map_7915,6,22,6,6,6,6,6,6,6,6,6,6,6,6,6,6,6,6,6,6,6,6,6,6,6,6
Map_7916,18,31,18,18,18,22,15,18,15,18,15,18,14,18,14,18,15,18,15,18,15,18,15,18,15,18
Map_7917,90,107,34,35,34,36,34,33,34,33,34,33,34,33,34,33,29,21,29,21,29,21,29,21,29,21
Map_7918,11,43,20,20,13,25,15,11,15,11,15,11,15,11,15,11,15,11,15,11,15,11,15,11,15,11
Map_7919,14,57,14,14,14,16,14,14,16,14,16,14,14,14,14,14,17,14,17,14,17,14,14,14,14,14
Map_7920,13,28,9,9,9,9,9,9,9,9,9,9,9,9,9,9,9,9,9,9,9,9,9,9,9,9
Map_7921,13,27,16,13,16,13,13,13,13,13,13,13,13,13,13,13,13,13,13,13,13,13,13,13,13,13
Map_7922,99,117,29,29,29,29,29,25,29,25,29,25,29,25,29,25,29,29,29,29,32,29,29,25,29,25
Map_7923,17,128,17,17,17,20,15,15,15,15,15,15,15,15,15,15,16,15,16,15,16,15,15,15,15,15
Map_7924,8,16,8,8,9,10,8,8,8,8,8,8,8,8,8,8,8,8,8,8,8,8,8,8,8,8
Map_7925,12,64,11,11,11,11,12,11,12,11,12,11,12,11,12,11,12,11,12,11,12,11,12,11,12,11
Map_7926,18,33,16,16,22,16,16,16,16,16,16,16,16,16,16,16,15,15,15,15,15,15,15,15,15,15
Map_7927,12,81,16,16,16,17,12,12,12,12,12,12,12,12,12,12,12,12,12,12,12,12,12,12,12,12
Map_7928,24,236,38,24,38,23,21,21,21,21,21,21,21,21,21,21,21,17,24,17,24,17,21,17,21,17
Map_7929,47,231,27,27,27,27,27,27,27,27,27,27,27,27,27,27,23,22,23,22,23,22,23,22,23,22
Map_7930,7,24,7,7,7,7,7,7,7,7,7,7,7,7,7,7,7,7,7,7,7,7,7,7,7,7
Map_7931,26,233,23,15,23,28,16,15,16,15,16,15,16,15,16,15,16,15,16,15,16,15,16,15,16,15
Map_7932,51,45,15,15,15,27,14,14,14,14,14,14,14,14,14,14,14,14,14,14,14,14,14,14,14,14
Map_7933,34,112,30,30,30,35,30,30,30,30,30,30,30,30,30,30,26,30,26,30,26,30,30,30,30,30
Map_7934,6,67,6,6,6,6,6,6,6,6,6,6,6,6,6,6,9,6,9,6,9,6,6,6,6,6
Map_7935,10,33,5,5,5,10,5,5,5,5,5,5,5,5,5,5,5,5,5,5,5,5,5,5,5,5
Map_7936,65,62,35,35,36,35,35,35,35,35,35,35,35,37,35,37,35,39,35,39,35,39,35,39,35,39
Map_7937,55,70,30,25,30,30,21,21,21,21,21,21,21,21,21,21,21,21,27,21,27,21,21,21,21,21
Map_7938,20,39,19,19,19,20,21,20,21,20,21,20,20,20,20,20,18,18,18,18,18,18,18,18,18,18
Map_7939,5,13,5,5,5,5,5,5,5,5,5,5,5,5,5,5,5,5,5,5,5,5,5,5,5,5
Map_7940,11,23,11,11,11,11,11,11,11,11,11,11,11,11,11,11,11,11,11,11,11,11,11,11,11,11
Map_7941,8,11,8,8,8,9,8,8,8,8,8,8,8,8,8,8,8,8,8,8,8,8,8,8,8,8
Map_7942,6,13,4,4,4,4,4,4,4,4,4,4,4,4,4,4,4,4,4,4,4,4,4,4,4,4
Map_7943,19,51,16,15,19,17,15,14,15,14,15,14,15,14,15,14,16,14,16,14,16,14,14,14,14,14
Map_7944,15,149,12,10,10,17,10,10,10,10,10,10,10,10,10,10,10,10,10,10,10,10,10,10,10,10
Map_7945,5,10,5,5,5,6,5,5,5,5,5,5,5,5,5,5,5,5,5,5,5,5,5,5,5,5
Map_7946,33,35,25,25,25,25,25,25,25,25,25,25,25,25,25,25,25,23,25,23,25,23,25,23,25,23
Map_7947,26,77,17,17,16,32,17,16,17,16,17,16,17,16,17,16,17,16,17,16,17,16,17,16,17,16
Map_7948,213,137,28,28,28,28,28,28,28,28,28,28,28,28,28,28,20,20,20,20,23,23,20,20,20,20
Map_7949,11,55,11,11,11,11,11,11,11,11,11,11,11,11,11,11,11,11,11,11,11,11,11,11,11,11
Map_7950,7,12,8,8,8,11,7,7,7,7,7,7,7,7,7,7,7,7,7,7,7,7,7,7,7,7
Map_7951,21,104,14,14,14,15,14,14,14,14,14,14,14,14,14,14,14,14,14,14,14,14,14,14,14,14
Map_7952,13,60,13,13,13,14,13,13,13,13,13,13,13,13,13,13,13,13,13,13,13,13,13,13,13,13
Map_7953,11,50,6,6,6,6,6,6,6,6,6,6,6,6,6,6,6,6,6,6,6,6,6,6,6,6
Map_7954,5,30,5,5,5,5,5,5,5,5,5,5,5,5,5,5,5,5,5,5,5,5,5,5,5,5
Map_7955,13,36,13,13,13,13,13,13,13,13,13,13,13,13,13,13,13,13,13,13,13,13,13,13,13,13
Map_7956,86,50,39,39,39,27,26,25,26,25,26,25,25,25,25,25,24,18,24,18,24,18,24,18,24,18
Map_7957,9,17,11,9,11,13,9,9,9,9,9,9,9,9,8,9,9,8,9,8,9,8,9,8,9,8
Map_7958,13,225,12,12,12,12,12,12,12,12,12,12,12,15,15,15,12,12,12,12,12,12,12,12,12,12
Map_7959,21,115,14,14,14,14,14,13,14,13,14,13,13,13,13,13,13,13,17,13,17,13,13,13,13,13
Map_7960,11,20,10,10,10,10,10,10,10,10,10,10,10,10,10,10,10,10,10,10,10,10,10,10,10,10
Map_7961,11,21,11,11,11,15,10,10,10,10,10,10,10,10,10,10,10,10,14,10,14,10,10,10,10,10
Map_7962,12,58,6,6,7,6,6,6,6,6,6,6,6,6,6,6,6,6,6,6,6,6,6,6,6,6
Map_7963,13,58,13,13,13,21,13,13,13,13,13,13,13,13,13,13,13,13,13,13,13,13,13,13,13,13
Map_7964,5,29,5,5,5,5,5,5,5,5,5,5,5,5,5,5,5,5,5,5,5,5,5,5,5,5
Map_7965,9,16,6,6,6,9,6,6,6,6,6,6,6,6,6,6,6,6,6,6,6,6,6,6,6,6
Map_7966,12,88,11,11,11,20,11,8,11,8,11,8,11,8,11,8,12,8,12,8,12,8,11,8,11,8
Map_7967,9,229,9,9,9,9,9,9,9,9,9,9,9,9,9,9,11,9,11,9,11,9,11,9,11,9
Map_7968,17,76,14,14,14,23,14,14,14,14,14,14,14,14,14,14,14,14,14,14,14,14,14,14,14,14
Map_7969,8,34,8,8,8,8,8,8,8,8,8,8,8,8,8,8,8,8,8,8,8,8,8,8,8,8
Map_7970,14,27,14,14,14,22,15,14,15,14,15,14,15,14,15,14,15,14,15,14,15,14,15,14,15,14
Map_7971,13,17,10,10,10,14,10,10,10,10,10,10,10,10,10,10,10,10,10,10,10,10,10,10,10,10
Map_7972,18,43,9,9,9,9,9,9,9,9,9,9,9,9,9,9,9,9,9,9,9,9,9,9,9,9
Map_7973,21,25,15,15,15,15,15,15,15,15,15,15,15,15,15,15,15,15,16,15,16,15,15,15,15,15
Map_7974,5,59,5,5,5,5,5,5,5,5,5,5,5,5,5,5,5,5,5,5,5,5,5,5,5,5
Map_7975,8,66,8,8,8,8,8,8,8,8,8,8,8,8,8,8,8,8,8,8,8,8,8,8,8,8
Map_7976,35,45,19,19,15,22,15,19,15,19,15,19,15,19,15,19,15,15,15,15,15,15,15,15,15,15
Map_7977,18,23,18,18,18,21,18,18,18,18,18,18,18,18,18,18,16,15,16,15,16,15,16,15,16,15
Map_7978,24,77,20,19,21,23,17,19,17,19,17,19,17,19,17,19,17,17,17,17,17,17,17,17,17,19
Map_7979,85,63,20,20,20,20,20,20,20,20,20,20,20,20,20,20,24,20,24,20,24,20,22,20,22,20
Map_7980,19,19,11,11,11,12,11,11,11,11,11,11,11,11,11,11,12,11,12,11,14,11,12,11,11,11
Map_7981,5,20,5,5,5,8,5,5,5,5,5,5,5,5,5,5,5,5,5,5,5,5,5,5,5,5
Map_7982,13,184,9,9,9,9,9,9,9,9,9,9,9,9,9,9,9,9,9,9,9,9,9,9,9,9
Map_7983,24,51,17,17,17,17,20,20,20,20,20,20,20,20,20,20,20,20,20,20,28,20,20,20,20,20
Map_7984,15,31,10,10,10,10,13,13,13,13,13,13,13,13,13,13,10,10,10,10,10,10,10,10,10,10
Map_7985,31,260,24,18,24,24,18,18,18,18,18,18,18,18,18,18,23,18,21,18,21,18,21,18,21,18
Map_7986,12,29,10,10,10,10,10,9,10,9,10,9,10,9,9,9,10,9,10,9,10,9,10,9,10,9
Map_7987,8,34,8,8,8,12,8,8,8,8,8,8,8,8,8,8,8,8,8,8,8,8,8,8,8,8
Map_7988,17,152,11,11,11,11,17,17,17,17,17,17,17,17,17,17,26,11,26,11,26,11,17,11,17,11
Map_7989,23,75,14,14,14,14,14,14,14,14,14,14,14,14,14,14,14,14,14,14,14,14,14,14,14,14
Map_7990,34,80,17,17,16,17,14,17,14,17,14,17,14,17,14,17,14,14,14,14,14,14,14,14,14,14
Map_7991,24,47,32,18,18,23,14,13,14,13,14,13,14,13,14,13,14,13,14,13,14,13,14,13,14,13
Map_7992,16,49,10,9,10,10,10,9,10,9,10,9,9,9,9,9,10,9,10,9,10,9,10,9,10,9
Map_7993,16,49,13,13,13,13,12,13,12,13,12,13,12,13,12,13,11,11,11,11,11,11,11,11,11,11
Map_7994,18,39,11,11,11,11,11,10,11,10,11,10,10,10,10,10,11,10,16,10,16,10,11,10,11,10
Map_7995,26,129,19,18,18,16,16,16,16,16,16,16,16,16,16,16,16,16,16,16,16,16,16,16,16,16
Map_7996,10,49,10,10,10,10,10,10,10,10,10,10,10,10,10,10,10,10,10,10,10,10,10,10,10,10
Map_7997,15,38,9,9,9,11,9,9,9,9,9,9,9,9,9,9,9,9,9,9,9,9,9,9,9,9
Map_7998,12,227,12,12,12,12,12,12,12,12,12,12,12,12,12,12,12,12,12,12,12,12,12,12,12,12
Map_7999,62,71,22,22,22,22,22,18,22,18,22,18,22,18,21,18,18,17,18,17,18,17,18,17,22,17
Map_8000,10,22,8,8,8,8,8,8,8,8,8,8,8,8,8,8,8,8,8,8,8,8,8,8,8,8
Map_8001,14,43,14,14,14,14,14,14,14,14,14,14,14,14,14,14,14,14,14,14,14,14,14,14,14,14
Map_8002,46,342,16,16,16,30,16,16,16,16,16,16,16,16,16,16,16,16,28,16,28,16,16,16,16,16
Map_8003,124,170,32,32,32,40,23,22,23,22,23,22,23,22,23,22,23,23,23,23,23,23,22,22,22,22
Map_8004,26,129,28,27,27,28,19,19,19,19,19,19,19,19,19,19,17,19,17,19,17,19,17,19,17,19
Map_8005,32,186,14,14,14,14,14,14,14,14,14,14,14,14,14,14,14,14,14,14,14,14,14,14,14,14
Map_8006,9,147,9,9,9,9,9,9,9,9,9,9,9,9,9,9,14,9,14,9,14,9,9,9,9,9
Map_8007,32,93,37,37,37,37,38,38,38,38,38,38,38,38,38,38,25,38,25,31,25,31,25,38,25,38
Map_8008,8,37,8,8,8,8,8,8,8,8,8,8,8,8,8,8,8,8,8,8,8,8,8,8,8,8
Map_8009,10,16,9,9,9,10,9,9,9,9,9,9,9,9,9,9,9,9,9,9,9,9,9,9,9,9
Map_8010,41,67,17,17,17,14,14,14,14,14,14,14,14,14,14,14,15,14,17,14,17,15,14,14,14,14
Map_8011,8,21,8,8,8,8,8,8,8,8,8,8,8,8,8,8,8,8,11,8,11,8,8,8,8,8
Map_8012,11,20,12,12,11,17,11,11,11,11,11,11,11,11,11,11,11,11,11,11,11,11,11,11,11,11
Map_8013,19,98,11,11,11,31,11,11,11,11,11,11,11,11,11,11,11,11,11,11,11,11,11,11,11,11
Map_8014,21,115,19,19,19,31,19,19,19,19,19,19,19,19,19,19,19,19,19,19,19,19,19,19,19,19
Map_8015,11,41,5,5,5,5,5,5,5,5,5,5,5,5,5,5,5,5,5,5,5,5,5,5,5,5
Map_8016,11,21,11,11,11,12,11,11,11,11,11,11,11,11,11,11,11,11,11,11,11,11,11,11,11,11
Map_8017,76,94,17,17,17,19,17,35,17,35,17,35,17,35,17,35,19,17,19,17,19,17,17,17,17,17
Map_8018,6,20,6,6,6,8,6,6,6,6,6,6,6,6,6,6,6,6,6,6,6,6,6,6,6,6
Map_8019,18,27,17,17,17,21,16,16,16,16,16,16,16,16,16,16,16,16,16,16,16,16,16,16,16,16
Map_8020,7,35,7,7,7,7,7,7,7,7,7,7,7,7,7,7,7,7,7,7,7,7,7,7,7,7
Map_8021,18,27,16,16,16,16,16,16,16,16,16,16,16,16,16,16,16,16,16,16,16,16,16,16,16,16
Map_8022,7,30,6,6,6,7,6,6,6,6,6,6,6,6,6,6,6,6,6,6,6,6,6,6,6,6
Map_8023,18,21,15,15,15,15,11,11,11,11,11,11,11,11,11,11,11,11,11,11,11,11,11,11,11,11
Map_8024,18,37,7,7,7,14,7,7,7,7,7,7,7,7,7,7,16,7,16,7,16,7,7,7,7,7
Map_8025,38,133,42,42,42,59,59,59,43,59,43,59,47,47,47,47,28,28,28,28,28,28,28,47,28,47
Map_8026,26,263,19,19,19,19,19,20,19,20,19,20,20,20,20,20,19,20,19,20,19,20,19,20,19,20
Map_8027,18,132,13,13,13,34,13,13,13,13,13,13,13,13,13,13,13,13,13,13,13,13,13,13,13,13
Map_8028,73,129,25,25,25,28,25,25,25,25,25,25,25,25,25,25,25,25,25,25,25,25,25,25,25,25
Map_8029,19,231,19,19,19,19,19,17,19,17,19,17,19,17,19,17,17,17,17,17,17,17,17,17,20,17
Map_8030,7,21,18,7,7,18,7,7,7,7,7,7,7,7,7,7,7,7,7,7,7,7,7,7,7,7
Map_8031,5,21,4,4,4,4,4,4,4,4,4,4,4,4,4,4,4,4,4,4,4,4,4,4,4,4
Map_8032,21,57,31,20,31,19,19,15,19,15,19,15,19,15,19,15,19,15,19,15,19,15,19,15,19,15
Map_8033,10,39,10,10,10,20,10,10,10,10,10,10,10,10,10,10,10,10,10,10,10,10,10,10,10,10
Map_8034,9,30,8,8,8,9,8,8,8,8,8,8,8,8,8,8,9,8,9,8,9,8,9,8,9,8
Map_8035,31,59,30,30,30,28,27,27,27,27,27,27,27,27,27,27,15,15,23,15,23,15,15,15,15,15
Map_8036,11,61,11,11,11,11,11,11,11,11,11,11,11,11,11,11,11,11,11,11,11,11,11,11,11,11
Map_8037,14,21,14,14,14,15,11,11,11,11,11,11,11,11,11,11,11,11,11,11,11,11,11,11,11,11
Map_8038,5,52,5,5,5,5,5,5,5,5,5,5,5,5,5,5,5,5,5,5,5,5,5,5,5,5
Map_8039,12,75,10,10,10,12,10,11,10,11,10,11,10,11,10,11,11,10,11,10,11,10,10,10,10,10
Map_8040,11,18,9,9,9,9,9,9,9,9,9,9,9,9,9,9,9,9,9,9,9,9,9,9,9,9
Map_8041,21,214,19,19,19,19,19,19,19,19,19,19,19,19,19,19,19,19,19,19,19,19,19,19,19,19
Map_8042,50,203,20,20,20,20,24,20,24,20,24,20,24,20,24,20,24,20,24,20,24,20,24,20,24,20
Map_8043,12,172,12,12,12,12,12,12,12,12,12,12,12,12,12,12,12,12,12,12,12,12,12,12,12,12
Map_8044,20,180,9,9,9,9,9,8,9,8,9,8,8,8,8,8,9,8,9,8,9,8,9,8,9,8
Map_8045,10,43,10,10,10,10,10,10,10,10,10,10,10,10,10,10,13,10,13,10,13,10,13,10,13,10
Map_8046,26,30,22,22,22,22,22,21,22,21,22,21,21,21,21,21,21,21,22,21,22,21,21,21,21,21
Map_8047,11,29,8,8,8,8,8,8,8,8,8,8,8,8,8,8,8,8,8,8,8,8,8,8,8,8
Map_8048,6,13,8,6,6,8,6,6,6,6,6,6,6,6,6,6,6,6,6,6,6,6,6,6,6,6
Map_8049,15,144,13,13,12,13,10,10,10,10,10,10,10,10,10,10,10,10,10,10,10,10,10,10,10,10
Map_8050,4,6,4,4,4,4,4,4,4,4,4,4,4,4,4,4,4,4,4,4,4,4,4,4,4,4
Map_8051,15,76,13,13,13,13,13,15,13,15,13,15,13,15,13,15,15,15,15,15,15,15,13,15,13,15
Map_8052,34,47,29,29,29,29,27,23,27,23,27,23,27,23,27,23,27,23,27,23,27,23,27,23,27,23
Map_8053,8,39,8,8,8,8,8,8,8,8,8,8,8,8,8,8,8,8,8,8,8,8,8,8,8,8
Map_8054,28,28,22,20,20,24,20,20,20,20,20,20,20,20,20,20,22,18,22,18,22,18,20,18,20,18
Map_8055,21,22,16,16,16,18,12,12,12,12,12,12,12,12,12,12,12,12,12,12,12,12,12,12,12,12
Map_8056,16,68,16,16,16,15,15,14,15,14,15,14,14,14,14,14,15,14,15,14,15,14,15,14,15,14
Map_8057,15,53,15,15,15,16,15,15,15,15,15,15,15,15,15,15,15,15,15,15,15,15,15,15,15,15
Map_8058,21,46,19,18,19,20,19,18,19,18,19,18,18,18,18,18,16,15,16,15,16,15,16,15,16,15
Map_8059,6,57,6,6,6,6,6,6,6,6,6,6,6,6,6,6,6,6,6,6,6,6,6,6,6,6
Map_8060,13,56,12,12,17,12,12,12,12,12,12,12,12,12,12,12,12,12,12,12,12,12,12,12,12,12
Map_8061,27,59,18,18,18,19,18,18,18,18,18,18,18,18,18,18,18,18,20,18,20,18,18,18,18,18
Map_8062,197,97,29,29,29,19,19,19,19,19,19,19,19,19,19,19,19,19,19,19,19,19,19,19,19,19
Map_8063,17,128,20,20,20,20,16,20,16,20,16,20,16,16,16,16,16,16,16,16,16,16,16,17,16,17
Map_8064,44,46,25,25,25,23,23,23,23,23,23,23,23,23,23,23,15,15,15,15,15,15,15,15,15,15
Map_8065,21,62,20,20,20,21,20,14,20,14,20,14,20,14,20,14,20,14,20,14,20,14,20,14,20,14
Map_8066,15,128,14,14,14,22,14,15,14,15,14,15,14,15,14,15,14,15,14,15,14,15,14,15,14,15
Map_8067,7,19,7,7,7,15,7,7,7,7,7,7,7,7,7,7,7,7,7,7,7,7,7,7,7,7
Map_8068,36,38,12,12,12,13,12,12,12,12,12,12,12,12,12,12,12,12,12,12,12,12,12,12,12,12
Map_8069,29,142,21,21,21,21,21,20,21,20,21,20,20,20,20,20,21,20,21,20,21,20,21,20,21,20
Map_8070,16,208,12,12,12,12,12,12,12,12,12,12,12,12,12,12,12,11,15,11,15,11,12,11,12,11
Map_8071,7,61,7,7,7,7,7,7,7,7,7,7,7,7,7,7,7,7,7,7,7,7,7,7,7,7
Map_8072,22,178,11,11,11,27,11,11,11,11,11,11,11,11,11,11,11,11,11,11,11,11,11,11,11,11
Map_8073,19,78,14,14,14,14,14,14,14,14,14,14,14,14,14,14,14,14,14,14,14,14,14,14,14,14
Map_8074,16,34,12,12,12,12,12,12,12,12,12,12,12,12,12,12,12,12,12,12,12,12,12,12,12,12
Map_8075,7,9,6,6,6,7,6,6,6,6,6,6,6,6,6,6,7,6,7,6,7,6,6,6,6,6
Map_8076,8,27,6,6,6,13,6,6,6,6,6,6,6,6,6,6,6,6,6,6,6,6,6,6,6,6
Map_8077,15,34,11,11,11,13,14,11,14,11,14,11,14,11,14,11,13,11,16,11,16,11,13,11,11,11
Map_8078,20,170,11,11,11,11,11,11,11,11,11,11,11,11,11,11,11,11,11,11,11,11,11,11,11,11
Map_8079,12,23,14,12,13,14,13,12,13,12,13,12,13,12,12,12,12,12,12,12,12,12,12,12,12,12
Map_8080,99,88,14,14,14,36,14,14,14,14,14,14,14,14,14,14,14,14,14,14,14,14,14,14,14,14
Map_8081,13,26,16,13,15,21,12,12,12,12,12,12,12,12,12,12,12,10,12,10,14,10,12,10,12,10
Map_8082,19,27,15,15,15,15,15,15,15,15,15,15,15,15,15,15,15,15,15,15,15,15,15,15,15,15
Map_8083,7,17,7,7,7,7,7,7,7,7,7,7,7,7,7,7,7,7,7,7,7,7,7,7,7,7
Map_8084,13,55,12,12,12,14,10,10,10,10,10,10,10,10,10,10,10,10,10,10,10,10,10,10,10,10
Map_8085,19,31,10,10,10,10,10,10,10,10,10,10,10,10,10,10,10,10,10,10,10,10,10,10,10,10
Map_8086,45,106,10,10,10,10,10,10,10,10,10,10,10,10,10,10,10,10,10,10,10,10,10,10,10,10
Map_8087,21,70,25,24,25,25,21,17,21,17,21,17,17,17,17,17,18,17,18,17,18,17,18,17,21,17
Map_8088,35,51,14,13,14,14,13,13,13,13,13,13,13,13,13,13,13,13,13,13,13,13,13,13,13,13
Map_8089,13,169,8,8,8,8,8,8,8,8,8,8,8,8,8,8,8,8,8,8,8,8,8,8,8,8
Map_8090,20,73,16,16,16,16,16,15,16,15,16,15,15,15,15,15,15,15,15,15,15,15,15,15,15,15
Map_8091,37,170,36,36,36,67,69,55,69,55,69,55,69,55,69,55,57,26,57,26,57,26,57,26,57,26
Map_8092,16,32,16,16,16,16,16,15,16,15,16,15,15,15,15,15,16,15,16,14,18,14,16,15,16,15
Map_8093,39,51,33,43,33,44,27,18,27,18,27,18,32,18,32,18,24,18,24,18,24,18,24,18,24,18
Map_8094,39,84,25,22,22,26,23,21,23,21,23,21,23,21,23,21,21,21,21,21,21,21,21,21,21,21
Map_8095,20,180,20,20,20,20,20,20,20,20,20,20,20,20,20,20,15,15,15,15,15,15,15,15,15,15
Map_8096,81,87,39,39,60,39,39,32,39,32,39,32,39,32,38,32,23,32,25,32,25,32,23,32,23,32
Map_8097,34,49,18,18,18,19,18,17,18,17,18,17,17,17,17,17,18,17,18,17,18,17,18,17,18,17
Map_8098,8,23,8,8,8,8,8,8,8,8,8,8,8,8,8,8,8,8,8,8,8,8,8,8,8,8
Map_8099,10,45,8,8,8,8,8,8,8,8,8,8,8,8,8,8,8,8,8,8,8,8,8,8,8,8
Map_8100,9,27,5,5,5,5,5,5,5,5,5,5,5,5,5,5,5,5,5,5,5,5,5,5,5,5
Map_8101,19,33,9,9,9,9,9,9,9,9,9,9,9,9,9,9,9,9,9,9,9,9,9,9,9,9
Map_8102,35,69,21,21,21,22,22,20,22,20,22,20,22,20,22,20,21,17,21,17,21,17,21,17,22,17
Map_8103,5,15,5,5,5,8,5,5,5,5,5,5,5,5,5,5,8,5,10,5,10,5,5,5,5,5
Map_8104,65,155,20,20,20,20,20,20,20,20,20,20,20,20,20,20,21,20,21,20,21,21,20,20,20,20
Map_8105,25,40,18,18,18,20,17,17,17,17,17,17,17,17,17,17,17,17,17,17,17,17,17,17,17,17
Map_8106,14,17,9,9,9,9,8,8,8,8,8,8,8,8,8,8,8,8,8,8,8,8,8,8,8,8
Map_8107,31,136,20,20,20,24,20,24,20,24,20,24,24,24,24,24,21,20,21,20,21,20,20,20,20,24
Map_8108,5,11,5,5,5,5,5,5,5,5,5,5,5,5,5,5,5,5,5,5,5,5,5,5,5,5
Map_8109,27,54,25,25,25,22,16,16,16,16,16,16,16,16,16,16,16,16,17,16,17,16,16,16,16,16
Map_8110,8,47,8,8,8,8,8,8,8,8,8,8,8,8,8,8,8,8,8,8,8,8,8,8,8,8
Map_8111,25,48,16,16,16,16,16,16,16,16,16,16,16,16,16,16,16,16,17,15,17,15,16,16,16,16
Map_8112,14,107,10,10,9,10,10,10,10,10,10,10,10,10,10,10,10,9,10,9,10,9,10,9,10,9
Map_8113,28,138,21,20,20,23,20,20,20,20,20,20,20,20,20,20,20,20,20,20,20,20,20,20,20,20
Map_8114,24,161,27,19,27,17,16,16,16,16,16,16,16,16,16,16,13,13,13,13,13,13,13,13,13,13
Map_8115,41,136,24,24,25,24,24,26,25,26,25,26,24,32,24,32,24,17,24,17,24,17,24,17,24,17
Map_8116,102,90,25,25,30,25,25,25,25,25,25,25,25,25,25,25,25,25,25,25,25,25,25,25,25,25
Map_8117,51,45,25,23,30,25,21,23,21,23,21,23,21,23,21,23,19,19,19,19,19,19,19,19,19,19
Map_8118,9,15,9,8,8,11,8,8,8,8,8,8,8,8,8,8,10,8,10,8,10,8,8,8,8,8
Map_8119,11,34,11,11,11,18,10,10,10,10,10,10,10,10,10,10,10,10,10,10,10,10,10,10,10,10
Map_8120,12,22,12,12,12,12,13,12,13,12,13,12,13,12,13,12,13,12,13,13,13,13,13,12,13,12
Map_8121,16,67,19,18,18,19,16,18,16,18,16,18,16,18,16,18,17,16,17,16,17,16,16,18,16,18
Map_8122,17,65,14,14,14,20,14,17,14,17,14,17,14,17,14,17,13,13,13,13,13,13,13,13,13,13
Map_8123,8,36,10,8,8,10,8,8,8,8,8,8,8,8,8,8,10,8,10,8,10,8,8,8,8,8
Map_8124,18,132,15,12,15,13,12,12,12,12,12,12,12,12,12,12,12,12,12,12,12,12,12,12,12,12
Map_8125,10,46,10,10,10,10,10,10,10,10,10,10,10,10,10,10,14,10,14,10,14,10,10,10,10,10
Map_8126,13,49,13,13,13,13,13,13,13,13,13,13,13,13,13,13,13,13,13,13,13,13,13,13,13,13
Map_8127,11,16,10,10,10,12,10,10,10,10,10,10,10,10,10,10,10,10,10,10,10,10,10,10,10,10
Map_8128,10,85,10,10,11,10,10,10,10,10,10,10,10,10,10,10,11,10,11,10,11,10,11,10,11,10
Map_8129,37,52,13,13,13,21,13,13,13,13,13,13,13,13,13,13,13,13,13,13,13,13,13,13,13,13
Map_8130,309,69,85,85,81,100,36,43,36,43,36,43,43,44,44,44,29,36,29,36,29,29,29,43,36,43
Map_8131,20,58,15,15,15,15,15,15,15,15,15,15,15,15,15,15,11,11,11,11,11,11,11,11,11,11
Map_8132,29,139,42,42,42,54,30,30,30,30,30,30,31,31,31,31,30,30,30,30,30,30,30,30,30,30
Map_8133,6,10,7,6,6,7,6,6,6,6,6,6,6,6,6,6,7,6,7,6,7,6,6,6,6,6
Map_8134,37,61,23,23,23,23,34,23,34,23,34,23,31,23,31,23,23,23,23,23,23,23,23,23,23,23
Map_8135,16,74,16,16,16,16,16,16,16,16,16,16,16,16,16,16,16,16,16,16,18,16,16,16,16,16
Map_8136,13,96,11,11,11,11,11,11,11,11,11,11,11,11,11,11,11,11,11,11,11,11,11,11,11,11
Map_8137,16,20,10,10,10,13,10,10,10,10,10,10,10,10,10,10,10,10,10,10,10,10,10,10,10,10
Map_8138,23,46,9,9,9,9,9,9,9,9,9,9,9,9,9,9,9,9,9,9,9,9,9,9,9,9
Map_8139,141,263,93,79,93,68,51,67,51,67,51,67,51,67,51,67,50,49,50,50,50,50,50,49,50,49
Map_8140,11,28,12,12,12,12,11,11,11,11,11,11,11,11,11,11,12,11,12,11,12,11,11,11,11,11
Map_8141,5,16,5,5,5,5,5,5,5,5,5,5,5,5,5,5,5,5,5,5,5,5,5,5,5,5
Map_8142,15,31,14,14,14,21,12,14,12,14,12,14,11,14,11,14,12,11,12,11,12,11,12,11,12,11
Map_8143,8,70,9,9,9,9,8,8,8,8,8,8,8,8,8,8,8,8,8,8,8,8,8,8,8,8
Map_8144,11,24,14,13,14,21,14,13,14,13,14,13,14,13,13,13,18,11,18,11,18,11,17,11,17,11
Map_8145,85,116,10,10,10,10,10,10,10,10,10,10,10,10,10,10,10,10,10,10,12,10,10,10,10,10
Map_8146,141,186,26,26,26,26,21,21,21,21,21,21,21,21,21,21,21,19,21,19,21,19,21,19,21,19
Map_8147,29,36,17,17,17,35,17,17,17,17,17,17,17,17,17,17,17,17,17,17,17,17,17,17,17,17
Map_8148,10,21,6,6,6,6,6,6,6,6,6,6,6,6,6,6,6,6,6,6,6,6,6,6,6,6
Map_8149,6,29,6,6,6,6,6,6,6,6,6,6,6,6,6,6,6,6,6,6,6,6,6,6,6,6
Map_8150,25,173,16,16,16,17,16,16,16,16,16,16,16,16,16,16,16,16,17,16,17,16,16,16,16,16
Map_8151,19,146,15,18,15,15,15,15,15,15,15,15,17,17,17,17,15,15,15,15,17,15,15,15,15,15
Map_8152,10,28,12,11,10,19,11,10,11,10,11,10,11,10,11,10,12,10,12,10,12,10,11,10,11,10
Map_8153,13,38,12,12,12,13,12,12,12,12,12,12,12,12,12,12,13,12,13,12,13,12,12,12,12,12
Map_8154,11,67,9,9,12,9,9,9,9,9,9,9,9,9,9,9,9,9,9,9,9,9,9,9,9,9
Map_8155,17,40,12,11,11,12,11,10,11,10,11,10,10,10,10,10,11,10,11,10,11,10,11,10,11,10
Map_8156,11,17,10,8,8,10,8,8,8,8,8,8,8,8,8,8,8,8,8,8,8,8,8,8,8,8
Map_8157,58,85,25,25,25,36,25,25,25,25,25,25,25,25,25,25,25,25,25,25,25,25,25,25,25,25
Map_8158,8,13,8,8,7,10,7,7,7,7,7,7,7,7,7,7,7,7,7,7,7,7,7,7,7,7
Map_8159,10,14,8,8,8,8,8,8,8,8,8,8,8,8,8,8,8,8,8,8,8,8,8,8,8,8
Map_8160,12,19,11,11,11,14,11,11,11,11,11,11,11,11,11,11,12,11,12,11,12,11,11,11,11,11
Map_8161,14,32,14,14,14,14,14,14,14,14,14,14,14,14,14,14,14,14,14,14,14,14,14,14,14,14
Map_8162,22,49,20,20,20,29,20,20,20,20,20,20,20,20,20,20,25,20,25,20,25,20,20,20,20,20
Map_8163,19,29,14,14,14,14,14,14,14,14,14,14,14,14,14,14,14,14,15,14,15,14,14,14,14,14
Map_8164,84,276,59,59,59,62,59,48,59,48,59,48,59,57,59,57,56,38,54,38,54,38,56,38,61,38
Map_8165,16,44,13,13,13,13,13,13,13,13,13,13,13,13,13,13,12,12,12,12,12,12,12,12,12,12
Map_8166,5,13,5,5,5,9,5,5,5,5,5,5,5,5,5,5,5,5,5,5,5,5,5,5,5,5
Map_8167,13,19,7,7,7,9,7,7,7,7,7,7,7,7,7,7,7,7,7,7,7,7,7,7,7,7
Map_8168,7,40,7,7,7,7,7,7,7,7,7,7,7,7,7,7,7,7,7,7,7,7,7,7,7,7
Map_8169,232,59,22,22,22,26,26,18,26,18,26,18,18,18,18,18,26,18,32,18,32,18,26,18,26,18
Map_8170,24,134,20,20,20,20,20,20,20,20,20,20,20,20,20,20,20,19,20,19,20,19,20,19,20,19
Map_8171,12,34,12,11,12,11,11,11,11,11,11,11,11,11,11,11,11,11,11,11,11,11,11,11,11,11
Map_8172,9,118,8,8,8,8,8,8,8,8,8,8,8,8,8,8,9,8,15,8,15,8,8,8,8,8
Map_8173,28,80,12,11,12,12,11,11,11,11,11,11,11,11,11,11,11,11,11,11,11,11,11,11,11,11
Map_8174,13,61,9,9,9,9,9,9,9,9,9,9,9,9,9,9,9,9,9,9,9,9,9,9,9,9
Map_8175,10,74,10,10,10,10,10,10,10,10,10,10,10,10,10,10,10,10,10,10,10,10,10,10,10,10
Map_8176,18,97,10,10,10,11,10,10,10,10,10,10,10,10,10,10,10,10,10,10,10,10,10,10,10,10
Map_8177,113,130,67,67,66,57,60,60,60,60,60,60,60,60,60,60,53,54,45,53,45,53,54,54,54,54
Map_8178,88,233,57,56,57,57,43,43,43,43,43,43,43,43,43,43,35,34,35,34,35,34,35,34,38,34
Map_8179,45,275,30,23,45,39,23,23,23,23,23,23,23,23,23,23,31,23,31,23,31,23,31,23,31,23
Map_8180,8,32,9,8,8,9,8,8,8,8,8,8,8,8,8,8,8,8,8,8,8,8,8,8,8,8
Map_8181,15,44,11,11,11,14,12,11,12,11,12,11,12,11,12,11,13,11,13,11,13,11,12,11,12,11
Map_8182,8,13,8,8,8,9,8,8,8,8,8,8,8,8,8,8,11,8,11,8,11,8,8,8,8,8
Map_8183,6,21,6,6,6,10,6,6,6,6,6,6,6,6,6,6,6,6,7,6,7,6,6,6,6,6
Map_8184,6,12,7,7,7,8,6,6,6,6,6,6,6,6,6,6,6,6,6,6,6,6,6,6,6,6
Map_8185,14,22,13,13,13,13,13,13,13,13,13,13,13,13,13,13,13,13,13,13,13,13,13,13,13,13
Map_8186,9,73,8,8,8,16,8,8,8,8,8,8,8,8,8,8,8,8,8,8,8,8,8,8,8,8
Map_8187,6,13,6,6,6,7,6,6,6,6,6,6,6,6,6,6,6,6,6,6,6,6,6,6,6,6
Map_8188,6,12,9,6,7,9,6,6,6,6,6,6,6,6,6,6,8,6,8,6,8,6,6,6,6,6
Map_8189,36,149,25,25,30,26,25,13,25,13,25,13,25,13,25,13,17,13,17,13,17,13,17,13,17,13
Map_8190,30,43,19,19,21,21,19,19,19,19,19,19,19,19,19,19,19,19,21,19,21,19,19,19,19,19
Map_8191,22,48,14,14,14,17,14,11,14,11,14,11,14,11,14,11,12,11,12,11,12,11,14,11,14,11
Map_8192,62,65,21,21,21,21,21,21,21,21,21,21,21,21,21,21,21,21,21,21,21,21,21,21,21,21
Map_8193,6,9,6,6,6,6,6,6,6,6,6,6,6,6,6,6,6,6,6,6,6,6,6,6,6,6
Map_8194,61,54,36,29,28,39,36,29,36,29,36,29,38,38,38,38,36,28,33,28,33,28,36,28,36,28
Map_8195,21,72,21,21,21,22,21,21,21,21,21,21,21,21,21,21,18,21,18,21,18,21,18,21,18,21
Map_8196,17,90,10,10,10,10,10,10,10,10,10,10,10,10,10,10,10,10,10,10,10,10,10,10,10,10
Map_8197,150,132,63,69,68,74,48,36,48,36,48,36,46,36,46,36,48,36,47,36,47,36,48,36,48,36
Map_8198,37,139,28,28,28,20,20,20,20,20,20,20,20,20,20,20,20,19,20,19,23,19,20,19,20,19
Map_8199,11,50,11,11,11,11,11,11,11,11,11,11,11,11,11,11,11,11,11,11,11,11,11,11,11,11
Map_8200,92,109,22,22,22,54,22,22,22,22,22,22,22,22,29,29,22,22,34,22,34,22,22,22,22,22
Map_8201,5,25,5,5,5,5,5,5,5,5,5,5,5,5,5,5,5,5,5,5,5,5,5,5,5,5
Map_8202,7,13,7,7,7,10,7,7,7,7,7,7,7,7,7,7,7,7,7,7,7,7,7,7,7,7
Map_8203,18,79,17,17,17,23,17,17,17,17,17,17,17,17,17,17,17,17,17,17,17,17,17,17,17,17
Map_8204,28,137,13,13,13,16,13,13,13,13,13,13,13,13,13,13,13,13,13,13,13,13,13,13,13,13
Map_8205,149,100,41,41,41,49,43,41,43,41,43,41,41,41,41,41,42,41,42,41,42,41,42,41,42,41
Map_8206,13,49,11,11,11,11,11,11,11,11,11,11,11,11,11,11,11,11,11,11,11,11,11,11,11,11
Map_8207,8,100,8,8,8,9,8,9,8,9,8,9,8,9,8,9,8,8,8,8,8,8,8,8,8,8
Map_8208,11,17,10,10,10,10,10,10,10,10,10,10,10,10,10,10,10,10,10,10,10,10,10,10,10,10
Map_8209,7,22,7,7,7,7,7,7,7,7,7,7,7,7,7,7,7,7,7,7,7,7,7,7,7,7
Map_8210,37,152,16,16,16,16,16,16,16,16,16,16,16,16,16,16,16,16,20,16,20,16,16,16,16,16
Map_8211,32,47,18,18,18,18,17,17,17,17,17,17,17,17,17,17,17,17,17,17,17,17,17,17,17,17
Map_8212,8,16,8,8,8,8,8,8,8,8,8,8,8,8,8,8,8,8,8,8,8,8,8,8,8,8
Map_8213,9,47,9,8,9,9,8,8,8,8,8,8,8,8,8,8,8,8,8,8,8,8,8,8,8,8
Map_8214,12,130,13,13,13,13,13,13,13,13,13,13,13,13,13,13,12,12,12,12,12,12,12,12,12,12
Map_8215,9,43,9,9,9,24,9,9,9,9,9,9,9,9,9,9,9,9,9,9,9,9,9,9,9,9
Map_8216,21,272,21,21,21,23,21,21,21,21,21,21,21,21,21,21,23,22,23,21,23,21,21,22,21,22
Map_8217,38,127,30,25,30,19,19,22,19,22,19,22,19,25,19,25,19,21,19,21,19,21,19,21,19,21
Map_8218,8,25,8,8,8,17,8,8,8,8,8,8,8,8,8,8,8,8,8,8,8,8,8,8,8,8
Map_8219,9,154,10,9,10,14,10,9,10,9,10,9,9,9,9,9,9,9,10,9,10,9,9,9,9,9
Map_8220,24,128,37,37,37,31,31,24,31,24,31,24,31,24,32,24,28,24,28,24,28,24,28,24,28,24
Map_8221,134,152,18,18,18,18,18,17,18,17,18,17,17,17,17,17,15,15,15,15,15,15,15,15,15,15
Map_8222,25,38,17,17,17,17,17,20,17,20,17,20,16,19,16,19,20,16,20,16,20,16,16,16,16,16
Map_8223,14,31,14,14,12,19,11,12,11,12,11,12,11,12,11,12,11,11,11,11,11,11,11,11,11,11
Map_8224,17,49,22,22,22,21,21,21,21,21,21,21,21,21,21,21,15,15,15,15,15,15,15,15,21,15
Map_8225,44,89,16,16,16,16,16,16,16,16,16,16,16,16,16,16,18,16,18,16,18,16,18,16,18,16
Map_8226,9,39,8,8,8,8,8,8,8,8,8,8,8,8,8,8,8,8,8,8,8,8,8,8,8,8
Map_8227,13,50,16,12,16,16,13,11,13,11,13,11,11,11,11,11,13,11,13,11,13,11,13,11,13,11
Map_8228,16,55,16,16,16,16,9,9,9,9,9,9,9,9,9,9,9,9,9,9,9,9,9,9,9,9
Map_8229,8,81,8,8,8,8,8,8,8,8,8,8,8,8,8,8,8,8,10,8,10,8,8,8,8,8
Map_8230,24,97,21,20,21,21,21,20,21,20,21,20,20,20,20,20,21,21,21,21,21,21,21,20,21,20
Map_8231,7,36,7,7,7,7,7,7,7,7,7,7,7,7,7,7,7,7,7,7,7,7,7,7,7,7
Map_8232,12,50,11,11,11,11,11,11,11,11,11,11,11,11,11,11,11,11,11,11,11,11,11,11,11,11
Map_8233,9,20,9,9,9,15,9,9,9,9,9,9,9,9,9,9,9,9,13,9,13,9,9,9,9,9
Map_8234,14,68,46,23,46,19,12,12,12,12,12,12,12,12,12,12,12,12,12,12,12,12,12,12,12,12
Map_8235,8,15,8,8,8,10,8,8,8,8,8,8,8,8,8,8,8,8,8,8,8,8,8,8,8,8
Map_8236,5,57,5,5,5,5,5,5,5,5,5,5,5,5,5,5,5,5,5,5,5,5,5,5,5,5
Map_8237,26,233,17,17,17,17,17,17,17,17,17,17,17,17,17,17,17,17,17,17,17,17,17,17,17,17
Map_8238,13,19,9,9,9,10,9,9,9,9,9,9,9,9,9,9,9,9,9,9,9,9,9,9,9,9
Map_8239,27,71,38,38,34,32,38,40,38,40,38,40,38,39,38,39,27,26,27,24,27,24,27,26,25,26
Map_8240,7,174,8,8,8,8,8,7,8,7,8,7,7,7,7,7,8,7,8,7,8,7,8,7,8,7
Map_8241,8,17,8,8,8,9,8,8,8,8,8,8,8,8,8,8,8,8,8,8,8,8,8,8,8,8
Map_8242,25,67,14,14,14,16,14,14,14,14,14,14,13,13,13,13,14,13,14,13,14,13,14,13,14,13
Map_8243,12,21,9,9,9,9,9,9,9,9,9,9,9,9,9,9,9,9,9,9,9,9,9,9,9,9
Map_8244,38,45,13,12,17,16,13,12,13,12,13,12,12,12,12,12,13,12,13,12,13,12,13,12,13,12
Map_8245,5,21,5,5,5,5,5,5,5,5,5,5,5,5,5,5,5,5,5,5,5,5,5,5,5,5
Map_8246,30,157,16,16,16,16,16,16,16,16,16,16,16,16,16,16,16,16,16,16,16,16,16,16,16,16
Map_8247,54,63,13,13,13,13,13,13,13,13,13,13,13,13,13,13,13,13,13,13,13,13,13,13,13,13
Map_8248,9,24,9,9,9,9,9,9,9,9,9,9,9,9,9,9,9,9,9,9,9,9,9,9,9,9
Map_8249,26,40,22,22,22,22,22,19,22,19,22,19,19,19,19,19,22,16,22,16,22,16,22,16,22,16
Map_8250,33,126,23,15,18,31,15,12,15,12,15,12,15,12,15,12,12,12,12,12,12,12,12,12,12,12
Map_8251,9,13,8,8,8,10,8,8,8,8,8,8,8,8,8,8,8,8,8,8,8,8,8,8,8,8
Map_8252,21,136,17,17,17,17,31,17,31,17,31,17,31,17,31,21,17,17,17,17,17,17,30,17,30,17
Map_8253,8,14,8,8,8,12,8,8,8,8,8,8,8,8,8,8,8,8,8,8,8,8,8,8,8,8
Map_8254,27,122,20,20,20,18,16,16,16,16,16,16,16,16,16,16,16,16,16,16,16,16,16,16,16,16
Map_8255,8,19,8,8,8,8,8,8,8,8,8,8,8,8,8,8,8,8,8,8,8,8,8,8,8,8
Map_8256,7,36,7,7,7,7,7,7,7,7,7,7,7,7,7,7,7,7,7,7,7,7,7,7,7,7
Map_8257,143,84,20,20,61,20,20,20,20,20,20,20,20,20,20,20,20,20,22,20,22,20,20,20,20,20
Map_8258,32,67,25,23,25,20,20,23,20,23,20,23,20,23,20,23,20,20,20,20,20,20,20,23,20,23
Map_8259,11,68,10,10,10,10,10,10,10,10,10,10,10,10,10,10,10,10,10,10,10,10,10,10,10,10
Map_8260,25,59,18,18,18,19,17,15,17,15,17,15,17,15,17,15,17,15,17,15,17,15,17,15,17,15
Map_8261,9,251,7,7,7,7,7,7,7,7,7,7,7,7,7,7,7,7,7,7,7,7,7,7,7,7
Map_8262,46,73,34,34,34,21,21,21,21,21,21,21,21,21,21,21,24,21,24,21,24,21,21,21,21,21
Map_8263,11,16,11,11,11,11,10,10,10,10,10,10,10,10,10,10,10,10,10,10,10,10,10,10,10,10
Map_8264,41,37,28,26,28,30,17,26,17,26,17,26,17,26,17,26,17,17,17,17,17,17,17,17,17,26
Map_8265,6,28,6,6,6,6,6,6,6,6,6,6,6,6,6,6,6,6,6,6,6,6,6,6,6,6
Map_8266,12,37,13,13,13,13,12,12,12,12,12,12,12,12,12,12,13,12,13,12,13,12,12,12,12,12
Map_8267,10,30,9,9,9,12,9,8,9,8,9,8,8,8,8,8,11,8,11,8,11,8,9,8,9,8
Map_8268,8,254,8,8,8,8,8,8,8,8,8,8,8,8,8,8,10,8,10,8,10,8,10,8,10,8
Map_8269,47,75,28,28,29,28,26,28,26,28,26,28,26,28,26,28,26,28,26,28,26,28,26,28,26,28
Map_8270,24,83,21,21,21,21,21,20,21,20,21,20,20,20,20,20,21,20,21,20,21,20,21,20,21,20
Map_8271,100,140,34,42,34,19,17,20,17,20,17,20,17,20,17,20,17,20,17,24,17,24,17,20,17,20
Map_8272,9,15,7,7,7,7,7,7,7,7,7,7,7,7,7,7,7,7,7,7,7,7,7,7,7,7
Map_8273,10,31,10,10,10,10,10,10,10,10,10,10,10,10,10,10,10,10,10,10,10,10,10,10,10,10
Map_8274,156,167,38,37,38,51,34,29,34,29,34,29,34,29,34,29,38,27,38,27,38,27,38,27,38,27
Map_8275,26,61,11,11,11,11,11,11,11,11,11,11,11,11,11,11,11,11,11,11,11,11,11,11,11,11
Map_8276,14,27,13,13,14,14,13,13,13,13,13,13,13,13,13,13,13,13,13,13,13,13,13,13,13,13
Map_8277,232,104,55,55,69,74,35,31,35,31,35,31,35,33,35,33,28,28,28,28,28,28,28,28,28,28
Map_8278,17,224,13,13,13,13,13,13,13,13,13,13,13,13,13,13,13,13,14,13,14,13,13,13,13,13
Map_8279,35,35,16,16,16,23,14,16,14,16,14,16,14,16,14,16,14,14,14,14,14,14,14,14,14,14
Map_8280,17,42,14,14,20,14,14,14,14,14,14,14,14,14,14,14,14,14,14,14,14,14,14,14,14,14
Map_8281,17,57,16,16,17,16,16,17,16,17,16,17,16,17,16,17,16,16,16,16,16,16,16,17,16,17
Map_8282,18,81,16,16,15,18,15,15,15,15,15,15,15,15,15,15,17,15,17,15,17,15,16,15,16,15
Map_8283,6,15,6,6,6,6,6,6,6,6,6,6,6,6,6,6,6,6,6,6,6,6,6,6,6,6
Map_8284,11,15,7,7,7,11,7,7,7,7,7,7,7,7,7,7,7,7,7,7,7,7,7,7,7,7
Map_8285,20,43,12,12,12,12,12,12,12,12,12,12,12,12,12,12,12,12,12,12,12,12,12,12,12,12
Map_8286,14,55,14,14,14,14,13,13,13,13,13,13,13,13,13,13,13,13,13,13,13,13,13,13,13,13
Map_8287,12,42,11,11,11,14,11,11,11,11,11,11,11,11,11,11,11,11,11,11,11,11,11,11,11,11
Map_8288,13,40,12,12,12,12,12,12,12,12,12,12,12,12,12,12,12,11,12,11,12,11,12,11,12,11
Map_8289,6,108,9,6,6,9,6,6,6,6,6,6,6,6,6,6,6,6,6,6,6,6,6,6,6,6
Map_8290,71,79,22,22,22,28,22,21,22,21,22,21,21,21,21,21,47,20,47,20,47,20,22,20,22,20
Map_8291,14,264,12,12,12,14,12,13,12,13,12,13,12,14,12,14,11,11,11,11,11,11,11,11,12,11
Map_8292,18,32,17,17,12,24,12,12,12,12,12,12,12,12,12,12,12,12,12,12,12,12,12,12,12,12
Map_8293,23,39,13,13,13,15,13,15,13,15,13,15,13,15,13,15,13,13,13,13,13,13,13,13,13,13
Map_8294,12,24,10,10,10,10,10,9,10,9,10,9,10,9,10,9,10,9,10,9,15,9,10,9,10,9
Map_8295,19,23,15,15,15,16,13,15,13,15,13,15,13,15,13,15,13,12,13,12,13,12,13,12,13,12
Map_8296,20,136,21,21,21,24,21,20,21,20,21,20,20,20,20,20,21,20,21,20,21,20,21,20,21,20
Map_8297,14,50,15,14,15,14,14,14,14,14,14,14,14,14,14,14,16,14,16,14,16,14,16,14,16,14
Map_8298,21,82,23,21,23,23,21,10,21,10,21,10,21,10,21,10,20,10,20,10,20,10,20,10,20,10
Map_8299,17,103,13,13,13,13,14,13,14,13,14,13,14,13,14,13,14,13,14,13,14,13,14,13,14,13
Map_8300,12,20,13,13,13,13,10,10,10,10,10,10,10,10,10,10,10,10,10,10,10,10,10,10,10,10
Map_8301,31,52,14,14,14,14,14,14,14,14,14,14,14,14,14,14,14,14,14,14,14,14,14,14,14,14
Map_8302,4,11,4,4,4,6,4,4,4,4,4,4,4,4,4,4,4,4,4,4,4,4,4,4,4,4
Map_8303,10,28,10,10,10,16,10,10,10,10,10,10,10,10,10,10,11,10,11,10,11,10,10,10,10,10
Map_8304,14,39,10,10,10,10,12,10,12,10,12,10,12,10,12,10,12,9,12,9,12,9,11,9,11,9
Map_8305,27,54,16,16,16,16,16,16,16,16,16,16,16,16,16,16,16,16,16,16,16,16,16,16,16,16
Map_8306,14,22,12,11,12,11,11,11,11,11,11,11,10,11,10,11,11,10,11,10,11,10,11,10,11,10
Map_8307,9,20,8,8,8,9,8,8,8,8,8,8,8,8,8,8,8,8,8,8,8,8,8,8,8,8
Map_8308,135,65,30,30,30,31,30,30,30,30,30,30,30,30,30,30,25,23,25,23,25,23,25,23,23,23
Map_8309,7,21,7,7,7,10,7,7,7,7,7,7,7,7,7,7,7,7,7,7,7,7,7,7,7,7
Map_8310,137,107,22,22,38,64,22,22,22,22,22,22,22,22,22,22,22,22,22,22,22,22,22,22,22,22
Map_8311,19,53,19,19,22,20,17,19,17,19,17,19,17,19,17,19,19,17,19,17,19,17,19,17,17,17
Map_8312,17,32,11,11,11,11,11,11,11,11,11,11,11,11,11,11,11,11,11,11,11,11,11,11,11,11
Map_8313,215,190,12,12,12,12,12,12,12,12,12,12,12,12,12,12,12,12,12,12,12,12,12,12,12,12
Map_8314,11,19,9,9,9,12,9,9,9,9,9,9,9,9,9,9,9,9,9,9,9,9,9,9,9,9
Map_8315,33,109,11,11,11,15,11,11,11,11,11,11,11,11,11,11,15,11,17,11,17,11,15,11,11,11
Map_8316,16,20,14,11,13,14,12,11,12,11,12,11,12,11,12,11,12,11,12,11,12,11,12,11,12,11
Map_8317,6,18,6,6,6,6,6,6,6,6,6,6,6,6,6,6,6,6,6,6,6,6,6,6,6,6
Map_8318,27,56,26,26,25,26,25,25,25,25,25,25,25,25,25,25,27,25,29,25,29,25,26,25,26,25
Map_8319,10,87,20,20,10,24,10,10,10,10,10,10,10,10,10,10,10,10,10,10,10,10,10,10,10,10
Map_8320,24,67,24,25,25,24,26,25,26,25,26,25,29,25,29,25,25,25,25,25,25,25,24,25,24,25
Map_8321,68,294,21,21,21,30,21,21,21,21,21,21,21,21,21,21,21,21,21,21,21,21,21,21,21,21
Map_8322,19,24,18,18,18,18,18,18,18,18,18,18,18,18,18,18,15,15,15,15,15,15,15,15,15,15
Map_8323,6,25,6,6,6,6,6,6,6,6,6,6,6,6,6,6,6,6,6,6,6,6,6,6,6,6
Map_8324,23,97,17,17,17,19,15,15,15,15,15,15,15,15,15,15,15,15,15,15,15,15,15,15,15,15
Map_8325,21,40,11,11,11,12,11,11,11,11,11,11,11,11,11,11,12,11,12,11,12,11,11,11,11,11
Map_8326,12,351,8,7,8,8,8,7,8,7,8,7,7,7,7,7,8,7,8,7,8,7,8,7,8,7
Map_8327,12,31,10,10,10,12,10,10,10,10,10,10,10,10,10,10,11,10,11,11,11,11,10,10,10,10
Map_8328,19,49,18,18,18,21,18,19,18,19,18,19,18,19,18,19,14,14,14,14,14,14,14,14,14,14
Map_8329,34,35,10,10,10,11,9,9,9,9,9,9,9,9,9,9,10,9,10,9,10,9,9,9,9,9
Map_8330,117,199,76,61,56,80,49,61,49,61,49,61,49,61,49,61,46,50,46,45,46,45,46,50,46,50
Map_8331,28,64,19,19,19,27,19,19,19,19,19,19,19,19,19,19,16,16,16,16,16,16,16,16,16,16
Map_8332,35,183,9,9,9,9,9,9,9,9,9,9,9,9,9,9,16,9,17,9,17,9,16,9,16,9
Map_8333,11,46,12,11,11,12,11,10,11,10,11,10,10,10,10,10,11,10,11,10,11,10,11,10,11,10
Map_8334,7,189,7,7,7,7,7,7,7,7,7,7,7,7,7,7,7,7,7,7,7,7,7,7,7,7
Map_8335,12,33,9,9,9,9,9,9,9,9,9,9,9,9,9,9,9,9,9,9,9,9,9,9,9,9
Map_8336,11,31,13,12,13,12,11,11,11,11,11,11,12,13,12,13,13,11,13,11,13,11,13,11,12,11
Map_8337,7,19,7,7,7,7,7,7,7,7,7,7,7,7,7,7,7,7,7,7,7,7,7,7,7,7
Map_8338,41,95,26,26,26,26,23,26,23,26,23,26,23,26,23,26,23,22,23,22,23,22,23,22,23,22
Map_8339,10,20,10,10,10,10,10,10,10,10,10,10,10,10,10,10,10,10,10,10,10,10,10,10,10,10
Map_8340,13,239,12,12,12,12,12,12,12,12,12,12,12,12,12,12,12,12,12,12,17,12,12,12,12,12
Map_8341,49,298,39,49,39,35,42,26,42,26,42,26,42,26,42,26,26,23,26,23,26,23,26,23,26,23
Map_8342,25,48,38,36,27,38,16,16,16,16,16,16,16,16,16,16,16,16,16,16,16,16,16,16,16,16
Map_8343,19,38,15,15,15,15,11,11,11,11,11,11,11,11,11,11,11,11,11,11,11,11,11,11,11,11
Map_8344,49,115,31,31,41,32,27,27,27,27,27,27,27,27,27,27,27,27,28,27,28,27,27,27,27,27
Map_8345,6,11,6,6,6,8,6,6,6,6,6,6,6,6,6,6,6,6,6,6,6,6,6,6,6,6
Map_8346,10,17,11,10,10,11,10,10,10,10,10,10,10,10,10,10,10,10,10,10,10,10,10,10,10,10
Map_8347,10,17,9,9,10,9,9,9,9,9,9,9,9,9,9,9,9,9,9,9,9,9,9,9,9,9
Map_8348,7,11,7,7,7,7,7,7,7,7,7,7,7,7,7,7,9,7,9,7,9,7,7,7,7,7
Map_8349,20,81,17,17,17,25,17,17,17,17,17,17,17,17,17,17,17,17,17,17,17,17,17,17,17,17
Map_8350,24,40,12,12,9,16,12,12,12,12,12,12,12,12,12,12,9,9,9,9,9,9,9,9,9,9
Map_8351,23,34,14,14,14,37,14,14,14,14,14,14,14,14,14,14,27,14,27,14,27,14,27,14,27,14
Map_8352,6,54,6,6,6,9,7,6,7,6,7,6,6,6,6,6,7,6,7,6,7,6,7,6,7,6
Map_8353,16,32,16,16,16,16,14,14,14,14,14,14,14,14,14,14,12,12,12,12,12,12,12,12,12,12
Map_8354,18,29,15,15,15,15,15,15,15,15,15,15,15,15,15,15,16,15,16,15,16,15,16,15,15,15
Map_8355,18,32,9,9,9,9,9,9,9,9,9,9,9,9,9,9,9,9,9,9,9,9,9,9,9,9
Map_8356,7,34,7,7,7,7,7,7,7,7,7,7,7,7,7,7,7,7,9,7,9,7,7,7,7,7
Map_8357,21,34,11,11,11,11,11,11,11,11,11,11,11,11,11,11,11,11,11,11,11,11,11,11,11,11
Map_8358,69,105,27,27,27,36,22,20,22,20,22,20,26,25,26,25,22,20,22,20,22,20,22,20,22,20
Map_8359,4,6,4,4,4,4,4,4,4,4,4,4,4,4,4,4,4,4,4,4,4,4,4,4,4,4
Map_8360,8,20,8,8,8,8,8,8,8,8,8,8,8,8,8,8,9,8,9,8,9,8,9,8,9,8
Map_8361,18,50,18,17,18,21,18,17,18,17,18,17,17,17,17,17,18,17,18,17,18,17,18,17,18,17
Map_8362,22,46,11,11,15,11,11,11,11,11,11,11,11,11,11,11,15,11,15,11,15,11,11,11,11,11
Map_8363,12,30,12,12,12,13,12,12,12,12,12,12,12,12,12,12,14,12,14,12,14,12,14,12,14,12
Map_8364,19,29,14,14,14,14,14,15,14,15,14,15,14,15,14,15,14,14,18,14,18,14,14,14,14,14
Map_8365,11,216,11,11,11,11,11,11,11,11,11,11,11,11,11,11,10,10,10,10,10,10,10,10,10,10
Map_8366,25,59,22,22,22,24,22,21,22,21,22,21,22,21,21,21,20,19,20,19,20,19,20,19,20,19
Map_8367,9,68,8,8,8,19,9,8,9,8,9,8,9,8,9,8,8,8,8,8,8,8,9,8,9,8
Map_8368,23,98,17,16,18,26,14,14,14,14,14,14,14,14,14,14,14,14,14,14,17,14,14,14,14,14
Map_8369,21,53,14,14,14,14,14,11,14,11,14,11,11,11,11,11,16,11,16,11,16,11,11,11,11,11
Map_8370,7,29,8,8,7,8,7,8,7,8,7,8,7,8,7,8,7,7,7,7,7,7,7,7,7,7
Map_8371,17,44,10,10,10,18,11,10,11,10,11,10,11,10,11,10,15,10,15,10,15,10,11,10,11,10
Map_8372,90,45,22,19,22,22,47,25,47,25,47,25,25,25,25,25,19,25,19,23,19,23,19,25,19,25
Map_8373,18,129,13,13,13,15,11,13,11,13,11,13,11,13,11,13,11,11,11,11,11,11,11,11,11,11
Map_8374,15,114,15,15,15,17,15,13,15,13,15,13,15,13,15,13,15,13,15,13,15,13,15,13,15,13
Map_8375,106,135,58,63,58,67,48,48,48,48,48,48,48,48,48,48,48,39,48,39,48,39,48,39,48,39
Map_8376,6,27,6,6,6,6,6,6,6,6,6,6,6,6,6,6,6,6,6,6,6,6,6,6,6,6
Map_8377,6,12,8,6,6,8,6,6,6,6,6,6,6,6,6,6,8,6,8,6,8,6,6,6,6,6
Map_8378,85,58,33,30,33,36,18,19,18,19,18,19,18,19,18,19,18,18,18,18,18,18,18,18,18,18
Map_8379,112,197,40,53,43,40,41,40,41,40,41,40,47,47,50,50,89,22,105,22,105,22,22,22,22,22
Map_8380,7,25,7,7,7,7,7,7,7,7,7,7,7,7,7,7,7,7,7,7,7,7,7,7,7,7
Map_8381,4,6,4,4,4,4,4,4,4,4,4,4,4,4,4,4,4,4,4,4,4,4,4,4,4,4
Map_8382,36,51,18,18,18,20,18,18,18,18,18,18,18,18,18,18,18,18,18,18,18,18,18,18,18,18
Map_8383,7,19,7,7,7,7,7,7,7,7,7,7,7,7,7,7,7,7,7,7,7,7,7,7,7,7
Map_8384,15,48,11,11,11,11,11,15,11,15,11,15,11,15,11,15,11,11,11,11,11,11,11,11,11,11
Map_8385,7,14,7,7,7,7,7,7,7,7,7,7,7,7,7,7,7,7,7,7,7,7,7,7,7,7
Map_8386,10,21,11,11,11,14,11,10,11,10,11,10,10,10,10,10,11,10,12,10,12,10,11,10,11,10
Map_8387,39,35,29,24,26,29,14,14,14,14,14,14,14,14,14,14,14,14,14,14,14,14,14,14,14,14
Map_8388,46,27,23,23,23,24,21,21,21,21,21,21,21,21,21,21,21,21,21,21,21,21,21,21,21,21
Map_8389,14,30,14,14,14,17,14,14,14,14,14,14,14,14,14,14,14,14,14,14,14,14,14,14,14,14
Map_8390,10,72,7,7,7,10,7,7,7,7,7,7,7,7,7,7,7,7,7,7,7,7,7,7,7,7
Map_8391,12,129,9,9,9,9,9,9,9,9,9,9,9,9,9,9,9,9,9,9,9,9,9,9,9,9
Map_8392,14,55,7,7,7,7,7,7,7,7,7,7,7,7,7,7,7,7,7,7,7,7,7,7,7,7
Map_8393,13,75,9,9,9,9,9,9,9,9,9,9,9,9,9,9,10,9,10,9,10,9,10,9,10,9
Map_8394,10,41,11,11,11,13,10,10,10,10,10,10,10,10,10,10,11,10,11,10,11,10,11,10,10,10
Map_8395,5,10,5,5,5,5,5,5,5,5,5,5,5,5,5,5,5,5,5,5,5,5,5,5,5,5
Map_8396,29,56,13,13,13,14,13,13,13,13,13,13,13,13,13,13,13,13,13,13,13,13,13,13,13,13
Map_8397,51,225,17,17,17,36,17,17,17,17,17,17,17,17,17,17,24,17,17,17,17,17,17,17,17,17
Map_8398,21,56,13,13,36,23,13,13,13,13,13,13,13,13,13,13,13,13,13,13,13,13,13,13,13,13
Map_8399,39,82,26,26,26,29,26,26,26,26,26,26,26,26,26,26,23,26,23,27,23,27,23,26,23,26
Map_8400,7,36,7,7,7,7,7,7,7,7,7,7,7,7,7,7,7,7,7,7,7,7,7,7,7,7
Map_8401,6,96,6,6,6,9,9,8,9,8,9,8,9,8,8,8,9,6,9,6,9,6,9,6,9,6
Map_8402,15,66,10,10,10,10,10,10,10,10,10,10,10,10,10,10,10,10,10,10,10,10,10,10,10,10
Map_8403,5,19,5,5,5,7,5,5,5,5,5,5,5,5,5,5,5,5,5,5,5,5,5,5,5,5
Map_8404,7,50,7,7,7,8,7,7,7,7,7,7,7,7,7,7,7,7,7,7,7,7,7,7,7,7
Map_8405,8,18,9,8,8,12,8,8,8,8,8,8,8,8,8,8,8,8,8,8,8,8,8,8,8,8
Map_8406,7,11,8,8,8,9,7,7,7,7,7,7,7,7,7,7,7,7,7,7,7,7,7,7,7,7
Map_8407,21,52,20,20,20,20,20,20,20,20,20,20,20,20,20,20,20,17,20,17,22,17,20,17,20,17
Map_8408,28,32,18,18,18,18,18,22,18,22,18,22,18,22,18,22,18,18,18,18,18,18,18,18,18,18
Map_8409,5,12,5,5,5,6,5,5,5,5,5,5,5,5,5,5,5,5,5,5,5,5,5,5,5,5
Map_8410,31,92,15,15,15,15,16,31,16,31,16,31,16,31,16,31,15,15,15,15,15,15,15,15,15,15
Map_8411,59,60,37,19,37,40,19,19,19,19,19,19,19,19,19,19,19,19,19,19,19,19,19,19,19,19
Map_8412,29,36,19,19,19,20,19,14,19,14,19,14,19,14,19,14,14,14,14,14,14,14,14,14,14,14
Map_8413,24,60,24,23,24,24,21,19,21,19,21,19,19,19,19,19,23,19,23,19,23,19,22,19,22,19
Map_8414,7,23,7,7,7,7,7,7,7,7,7,7,7,7,7,7,7,7,7,7,7,7,7,7,7,7
Map_8415,55,193,14,14,14,14,14,14,14,14,14,14,14,14,14,14,14,14,14,14,14,14,14,14,14,14
Map_8416,7,29,7,7,7,10,7,7,7,7,7,7,7,7,7,7,7,7,7,7,7,7,7,7,7,7
Map_8417,11,20,10,10,10,10,10,10,10,10,10,10,10,10,10,10,10,10,10,11,10,11,10,10,10,10
Map_8418,57,229,36,36,36,41,25,25,25,25,25,25,25,25,25,25,20,20,20,20,20,20,20,20,20,20
Map_8419,12,61,9,9,9,9,9,9,9,9,9,9,9,9,9,9,9,9,9,9,9,9,9,9,9,9
Map_8420,8,23,8,8,8,8,8,8,8,8,8,8,8,8,8,8,8,8,8,8,8,8,8,8,8,8
Map_8421,54,147,36,29,29,38,22,22,22,22,22,22,22,22,22,22,25,22,28,22,28,25,22,22,22,22
Map_8422,10,32,10,10,10,37,10,10,10,10,10,10,10,10,10,10,10,10,10,10,10,10,10,10,10,10
Map_8423,39,60,10,10,10,10,10,10,10,10,10,10,10,10,10,10,10,10,10,10,10,10,10,10,10,10
Map_8424,16,61,14,14,17,16,14,14,14,14,14,14,14,14,14,14,11,11,11,11,11,11,11,11,11,11
Map_8425,6,15,6,6,6,6,6,6,6,6,6,6,6,6,6,6,6,6,6,6,6,6,6,6,6,6
Map_8426,27,64,28,27,27,30,27,27,27,27,27,27,27,27,27,27,33,22,33,22,33,22,30,24,27,24
Map_8427,91,239,34,34,38,36,29,28,29,28,29,28,28,28,28,28,29,28,29,28,29,28,29,28,29,28
Map_8428,10,22,9,9,9,9,9,9,9,9,9,9,9,9,9,9,9,9,9,9,9,9,9,9,9,9
Map_8429,29,58,9,9,9,9,19,9,19,9,19,9,20,9,20,9,16,9,18,9,18,9,16,9,19,9
Map_8430,17,45,16,16,16,16,16,16,16,16,16,16,16,16,16,16,14,14,14,14,14,14,14,14,14,14
Map_8431,16,18,10,8,10,10,8,8,8,8,8,8,8,8,8,8,8,8,8,8,12,8,8,8,8,8
Map_8432,52,418,20,20,20,31,20,19,20,19,20,19,19,19,19,19,20,19,20,19,20,19,20,19,20,19
Map_8433,6,80,6,6,6,6,6,6,6,6,6,6,6,6,6,6,6,6,6,6,6,6,6,6,6,6
Map_8434,183,186,17,17,23,20,17,17,17,17,17,17,17,17,17,17,17,17,17,17,17,17,17,17,17,17
Map_8435,22,72,10,10,10,10,10,10,10,10,10,10,10,10,10,10,10,11,10,11,10,11,10,10,10,10
Map_8436,18,122,15,15,15,25,15,14,15,14,15,14,15,14,15,14,14,14,14,14,14,14,14,14,14,14
Map_8437,12,49,12,12,12,12,14,12,14,12,14,12,14,12,14,12,15,12,15,12,15,12,15,12,15,12
Map_8438,9,21,7,7,7,7,7,7,7,7,7,7,7,7,7,7,7,7,7,7,7,7,7,7,7,7
Map_8439,18,44,24,15,24,24,17,15,17,15,17,15,15,15,15,15,16,15,16,17,16,17,17,15,17,15
Map_8440,30,84,10,10,10,10,10,10,10,10,10,10,10,10,10,10,11,10,11,10,11,10,10,10,10,10
Map_8441,11,65,11,11,11,24,11,11,11,11,11,11,11,11,11,11,11,11,11,11,11,11,11,11,11,11
Map_8442,81,126,29,29,34,59,21,21,21,21,21,21,21,21,21,21,28,18,28,18,28,18,21,18,21,18
Map_8443,42,39,25,25,25,24,25,20,25,20,25,20,25,20,25,20,22,20,22,20,22,20,22,20,22,20
Map_8444,15,80,12,12,12,12,11,12,11,12,11,12,11,12,11,12,11,11,11,11,11,11,11,11,11,11
Map_8445,23,98,20,20,20,18,18,18,18,18,18,18,19,18,19,18,18,15,18,15,18,15,18,15,18,15
Map_8446,22,92,12,12,12,12,12,12,12,12,12,12,12,12,12,12,12,12,12,12,12,12,12,12,12,12
Map_8447,50,88,16,16,16,20,16,13,16,13,16,13,13,13,13,13,19,13,19,13,19,13,14,13,14,13
Map_8448,27,150,18,18,18,18,18,18,18,18,18,18,20,20,20,20,12,12,12,12,12,12,12,12,12,12
Map_8449,16,32,9,9,9,11,9,9,9,9,9,9,9,9,9,9,10,9,10,9,10,9,10,9,9,9
Map_8450,58,75,59,58,53,58,68,68,68,68,68,68,68,68,78,78,33,33,49,33,49,33,33,33,33,33
Map_8451,12,99,11,11,11,11,11,11,11,11,11,11,11,11,11,20,11,11,11,11,11,11,11,11,11,11
Map_8452,4,11,4,4,4,4,4,4,4,4,4,4,4,4,4,4,4,4,4,4,4,4,4,4,4,4
Map_8453,30,46,10,10,10,10,10,10,10,10,10,10,10,10,10,10,10,10,10,10,10,10,10,10,10,10
Map_8454,26,102,12,12,12,14,12,12,12,12,12,12,12,12,12,12,12,12,12,12,12,12,12,12,12,12
Map_8455,13,19,9,9,9,9,9,9,9,10,9,10,9,9,9,9,9,9,9,9,9,9,9,9,9,9
Map_8456,12,17,6,6,6,6,6,6,6,6,6,6,6,6,6,6,6,6,6,6,6,6,6,6,6,6
Map_8457,50,74,39,43,85,59,26,34,26,34,26,34,26,36,26,36,26,26,26,26,26,26,26,26,26,26
Map_8458,5,137,5,5,5,5,5,5,5,5,5,5,5,5,5,5,5,5,5,5,5,5,5,5,5,5
Map_8459,13,20,9,9,9,14,9,9,9,9,9,9,9,9,9,9,9,9,9,9,9,9,9,9,9,9
Map_8460,7,68,7,7,7,7,7,7,7,7,7,7,7,7,7,7,7,7,7,7,7,7,7,7,7,7
Map_8461,49,197,27,27,27,25,24,24,24,24,24,24,24,24,24,24,25,25,25,25,25,25,25,24,25,24
Map_8462,318,105,44,44,44,51,44,44,44,44,44,44,44,44,44,44,34,44,29,29,29,29,33,44,33,44
Map_8463,129,92,40,40,40,40,32,40,32,40,32,40,32,43,32,43,26,30,26,30,26,30,32,30,31,39
Map_8464,15,62,15,15,15,15,19,16,19,16,19,16,19,16,19,16,19,15,19,15,19,15,19,15,19,15
Map_8465,15,75,13,13,13,33,13,13,13,13,13,13,13,13,13,13,13,13,28,13,28,13,13,13,13,13
Map_8466,4,7,4,4,4,4,4,4,4,4,4,4,4,4,4,4,4,4,4,4,4,4,4,4,4,4
Map_8467,10,54,11,11,11,11,11,11,11,11,11,11,11,11,11,11,12,10,13,10,13,10,11,10,11,10
Map_8468,30,30,21,21,21,26,21,21,21,21,21,21,21,21,21,21,25,21,25,21,25,21,25,21,23,21
Map_8469,10,150,10,10,10,10,10,10,10,10,10,10,10,10,10,10,10,10,10,10,10,10,10,10,10,10
Map_8470,24,81,14,14,14,18,14,14,14,14,14,14,14,14,14,14,14,14,14,14,14,14,14,14,14,14
Map_8471,19,138,21,21,21,23,17,19,17,19,17,19,17,19,17,19,17,19,17,19,17,19,17,19,17,19
Map_8472,20,33,11,11,15,11,11,11,11,11,11,11,11,11,11,11,11,11,11,11,11,11,11,11,11,11
Map_8473,22,30,22,22,22,13,13,13,13,13,13,13,13,13,13,13,13,13,14,13,14,13,13,13,13,13
Map_8474,6,71,6,6,6,6,6,6,6,6,6,6,6,6,6,6,6,6,6,6,6,6,6,6,6,6
Map_8475,23,50,23,23,23,26,26,23,26,23,26,23,25,23,25,23,30,23,30,23,30,23,30,23,30,23
Map_8476,113,103,54,54,54,53,51,51,51,51,51,51,54,58,58,58,45,45,46,35,46,35,51,51,51,51
Map_8477,8,14,6,6,6,9,6,6,6,6,6,6,6,6,6,6,6,6,8,6,8,6,6,6,6,6
Map_8478,13,22,16,15,15,16,12,11,12,11,12,11,12,11,12,11,12,11,12,11,12,11,12,11,12,11
Map_8479,8,17,8,8,8,8,8,8,8,8,8,8,8,8,8,8,8,8,8,8,8,8,8,8,8,8
Map_8480,28,69,34,34,34,40,26,26,26,26,26,26,26,26,26,26,29,26,29,26,29,26,26,26,26,26
Map_8481,29,147,13,13,13,13,13,13,13,13,13,13,13,13,13,13,13,13,13,13,13,13,13,13,13,13
Map_8482,11,163,10,10,10,13,8,8,8,8,8,8,8,8,8,8,10,8,10,8,10,8,8,8,8,8
Map_8483,15,50,15,15,15,15,15,15,15,15,15,15,15,15,15,15,15,15,15,15,15,15,15,15,15,15
Map_8484,13,82,13,13,13,13,13,13,13,13,13,13,13,13,13,13,14,13,14,14,14,14,12,13,12,13
Map_8485,12,70,12,12,12,12,11,11,11,11,11,11,11,11,11,11,12,11,13,11,13,11,12,11,11,11
Map_8486,35,65,29,29,29,36,29,29,29,29,29,29,29,29,29,29,22,19,22,19,22,19,22,19,22,19
Map_8487,39,76,41,35,41,36,29,32,29,32,29,32,29,32,29,32,27,27,28,27,28,27,27,27,27,27
Map_8488,13,17,8,8,8,9,8,8,8,8,8,8,8,8,8,8,8,8,8,8,8,8,8,8,8,8
Map_8489,8,101,11,8,8,11,8,8,8,8,8,8,8,8,8,8,11,8,11,8,11,8,8,8,8,8
Map_8490,9,14,9,9,9,11,9,9,9,9,9,9,9,9,9,9,9,9,11,9,11,9,9,9,9,9
Map_8491,10,75,14,13,14,14,14,13,14,13,14,13,13,13,13,13,14,10,14,10,14,10,14,10,14,10
Map_8492,6,84,7,6,7,10,6,6,6,6,6,6,6,6,6,6,6,6,6,6,6,6,6,6,6,6
Map_8493,125,268,25,33,34,26,25,22,25,22,25,22,33,22,33,22,28,22,28,22,28,22,22,22,22,22
Map_8494,23,89,14,14,14,16,15,15,15,15,15,15,15,15,15,15,15,14,15,14,15,14,14,14,14,14
Map_8495,7,42,7,7,7,7,7,7,7,7,7,7,7,7,7,7,7,7,7,7,7,7,7,7,7,7
Map_8496,50,86,15,14,15,19,14,14,14,14,14,14,14,14,14,14,14,14,14,14,14,14,14,14,14,14
Map_8497,42,231,11,11,11,11,11,11,11,11,11,11,11,11,11,11,11,11,11,11,11,11,11,11,11,11
Map_8498,6,9,7,6,6,7,6,6,6,6,6,6,6,6,6,6,7,6,7,6,7,6,6,6,6,6
Map_8499,33,82,49,49,49,43,33,39,33,39,33,39,33,39,33,39,33,39,33,38,33,38,33,39,33,39
Map_8500,68,153,13,13,13,27,13,13,13,13,13,13,13,13,13,13,13,13,13,13,13,13,13,13,13,13
Map_8501,16,72,16,16,13,17,16,16,16,16,16,16,16,16,16,16,13,13,13,13,13,13,13,13,13,13
Map_8502,12,118,12,11,11,12,11,11,11,11,11,11,11,11,11,11,11,11,11,11,11,11,11,11,11,11
Map_8503,34,193,27,27,29,29,27,27,27,27,27,27,27,27,27,27,29,25,29,25,29,25,27,25,27,25
Map_8504,19,110,12,12,12,19,12,12,12,12,12,12,12,12,12,12,12,12,14,12,14,12,12,12,12,12
Map_8505,10,39,10,10,10,11,12,10,12,10,12,10,12,10,12,10,12,10,12,10,12,10,12,10,12,10
Map_8506,21,133,13,13,13,13,13,13,13,13,13,13,13,13,13,13,11,11,11,11,11,11,11,11,11,11
Map_8507,6,11,5,5,5,7,5,5,5,5,5,5,5,5,5,5,5,5,5,5,5,5,5,5,5,5
Map_8508,12,71,10,10,10,10,10,12,10,12,10,12,10,12,10,12,10,10,10,10,10,10,10,10,10,10
Map_8509,43,154,23,22,38,22,16,16,16,16,16,16,16,16,16,16,17,16,17,16,17,16,16,16,16,16
Map_8510,9,27,9,9,9,9,9,9,9,9,9,9,9,9,9,9,9,9,9,9,9,9,9,9,9,9
Map_8511,20,116,17,17,17,17,17,20,17,20,17,20,17,20,17,20,22,20,22,20,22,20,21,20,21,20
Map_8512,7,42,8,8,8,8,8,7,8,7,8,7,8,7,8,7,8,7,8,7,8,7,8,7,8,7
Map_8513,19,48,21,21,21,30,21,21,21,21,21,21,21,21,21,21,21,15,21,15,21,15,21,15,21,15
Map_8514,7,11,9,8,8,9,7,7,7,7,7,7,7,7,7,7,7,7,7,7,7,7,7,7,7,7
Map_8515,23,57,18,18,21,24,18,20,18,20,18,20,18,20,18,20,18,18,18,18,18,18,18,18,18,20
Map_8516,22,38,14,14,14,14,14,14,14,14,14,14,14,14,14,14,14,14,14,14,14,14,14,14,14,14
Map_8517,94,129,30,30,30,34,26,26,26,26,26,26,26,26,26,26,26,26,26,26,26,26,26,26,26,26
Map_8518,9,12,7,7,7,7,7,7,7,7,7,7,7,7,7,7,7,7,7,7,7,7,7,7,7,7
Map_8519,22,118,10,10,10,10,10,10,10,10,10,10,10,10,10,10,10,9,10,9,10,9,10,9,10,9
Map_8520,10,25,9,9,9,10,9,9,9,9,9,9,9,9,9,9,9,9,9,9,9,9,9,9,9,9
Map_8521,22,38,18,18,21,18,16,16,16,16,16,16,16,16,16,16,16,16,16,16,16,16,16,16,16,16
Map_8522,24,49,16,16,16,16,16,16,16,16,16,16,16,16,16,16,16,16,16,16,16,16,16,16,16,16
Map_8523,42,47,27,27,27,35,27,28,27,28,27,28,27,28,27,28,28,18,18,18,18,18,28,18,27,18
Map_8524,52,306,15,15,11,15,15,11,15,11,15,11,15,11,15,11,15,11,15,11,15,11,15,11,15,11
Map_8525,9,19,8,8,8,8,8,8,8,8,8,8,8,8,8,8,8,8,8,8,8,8,8,8,8,8
Map_8526,18,61,11,11,11,13,11,11,11,11,11,11,11,12,12,12,11,11,11,11,11,11,11,11,11,11
Map_8527,27,56,27,27,27,38,19,27,19,27,19,27,18,27,18,27,19,18,21,19,21,19,19,18,19,18
Map_8528,4,19,4,4,4,6,4,4,4,4,4,4,4,4,4,4,4,4,4,4,4,4,4,4,4,4
Map_8529,22,85,25,25,25,30,25,25,25,25,25,25,25,25,25,25,20,19,20,19,20,19,20,19,21,19
Map_8530,8,49,6,6,6,7,6,6,6,6,6,6,6,6,6,6,6,6,6,6,6,6,6,6,6,6
Map_8531,10,23,10,10,11,10,10,10,10,10,10,10,10,10,10,10,10,10,10,10,10,10,10,10,10,10
Map_8532,9,71,9,9,9,10,9,9,9,9,9,9,9,9,9,9,9,9,9,9,9,9,9,9,9,9
Map_8533,10,19,9,9,9,15,9,9,9,9,9,9,9,9,9,9,9,9,9,9,9,9,9,9,9,9
Map_8534,14,36,14,14,14,19,14,14,14,14,14,14,14,14,14,14,11,11,11,11,11,11,11,11,11,11
Map_8535,20,27,13,13,13,15,13,13,13,13,13,13,13,13,13,13,13,13,13,13,13,13,13,13,13,13
Map_8536,5,64,5,5,5,8,5,5,5,5,5,5,5,5,5,5,5,5,5,5,5,5,5,5,5,5
Map_8537,9,22,9,9,9,9,8,8,8,8,8,8,8,8,8,8,8,8,9,8,9,8,8,8,8,8
Map_8538,17,57,10,10,10,10,10,10,10,10,10,10,10,10,10,10,10,10,10,10,10,10,10,10,10,10
Map_8539,8,23,8,8,8,10,8,8,8,8,8,8,8,8,8,8,8,8,8,8,8,8,8,8,8,8
Map_8540,3,10,3,3,3,3,3,3,3,3,3,3,3,3,3,3,3,3,3,3,3,3,3,3,3,3
Map_8541,8,24,8,8,8,8,8,8,8,8,8,8,8,8,8,8,8,8,8,8,8,8,8,8,8,8
Map_8542,255,119,22,21,22,23,21,21,21,21,21,21,21,21,21,21,21,21,32,21,32,21,21,21,21,21
Map_8543,29,131,11,11,11,11,11,11,11,11,11,11,11,11,11,11,12,11,12,11,12,11,11,11,11,11
Map_8544,13,83,9,9,9,9,9,9,9,9,9,9,9,9,9,9,9,9,9,9,9,9,9,9,9,9
Map_8545,7,64,7,7,7,7,7,7,7,7,7,7,7,7,7,7,7,7,7,7,7,7,7,7,7,7
Map_8546,16,43,10,10,10,12,10,9,10,9,10,9,10,9,10,9,9,9,9,9,9,9,9,9,9,9
Map_8547,14,114,13,13,13,21,13,13,13,13,13,13,13,13,13,13,19,13,19,13,19,13,13,13,13,13
Map_8548,13,54,13,13,13,13,13,13,13,13,13,13,13,13,13,13,16,13,16,13,16,13,13,13,13,13
Map_8549,9,26,8,8,8,8,8,7,8,7,8,7,8,7,7,7,8,7,8,7,8,7,8,7,8,7
Map_8550,8,61,8,8,8,8,8,8,8,8,8,8,8,8,8,8,8,8,8,8,8,8,8,8,8,8
Map_8551,175,143,47,58,47,62,52,52,52,52,52,52,52,52,52,52,47,52,47,46,47,46,46,52,46,52
Map_8552,43,123,18,18,18,18,18,18,18,18,18,18,18,18,18,18,18,18,26,18,29,18,18,18,18,18
Map_8553,32,170,13,13,16,18,13,13,13,13,13,13,13,13,13,13,13,13,13,13,13,13,13,13,13,13
Map_8554,8,70,11,11,8,11,8,8,8,8,8,8,8,8,8,8,8,8,8,8,8,8,8,8,8,8
Map_8555,14,138,9,9,9,9,9,9,9,9,9,9,9,9,9,9,9,9,9,9,9,9,9,9,9,9
Map_8556,11,16,11,11,11,12,11,11,11,11,11,11,11,11,11,11,12,12,12,12,12,12,11,11,11,11
Map_8557,49,95,13,13,13,21,13,13,13,13,13,13,13,13,13,13,13,13,13,13,13,13,13,13,13,13
Map_8558,8,111,8,8,8,8,8,8,8,8,8,8,8,8,8,8,8,8,8,8,8,8,8,8,8,8
Map_8559,11,89,11,11,11,12,11,11,11,11,11,11,11,11,11,11,11,11,11,11,11,11,11,11,11,11
Map_8560,10,221,21,10,21,21,10,10,10,10,10,10,10,10,10,10,10,10,10,10,10,10,10,10,10,10
Map_8561,11,17,11,11,11,13,11,11,11,11,11,11,11,11,11,11,12,11,12,11,12,11,11,11,11,11
Map_8562,35,275,21,21,16,21,21,16,21,16,21,16,21,16,21,16,23,16,23,16,23,16,20,16,20,16
Map_8563,74,71,34,33,34,35,29,29,29,29,29,29,29,29,29,29,29,29,29,29,29,29,29,29,29,29
Map_8564,10,37,10,10,10,10,9,9,9,9,9,9,9,9,9,9,10,9,10,9,10,9,9,9,9,9
Map_8565,84,119,40,40,41,40,31,31,31,31,31,31,31,31,31,31,31,31,31,31,31,31,31,32,31,32
Map_8566,24,37,24,24,24,25,23,24,23,24,23,24,23,24,23,24,23,24,23,24,23,24,23,24,23,24
Map_8567,48,56,32,32,32,37,37,32,37,32,37,32,37,32,37,32,39,25,39,25,34,25,37,25,37,25
Map_8568,23,79,9,9,9,9,9,9,9,9,9,9,9,9,9,9,9,9,9,9,9,9,9,9,9,9
Map_8569,13,99,12,12,12,15,12,12,12,12,12,12,12,12,12,12,11,11,11,11,11,11,11,11,11,11
Map_8570,12,33,12,12,12,12,12,12,12,12,12,12,12,12,12,12,12,12,20,12,20,12,12,12,12,12
Map_8571,7,22,8,8,7,9,8,7,8,7,8,7,8,7,8,7,8,7,8,7,8,7,8,7,8,7
Map_8572,118,119,12,12,12,12,12,12,12,12,12,12,12,12,12,12,15,12,15,12,15,12,15,12,12,12
Map_8573,17,38,12,12,12,15,12,12,12,12,12,12,12,12,12,12,12,12,16,12,16,12,12,12,12,12
Map_8574,14,52,10,10,10,10,10,10,10,10,10,10,10,10,10,10,10,10,10,10,10,10,10,10,10,10
Map_8575,8,23,10,10,10,14,10,8,10,8,10,8,10,8,10,8,10,8,10,8,14,8,10,8,10,8
Map_8576,10,78,6,6,6,6,6,6,6,6,6,6,6,6,6,6,8,6,8,6,8,6,6,6,6,6
Map_8577,29,37,19,16,19,20,15,15,15,15,15,15,16,16,16,16,15,15,15,15,15,15,15,15,15,15
Map_8578,47,49,24,24,24,43,22,15,22,15,22,15,22,15,22,15,22,15,22,15,22,15,22,15,22,15
Map_8579,24,131,14,13,14,14,14,13,14,13,14,13,13,13,13,13,14,13,14,13,17,13,14,13,14,13
Map_8580,57,90,19,19,19,19,19,19,19,19,19,19,19,19,19,19,19,24,19,24,19,24,19,25,19,25
Map_8581,21,34,17,17,17,17,17,16,17,16,17,16,17,16,17,16,17,16,17,16,17,16,17,16,17,16
Map_8582,11,23,11,11,11,17,11,11,11,11,11,11,11,11,11,11,14,10,14,10,14,10,10,10,10,10
Map_8583,16,145,16,13,16,12,11,11,11,11,11,11,11,11,11,11,11,11,11,11,11,11,11,11,11,11
Map_8584,12,108,16,16,16,16,16,16,16,16,16,16,16,16,16,16,12,12,12,12,12,12,12,16,12,16
Map_8585,8,58,8,8,8,8,8,8,8,8,8,8,8,8,8,8,8,8,8,8,8,8,8,8,8,8
Map_8586,25,41,21,21,19,21,16,19,16,19,16,19,16,19,16,19,16,14,16,14,16,14,16,14,16,14
Map_8587,7,50,9,9,9,12,7,7,7,7,7,7,7,7,7,7,7,7,7,7,7,7,7,7,7,7
Map_8588,20,32,15,15,15,23,15,15,15,15,15,15,15,15,15,15,15,16,15,16,18,16,15,15,15,15
Map_8589,22,28,18,18,18,18,18,18,18,18,18,18,18,18,18,18,18,18,18,18,22,18,18,18,18,18
Map_8590,12,18,12,11,12,20,12,11,12,11,12,11,11,11,11,11,13,11,13,11,13,11,12,11,12,11
Map_8591,11,29,13,13,13,16,11,11,11,11,11,11,11,11,11,11,11,11,11,11,11,11,11,11,11,11
Map_8592,6,73,6,6,6,6,6,6,6,6,6,6,6,6,6,6,6,6,6,6,6,6,6,6,6,6
Map_8593,11,55,9,9,9,9,9,9,9,9,9,9,9,9,9,9,10,9,10,9,10,9,10,9,10,9
Map_8594,15,113,16,16,16,16,15,16,15,16,15,16,15,16,15,16,15,15,15,15,15,15,15,15,15,15
Map_8595,8,170,8,8,8,8,8,8,8,8,8,8,8,8,8,8,8,8,8,8,8,8,8,8,8,8
Map_8596,51,60,35,35,36,37,27,27,27,27,27,27,27,27,27,27,23,23,23,23,23,23,23,23,23,23
Map_8597,103,114,29,29,29,29,29,29,29,29,29,29,29,29,29,29,27,27,31,27,31,27,27,27,27,27
Map_8598,6,21,6,6,6,10,6,6,6,6,6,6,6,6,6,6,6,6,6,6,6,6,6,6,6,6
Map_8599,47,66,20,18,24,17,16,16,16,16,16,16,16,16,16,16,16,16,16,16,16,16,16,16,16,16
Map_8600,27,41,25,25,25,25,22,23,22,23,22,23,22,23,22,23,23,22,23,22,23,22,23,22,23,22
Map_8601,23,173,23,23,23,20,18,18,18,18,18,18,18,18,18,18,17,18,17,17,17,17,17,18,17,18
Map_8602,86,121,12,11,11,12,11,11,11,11,11,11,11,11,11,11,12,11,12,11,12,11,11,11,11,11
Map_8603,7,17,8,8,8,12,8,7,8,7,8,7,8,7,7,7,8,7,8,7,8,7,8,7,8,7
Map_8604,7,64,7,7,7,10,7,7,7,7,7,7,7,7,7,7,7,7,7,7,7,7,7,7,7,7
Map_8605,8,18,10,10,8,10,8,8,8,8,8,8,8,8,8,8,8,8,8,8,8,8,8,8,8,8
Map_8606,16,233,9,9,9,9,9,9,9,9,9,9,9,9,9,9,14,9,14,9,14,9,14,9,14,9
Map_8607,76,127,20,20,20,90,24,24,24,24,24,24,24,24,24,24,24,14,14,14,14,14,24,14,24,21
Map_8608,9,154,9,9,9,9,9,9,9,9,9,9,9,9,9,9,10,9,11,9,11,9,10,9,10,9
Map_8609,19,103,13,13,15,19,14,13,14,13,14,13,13,13,13,13,14,13,14,13,14,13,14,13,14,13
Map_8610,16,158,15,15,15,16,12,12,12,12,12,12,12,12,12,12,14,12,14,12,14,12,14,12,14,12
Map_8611,9,18,9,9,9,9,9,9,9,9,9,9,9,9,9,9,9,9,12,9,12,9,9,9,9,9
Map_8612,11,67,11,11,11,21,11,11,11,11,11,11,11,11,11,11,10,10,10,10,10,10,10,10,10,10
Map_8613,24,39,18,18,18,23,18,14,18,14,18,14,18,14,18,14,14,14,14,14,14,14,14,14,14,14
Map_8614,47,83,26,26,26,26,36,26,36,26,36,26,36,26,36,26,33,22,33,22,33,22,36,22,36,22
Map_8615,21,30,19,16,16,19,16,12,16,12,16,12,16,12,16,12,16,12,16,12,16,12,16,12,16,12
Map_8616,6,14,6,6,6,6,6,6,6,6,6,6,6,6,6,6,6,6,6,6,6,6,6,6,6,6
Map_8617,7,38,7,7,7,7,7,7,7,7,7,7,7,7,7,7,7,7,8,7,8,7,7,7,7,7
Map_8618,16,98,16,16,16,17,16,16,16,16,16,16,16,16,16,16,20,16,18,17,18,17,19,16,19,16
Map_8619,201,200,65,65,65,77,38,24,38,24,38,24,38,24,38,24,38,24,38,24,38,24,38,24,38,24
Map_8620,17,53,13,13,16,21,13,13,13,13,13,13,13,13,13,13,13,13,13,13,13,13,13,13,13,13
Map_8621,21,34,14,14,14,16,14,14,14,14,14,14,14,14,14,14,14,14,14,14,14,14,14,14,14,14
Map_8622,58,42,21,21,27,21,21,21,21,21,21,21,21,21,21,21,21,21,21,21,21,21,21,21,21,21
Map_8623,31,115,27,27,36,27,29,27,29,27,29,27,29,27,29,29,28,23,30,23,30,23,28,23,28,23
Map_8624,21,32,13,13,13,13,12,12,12,13,12,13,12,12,12,12,12,12,12,12,12,12,12,12,12,12
Map_8625,347,123,29,29,29,85,29,29,29,29,29,29,29,29,29,29,29,26,41,26,41,26,29,26,29,26
Map_8626,7,34,7,7,7,7,7,7,7,7,7,7,7,7,7,7,7,7,7,7,7,7,7,7,7,7
Map_8627,7,192,7,7,7,7,7,7,7,7,7,7,7,7,7,7,7,7,7,7,7,7,7,7,7,7
Map_8628,6,13,7,7,7,9,7,6,7,6,7,6,7,6,7,6,7,6,7,6,7,6,7,6,7,6
Map_8629,27,86,34,34,27,39,31,28,27,28,27,28,31,28,31,28,27,20,27,20,27,20,31,20,31,20
Map_8630,7,13,7,7,7,7,7,7,7,7,7,7,7,7,7,7,7,7,7,7,9,7,7,7,7,7
Map_8631,8,20,8,8,8,11,8,8,8,8,8,8,8,8,8,8,11,8,11,8,11,8,8,8,8,8
Map_8632,8,36,8,8,8,12,8,8,8,8,8,8,8,8,8,8,12,8,12,8,12,8,8,8,8,8
Map_8633,6,12,6,6,6,10,6,6,6,6,6,6,6,6,6,6,6,6,10,6,10,6,6,6,6,6
Map_8634,85,100,46,46,46,105,58,26,58,26,58,26,56,26,56,26,58,26,49,26,49,26,58,26,58,26
Map_8635,14,36,12,12,13,12,11,11,11,11,11,11,11,11,11,11,11,11,11,11,11,11,11,11,11,11
Map_8636,11,27,11,11,11,21,16,11,16,11,16,11,16,11,16,11,16,11,16,11,16,11,16,11,16,11
Map_8637,20,169,9,9,9,9,9,9,9,9,9,9,9,9,9,9,9,9,9,9,9,9,9,9,9,9
Map_8638,18,56,17,17,17,17,14,14,14,14,14,14,14,14,14,14,14,14,14,14,14,14,14,14,14,14
Map_8639,23,102,18,18,18,38,18,18,18,18,18,18,18,18,18,18,33,18,33,18,33,18,18,18,18,18
Map_8640,30,83,18,18,18,18,17,17,17,17,17,17,17,17,17,17,17,17,17,17,17,17,17,17,17,17
Map_8641,7,13,7,7,7,9,7,7,7,7,7,7,7,7,7,7,7,7,7,7,7,7,7,7,7,7
Map_8642,33,31,28,27,28,28,19,19,19,19,19,19,19,19,19,19,19,19,19,19,19,19,19,19,19,19
Map_8643,136,171,17,17,17,42,17,17,17,17,17,17,17,17,17,17,17,17,17,17,17,17,17,17,17,17
Map_8644,14,32,12,12,12,12,12,12,12,12,12,12,12,12,12,12,12,12,12,12,12,12,12,12,12,12
Map_8645,13,29,13,13,13,15,13,13,13,13,13,13,13,13,13,13,11,11,11,11,11,11,11,11,11,11
Map_8646,11,51,11,11,11,11,11,11,11,11,11,11,11,11,11,11,13,11,13,11,13,11,11,11,11,11
Map_8647,8,23,8,8,8,11,8,8,8,8,8,8,8,8,8,8,8,8,8,8,8,8,8,8,8,8
Map_8648,26,115,26,26,26,26,25,23,25,23,25,23,25,23,25,23,29,23,29,25,38,25,25,23,25,23
Map_8649,10,51,10,10,10,10,10,10,10,10,10,10,10,10,10,10,10,10,10,10,10,10,10,10,10,10
Map_8650,7,24,7,7,7,7,7,7,7,7,7,7,7,7,7,7,7,7,7,7,7,7,7,7,7,7
Map_8651,25,58,16,15,15,16,15,15,15,15,15,15,15,15,15,15,15,15,15,15,15,15,15,15,15,15
Map_8652,7,58,8,8,8,12,7,7,7,7,7,7,7,7,7,7,7,7,7,7,7,7,7,7,7,7
Map_8653,83,117,44,44,44,44,39,35,39,35,39,35,39,35,39,35,36,35,36,35,36,35,36,35,36,35
Map_8654,17,40,19,19,18,19,11,11,11,11,11,11,11,11,11,11,11,11,11,11,11,11,11,11,11,11
Map_8655,11,21,10,9,9,11,9,9,9,9,9,9,9,9,9,9,9,9,9,9,9,9,9,9,9,9
Map_8656,5,10,6,5,5,6,5,5,5,5,5,5,5,5,5,5,5,5,5,5,5,5,5,5,5,5
Map_8657,8,14,8,8,8,10,8,8,8,8,8,8,8,8,8,8,10,8,10,8,10,8,8,8,8,8
Map_8658,39,55,24,18,19,29,18,18,19,18,19,18,18,18,18,18,19,18,19,18,19,18,19,18,19,18
Map_8659,15,106,13,13,13,13,13,13,13,13,13,13,13,13,13,13,13,13,13,13,13,13,13,13,13,13
Map_8660,8,43,10,8,10,10,10,8,10,8,10,8,8,8,8,8,10,8,10,8,10,8,10,8,10,8
Map_8661,8,41,8,8,8,14,12,8,12,8,12,8,12,8,12,8,12,8,12,8,12,8,12,8,12,8
Map_8662,9,33,8,8,7,16,8,7,8,7,8,7,8,7,8,7,8,7,8,7,8,7,8,7,8,7
Map_8663,8,32,8,8,8,12,8,8,8,8,8,8,8,8,8,8,8,8,8,8,8,8,8,8,8,8
Map_8664,36,151,16,16,16,16,17,16,17,16,17,16,17,16,17,16,15,16,15,16,15,16,15,16,15,16
Map_8665,109,110,47,53,41,80,38,38,38,38,38,38,42,41,41,41,29,29,29,29,29,29,29,35,53,46
Map_8666,9,20,9,9,9,11,9,9,9,9,9,9,9,9,9,9,9,9,9,9,9,9,9,9,9,9
Map_8667,45,184,14,14,14,18,14,14,14,14,14,14,14,14,14,14,18,14,18,14,17,14,18,14,14,14
Map_8668,8,31,9,8,9,12,8,8,8,8,8,8,8,8,8,8,9,8,9,8,9,8,8,8,8,8
Map_8669,8,26,9,8,9,14,9,8,9,8,9,8,8,8,8,8,9,8,9,8,9,8,9,8,9,8
Map_8670,7,22,7,7,7,10,7,7,7,7,7,7,7,7,7,7,7,7,7,7,7,7,7,7,7,7
Map_8671,7,45,8,8,8,9,8,7,8,7,8,7,8,7,8,7,8,7,8,7,8,7,8,7,8,7
Map_8672,11,24,10,10,10,15,11,11,11,11,11,11,11,11,11,11,10,10,10,10,10,10,10,10,10,10
Map_8673,13,38,10,10,10,10,10,10,10,10,10,10,10,10,10,10,10,10,10,10,10,10,10,10,10,10
Map_8674,203,189,36,36,36,30,23,23,23,23,23,23,23,23,23,23,23,23,28,23,28,23,23,23,23,23
Map_8675,6,45,6,6,6,6,6,6,6,6,6,6,6,6,6,6,6,6,6,6,6,6,6,6,6,6
Map_8676,11,146,12,12,12,12,12,11,12,11,12,11,12,11,12,11,10,10,10,10,10,10,10,10,10,10
Map_8677,55,82,29,29,29,38,24,29,24,29,24,29,24,29,24,29,26,24,26,24,26,24,26,29,26,29
Map_8678,22,51,7,7,7,7,7,7,7,7,7,7,7,7,7,7,7,7,7,7,7,7,7,7,7,7
Map_8679,12,31,9,9,9,11,9,9,9,9,9,9,9,9,9,9,9,9,9,9,9,9,9,9,9,9
Map_8680,6,21,7,7,7,7,6,6,6,6,6,6,6,6,6,6,6,6,6,6,6,6,6,6,6,6
Map_8681,41,120,14,14,14,18,14,14,14,14,14,14,14,14,14,14,14,14,14,14,14,14,14,14,14,14
Map_8682,6,18,6,6,6,7,6,6,6,6,6,6,6,6,6,6,6,6,6,6,6,6,6,6,6,6
Map_8683,55,71,12,12,12,12,12,12,12,12,12,12,12,12,12,12,12,12,12,12,12,12,12,12,12,12
Map_8684,17,161,17,17,17,17,18,17,18,17,18,17,18,17,18,17,18,17,18,17,18,17,18,17,18,17
Map_8685,20,24,13,13,13,13,13,13,13,13,13,13,13,13,13,13,13,13,13,13,13,13,13,13,13,13
Map_8686,30,58,9,9,9,20,9,9,9,9,9,9,9,9,9,9,9,9,9,9,9,9,9,9,9,9
Map_8687,134,118,29,30,25,18,15,30,15,30,15,30,15,30,15,30,15,30,15,18,15,18,15,30,15,30
Map_8688,18,22,11,11,11,12,11,11,11,11,11,11,11,11,11,11,11,11,11,11,11,11,11,11,11,11
Map_8689,115,186,21,19,19,25,24,19,24,19,24,19,19,19,19,19,21,20,17,17,17,17,21,19,21,19
Map_8690,13,96,12,12,12,12,12,11,12,11,12,11,11,11,11,11,12,11,12,11,12,11,12,11,12,11
Map_8691,8,26,9,8,9,9,8,8,8,8,8,8,8,8,8,8,8,8,8,8,8,8,8,8,8,8
Map_8692,104,105,24,24,24,24,24,24,24,24,24,24,24,24,24,24,26,24,26,24,26,24,24,24,24,24
Map_8693,15,32,15,15,15,15,15,15,15,15,15,15,15,15,15,15,15,15,18,15,18,15,15,15,15,15
Map_8694,15,124,11,11,11,11,11,11,11,11,11,11,11,11,11,11,11,11,11,11,11,11,11,11,11,11
Map_8695,6,25,6,6,6,6,6,6,6,6,6,6,6,6,6,6,8,6,8,6,8,6,8,6,8,6
Map_8696,13,79,12,10,10,12,10,10,10,10,10,10,10,10,10,10,10,10,10,10,10,10,10,10,10,10
Map_8697,8,82,8,8,8,8,8,8,8,8,8,8,8,8,8,8,8,8,8,8,8,8,8,8,8,8
Map_8698,63,83,59,59,32,54,30,35,30,35,30,35,30,35,30,35,31,35,31,35,31,35,30,35,30,35
Map_8699,39,116,25,25,25,28,25,25,25,25,25,25,25,25,25,25,25,25,28,25,28,25,25,25,25,25
Map_8700,28,61,20,20,20,21,19,27,19,27,19,27,19,27,19,27,20,19,24,19,24,19,19,19,19,19
Map_8701,9,13,8,8,8,11,8,8,8,8,8,8,8,8,8,8,8,8,8,8,8,8,8,8,8,8
Map_8702,57,155,11,11,12,11,11,11,11,11,11,11,11,11,11,11,11,11,11,11,11,11,11,11,11,11
Map_8703,23,226,13,13,13,13,13,13,13,13,13,13,13,13,13,13,13,13,13,13,13,13,13,13,13,13
Map_8704,59,89,19,19,18,19,18,18,18,18,18,18,18,18,18,18,20,18,20,18,26,18,20,18,20,18
Map_8705,22,50,14,14,14,17,14,14,14,14,14,14,14,14,14,14,14,14,14,14,14,14,14,14,14,14
Map_8706,4,10,4,4,4,5,4,4,4,4,4,4,4,4,4,4,4,4,4,4,4,4,4,4,4,4
Map_8707,8,434,9,8,8,24,8,8,8,8,8,8,8,8,8,8,8,8,8,8,8,8,8,8,8,8
Map_8708,20,47,12,12,12,24,12,12,12,12,12,12,12,12,12,12,12,12,12,12,12,12,12,12,12,12
Map_8709,9,17,8,8,8,8,8,8,8,8,8,8,8,8,8,8,8,8,8,8,8,8,8,8,8,8
Map_8710,5,19,6,5,5,9,5,5,5,5,5,5,5,5,5,5,6,5,6,5,6,5,5,5,5,5
Map_8711,56,172,16,16,18,16,16,16,16,16,16,16,16,16,16,16,16,16,16,16,16,16,16,16,16,16
Map_8712,10,32,11,10,11,11,10,10,10,10,10,10,10,10,10,10,10,10,10,10,10,10,10,10,10,10
Map_8713,17,169,13,13,13,16,16,13,16,13,16,13,16,13,16,13,16,13,16,13,16,13,16,13,16,13
Map_8714,4,11,4,4,4,7,4,4,4,4,4,4,4,4,4,4,4,4,4,4,4,4,4,4,4,4
Map_8715,7,11,7,7,7,7,7,7,7,7,7,7,7,7,7,7,7,7,7,7,7,7,7,7,7,7
Map_8716,17,38,14,14,14,14,14,14,14,14,14,14,14,14,14,14,14,14,14,14,14,14,14,14,14,14
Map_8717,5,11,7,5,5,7,5,5,5,5,5,5,5,5,5,5,5,5,5,5,5,5,5,5,5,5
Map_8718,24,33,18,18,18,18,18,18,18,18,18,18,18,18,18,18,18,18,18,18,18,18,18,18,18,18
Map_8719,13,120,11,11,11,13,13,11,13,11,13,11,11,11,11,11,13,11,13,11,13,11,13,11,13,11
Map_8720,76,90,43,43,43,53,43,57,43,57,43,57,43,57,43,57,43,41,43,41,43,41,43,41,43,41
Map_8721,16,29,15,15,15,22,15,14,15,14,15,14,15,14,15,14,15,14,15,14,15,14,14,14,14,14
Map_8722,21,135,8,8,8,10,8,8,8,8,8,8,8,8,8,8,8,8,8,8,8,8,8,8,8,8
Map_8723,44,40,15,15,15,15,15,15,15,15,15,15,15,15,15,15,16,15,16,15,16,15,15,15,15,15
Map_8724,5,8,5,5,5,5,5,5,5,5,5,5,5,5,5,5,5,5,5,5,5,5,5,5,5,5
Map_8725,18,34,12,11,12,12,11,11,11,11,11,11,11,11,11,11,11,11,11,11,11,11,11,11,11,11
Map_8726,23,66,14,14,15,14,13,13,13,13,13,13,13,13,13,13,13,11,13,11,13,11,13,11,13,11
Map_8727,11,93,12,12,12,13,11,11,11,11,11,11,11,11,11,11,11,11,11,11,11,11,11,11,11,11
Map_8728,9,16,6,6,6,6,6,6,6,6,6,6,6,6,6,6,6,6,6,6,6,6,6,6,6,6
Map_8729,24,44,23,22,23,23,22,22,22,22,22,22,22,22,22,22,22,22,22,22,22,22,22,22,22,22
Map_8730,13,37,13,13,13,14,13,13,13,13,13,13,13,13,13,13,13,13,13,13,13,13,13,13,13,13
Map_8731,108,48,23,23,23,23,21,28,21,28,21,28,19,28,19,28,21,19,24,19,24,19,21,19,21,19
Map_8732,55,146,10,10,10,10,10,10,10,10,10,10,10,10,10,10,10,10,10,10,10,10,10,10,10,10
Map_8733,15,23,13,13,13,13,13,13,13,13,13,13,13,13,13,13,12,12,12,12,12,12,12,12,12,12
Map_8734,7,54,7,7,7,10,7,7,7,7,7,7,7,7,7,7,7,7,7,7,7,7,7,7,7,7
Map_8735,7,10,8,7,7,8,7,7,7,7,7,7,7,7,7,7,7,7,7,7,7,7,7,7,7,7
Map_8736,28,153,59,59,59,52,21,21,21,21,21,21,29,29,29,29,21,21,21,21,21,21,21,21,21,21
Map_8737,30,250,9,9,9,9,9,9,9,9,9,9,9,9,9,9,9,9,9,9,9,9,9,9,9,9
Map_8738,18,34,10,10,10,10,10,10,10,10,10,10,10,10,10,10,10,10,10,10,10,10,10,10,10,10
Map_8739,4,8,4,4,4,4,4,4,4,4,4,4,4,4,4,4,4,4,4,4,4,4,4,4,4,4
Map_8740,10,78,6,6,6,9,6,6,6,6,6,6,6,6,6,6,6,6,6,6,6,6,6,6,6,6
Map_8741,12,26,17,13,12,17,13,11,13,11,13,11,13,11,13,11,13,11,13,11,13,11,13,11,13,11
Map_8742,15,29,13,13,13,21,12,12,12,12,12,12,12,12,12,12,12,12,12,12,12,12,12,12,12,12
Map_8743,5,9,5,5,5,5,5,5,5,5,5,5,5,5,5,5,5,5,5,5,5,5,5,5,5,5
Map_8744,19,29,12,12,12,14,16,12,16,12,16,12,16,12,16,12,12,12,12,12,12,12,12,12,12,12
Map_8745,234,82,10,10,10,22,10,10,10,10,10,10,10,10,10,10,10,10,10,10,10,10,10,10,10,10
Map_8746,14,73,11,10,10,11,9,9,9,9,9,9,9,9,9,9,9,9,11,9,11,9,9,9,9,9
Map_8747,21,30,22,22,22,37,16,16,16,16,16,16,16,16,16,16,16,16,16,16,16,16,16,16,16,16
Map_8748,7,17,7,7,7,9,7,7,7,7,7,7,7,7,7,7,7,7,7,7,7,7,7,7,7,7
Map_8749,201,217,86,74,87,120,38,36,38,36,38,36,37,36,37,36,40,37,40,37,40,37,40,36,45,36
Map_8750,11,15,9,9,9,9,9,9,9,9,9,9,9,9,9,9,11,9,11,9,11,9,9,9,9,9
Map_8751,6,14,6,6,6,6,6,6,6,6,6,6,6,6,6,6,6,6,6,6,6,6,6,6,6,6
Map_8752,5,43,5,5,5,5,5,5,5,5,5,5,5,5,5,5,5,5,5,5,5,5,5,5,5,5
Map_8753,11,14,8,8,8,8,8,8,8,8,8,8,8,8,8,8,8,8,8,8,8,8,8,8,8,8
Map_8754,17,51,14,13,14,15,13,13,13,13,13,13,13,13,13,13,13,13,13,13,13,13,13,13,13,13
Map_8755,10,25,10,10,10,10,10,10,10,10,10,10,10,10,10,10,10,10,10,10,10,10,10,10,10,10
Map_8756,10,34,11,10,11,11,10,10,10,10,10,10,10,10,10,10,11,9,11,9,11,9,9,9,9,9
Map_8757,16,111,13,11,13,16,11,11,11,11,11,11,11,11,11,11,10,10,10,10,10,10,10,10,10,10
Map_8758,16,62,20,20,17,22,20,19,20,19,20,19,19,19,19,19,19,15,21,15,21,15,19,19,19,19
Map_8759,20,109,23,23,25,23,21,20,21,20,21,20,20,20,20,20,20,20,20,20,20,20,20,20,20,20
Map_8760,19,43,15,15,15,15,15,15,15,15,15,15,15,15,15,15,15,15,15,15,15,15,15,15,15,15
Map_8761,17,89,18,17,18,20,13,13,13,13,13,13,13,13,13,13,13,13,14,14,14,14,13,13,13,13
Map_8762,18,30,12,12,12,12,10,10,10,10,10,10,10,10,10,10,12,10,12,10,12,10,12,10,12,10
Map_8763,15,25,15,15,15,16,15,13,15,13,15,13,15,13,15,13,13,13,13,13,13,13,13,13,13,13
Map_8764,6,15,8,6,6,8,6,6,6,6,6,6,6,6,6,6,6,6,6,6,6,6,6,6,6,6
Map_8765,8,23,9,8,9,10,10,10,10,10,10,10,10,10,10,10,10,8,10,8,10,8,10,8,10,8
Map_8766,10,15,6,6,6,6,6,6,6,6,6,6,6,6,6,6,6,6,6,6,6,6,6,6,6,6
Map_8767,9,13,7,7,7,9,7,7,7,7,7,7,7,7,7,7,7,7,7,7,7,7,7,7,7,7
Map_8768,30,55,15,15,15,15,15,14,15,14,15,14,15,14,14,14,15,14,15,14,15,14,15,14,15,14
Map_8769,5,94,5,5,5,5,5,5,5,5,5,5,5,5,5,5,5,5,5,5,5,5,5,5,5,5
Map_8770,10,21,7,7,7,7,10,7,10,7,10,7,10,7,10,7,10,7,10,7,10,7,10,7,10,7
Map_8771,33,51,20,20,21,20,20,20,20,20,20,20,20,20,20,20,20,20,20,20,20,20,20,20,20,20
Map_8772,26,121,15,14,15,24,14,14,14,14,14,14,14,14,14,14,14,14,14,14,14,14,14,14,14,14
Map_8773,8,92,7,7,7,8,7,7,7,7,7,7,7,7,7,7,7,7,7,7,7,7,7,7,7,7
Map_8774,51,53,24,24,24,24,24,14,24,14,24,14,23,14,23,14,23,14,25,14,25,14,23,14,23,14
Map_8775,7,39,7,7,7,7,7,7,7,7,7,7,7,7,7,7,7,7,7,7,7,7,7,7,7,7
Map_8776,33,61,28,28,34,31,28,28,28,28,28,28,28,28,28,28,28,28,28,28,28,28,28,28,28,28
Map_8777,25,61,18,18,18,29,23,18,19,18,19,18,18,18,18,18,16,18,16,16,16,16,16,18,17,18
Map_8778,13,41,13,13,11,11,9,9,9,9,9,9,9,9,9,9,9,9,9,9,9,9,9,9,9,9
Map_8779,23,297,19,19,19,19,19,19,19,19,19,19,19,19,19,19,19,19,19,19,19,19,19,19,19,19
Map_8780,18,46,18,15,15,18,11,11,11,11,11,11,11,11,11,11,11,11,11,11,11,11,11,11,11,11
Map_8781,277,133,61,54,61,75,24,24,24,24,24,24,24,24,24,24,27,24,27,27,27,27,27,24,27,24
Map_8782,17,30,10,10,10,10,10,10,10,10,10,10,10,10,10,10,10,10,10,10,10,10,10,10,10,10
Map_8783,8,41,10,10,8,10,10,8,10,8,10,8,10,8,10,8,10,8,10,8,10,8,10,8,10,8
Map_8784,19,65,11,11,11,11,11,11,11,11,11,11,11,11,11,11,11,11,11,11,11,11,11,11,11,11
Map_8785,140,140,36,84,47,48,36,99,36,99,36,99,47,77,47,77,36,45,35,45,35,45,36,45,36,45
Map_8786,9,64,6,6,6,8,6,6,6,6,6,6,6,6,6,6,6,6,6,6,6,6,6,6,6,6
Map_8787,8,197,8,8,8,8,8,8,8,8,8,8,8,8,8,8,8,8,8,8,8,8,8,8,8,8
Map_8788,19,53,16,16,16,16,16,16,16,16,16,16,16,16,16,16,16,16,16,16,16,16,16,16,15,16
Map_8789,29,30,14,14,14,23,15,14,15,14,15,14,15,14,15,14,15,15,23,15,23,15,15,14,15,14
Map_8790,32,127,19,19,19,19,19,19,19,19,19,19,19,19,19,19,19,19,19,19,19,19,19,19,19,19
Map_8791,99,87,10,10,10,12,10,10,10,10,10,10,10,10,10,10,12,10,12,10,12,10,10,10,10,10
Map_8792,7,100,10,7,7,17,7,7,7,7,7,7,7,7,7,7,7,7,7,7,7,7,7,7,7,7
Map_8793,26,46,20,16,20,22,16,16,16,16,16,16,16,16,16,16,16,16,16,16,16,16,16,16,16,16
Map_8794,41,136,13,13,15,21,13,13,13,13,13,13,13,13,13,13,13,13,13,13,13,13,13,13,13,13
Map_8795,31,31,13,13,13,15,13,13,13,13,13,13,13,13,13,13,13,13,17,13,17,13,13,13,13,13
Map_8796,8,131,8,8,8,8,8,8,8,8,8,8,8,8,8,8,8,8,8,8,8,8,8,8,8,8
Map_8797,47,250,20,20,20,20,20,23,20,23,20,23,20,23,20,23,39,24,39,24,39,24,37,23,23,23
Map_8798,14,30,13,13,13,13,13,13,13,13,13,13,13,13,13,13,13,13,13,13,13,13,13,13,13,13
Map_8799,29,109,20,20,21,17,17,17,17,17,17,17,17,17,17,17,17,17,17,17,17,17,17,17,17,17
Map_8800,9,56,19,16,19,19,9,9,9,9,9,9,9,9,9,9,9,9,9,9,10,9,9,9,9,9
Map_8801,6,10,7,6,6,8,6,6,6,6,6,6,6,6,6,6,6,6,6,6,6,6,6,6,6,6
Map_8802,15,83,10,10,10,10,10,10,10,10,10,10,10,10,10,10,10,10,10,10,10,10,10,10,10,10
Map_8803,43,127,49,49,51,38,36,36,36,36,36,36,36,36,36,36,18,18,18,18,18,18,18,22,18,22
Map_8804,20,82,8,8,8,8,8,8,8,8,8,8,8,8,8,8,8,8,8,8,8,8,8,8,8,8
Map_8805,60,63,32,32,32,35,28,28,28,28,28,28,28,28,28,28,28,23,28,23,28,23,28,23,28,23
Map_8806,8,86,8,8,8,8,8,8,8,8,8,8,8,8,8,8,8,8,8,8,8,8,8,8,8,8
Map_8807,138,117,87,79,87,65,81,80,81,80,81,80,67,67,67,67,70,74,70,70,70,70,70,74,70,74
Map_8808,11,28,9,9,9,9,9,8,9,8,9,8,8,8,8,8,9,8,9,8,9,8,9,8,9,8
Map_8809,28,91,15,15,15,17,15,11,15,11,15,11,11,11,11,11,11,11,11,11,11,11,11,11,11,11
Map_8810,52,61,14,14,14,14,14,14,14,14,14,14,14,14,14,14,14,13,14,13,14,13,14,13,14,13
Map_8811,12,22,12,12,12,12,12,12,12,12,12,12,12,12,12,12,13,12,13,12,13,12,13,12,12,12
Map_8812,10,37,10,10,10,27,10,10,10,10,10,10,10,10,10,10,12,10,12,10,12,10,12,10,12,10
Map_8813,14,28,15,15,15,15,11,11,11,11,11,11,11,11,11,11,11,11,11,11,11,11,11,11,11,11
Map_8814,9,17,8,8,8,8,8,8,8,8,8,8,8,8,8,8,8,8,8,8,8,8,8,8,8,8
Map_8815,30,88,16,15,16,19,19,15,19,15,19,15,19,15,19,15,16,16,16,16,16,16,16,15,19,15
Map_8816,8,22,8,8,8,8,8,8,8,8,8,8,8,8,8,8,8,8,8,8,8,8,8,8,8,8
Map_8817,7,33,7,7,7,9,7,7,7,7,7,7,7,7,7,7,8,7,8,7,8,7,7,7,7,7
Map_8818,192,200,16,16,16,16,16,16,16,16,16,16,16,16,16,16,16,16,16,16,16,16,16,16,16,16
Map_8819,15,27,11,10,11,11,10,10,10,10,10,10,10,10,10,10,10,10,10,10,10,10,10,10,10,10
Map_8820,15,26,12,12,15,15,12,12,12,12,12,12,11,11,11,11,12,11,12,11,12,11,12,11,12,11
Map_8821,77,114,34,34,60,45,34,32,34,32,34,32,34,32,34,32,31,29,31,29,31,29,29,32,29,32
Map_8822,26,98,17,17,17,22,17,17,17,17,17,17,17,17,17,17,17,17,17,17,17,17,17,17,17,17
Map_8823,48,51,35,35,35,48,31,30,31,30,31,30,30,30,30,30,25,25,25,25,25,25,25,25,25,25
Map_8824,6,13,6,6,6,6,6,6,6,6,6,6,6,6,6,6,6,6,6,6,6,6,6,6,6,6
Map_8825,21,68,14,14,21,18,14,14,14,14,14,14,14,14,14,14,14,14,18,14,18,14,14,14,14,14
Map_8826,6,15,6,6,6,9,6,6,6,6,6,6,6,6,6,6,6,6,6,6,6,6,6,6,6,6
Map_8827,23,36,18,14,18,18,14,14,14,14,14,14,14,14,14,14,14,14,14,14,26,14,14,14,14,14
Map_8828,42,151,15,15,15,15,15,15,15,15,15,15,15,15,15,15,15,15,15,15,15,15,15,15,15,15
Map_8829,7,14,9,7,7,9,7,7,7,7,7,7,7,7,7,7,7,7,7,7,7,7,7,7,7,7
Map_8830,6,33,6,6,6,6,6,6,6,6,6,6,6,6,6,6,6,6,6,6,6,6,6,6,6,6
Map_8831,13,36,12,12,12,12,12,12,12,12,12,12,12,12,12,12,12,11,13,11,13,11,12,11,12,11
Map_8832,35,52,21,21,21,21,21,21,21,21,21,21,21,21,21,21,21,20,21,20,21,21,21,20,21,20
Map_8833,40,94,23,20,23,29,21,20,21,20,21,20,21,20,21,20,23,20,23,20,23,20,22,20,21,20
Map_8834,7,27,7,7,7,7,7,7,7,7,7,7,7,7,7,7,7,7,7,7,7,7,7,7,7,7
Map_8835,110,87,17,17,17,17,17,17,17,17,17,17,17,17,17,17,17,17,17,17,19,17,17,17,17,17
Map_8836,13,103,9,9,9,13,9,9,9,9,9,9,9,9,9,9,9,9,9,9,9,9,9,9,9,9
Map_8837,8,43,8,8,8,8,8,8,8,8,8,8,8,8,8,8,8,8,8,8,8,8,8,8,8,8
Map_8838,7,48,7,7,7,7,7,7,7,7,7,7,7,7,7,7,7,7,7,7,7,7,7,7,7,7
Map_8839,13,81,9,9,9,9,9,9,9,9,9,9,9,9,9,9,9,9,9,9,9,9,9,9,9,9
Map_8840,19,28,15,15,15,19,15,15,15,15,15,15,15,15,15,15,15,14,15,14,15,14,15,14,15,14
Map_8841,16,70,19,19,19,19,16,16,16,16,16,16,16,16,16,16,16,14,16,14,16,14,16,14,16,14
Map_8842,8,25,7,7,7,8,7,7,7,7,7,7,7,7,7,7,7,7,7,7,7,7,7,7,7,7
Map_8843,17,59,18,18,18,12,12,12,12,12,12,12,12,12,12,12,12,12,12,12,12,12,12,12,12,12
Map_8844,40,31,13,13,13,13,13,13,13,13,13,13,13,13,13,13,13,13,13,13,13,13,13,13,13,13
Map_8845,29,37,28,28,28,25,26,20,26,20,26,20,26,20,26,20,22,18,22,18,22,18,22,18,22,18
Map_8846,15,28,14,12,14,13,11,11,11,11,11,11,11,11,11,11,11,11,11,11,11,11,11,11,11,11
Map_8847,8,79,8,8,8,8,8,9,8,9,8,9,8,9,8,9,8,8,8,8,8,8,8,8,8,8
Map_8848,13,83,9,9,14,9,9,9,9,9,9,9,9,9,9,9,9,9,9,9,9,9,9,9,9,9
Map_8849,9,20,8,8,8,10,8,8,8,8,8,8,8,8,8,8,8,8,8,8,8,8,8,8,8,8
Map_8850,21,66,18,18,18,24,18,19,18,19,18,19,21,22,21,22,19,18,19,18,19,18,19,19,19,19
Map_8851,11,96,11,11,11,17,17,17,17,17,17,17,17,17,17,17,15,11,17,11,17,11,15,11,15,11
Map_8852,23,94,22,22,22,23,22,22,22,22,22,22,22,22,22,22,22,21,22,21,22,21,22,22,22,22
Map_8853,14,19,13,13,13,13,13,13,13,13,13,13,13,13,13,13,13,12,12,12,12,12,13,13,13,13
Map_8854,19,57,21,21,21,22,17,13,17,13,17,13,17,13,17,13,13,13,13,13,13,13,13,13,13,13
Map_8855,52,141,17,17,17,17,17,17,17,17,17,17,17,17,17,17,17,17,17,17,17,17,17,17,17,17
Map_8856,15,97,20,19,20,20,14,14,14,14,14,14,14,14,14,14,14,14,14,14,14,14,14,14,14,14
Map_8857,8,15,10,8,10,10,9,9,9,9,9,9,9,9,9,9,9,8,9,8,9,8,9,8,9,8
Map_8858,31,33,22,22,22,22,22,22,22,22,22,22,22,22,22,22,17,15,17,15,17,15,17,15,17,15
Map_8859,8,68,8,8,8,9,8,8,8,8,8,8,8,8,8,8,8,8,8,8,8,8,8,8,8,8
Map_8860,16,248,10,10,10,13,10,10,10,10,10,10,10,10,10,10,10,10,12,10,12,10,10,10,10,10
Map_8861,99,112,35,35,35,41,35,35,35,35,35,35,35,35,35,35,30,30,30,31,30,31,30,30,30,30
Map_8862,7,17,7,7,7,9,7,7,7,7,7,7,7,7,7,7,7,7,7,7,7,7,7,7,7,7
Map_8863,11,21,11,11,11,14,11,11,11,11,11,11,11,11,11,11,11,11,11,11,11,11,11,11,11,11
Map_8864,27,93,24,24,24,31,20,20,20,20,20,20,20,20,20,20,20,20,22,20,22,20,20,20,20,20
Map_8865,17,32,17,17,16,17,16,16,16,16,16,16,16,16,16,16,16,16,18,16,18,16,16,16,16,16
Map_8866,196,141,28,28,28,25,37,25,37,25,37,25,37,25,37,25,29,33,29,33,29,33,26,33,26,33
Map_8867,35,169,30,28,30,24,23,23,23,23,23,23,23,23,23,23,23,23,23,23,23,23,23,23,23,23
Map_8868,19,39,20,20,20,21,19,19,19,19,19,19,19,19,19,19,23,19,23,19,23,19,23,19,23,19
Map_8869,14,87,12,12,12,16,12,12,12,12,12,12,12,12,12,12,12,12,12,12,12,12,12,12,12,12
Map_8870,23,33,19,19,19,19,19,18,19,18,19,18,19,18,19,18,21,18,22,18,22,18,21,18,21,18
Map_8871,7,67,6,6,6,6,6,6,6,6,6,6,6,6,6,6,6,6,6,6,6,6,6,6,6,6
Map_8872,8,13,8,8,8,11,8,8,8,8,8,8,8,8,8,8,8,8,9,8,9,8,8,8,8,8
Map_8873,30,38,20,19,18,20,18,19,18,19,18,19,18,19,18,19,17,16,17,16,17,16,17,16,17,16
Map_8874,10,17,10,10,10,10,10,10,10,10,10,10,10,10,10,10,13,10,13,10,13,10,10,10,10,10
Map_8875,11,46,11,11,11,11,11,11,11,11,11,11,11,11,11,11,11,11,11,11,11,11,11,11,11,11
Map_8876,6,22,6,6,6,6,6,6,6,6,6,6,6,6,6,6,6,6,6,6,6,6,6,6,6,6
Map_8877,17,56,12,12,12,12,12,12,12,12,12,12,12,12,12,12,15,12,16,12,16,12,14,12,14,12
Map_8878,35,69,28,28,22,31,21,21,21,21,21,21,21,21,21,21,21,21,21,21,21,21,21,21,21,21
Map_8879,15,52,9,9,9,11,9,9,9,9,9,9,9,9,9,9,9,9,9,9,9,9,9,9,9,9
Map_8880,35,62,19,20,19,19,20,19,20,19,20,19,20,20,20,20,20,19,20,19,20,19,20,19,20,19
Map_8881,11,287,11,11,11,11,11,11,11,11,11,11,11,11,11,11,11,11,11,11,11,11,11,11,11,11
Map_8882,10,30,9,9,9,12,9,9,9,9,9,9,9,9,9,9,9,9,9,9,9,9,9,9,9,9
Map_8883,18,44,18,18,18,20,18,18,18,18,18,18,18,18,18,18,18,18,18,18,18,18,18,18,18,18
Map_8884,49,63,33,32,32,37,17,30,17,30,17,30,17,32,17,32,15,15,15,15,15,15,15,15,15,15
Map_8885,8,48,8,8,8,10,8,8,8,8,8,8,8,8,8,8,8,8,8,8,8,8,8,8,8,8
Map_8886,19,65,24,21,22,24,21,21,21,21,21,21,21,21,21,21,19,16,19,16,19,16,19,16,19,16
Map_8887,5,38,6,6,6,6,6,5,6,5,6,5,5,5,5,5,6,5,6,5,6,5,6,5,6,5
Map_8888,9,37,8,8,8,8,8,8,8,8,8,8,8,8,8,8,8,8,8,8,8,8,8,8,8,8
Map_8889,19,47,17,17,13,20,17,13,17,13,17,13,17,13,17,13,17,12,17,12,17,12,17,12,17,12
Map_8890,5,11,5,5,5,5,5,5,5,5,5,5,5,5,5,5,5,5,5,5,5,5,5,5,5,5
Map_8891,11,215,10,10,10,10,10,10,10,10,10,10,10,10,10,10,10,10,10,10,10,10,10,10,10,10
Map_8892,14,30,11,11,10,11,10,10,10,10,10,10,10,10,10,10,11,10,11,10,11,10,10,10,10,10
Map_8893,5,14,5,5,5,5,5,5,5,5,5,5,5,5,5,5,5,5,5,5,5,5,5,5,5,5
Map_8894,19,43,17,17,17,17,17,16,17,16,17,16,17,16,16,16,17,16,17,16,17,16,17,16,17,16
Map_8895,8,38,8,8,8,12,8,8,8,8,8,8,8,8,8,8,8,8,8,8,8,8,8,8,8,8
Map_8896,9,16,8,8,8,9,8,8,8,8,8,8,8,8,8,8,8,8,8,9,8,9,8,8,8,8
Map_8897,28,111,18,18,30,18,18,18,18,18,18,18,18,18,18,18,20,18,20,18,20,18,18,18,18,18
Map_8898,18,63,20,20,21,22,21,18,21,18,21,18,21,18,21,18,19,19,19,19,19,19,19,19,20,19
Map_8899,20,121,18,18,18,19,18,14,18,14,18,14,18,14,18,14,17,14,17,14,17,14,17,14,17,14
Map_8900,18,42,10,10,10,15,10,10,10,10,10,10,10,10,10,10,10,10,10,10,10,10,10,10,10,10
Map_8901,14,38,9,9,9,9,9,9,9,9,9,9,9,9,9,9,9,9,9,9,9,9,9,9,9,9
Map_8902,11,61,12,12,12,12,11,11,11,11,11,11,11,11,11,11,11,11,11,11,11,11,11,11,11,11
Map_8903,41,76,17,17,17,22,17,17,17,17,17,17,17,17,17,17,17,17,17,17,17,17,17,17,17,17
Map_8904,17,64,38,37,37,40,26,26,26,26,26,26,26,26,26,26,18,17,18,17,18,17,18,17,18,17
Map_8905,9,22,9,9,9,15,9,9,9,9,9,9,9,9,9,9,9,9,9,9,9,9,9,9,9,9
Map_8906,13,72,9,9,9,16,9,9,9,9,9,9,9,9,9,9,11,9,11,9,11,9,9,9,9,9
Map_8907,12,20,9,9,9,15,9,9,9,9,9,9,9,9,9,9,9,9,13,9,13,9,9,9,9,9
Map_8908,13,39,13,13,13,13,13,13,13,13,13,13,13,13,13,13,12,12,12,12,12,12,12,12,12,12
Map_8909,22,118,11,11,11,12,11,11,11,11,11,11,11,11,11,11,11,11,11,11,11,11,11,11,11,11
Map_8910,7,10,6,6,6,8,6,6,6,6,6,6,6,6,6,6,7,6,7,6,7,6,6,6,6,6
Map_8911,73,62,20,20,21,28,20,17,20,17,20,17,20,17,20,17,17,17,17,17,17,17,17,17,17,17
Map_8912,24,33,14,14,14,17,14,14,14,14,14,14,14,14,14,14,15,14,17,14,17,14,14,14,14,14
Map_8913,14,28,14,14,14,14,14,14,14,14,14,14,14,14,14,14,14,14,14,14,14,14,14,14,14,14
Map_8914,15,114,8,8,11,8,8,8,8,8,8,8,8,8,8,8,8,8,9,8,9,8,8,8,8,8
Map_8915,31,69,13,13,13,13,13,13,13,13,13,13,13,13,13,13,13,13,13,13,13,13,13,13,13,13
Map_8916,23,62,23,23,23,33,23,23,23,23,23,23,23,23,23,23,23,23,23,23,25,23,23,23,23,23
Map_8917,65,128,33,33,33,22,24,22,24,22,24,22,24,22,24,22,24,22,24,22,24,22,24,22,24,22
Map_8918,16,42,13,13,13,15,13,15,13,15,13,15,13,15,13,15,12,12,12,12,12,12,12,12,12,12
Map_8919,14,45,8,8,8,8,8,8,8,8,8,8,8,8,8,8,8,8,8,8,8,8,8,8,8,8
Map_8920,10,18,10,10,10,10,10,9,10,9,10,9,10,9,10,9,10,9,10,9,10,9,10,9,10,9
Map_8921,29,53,19,19,19,20,18,18,18,18,18,18,18,18,18,18,16,16,16,16,16,16,16,16,16,16
Map_8922,22,121,25,25,21,25,15,15,15,15,15,15,15,15,15,15,15,13,15,13,15,13,15,13,15,13
Map_8923,14,27,12,12,14,13,12,12,12,12,12,12,12,12,12,12,12,12,12,12,12,12,12,12,12,12
Map_8924,38,106,13,13,13,13,13,13,13,13,13,13,13,13,13,13,16,13,16,13,16,13,16,13,16,13
Map_8925,17,54,22,22,22,23,22,22,22,22,22,22,22,22,22,22,22,22,22,22,22,22,22,22,22,22
Map_8926,4,12,6,6,4,6,5,4,5,4,5,4,5,4,5,4,5,4,5,4,5,4,5,4,5,4
Map_8927,90,35,10,10,10,33,10,10,10,10,10,10,10,10,10,10,10,10,10,10,10,10,10,10,10,10
Map_8928,19,124,13,13,13,13,15,20,15,20,15,20,15,15,15,15,15,13,15,13,15,13,15,13,15,13
Map_8929,9,15,10,9,9,12,9,9,9,9,9,9,9,9,9,9,11,10,11,10,11,10,10,9,9,9
Map_8930,17,57,13,13,17,13,13,13,13,13,13,13,13,13,13,13,13,13,13,13,13,13,13,13,13,13
Map_8931,9,24,9,9,9,11,9,9,9,9,9,9,9,9,9,9,9,9,9,9,9,9,9,9,9,9
Map_8932,16,36,12,12,12,12,12,12,12,12,12,12,12,12,12,12,12,12,12,12,12,12,12,12,12,12
Map_8933,18,32,16,16,16,16,16,16,16,16,16,16,16,16,16,16,16,16,16,16,16,16,16,16,16,16
Map_8934,201,195,20,20,21,20,20,20,20,20,20,20,20,20,20,20,20,20,20,20,20,20,20,20,20,20
Map_8935,95,56,15,15,15,15,15,14,15,14,15,14,14,14,14,14,15,14,15,14,15,14,15,14,15,14
Map_8936,20,24,17,17,17,17,16,16,16,16,16,16,16,16,16,16,17,16,17,16,17,16,17,16,16,16
Map_8937,10,15,10,10,10,12,10,10,10,10,10,10,10,10,10,10,10,10,10,10,10,10,10,10,10,10
Map_8938,6,88,6,6,6,6,6,6,6,6,6,6,6,6,6,6,6,6,6,6,6,6,6,6,6,6
Map_8939,17,46,17,17,17,17,17,17,17,17,17,17,17,17,17,17,18,17,18,17,18,17,18,17,18,17
Map_8940,6,31,6,6,6,6,6,6,6,6,6,6,6,6,6,6,6,6,6,6,6,6,6,6,6,6
Map_8941,84,128,40,40,47,43,43,40,43,40,43,40,43,40,43,40,43,39,43,39,43,39,43,39,43,39
Map_8942,5,16,5,5,5,5,5,5,5,5,5,5,5,5,5,5,5,5,5,5,5,5,5,5,5,5
Map_8943,10,21,9,9,9,17,13,9,13,9,13,9,13,9,13,9,12,9,12,9,12,9,12,9,12,9
Map_8944,5,12,5,5,5,5,5,5,5,5,5,5,5,5,5,5,5,5,5,5,5,5,5,5,5,5
Map_8945,5,12,5,5,5,7,5,5,5,5,5,5,5,5,5,5,5,5,5,5,5,5,5,5,5,5
Map_8946,27,40,18,18,18,23,16,16,16,16,16,16,18,19,19,19,15,16,15,16,15,16,15,16,15,16
Map_8947,19,33,20,20,19,24,19,19,19,19,19,19,19,19,19,19,20,19,20,19,20,19,19,19,19,19
Map_8948,24,58,22,22,22,22,22,22,22,22,22,22,22,22,22,22,19,22,19,18,19,18,19,22,19,22
Map_8949,7,66,7,7,7,7,7,7,7,7,7,7,7,7,7,7,7,7,7,7,7,7,7,7,7,7
Map_8950,8,62,8,8,8,10,8,8,8,8,8,8,8,8,8,8,8,8,8,8,8,8,8,8,8,8
Map_8951,14,181,13,10,13,18,18,10,18,10,18,10,18,10,18,10,19,10,19,10,19,10,18,10,18,10
Map_8952,6,35,6,6,6,6,6,6,6,6,6,6,6,6,6,6,6,6,6,6,6,6,6,6,6,6
Map_8953,38,81,21,21,23,34,32,32,32,32,32,32,32,32,32,32,32,26,26,26,26,26,32,26,32,26
Map_8954,8,17,7,7,7,9,7,7,7,7,7,7,7,7,7,7,7,7,7,7,7,7,7,7,7,7
Map_8955,32,98,21,21,21,26,19,19,19,19,19,19,19,19,19,19,17,16,17,16,17,16,17,16,17,16
Map_8956,15,52,15,15,15,27,15,15,15,15,15,15,15,15,15,15,18,15,18,15,18,15,15,15,15,15
Map_8957,11,201,7,7,7,7,7,7,7,7,7,7,7,7,7,7,7,7,7,7,7,7,7,7,7,7
Map_8958,16,136,20,20,20,20,16,16,16,16,16,16,16,16,16,16,16,16,16,17,16,17,16,16,16,16
Map_8959,33,72,15,15,15,15,15,15,15,15,15,15,15,15,15,15,15,15,15,15,25,15,15,15,15,15
Map_8960,4,10,4,4,4,4,4,4,4,4,4,4,4,4,4,4,4,4,4,4,4,4,4,4,4,4
Map_8961,12,57,12,12,12,15,12,12,12,12,12,12,12,12,12,12,12,12,12,12,12,12,12,12,12,12
Map_8962,11,34,11,11,11,21,11,11,11,11,11,11,11,11,11,11,11,11,11,11,11,11,11,11,11,11
Map_8963,15,27,7,7,7,8,7,7,7,7,7,7,7,7,7,7,8,7,8,7,8,7,8,7,7,7
Map_8964,20,65,19,19,19,19,15,17,15,17,15,17,15,19,15,19,15,15,15,15,15,15,15,15,15,17
Map_8965,12,42,8,8,8,8,8,8,8,8,8,8,8,8,8,8,8,8,8,8,8,8,8,8,8,8
Map_8966,6,11,6,6,6,6,6,6,6,6,6,6,6,6,6,6,6,6,7,6,7,6,6,6,6,6
Map_8967,5,27,5,5,5,6,6,5,6,5,6,5,6,5,6,5,6,5,6,5,6,5,6,5,6,5
Map_8968,23,70,12,12,12,15,12,12,12,12,12,12,12,12,12,12,13,12,13,12,13,12,12,12,12,12
Map_8969,6,12,7,7,7,9,6,6,6,6,6,6,6,6,6,6,6,6,6,6,6,6,6,6,6,6
Map_8970,33,134,17,17,17,17,17,17,17,17,17,17,17,17,17,17,17,17,17,14,17,14,17,17,17,17
Map_8971,12,19,8,8,8,11,8,8,8,8,8,8,8,8,8,8,8,8,8,8,8,8,8,8,8,8
Map_8972,7,85,7,7,7,7,7,7,7,7,7,7,7,7,7,7,7,7,7,7,7,7,7,7,7,7
Map_8973,8,36,7,7,7,7,7,7,7,7,7,7,7,7,7,7,7,7,7,7,7,7,7,7,7,7
Map_8974,33,94,20,20,19,22,19,19,19,19,19,19,19,19,19,19,19,19,19,19,19,19,19,19,19,19
Map_8975,17,194,15,15,15,19,15,15,15,15,15,15,15,15,15,15,15,15,15,15,15,15,15,15,15,15
Map_8976,10,17,10,10,10,10,10,9,10,9,10,9,9,9,9,9,10,10,10,10,10,10,10,9,10,9
Map_8977,5,17,4,4,4,4,4,4,4,4,4,4,4,4,4,4,4,4,4,4,4,4,4,4,4,4
Map_8978,12,64,12,12,12,12,12,12,12,12,12,12,12,12,12,12,16,12,16,12,16,12,14,12,12,12
Map_8979,9,30,9,9,9,20,9,9,9,9,9,9,9,9,9,9,9,9,9,9,9,9,9,9,9,9
Map_8980,44,109,10,10,10,17,10,10,10,10,10,10,10,10,10,10,10,10,10,10,10,10,10,10,10,10
Map_8981,10,52,11,11,11,13,11,11,11,11,11,11,11,11,11,11,11,10,11,10,11,10,11,10,11,10
Map_8982,12,66,12,12,12,22,14,12,14,12,14,12,14,12,14,12,12,12,12,12,12,12,12,12,12,12
Map_8983,20,30,12,12,12,14,12,12,12,12,12,12,12,12,12,12,12,12,19,12,19,12,12,12,12,12
Map_8984,44,85,22,22,22,24,19,19,19,19,19,19,19,19,19,19,20,19,20,19,20,19,19,19,19,19
Map_8985,5,7,5,5,5,5,5,5,5,5,5,5,5,5,5,5,5,5,5,5,5,5,5,5,5,5
Map_8986,217,94,70,69,69,70,43,43,43,43,43,43,48,48,57,57,43,43,43,43,43,43,43,43,43,43
Map_8987,8,29,8,8,8,8,8,8,8,8,8,8,8,8,8,8,8,8,8,8,8,8,8,8,8,8
Map_8988,26,64,22,22,22,22,21,21,21,21,21,21,21,21,21,21,21,22,21,22,21,22,21,22,21,22
Map_8989,8,11,6,6,6,8,6,6,6,6,6,6,6,6,6,6,8,6,8,6,8,6,6,6,6,6
Map_8990,10,42,10,10,10,12,10,10,10,10,10,10,10,10,10,10,10,10,10,10,10,10,10,10,10,10
Map_8991,42,53,33,22,33,34,22,22,22,22,22,22,22,22,22,22,22,22,22,22,22,22,22,22,22,22
Map_8992,12,40,16,16,16,16,16,16,16,16,16,16,16,16,16,16,16,16,16,14,16,14,16,16,16,16
Map_8993,27,36,28,27,24,28,22,22,22,22,22,22,22,22,22,22,24,22,24,22,24,22,24,22,22,22
Map_8994,4,7,4,4,4,4,4,4,4,4,4,4,4,4,4,4,4,4,4,4,4,4,4,4,4,4
Map_8995,44,98,26,26,26,33,26,17,26,17,26,17,26,17,26,17,25,17,25,17,25,17,24,17,24,17
Map_8996,21,33,19,19,19,19,21,21,21,21,21,21,21,21,21,21,19,19,19,19,19,19,19,19,19,19
Map_8997,29,111,14,14,14,16,14,14,14,14,14,14,14,14,14,14,25,14,25,14,25,14,14,14,14,14
Map_8998,17,99,14,14,14,15,14,13,14,13,14,13,13,13,13,13,14,13,14,13,14,13,14,13,14,13
Map_8999,13,37,14,14,14,14,10,10,10,10,10,10,10,10,10,10,10,10,10,10,10,10,10,10,10,10
Map_9000,10,22,10,10,10,10,10,10,10,10,10,10,10,10,10,10,10,10,10,10,10,10,10,10,10,10
Map_9001,20,84,16,16,20,20,16,16,16,16,16,16,16,16,16,16,16,16,16,16,16,16,16,16,16,16
Map_9002,16,25,10,10,10,11,10,10,10,10,10,10,10,10,10,10,10,10,10,10,10,10,10,10,10,10
Map_9003,21,174,17,17,17,28,21,16,21,16,21,16,21,16,21,18,21,16,21,16,21,16,21,16,21,16
Map_9004,6,12,6,6,6,9,6,6,6,6,6,6,6,6,6,6,6,6,6,6,6,6,6,6,6,6
Map_9005,19,28,21,26,21,23,17,26,17,21,17,21,17,26,17,26,17,17,17,17,17,17,17,17,17,17
Map_9006,9,22,10,10,10,15,10,9,10,9,10,9,9,9,9,9,10,9,11,9,11,9,10,9,10,9
Map_9007,14,23,16,14,16,16,11,11,11,11,11,11,11,11,11,11,11,11,11,11,11,11,11,11,11,11
Map_9008,11,29,11,11,11,12,11,11,11,11,11,11,11,11,11,11,12,11,12,11,12,11,12,11,12,11
Map_9009,51,149,31,30,31,36,31,40,31,40,31,40,30,40,30,40,23,27,23,27,23,27,23,27,23,27
Map_9010,19,75,14,14,14,14,14,14,14,14,14,14,14,14,14,14,14,14,14,14,14,14,14,14,14,14
Map_9011,11,25,9,9,9,9,9,9,9,9,9,9,9,9,9,9,11,9,11,9,11,9,11,9,9,9
Map_9012,13,24,10,10,14,14,10,10,10,10,10,10,10,10,10,10,10,10,10,10,10,10,10,10,10,10
Map_9013,8,89,8,8,8,8,8,8,8,8,8,8,8,8,8,8,8,8,8,8,8,8,8,8,8,8
Map_9014,27,90,34,34,39,15,15,14,15,14,15,14,14,14,14,14,16,14,16,14,16,14,16,14,15,14
Map_9015,17,239,15,15,15,15,15,15,15,15,15,15,15,15,15,15,15,14,15,14,15,14,15,14,15,14
Map_9016,9,14,9,9,9,11,9,9,9,9,9,9,9,9,9,9,9,9,9,9,9,9,9,9,9,9
Map_9017,71,72,34,34,32,34,34,30,34,30,34,30,34,30,34,30,25,27,25,25,25,25,25,30,25,30
Map_9018,16,51,14,14,14,14,14,13,14,13,14,13,14,13,14,13,14,13,14,13,14,13,14,13,14,13
Map_9019,18,35,16,16,16,21,16,16,16,16,16,16,16,16,16,16,16,16,16,16,16,16,16,16,16,16
Map_9020,16,25,10,10,10,12,10,10,10,10,10,10,10,10,10,10,10,10,10,10,10,10,10,10,10,10
Map_9021,6,17,6,6,6,7,6,6,6,6,6,6,6,6,6,6,6,6,6,6,6,6,6,6,6,6
Map_9022,23,57,14,14,14,14,14,14,14,14,14,14,14,14,14,14,14,14,14,14,14,14,14,14,14,14
Map_9023,7,157,7,7,7,7,7,7,7,7,7,7,7,7,7,7,7,7,7,7,7,7,7,7,7,7
Map_9024,77,69,41,40,40,51,30,30,30,30,30,30,30,30,30,30,23,30,23,30,23,30,26,30,26,30
Map_9025,10,163,10,10,10,16,10,10,10,10,10,10,10,10,10,10,10,10,10,10,10,10,10,10,10,10
Map_9026,14,98,12,11,12,11,11,11,11,11,11,11,11,11,11,11,10,11,10,11,10,11,10,11,10,11
Map_9027,11,23,9,9,9,9,9,9,9,9,9,9,9,9,9,9,9,9,9,9,9,9,9,9,9,9
Map_9028,22,23,10,10,10,10,10,10,10,10,10,10,10,10,10,10,10,10,10,10,10,10,10,10,10,10
Map_9029,43,149,22,19,22,22,19,19,19,19,19,19,19,19,19,19,19,19,19,19,19,19,19,19,19,19
Map_9030,8,28,7,7,7,7,8,8,8,8,8,8,8,8,8,8,8,7,8,7,8,7,8,7,8,7
Map_9031,7,20,7,7,7,11,7,7,7,7,7,7,7,7,7,7,10,7,10,7,10,7,7,7,7,7
Map_9032,6,14,6,6,6,6,6,6,6,6,6,6,6,6,6,6,6,6,6,6,6,6,6,6,6,6
Map_9033,18,43,12,12,12,32,12,11,12,11,12,11,11,11,11,11,11,11,11,11,11,11,11,11,11,11
Map_9034,24,44,16,16,16,16,16,16,16,16,16,16,16,16,16,16,13,13,13,13,13,13,13,13,13,13
Map_9035,102,105,32,18,18,39,23,14,23,14,23,14,18,14,18,14,17,14,17,14,17,14,17,14,17,14
Map_9036,15,25,16,15,16,16,13,15,13,15,13,15,13,15,13,15,14,13,14,13,14,13,13,13,13,13
Map_9037,13,17,11,11,11,11,11,11,11,11,11,11,11,11,11,11,11,11,11,11,11,11,11,11,11,11
Map_9038,23,53,24,24,24,27,27,24,27,24,27,24,27,24,27,24,26,18,26,18,26,18,26,18,26,18
Map_9039,14,58,14,14,14,14,14,14,14,14,14,14,14,14,14,14,16,14,16,14,16,14,16,14,16,14
Map_9040,4,9,4,4,4,5,4,4,4,4,4,4,4,4,4,4,4,4,4,4,4,4,4,4,4,4
Map_9041,7,9,6,6,6,6,6,6,6,6,6,6,6,6,6,6,6,6,6,6,6,6,6,6,6,6
Map_9042,23,60,15,15,15,15,15,15,15,15,15,15,15,15,15,15,16,14,16,14,16,14,15,14,15,14
Map_9043,224,116,133,105,126,62,62,61,62,61,62,61,61,61,61,61,47,47,47,47,47,47,47,47,47,47
Map_9044,52,72,19,19,19,25,19,19,19,19,19,19,19,19,19,19,19,18,19,18,19,18,19,18,19,18
Map_9045,20,188,16,16,16,16,16,16,16,16,16,16,16,16,16,16,16,16,16,16,16,16,16,16,16,16
Map_9046,118,208,18,18,25,18,18,25,18,25,18,25,18,25,18,25,18,18,18,18,18,18,18,18,18,25
Map_9047,20,124,15,14,15,16,14,14,14,14,14,14,14,14,14,14,14,14,14,14,14,14,14,14,14,14
Map_9048,29,97,17,17,17,18,16,16,16,16,16,16,16,16,16,16,16,16,16,16,16,16,16,16,16,16
Map_9049,23,41,19,19,21,22,19,19,19,19,19,19,19,19,19,19,20,18,20,18,20,18,18,18,18,18
Map_9050,11,82,10,10,10,10,9,10,9,10,9,10,9,10,9,10,9,9,9,9,9,9,9,9,9,9
Map_9051,7,16,7,7,7,12,7,7,7,7,7,7,7,7,7,7,7,7,7,7,7,7,7,7,7,7
Map_9052,18,75,20,18,20,20,18,19,18,19,18,19,18,19,18,19,15,15,15,15,15,15,15,15,15,15
Map_9053,110,86,20,20,20,21,38,32,38,32,38,32,38,32,38,32,37,20,37,20,37,20,37,20,37,20
Map_9054,37,125,35,35,35,32,32,42,32,42,32,42,42,42,42,42,39,39,39,35,41,35,32,42,32,42
Map_9055,7,63,7,7,7,7,7,7,7,7,7,7,7,7,7,7,7,7,7,7,7,7,7,7,7,7
Map_9056,20,211,13,13,13,13,11,11,11,11,11,11,11,11,11,11,11,11,11,11,11,11,11,11,11,11
Map_9057,37,66,24,22,24,24,22,20,22,20,22,20,22,20,22,20,25,20,25,20,25,20,22,20,22,20
Map_9058,47,232,41,25,41,33,25,24,25,24,25,24,25,24,25,24,21,21,21,21,21,21,21,21,21,21
Map_9059,321,171,29,25,29,36,28,24,28,24,28,24,25,24,24,24,25,20,25,20,25,20,25,20,25,20
Map_9060,27,88,23,23,23,23,20,20,20,20,20,20,20,20,20,20,20,20,20,22,20,22,20,20,20,20
Map_9061,38,97,33,33,33,47,21,21,21,21,21,21,21,21,21,21,21,21,21,21,21,21,21,21,21,21
Map_9062,10,58,9,9,9,10,9,9,9,9,9,9,9,9,9,9,9,9,9,9,9,9,9,9,9,9
Map_9063,26,28,21,21,22,23,21,21,22,21,22,21,21,21,21,21,24,17,25,17,25,17,22,17,22,17
Map_9064,18,61,18,17,18,20,17,17,17,17,17,17,18,18,18,18,18,15,18,15,18,15,17,15,17,15
Map_9065,72,119,12,12,12,12,12,12,12,12,12,12,12,12,12,12,12,12,12,12,12,12,12,12,12,12
Map_9066,15,48,20,14,14,22,12,12,12,12,12,12,12,12,12,12,14,12,14,12,14,12,12,12,12,12
Map_9067,43,93,12,12,12,14,12,12,12,12,12,12,12,12,12,12,12,10,12,10,12,10,12,10,12,10
Map_9068,5,19,5,5,5,5,5,5,5,5,5,5,5,5,5,5,5,5,5,5,5,5,5,5,5,5
Map_9069,13,40,9,9,9,15,9,9,9,9,9,9,9,9,9,9,9,9,9,9,9,9,9,9,9,9
Map_9070,9,26,9,9,9,9,9,9,9,9,9,9,9,9,9,9,9,8,9,8,9,8,9,8,9,8
Map_9071,6,16,6,6,6,6,6,6,6,6,6,6,6,6,6,6,6,6,6,6,6,6,6,6,6,6
Map_9072,27,54,19,15,15,15,9,9,9,9,9,9,9,9,9,9,9,9,9,9,9,9,9,9,9,9
Map_9073,26,67,23,23,23,23,17,17,17,17,17,17,17,17,17,17,19,17,19,17,19,17,17,17,17,17
Map_9074,14,55,14,14,14,28,18,18,18,18,18,18,18,18,18,18,18,14,20,14,20,14,18,14,18,14
Map_9075,29,75,28,27,24,30,19,23,19,21,19,21,19,23,19,23,19,19,19,19,19,19,19,19,19,19
Map_9076,11,19,10,9,10,10,9,9,9,9,9,9,9,9,9,9,11,9,11,9,11,9,9,9,9,9
Map_9077,14,55,9,9,9,9,9,9,9,9,9,9,9,9,9,9,12,9,12,9,12,9,9,9,9,9
Map_9078,60,172,14,14,13,14,14,14,14,14,14,14,14,14,14,14,14,13,14,13,14,13,14,13,14,13
Map_9079,32,112,17,17,17,13,17,12,17,12,17,12,17,12,17,12,13,12,13,12,13,12,13,12,17,12
Map_9080,13,33,11,11,11,11,11,11,11,11,11,11,11,11,11,11,11,11,13,11,13,11,11,11,11,11
Map_9081,11,41,9,9,9,12,9,9,9,9,9,9,9,9,9,9,9,9,9,9,9,9,9,9,9,9
Map_9082,11,73,10,10,10,14,11,10,11,10,11,10,11,10,11,10,13,10,13,10,13,10,11,10,11,10
Map_9083,12,39,13,12,13,14,12,12,12,12,12,12,12,12,12,12,12,12,12,12,12,12,12,12,12,12
Map_9084,24,59,23,23,23,22,18,18,18,18,18,18,18,18,18,18,18,18,19,18,19,18,18,18,18,18
Map_9085,17,67,14,14,13,14,14,14,14,14,14,14,14,14,14,14,12,14,12,13,12,13,12,14,12,14
Map_9086,182,79,32,32,32,37,28,28,28,28,28,28,28,28,28,28,29,28,29,28,29,28,29,28,29,28
Map_9087,8,11,7,7,7,10,7,7,7,7,7,7,7,7,7,7,10,7,10,7,10,7,7,7,7,7
Map_9088,62,38,16,16,29,16,16,33,16,33,16,33,16,33,16,33,16,16,16,16,16,16,16,16,16,16
Map_9089,41,84,33,24,39,35,24,24,24,24,24,24,24,24,24,24,40,16,40,16,40,16,24,16,24,16
Map_9090,6,29,6,6,6,6,6,6,6,6,6,6,6,6,6,6,6,6,6,6,6,6,6,6,6,6
Map_9091,11,17,9,9,9,9,9,9,9,9,9,9,9,9,9,9,9,9,9,9,9,9,9,9,9,9
Map_9092,42,60,29,29,29,47,29,36,29,36,29,36,29,36,29,36,35,29,35,29,35,29,35,29,35,29
Map_9093,16,38,19,18,18,16,16,16,16,16,16,16,16,16,16,16,15,15,16,15,16,15,15,15,15,15
Map_9094,83,112,18,18,18,19,18,18,18,18,18,18,18,18,18,18,18,18,18,18,18,18,18,18,18,18
Map_9095,5,11,5,5,5,5,5,5,5,5,5,5,5,5,5,5,5,5,5,5,5,5,5,5,5,5
Map_9096,13,40,9,9,9,17,9,9,9,9,9,9,9,9,9,9,9,9,9,9,9,9,9,9,9,9
Map_9097,16,85,16,13,17,16,16,13,16,13,16,13,13,13,13,13,16,13,16,13,16,13,16,13,16,13
Map_9098,9,43,9,9,9,9,9,9,9,9,9,9,9,9,9,9,10,9,10,9,10,9,10,9,10,9
Map_9099,20,32,13,12,13,14,13,12,13,12,13,12,12,12,12,12,13,12,13,12,13,12,13,12,13,12
Map_9100,14,28,13,13,13,16,12,12,12,12,12,12,12,12,12,12,12,12,12,12,12,12,12,12,12,12
Map_9101,11,15,11,9,9,11,9,9,9,9,9,9,9,9,9,9,9,9,9,9,9,9,9,9,9,9
Map_9102,10,25,8,8,8,10,8,8,8,8,8,8,8,8,8,8,8,8,8,8,8,8,8,8,8,8
Map_9103,7,64,7,7,7,8,7,7,7,7,7,7,7,7,7,7,7,7,7,7,7,7,7,7,7,7
Map_9104,17,31,13,13,13,13,12,12,12,12,12,12,12,12,12,12,12,12,12,12,12,12,12,12,12,12
Map_9105,23,116,19,19,19,19,19,19,19,19,19,19,19,19,19,19,19,19,19,19,19,19,19,19,19,19
Map_9106,14,109,13,13,13,13,13,13,13,13,13,13,13,13,13,13,14,13,14,13,14,13,13,13,13,13
Map_9107,10,18,8,8,8,10,8,8,8,8,8,8,8,8,8,8,8,8,8,8,8,8,8,8,8,8
Map_9108,24,46,15,15,15,16,10,10,10,10,10,10,10,10,10,10,10,10,10,10,10,10,10,10,10,10
Map_9109,16,38,18,18,20,18,18,14,18,14,18,14,14,14,14,14,14,14,14,13,14,13,14,14,14,14
Map_9110,6,14,6,6,6,6,6,6,6,6,6,6,6,6,6,6,6,6,6,6,6,6,6,6,6,6
Map_9111,15,24,15,15,15,15,11,11,11,11,11,11,11,11,11,11,11,11,11,11,11,11,11,11,11,11
Map_9112,10,20,12,10,12,11,10,10,10,10,10,10,10,10,10,10,10,10,10,10,10,10,10,10,10,10
Map_9113,7,37,13,7,7,13,7,7,7,7,7,7,7,7,7,7,13,7,13,7,13,7,7,7,7,7
Map_9114,12,26,8,8,8,11,8,8,8,8,8,8,8,8,8,8,8,8,8,8,8,8,8,8,8,8
Map_9115,30,77,30,30,33,35,17,30,17,30,17,30,17,30,17,30,17,17,17,17,17,17,17,17,17,17
Map_9116,9,49,10,9,9,10,9,9,9,9,9,9,9,9,9,9,9,9,9,9,9,9,9,9,9,9
Map_9117,13,133,11,11,13,11,11,11,11,11,11,11,11,11,11,11,11,11,11,11,11,11,11,11,11,11
Map_9118,23,54,16,13,13,18,13,13,13,13,13,13,13,13,13,13,16,13,16,13,16,13,16,13,13,13
Map_9119,131,125,39,38,38,40,38,39,38,39,38,39,38,39,38,39,37,37,37,37,41,37,37,37,37,37
Map_9120,6,22,12,6,6,22,6,6,6,6,6,6,6,6,6,6,12,6,12,6,12,6,6,6,6,6
Map_9121,461,155,22,22,22,23,23,22,23,22,23,22,23,22,22,22,22,22,22,22,22,22,22,22,22,22
Map_9122,6,24,6,6,6,6,6,6,6,6,6,6,6,6,6,6,6,6,6,6,6,6,6,6,6,6
Map_9123,18,104,17,17,17,18,17,16,17,16,17,16,17,16,16,16,17,13,17,13,17,13,17,13,17,13
Map_9124,21,71,13,13,14,13,13,13,14,13,14,13,13,13,13,13,14,12,14,12,14,12,14,12,14,12
Map_9125,32,190,19,17,17,18,15,17,15,17,15,17,15,17,15,17,15,15,15,15,15,15,15,15,15,15
Map_9126,7,12,7,7,7,9,7,7,7,7,7,7,7,7,7,7,7,7,7,7,7,7,7,7,7,7
Map_9127,4,43,4,4,4,6,4,4,4,4,4,4,4,4,4,4,4,4,4,4,4,4,4,4,4,4
Map_9128,15,38,14,13,14,14,13,13,13,13,13,13,13,13,13,13,13,14,13,14,13,14,13,13,13,13
Map_9129,79,52,34,34,34,36,32,32,32,32,32,32,32,32,32,32,32,32,32,32,41,32,32,32,32,32
Map_9130,8,25,8,8,8,12,8,8,8,8,8,8,8,8,8,8,8,7,8,7,8,7,8,7,8,7
Map_9131,6,40,6,6,6,6,6,6,6,6,6,6,6,6,6,6,6,6,6,6,6,6,6,6,6,6
Map_9132,91,133,29,29,29,35,15,15,15,15,15,15,15,15,15,15,15,15,15,15,15,15,15,15,15,15
Map_9133,9,81,8,8,8,9,8,8,8,8,8,8,8,8,8,8,8,8,8,8,8,8,8,8,8,8
Map_9134,13,45,14,13,14,16,13,13,13,13,13,13,13,13,13,13,9,9,9,9,9,9,9,9,9,9
Map_9135,5,12,5,5,5,9,5,5,5,5,5,5,5,5,5,5,6,5,6,5,6,5,5,5,5,5
Map_9136,28,148,10,9,9,10,7,7,7,7,7,7,7,7,7,7,7,7,7,7,7,7,7,7,7,7
Map_9137,7,42,9,11,7,15,11,7,11,7,11,7,11,7,11,7,9,7,9,7,9,7,11,7,11,7
Map_9138,25,58,19,19,19,19,19,18,19,18,19,18,19,19,19,19,18,20,18,20,18,17,17,18,17,18
Map_9139,19,53,24,24,25,29,18,18,18,18,18,18,18,18,18,18,18,18,18,18,18,18,18,18,18,18
Map_9140,10,29,10,10,10,10,10,10,10,10,10,10,10,10,10,10,11,10,11,10,11,10,10,10,10,10
Map_9141,38,96,14,14,14,17,14,14,14,14,14,14,14,14,14,14,15,14,15,14,15,14,14,14,14,14
Map_9142,16,54,19,19,20,22,19,17,20,17,20,17,19,17,19,17,20,16,20,16,20,16,20,16,20,16
Map_9143,11,39,12,12,12,12,12,12,12,12,12,12,12,12,12,12,11,11,11,11,11,11,11,11,11,11
Map_9144,17,46,9,9,9,9,9,9,9,9,9,9,9,9,9,9,10,9,12,9,12,9,9,9,9,9
Map_9145,16,54,9,8,9,10,8,8,8,8,8,8,8,8,8,8,8,8,8,8,8,8,8,8,8,8
Map_9146,20,30,16,16,16,23,16,16,16,16,16,16,16,16,16,16,17,16,17,16,17,16,17,16,17,16
Map_9147,7,21,12,9,7,12,9,7,9,7,9,7,9,7,9,7,9,7,9,7,9,7,9,7,9,7
Map_9148,15,104,11,11,11,15,12,11,12,11,12,11,12,11,12,11,14,11,14,11,14,11,12,11,12,11
Map_9149,9,20,9,9,9,9,9,9,9,9,9,9,9,9,9,9,9,9,9,9,9,9,9,9,9,9
Map_9150,14,32,14,14,14,14,14,14,14,14,14,14,14,14,14,14,17,14,17,14,17,14,17,14,17,14
Map_9151,6,9,7,6,6,7,6,6,6,6,6,6,6,6,6,6,6,6,6,6,6,6,6,6,6,6
Map_9152,10,90,13,13,13,14,10,10,10,10,10,10,10,10,10,10,10,10,10,10,10,10,10,10,10,10
Map_9153,112,157,15,15,15,30,24,15,24,15,24,15,24,15,24,15,24,15,29,15,29,15,24,15,24,15
Map_9154,10,57,10,10,10,14,10,10,10,10,10,10,10,10,10,10,10,10,10,10,10,10,10,10,10,10
Map_9155,29,67,28,28,28,28,28,24,28,24,28,24,28,24,28,24,25,24,25,24,25,24,28,24,28,24
Map_9156,28,110,28,28,40,29,28,45,28,45,28,45,28,45,28,45,28,28,28,28,28,28,28,28,28,40
Map_9157,36,106,21,21,21,24,21,25,21,25,21,25,21,25,21,25,21,21,21,21,21,21,21,21,21,21
Map_9158,30,49,24,24,24,24,26,23,26,23,26,23,26,23,25,23,26,23,26,23,26,23,26,23,26,23
Map_9159,28,43,10,10,10,10,10,10,10,10,10,10,10,10,10,10,10,10,12,10,12,10,10,10,10,10
Map_9160,22,74,24,24,26,24,24,24,24,24,24,24,24,24,24,24,23,21,23,21,23,21,22,21,22,21
Map_9161,7,13,7,7,7,7,7,7,7,7,7,7,7,7,7,7,7,7,7,7,7,7,7,7,7,7
Map_9162,10,29,10,10,10,10,10,10,10,10,10,10,10,10,10,10,11,10,11,10,11,10,11,10,11,10
Map_9163,23,258,14,14,17,14,14,13,14,13,14,13,14,13,14,13,14,13,15,13,15,13,14,13,14,13
Map_9164,21,44,21,21,21,21,21,21,21,21,21,21,21,21,21,21,21,17,21,17,21,17,21,17,21,17
Map_9165,11,53,11,11,9,12,9,11,9,11,9,11,9,11,9,11,9,9,9,9,9,9,9,9,9,9
Map_9166,10,51,9,9,10,13,9,9,9,9,9,9,9,9,9,9,9,9,9,9,9,9,9,9,9,9
Map_9167,9,62,10,10,10,10,10,10,10,10,10,10,10,10,10,10,9,10,9,9,9,9,9,10,9,10
Map_9168,8,201,5,5,5,5,5,5,5,5,5,5,5,5,5,5,5,5,5,5,5,5,5,5,5,5
Map_9169,92,109,36,36,52,39,39,38,39,38,39,38,39,38,38,38,39,36,39,32,39,32,36,36,36,36
Map_9170,15,324,11,11,11,15,11,15,11,15,11,15,11,15,11,15,12,11,12,11,12,11,11,11,11,11
Map_9171,14,22,12,12,12,14,12,12,12,12,12,12,12,12,12,12,11,11,11,11,11,11,11,11,11,11
Map_9172,13,123,12,12,12,29,12,12,12,12,12,12,12,12,12,12,12,12,12,12,12,12,12,12,12,12
Map_9173,12,290,15,15,15,15,15,12,15,12,15,12,12,12,12,12,11,11,13,11,13,11,11,11,11,11
Map_9174,31,59,13,13,13,14,13,13,13,13,13,13,13,13,13,13,13,13,13,13,13,13,13,13,13,13
Map_9175,33,76,22,22,20,22,17,22,17,22,17,22,17,22,17,22,17,17,17,17,17,17,17,17,17,17
Map_9176,7,59,7,7,7,13,7,7,7,7,7,7,7,7,7,7,7,7,7,7,7,7,7,7,7,7
Map_9177,9,37,9,9,9,13,9,9,9,9,9,9,9,9,9,9,10,9,10,9,10,9,9,9,9,9
Map_9178,24,135,11,11,11,11,11,11,11,11,11,11,11,11,11,11,12,11,12,11,12,11,11,11,11,11
Map_9179,48,115,11,11,11,12,11,11,11,11,11,11,11,11,11,11,11,11,11,11,11,11,11,11,11,11
Map_9180,115,92,39,39,39,64,39,39,39,39,39,39,39,39,39,39,38,41,38,38,38,38,41,41,41,41
Map_9181,6,14,6,6,6,6,6,6,6,6,6,6,6,6,6,6,6,6,6,6,6,6,6,6,6,6
Map_9182,8,64,8,8,8,8,8,8,8,8,8,8,8,8,8,8,8,8,8,8,8,8,8,8,8,8
Map_9183,18,282,10,10,10,11,11,10,11,10,11,10,10,10,10,10,10,10,10,10,10,10,10,10,10,10
Map_9184,8,18,6,6,6,6,6,6,6,6,6,6,6,6,6,6,6,6,6,6,6,6,6,6,6,6
Map_9185,12,26,10,10,10,12,10,10,10,10,10,10,10,10,10,10,11,10,11,10,11,10,10,10,10,10
Map_9186,72,155,13,13,10,18,13,10,13,10,13,10,13,10,13,10,13,10,13,10,13,10,13,10,13,10
Map_9187,44,125,19,19,19,19,19,19,19,19,19,19,19,19,19,19,17,17,17,17,17,17,17,17,17,17
Map_9188,15,103,12,12,12,12,12,12,12,12,12,12,12,12,12,12,12,12,12,12,12,12,12,12,12,12
Map_9189,18,27,14,14,18,14,14,14,14,14,14,14,14,14,14,14,15,14,15,14,15,14,15,14,15,14
Map_9190,277,103,27,26,27,76,14,13,14,13,14,13,13,13,13,13,14,13,14,13,14,13,14,13,14,13
Map_9191,45,119,17,17,17,17,17,17,17,17,17,17,17,17,17,17,21,17,22,17,22,17,17,17,17,17
Map_9192,17,30,25,25,25,25,15,15,15,15,15,15,15,15,15,15,15,15,15,15,15,15,15,15,15,15
Map_9193,10,16,10,10,10,11,10,10,10,10,10,10,10,10,10,10,10,10,10,10,10,10,10,10,10,10
Map_9194,17,53,9,9,9,11,9,9,9,9,9,9,9,9,9,9,9,9,9,9,9,9,9,9,9,9
Map_9195,14,109,14,14,14,14,13,13,13,13,13,13,13,13,13,13,13,13,13,13,13,13,13,13,13,13
Map_9196,15,38,11,11,11,19,11,11,11,11,11,11,11,11,11,11,11,11,11,11,11,11,11,11,11,11
Map_9197,45,107,28,28,28,42,28,28,28,28,28,28,28,28,28,28,25,20,25,23,25,23,20,20,20,20
Map_9198,12,40,13,13,13,14,13,12,13,12,13,12,12,12,12,12,13,12,13,12,13,12,13,12,13,12
Map_9199,16,55,8,8,8,8,8,8,8,8,8,8,8,8,8,8,8,8,8,8,8,8,8,8,8,8
Map_9200,6,18,6,6,6,6,6,6,6,6,6,6,6,6,6,6,6,6,6,6,6,6,6,6,6,6
Map_9201,13,32,11,11,15,14,11,11,11,11,11,11,11,11,11,11,11,11,11,11,11,11,11,11,11,11
Map_9202,20,77,11,11,13,11,11,11,11,11,11,11,11,11,11,11,11,11,11,11,11,11,11,11,11,11
Map_9203,9,25,10,9,10,12,9,9,9,9,9,9,9,9,9,9,11,9,11,9,11,9,9,9,9,9
Map_9204,26,46,14,14,14,14,14,14,14,14,14,14,14,14,14,14,17,14,17,14,17,14,17,14,14,14
Map_9205,10,24,9,9,9,10,9,9,9,9,9,9,9,9,9,9,9,9,9,9,9,9,9,9,9,9
Map_9206,21,27,14,14,14,14,13,14,13,14,13,14,13,14,13,14,14,13,14,13,14,13,14,13,14,13
Map_9207,19,51,16,16,16,18,16,16,16,16,16,16,16,18,18,18,16,16,17,16,17,16,16,16,16,16
Map_9208,31,48,22,23,22,32,22,24,22,24,22,24,24,24,24,24,22,22,22,22,22,22,22,23,22,23
Map_9209,27,58,26,55,26,34,29,26,29,26,29,26,29,26,29,55,31,27,31,27,31,27,31,29,29,26
Map_9210,37,105,23,23,23,23,16,16,16,16,16,16,16,16,16,16,16,16,16,16,16,16,16,16,16,16
Map_9211,5,17,5,5,5,6,5,5,5,5,5,5,5,5,5,5,5,5,5,5,5,5,5,5,5,5
Map_9212,5,20,5,5,5,5,5,5,5,5,5,5,5,5,5,5,5,5,5,5,5,5,5,5,5,5
Map_9213,21,40,16,16,16,19,16,16,16,16,16,16,16,16,16,16,15,16,15,13,15,13,15,16,15,16
Map_9214,49,200,15,15,15,15,15,15,15,15,15,15,15,15,15,15,15,15,15,15,15,15,15,15,15,15
Map_9215,21,35,19,19,19,21,17,17,17,17,17,17,17,17,17,17,18,17,18,17,18,17,17,17,17,17
Map_9216,14,48,14,14,14,13,13,13,13,13,13,13,13,13,13,13,14,13,14,13,14,13,13,13,13,13
Map_9217,4,15,4,4,4,9,4,4,4,4,4,4,4,4,4,4,4,4,4,4,4,4,4,4,4,4
Map_9218,9,20,10,10,10,10,9,9,9,9,9,9,9,9,9,9,9,9,9,9,9,9,9,9,9,9
Map_9219,14,51,10,9,10,10,9,9,9,9,9,9,9,9,9,9,9,9,9,9,9,9,9,9,9,9
Map_9220,12,30,10,10,10,10,10,10,10,10,10,10,10,10,10,10,11,10,10,10,10,10,10,10,10,10
Map_9221,25,36,16,16,16,30,16,16,16,16,16,16,16,16,16,16,18,16,25,16,25,16,16,16,16,16
Map_9222,17,41,11,11,11,12,11,11,11,11,11,11,11,11,11,11,12,11,12,11,12,11,11,11,11,11
Map_9223,12,41,13,12,13,13,13,12,13,12,13,12,12,12,12,12,15,12,15,12,15,12,13,12,13,12
Map_9224,8,66,9,8,9,11,8,8,8,8,8,8,8,8,8,8,8,8,8,8,8,8,8,8,8,8
Map_9225,27,114,10,10,10,10,10,10,10,10,10,10,10,10,10,10,10,10,10,10,10,10,10,10,10,10
Map_9226,26,201,12,12,12,23,14,12,14,12,14,12,12,12,12,12,14,12,14,12,14,12,14,12,14,12
Map_9227,144,94,19,19,14,58,15,13,15,13,15,13,15,13,15,13,15,13,15,13,15,13,15,13,15,13
Map_9228,7,189,7,7,7,10,7,7,7,7,7,7,7,7,7,7,7,7,7,7,7,7,7,7,7,7
Map_9229,14,64,7,7,7,8,7,7,7,7,7,7,7,7,7,7,7,7,7,7,7,7,7,7,7,7
Map_9230,40,110,15,15,22,15,15,15,15,15,15,15,15,15,15,15,15,15,15,15,15,15,15,15,15,15
Map_9231,21,45,9,9,9,9,9,9,9,9,9,9,9,9,9,9,9,9,9,9,9,9,9,9,9,9
Map_9232,15,99,9,9,9,9,9,9,9,9,9,9,9,9,9,9,9,9,9,9,9,9,9,9,9,9
Map_9233,14,48,13,13,13,15,13,13,13,13,13,13,13,13,13,13,13,13,19,13,19,13,13,13,13,13
Map_9234,24,33,8,8,8,8,8,8,8,8,8,8,8,8,8,8,8,8,8,8,8,8,8,8,8,8
Map_9235,13,23,13,13,13,13,12,13,12,13,12,13,12,13,12,13,13,11,13,11,13,11,11,11,11,11
Map_9236,8,13,9,9,9,11,9,8,9,8,9,8,9,8,9,8,9,8,9,8,9,8,9,8,9,8
Map_9237,15,35,14,14,14,14,13,13,13,13,13,13,13,13,13,13,13,13,13,13,13,13,13,13,13,13
Map_9238,12,73,12,12,12,12,12,11,12,11,12,11,11,11,11,11,12,11,12,11,12,11,12,11,12,11
Map_9239,25,151,8,8,8,8,8,8,8,8,8,8,8,8,8,8,8,8,8,8,8,8,8,8,8,8
Map_9240,24,232,18,18,18,18,18,18,18,18,18,18,18,18,18,18,19,18,19,17,19,17,18,18,18,18
Map_9241,19,138,9,9,9,9,9,9,9,9,9,9,9,9,9,9,9,9,9,9,9,9,9,9,9,9
Map_9242,25,57,24,24,24,24,24,20,24,20,24,20,24,20,24,20,24,19,24,19,24,19,24,19,24,19
Map_9243,15,40,15,15,15,15,15,16,15,16,15,16,15,16,15,16,15,15,15,15,15,15,15,16,15,16
Map_9244,6,75,6,6,6,8,6,6,6,6,6,6,6,6,6,6,6,6,6,6,6,6,6,6,6,6
Map_9245,35,161,13,13,13,13,11,11,11,11,11,11,11,11,11,11,11,11,11,11,11,11,11,11,11,11
Map_9246,30,103,14,14,14,14,14,14,14,14,14,14,14,14,14,14,14,14,14,14,14,14,14,14,14,14
Map_9247,7,13,7,7,7,8,7,7,7,7,7,7,7,7,7,7,7,7,7,7,7,7,7,7,7,7
Map_9248,8,20,8,8,8,8,8,7,8,7,8,7,8,7,7,7,8,7,8,7,8,7,8,7,8,7
Map_9249,12,63,12,12,12,14,12,12,12,12,12,12,12,12,12,12,12,12,12,12,12,12,12,12,12,12
Map_9250,5,21,5,5,5,5,5,5,5,5,5,5,5,5,5,5,5,5,5,5,5,5,5,5,5,5
Map_9251,35,81,13,13,13,13,13,13,13,13,13,13,13,13,13,13,12,13,12,13,12,13,11,13,11,13
Map_9252,16,33,12,12,12,21,12,12,12,12,12,12,12,12,12,12,12,11,12,11,12,11,12,11,12,11
Map_9253,12,49,13,11,13,14,11,11,11,11,11,11,11,11,11,11,13,11,13,11,13,11,11,11,11,11
Map_9254,16,40,14,14,14,32,14,14,14,14,14,14,14,14,14,14,20,14,20,14,20,14,14,14,14,14
Map_9255,26,142,21,21,21,62,21,24,21,24,21,24,21,24,21,24,21,21,21,21,21,21,21,21,21,21
Map_9256,9,26,9,9,9,9,9,8,9,8,9,8,8,8,8,8,9,8,9,8,9,8,9,8,9,8
Map_9257,27,43,23,23,23,27,23,22,23,22,23,22,22,22,22,22,21,22,21,21,21,21,21,22,21,22
Map_9258,9,15,9,8,9,10,9,8,9,8,9,8,8,8,8,8,9,8,9,8,9,8,8,8,8,8
Map_9259,12,28,12,12,12,19,12,12,15,12,15,12,12,12,12,12,16,12,16,12,16,12,15,12,12,12
Map_9260,149,129,21,21,21,21,17,17,17,17,17,17,17,17,17,17,17,17,17,17,17,17,17,17,17,17
Map_9261,36,160,21,21,21,39,35,25,35,25,35,25,35,25,35,25,34,25,37,25,37,25,34,25,34,25
Map_9262,13,41,10,10,10,10,10,10,10,10,10,10,10,10,10,10,10,9,10,9,10,9,10,9,10,9
Map_9263,7,13,7,7,7,7,7,7,7,7,7,7,7,7,7,7,7,7,7,7,7,7,7,7,7,7
Map_9264,13,39,13,13,13,13,13,13,13,13,13,13,13,13,13,13,13,13,13,13,13,13,13,13,13,13
Map_9265,5,7,5,5,5,5,5,5,5,5,5,5,5,5,5,5,5,5,5,5,5,5,5,5,5,5
Map_9266,64,209,25,25,25,25,21,21,21,21,21,21,21,21,21,21,22,21,22,21,22,21,22,21,21,21
Map_9267,13,36,8,8,8,8,8,8,8,8,8,8,8,8,8,8,8,8,8,8,8,8,8,8,8,8
Map_9268,6,22,5,5,5,6,5,5,5,5,5,5,5,5,5,5,6,5,6,5,9,5,5,5,5,5
Map_9269,7,24,7,7,7,11,7,7,7,7,7,7,7,7,7,7,7,7,7,7,7,7,7,7,7,7
Map_9270,20,48,9,9,9,10,9,9,9,9,9,9,9,9,9,9,9,9,9,9,9,9,9,9,9,9
Map_9271,9,60,8,8,8,8,8,8,8,8,8,8,8,8,8,8,8,8,8,8,8,8,8,8,8,8
Map_9272,57,63,43,43,43,34,32,32,32,32,32,32,32,32,32,32,32,29,32,29,32,29,32,29,32,29
Map_9273,15,34,14,14,14,15,13,14,13,14,13,14,13,14,13,14,13,13,13,13,13,13,13,13,13,13
Map_9274,6,21,6,6,6,9,6,6,6,6,6,6,6,6,6,6,6,6,6,6,6,6,6,6,6,6
Map_9275,12,95,12,10,10,12,10,8,10,8,10,8,10,8,10,8,12,8,11,8,11,8,10,8,10,8
Map_9276,7,12,5,5,5,8,5,5,5,5,5,5,5,5,5,5,5,5,5,5,5,5,5,5,5,5
Map_9277,114,88,61,33,61,61,33,33,33,33,33,33,33,33,33,33,33,33,33,33,33,33,33,33,33,33
Map_9278,27,120,22,22,22,23,22,20,22,20,22,20,22,20,22,20,22,20,22,20,22,20,22,20,22,20
Map_9279,11,78,8,8,8,8,8,8,8,8,8,8,8,8,8,8,8,8,8,8,8,8,8,8,8,8
Map_9280,7,13,7,7,8,7,7,7,8,7,8,7,7,7,7,7,7,7,7,7,7,7,7,7,7,7
Map_9281,34,30,24,24,24,24,20,20,20,20,20,20,20,20,20,20,21,20,21,20,21,20,20,20,20,20
Map_9282,14,48,14,14,14,14,14,15,14,15,14,15,14,15,14,15,14,14,14,14,14,14,14,14,14,14
Map_9283,5,20,5,5,5,6,5,5,5,5,5,5,5,5,5,5,5,5,5,5,5,5,5,5,5,5
Map_9284,10,60,6,6,6,15,6,6,6,6,6,6,6,6,6,6,6,6,6,6,6,6,6,6,6,6
Map_9285,18,40,17,17,17,18,17,14,17,14,17,14,17,14,17,14,17,14,17,14,17,14,17,14,17,14
Map_9286,7,12,9,7,7,9,7,7,7,7,7,7,7,7,7,7,9,7,9,7,9,7,7,7,7,7
Map_9287,32,66,23,23,23,23,15,22,15,22,15,22,15,22,15,22,15,15,15,15,15,15,15,15,15,15
Map_9288,8,19,9,8,8,9,8,8,8,8,8,8,8,8,8,8,9,8,9,8,9,8,8,8,8,8
Map_9289,17,58,16,16,16,16,16,16,16,16,16,16,16,16,16,16,16,16,16,16,16,16,16,16,16,16
Map_9290,11,74,11,11,11,22,15,11,15,11,15,11,15,11,15,11,15,11,15,11,15,11,15,11,15,11
Map_9291,15,252,15,15,15,17,15,15,15,15,15,15,15,15,15,15,15,15,22,15,22,15,15,15,15,15
Map_9292,143,74,57,57,60,65,25,17,25,17,25,17,25,17,25,17,25,17,25,17,25,17,25,17,25,17
Map_9293,43,176,23,23,23,19,18,22,18,22,18,22,18,18,18,18,18,17,18,17,18,17,18,17,18,17
Map_9294,12,23,10,10,10,11,10,10,10,10,10,10,10,10,10,10,10,10,10,9,10,9,10,10,10,10
Map_9295,11,28,12,11,12,18,11,11,11,11,11,11,11,11,11,11,10,10,10,10,10,10,10,10,10,10
Map_9296,45,49,17,17,18,17,17,17,18,17,18,17,17,17,17,17,18,17,18,17,18,17,18,17,18,17
Map_9297,27,53,12,12,23,16,12,12,12,12,12,12,12,12,12,12,12,12,12,12,12,12,12,12,12,12
Map_9298,42,80,25,25,25,36,25,26,25,26,25,26,25,26,25,24,19,16,17,16,17,16,19,16,19,16
Map_9299,9,21,9,9,9,9,8,8,8,8,8,8,8,8,8,8,8,8,8,8,8,8,8,8,8,8
Map_9300,11,23,14,14,14,12,14,11,14,11,14,11,13,11,13,11,12,11,12,11,12,11,12,11,12,11
Map_9301,19,233,20,20,20,21,20,19,20,19,20,19,20,19,19,19,20,19,20,19,20,19,20,19,20,19
Map_9302,28,49,25,24,25,25,25,24,25,24,25,24,24,24,24,24,25,23,25,23,25,23,25,23,25,23
Map_9303,9,192,9,9,9,9,9,9,9,9,9,9,9,9,9,9,9,9,9,9,9,9,9,9,9,9
Map_9304,12,46,12,12,12,13,12,12,12,12,12,12,12,12,12,12,12,12,12,12,12,12,12,12,12,12
Map_9305,12,59,12,12,12,17,13,12,13,12,13,12,12,12,12,12,12,12,12,12,12,12,12,12,12,12
Map_9306,24,59,18,18,18,18,21,17,21,17,21,17,21,17,21,17,21,17,21,17,23,17,21,17,21,17
Map_9307,44,234,39,39,39,39,35,35,35,35,35,35,35,35,35,35,32,27,32,27,32,27,32,27,32,27
Map_9308,8,109,8,8,8,14,8,8,8,8,8,8,8,8,8,8,8,8,8,8,8,8,8,8,8,8
Map_9309,17,33,9,9,10,9,9,9,9,9,9,9,9,9,9,9,9,9,9,9,9,9,9,9,9,9
Map_9310,6,19,6,6,6,6,6,6,6,6,6,6,6,6,6,6,6,6,6,6,6,6,6,6,6,6
Map_9311,9,63,9,9,9,9,9,9,9,9,9,9,9,9,9,9,9,9,9,9,9,9,9,9,9,9
Map_9312,10,15,10,9,9,10,9,9,9,9,9,9,9,9,9,9,10,9,10,9,10,9,9,9,9,9
Map_9313,40,57,15,15,15,22,17,15,17,15,17,15,15,15,15,15,18,15,18,15,18,15,18,15,17,15
Map_9314,43,51,16,16,16,17,16,16,16,16,16,16,16,16,16,16,15,15,15,15,15,15,15,15,15,15
Map_9315,10,35,10,10,10,16,11,10,11,10,11,10,11,10,11,10,11,10,11,10,11,10,11,10,11,10
Map_9316,32,67,30,31,31,25,22,21,22,21,22,21,21,21,21,21,20,20,20,20,20,20,20,20,20,20
Map_9317,85,82,23,23,23,23,23,23,23,23,23,23,23,23,23,23,21,21,21,21,21,21,21,21,21,21
Map_9318,13,28,11,11,11,12,11,11,11,11,11,11,11,11,11,11,15,11,15,11,15,11,11,11,11,11
Map_9319,6,31,6,6,6,6,6,6,6,6,6,6,6,6,6,6,6,6,6,6,6,6,6,6,6,6
Map_9320,14,43,9,9,9,10,9,9,9,9,9,9,9,9,9,9,9,9,9,9,9,9,9,9,9,9
Map_9321,19,77,22,22,22,22,13,13,13,13,13,13,13,13,13,13,13,13,13,13,13,13,13,13,13,13
Map_9322,6,10,6,6,6,6,6,6,6,6,6,6,6,6,6,6,6,6,6,6,6,6,6,6,6,6
Map_9323,7,15,9,7,7,13,7,7,7,7,7,7,7,7,7,7,7,7,7,7,7,7,7,7,7,7
Map_9324,6,28,6,6,6,6,6,6,6,6,6,6,6,6,6,6,6,6,6,6,6,6,6,6,6,6
Map_9325,34,159,19,19,19,18,18,18,18,18,18,18,18,18,18,18,18,18,18,18,18,18,18,18,18,18
Map_9326,5,13,5,5,5,6,5,5,5,5,5,5,5,5,5,5,5,5,5,5,5,5,5,5,5,5
Map_9327,10,43,7,7,7,8,7,7,7,7,7,7,7,7,7,7,7,7,7,7,7,7,7,7,7,7
Map_9328,24,41,16,16,17,17,13,16,13,16,13,16,13,16,13,16,14,13,14,13,14,13,13,13,13,13
Map_9329,7,10,5,5,5,7,5,5,5,5,5,5,5,5,5,5,5,5,7,5,7,5,5,5,5,5
Map_9330,14,26,16,15,16,19,13,13,13,13,13,13,13,13,13,13,14,13,14,13,14,13,14,13,13,13
Map_9331,21,76,16,16,17,23,16,16,16,16,16,16,16,16,16,16,16,16,16,16,16,16,16,16,16,16
Map_9332,17,25,13,13,12,15,14,13,14,13,14,13,14,13,14,13,14,12,14,12,14,12,14,12,14,12
Map_9333,5,8,5,5,5,5,5,5,5,5,5,5,5,5,5,5,5,5,5,5,5,5,5,5,5,5
Map_9334,23,31,15,15,15,17,15,15,15,15,15,15,15,15,15,15,15,15,24,15,24,15,15,15,15,15
Map_9335,43,112,16,15,20,16,16,15,16,15,16,15,15,15,15,15,16,15,16,15,16,15,16,15,16,15
Map_9336,15,27,12,12,12,12,12,13,12,13,12,13,12,13,12,13,13,12,13,12,13,12,12,12,12,13
Map_9337,28,54,18,18,22,18,18,18,18,18,18,18,18,18,18,18,18,18,18,18,18,18,18,18,18,18
Map_9338,13,56,8,8,8,8,8,8,8,8,8,8,8,8,8,8,8,8,8,8,8,8,8,8,8,8
Map_9339,158,61,53,53,60,64,44,38,44,38,44,38,44,38,44,38,38,38,38,38,38,38,38,38,38,38
Map_9340,14,28,14,11,12,14,11,11,11,11,11,11,11,11,11,11,11,11,11,11,11,11,11,11,11,11
Map_9341,33,164,24,24,22,19,15,25,15,25,15,25,15,25,15,25,15,15,15,15,15,15,15,18,15,22
Map_9342,6,12,8,6,6,10,6,6,6,6,6,6,6,6,6,6,6,6,6,6,6,6,6,6,6,6
Map_9343,10,50,8,8,8,8,8,8,8,8,8,8,8,8,8,8,8,8,8,8,8,8,8,8,8,8
Map_9344,5,50,5,5,5,5,5,5,5,5,5,5,5,5,5,5,5,5,5,5,5,5,5,5,5,5
Map_9345,8,41,8,8,8,11,8,8,8,8,8,8,8,8,8,8,8,8,8,8,8,8,8,8,8,8
Map_9346,46,44,18,18,18,34,18,18,18,18,18,18,18,18,18,18,12,16,12,12,12,12,12,18,12,18
Map_9347,18,100,10,10,10,16,16,10,16,10,16,10,10,10,10,10,14,10,14,10,14,10,14,10,14,10
Map_9348,9,58,9,9,9,14,9,9,9,9,9,9,9,9,9,9,9,9,9,9,9,9,9,9,9,9
Map_9349,13,41,11,11,12,16,11,11,11,11,11,11,11,11,11,11,11,11,11,11,11,11,11,11,11,11
Map_9350,8,15,9,9,8,10,8,8,8,8,8,8,8,8,8,8,8,8,8,8,8,8,8,8,8,8
Map_9351,28,40,28,28,27,28,28,27,28,27,28,27,28,27,28,27,23,23,23,23,23,23,23,23,23,23
Map_9352,7,25,7,7,7,7,7,7,7,7,7,7,7,7,7,7,7,7,7,7,7,7,7,7,7,7
Map_9353,20,59,16,16,19,20,16,16,16,16,16,16,16,16,16,16,16,15,18,15,18,15,16,15,16,15
Map_9354,40,116,19,19,19,19,24,24,24,24,24,24,24,24,24,24,17,17,17,17,17,17,17,17,17,17
Map_9355,19,137,24,19,17,21,20,19,20,17,20,17,18,19,18,19,15,15,15,15,15,15,15,15,15,15
Map_9356,30,73,15,15,15,15,15,15,15,15,15,15,15,15,15,15,15,15,15,15,15,15,15,15,15,15
Map_9357,14,25,18,18,18,24,18,18,18,18,18,18,18,18,18,18,19,13,19,13,19,13,16,13,16,13
Map_9358,18,29,13,13,8,19,13,8,13,8,13,8,13,8,13,8,11,8,11,8,11,8,11,8,11,8
Map_9359,52,108,25,25,25,31,27,25,27,25,27,25,27,25,27,25,26,25,26,25,26,25,26,25,26,25
Map_9360,27,39,11,11,11,11,11,11,11,11,11,11,11,11,11,11,11,11,11,11,11,11,11,11,11,11
Map_9361,50,54,23,23,26,26,23,23,23,23,23,23,23,23,23,23,17,13,17,13,17,13,17,13,17,13
Map_9362,58,45,29,22,29,29,22,22,23,22,23,22,22,22,22,22,23,22,23,22,23,22,23,22,23,22
Map_9363,8,133,8,8,8,8,8,8,8,8,8,8,8,8,8,8,8,8,8,8,8,8,8,8,8,8
Map_9364,26,77,12,12,12,18,12,12,12,12,12,12,12,12,12,12,12,12,12,12,12,12,12,12,12,12
Map_9365,16,94,13,13,12,16,13,12,13,12,13,12,13,12,13,12,13,12,13,12,13,12,13,12,13,12
Map_9366,7,94,8,8,8,8,7,7,7,7,7,7,7,7,7,7,8,7,8,7,8,7,7,7,7,7
Map_9367,40,139,10,10,10,41,10,9,10,9,10,9,9,9,9,9,10,9,10,9,10,9,10,9,10,9
Map_9368,5,14,5,5,5,5,5,5,5,5,5,5,5,5,5,5,5,5,5,5,5,5,5,5,5,5
Map_9369,65,106,39,39,39,44,37,25,37,25,37,25,37,51,37,51,25,25,25,25,25,25,25,25,25,25
Map_9370,9,15,11,9,11,11,9,9,9,9,9,9,9,9,9,9,10,10,10,10,10,10,9,9,9,9
Map_9371,19,81,19,19,19,19,19,19,19,19,19,19,19,19,19,19,24,19,24,19,24,19,19,19,19,19
Map_9372,10,33,10,10,10,10,10,10,10,10,10,10,10,10,10,10,10,9,10,9,10,9,10,9,10,9
Map_9373,9,20,9,9,9,10,9,9,9,9,9,9,9,9,9,9,9,9,9,9,9,9,9,9,9,9
Map_9374,25,53,12,12,12,13,16,12,16,12,16,12,16,12,16,12,16,12,16,12,16,12,16,12,16,12
Map_9375,27,54,15,15,15,17,15,15,15,15,15,15,15,15,15,15,15,15,15,15,15,15,15,15,15,15
Map_9376,13,152,11,11,11,11,11,11,11,11,11,11,11,11,11,11,11,11,11,11,11,11,11,11,11,11
Map_9377,22,32,14,14,14,14,14,14,14,14,14,14,14,14,14,14,14,14,16,14,16,14,14,14,14,14
Map_9378,37,42,25,25,25,26,25,25,25,25,25,25,25,25,25,25,21,25,21,21,21,21,21,25,21,25
Map_9379,18,36,13,12,13,12,12,11,12,11,12,11,12,11,11,11,12,11,12,11,15,11,12,11,12,11
Map_9380,9,23,11,9,11,9,9,9,9,9,9,9,9,9,9,9,9,9,9,9,9,9,9,9,9,9
Map_9381,18,24,13,13,13,26,13,13,13,13,13,13,13,13,13,13,13,11,13,11,13,11,13,11,13,11
Map_9382,9,16,8,7,8,8,7,7,7,7,7,7,7,7,7,7,7,7,7,7,7,7,7,7,7,7
Map_9383,10,96,10,10,10,10,10,10,10,10,10,10,10,10,10,10,10,10,10,10,10,10,10,10,10,10
Map_9384,27,110,33,33,33,39,34,23,34,23,34,23,34,23,34,23,36,23,36,23,36,23,36,23,36,23
Map_9385,10,25,9,9,9,13,9,9,9,9,9,9,9,9,9,9,9,9,9,9,9,9,9,9,9,9
Map_9386,16,28,16,14,12,19,12,12,12,12,12,12,12,12,12,12,12,12,12,12,15,12,12,12,12,12
Map_9387,5,8,5,5,5,5,5,5,5,5,5,5,5,5,5,5,5,5,5,5,5,5,5,5,5,5
Map_9388,63,43,22,22,22,22,20,21,20,21,20,21,20,21,20,21,20,20,20,20,20,20,20,20,20,20
Map_9389,23,27,15,14,16,15,14,14,14,14,14,14,14,14,14,14,15,14,15,14,15,14,14,14,14,14
Map_9390,12,53,12,12,12,14,12,12,12,12,12,12,12,12,12,12,13,12,13,12,13,12,13,12,13,12
Map_9391,61,65,32,32,37,43,32,32,32,32,32,32,32,32,32,32,37,32,48,32,48,32,37,32,32,32
Map_9392,9,19,9,9,9,9,9,9,9,9,9,9,9,9,9,9,9,9,9,9,9,9,9,9,9,9
Map_9393,29,79,18,18,18,19,18,18,18,18,18,18,18,18,18,18,21,18,21,18,21,18,21,18,20,18
Map_9394,11,29,8,8,8,8,8,8,8,8,8,8,8,8,8,8,8,8,8,8,8,8,8,8,8,8
Map_9395,9,26,9,9,9,14,9,9,9,9,9,9,9,9,9,9,9,9,9,9,9,9,9,9,9,9
Map_9396,22,33,11,10,11,11,10,10,10,10,10,10,10,10,10,10,13,10,13,10,13,10,13,10,10,10
Map_9397,11,48,11,11,11,11,11,11,11,11,11,11,11,11,11,11,11,11,11,11,11,11,11,11,11,11
Map_9398,5,9,5,5,5,5,5,5,5,5,5,5,5,5,5,5,5,5,5,5,5,5,5,5,5,5
Map_9399,6,11,6,6,6,8,6,6,6,6,6,6,6,6,6,6,6,6,6,6,6,6,6,6,6,6
Map_9400,45,100,45,32,45,45,15,15,15,15,15,15,15,15,15,15,15,15,15,15,15,15,15,15,15,15
Map_9401,21,32,24,24,24,25,24,24,24,24,24,24,24,24,24,24,21,21,22,21,22,21,21,21,21,21
Map_9402,29,98,19,19,23,20,19,19,19,19,19,19,19,19,19,19,19,19,19,19,19,19,19,19,19,19
Map_9403,19,31,11,11,11,11,11,11,11,11,11,11,11,11,11,11,11,11,11,11,11,11,11,11,11,11
Map_9404,7,161,5,5,5,5,5,5,5,5,5,5,5,5,5,5,5,5,5,5,5,5,5,5,5,5
Map_9405,11,20,9,9,9,13,9,8,9,8,9,8,8,8,8,8,9,8,9,8,9,8,9,8,9,8
Map_9406,20,30,19,19,19,20,19,17,19,17,19,17,19,17,19,17,17,17,17,17,17,17,17,17,17,17
Map_9407,13,92,10,10,10,11,10,10,10,10,10,10,10,10,10,10,10,10,10,10,10,10,10,10,10,10
Map_9408,10,35,9,9,9,11,9,9,9,9,9,9,9,10,9,10,9,9,9,9,9,9,9,9,9,9
Map_9409,10,136,12,11,12,12,11,11,11,11,11,11,11,11,11,11,11,11,11,10,11,10,11,11,11,11
Map_9410,10,18,10,10,10,10,10,7,10,7,10,7,10,7,10,7,10,7,10,7,10,7,10,7,10,7
Map_9411,18,32,19,19,19,19,19,20,19,20,19,20,19,20,22,22,18,18,19,18,19,18,18,19,18,19
Map_9412,20,90,10,10,10,10,10,10,10,10,10,10,10,10,10,10,11,10,11,10,11,10,10,10,10,10
Map_9413,7,21,7,7,7,7,7,7,7,7,7,7,7,7,7,7,7,7,7,7,7,7,7,7,7,7
Map_9414,18,23,14,14,15,13,13,13,13,13,13,13,13,13,13,13,13,13,15,12,16,12,13,13,13,13
Map_9415,13,22,9,9,6,9,9,6,9,6,9,6,9,6,9,6,9,6,9,6,9,6,9,6,9,6
Map_9416,12,97,7,7,7,8,7,7,7,7,7,7,7,7,7,7,8,7,8,7,8,7,7,7,7,7
Map_9417,51,100,18,18,18,20,17,17,17,17,17,17,17,16,17,16,17,17,18,17,18,17,17,16,17,16
Map_9418,10,90,10,10,10,10,10,10,10,10,10,10,10,10,10,10,10,10,10,10,10,10,10,10,10,10
Map_9419,29,50,21,21,21,21,23,23,23,23,23,23,23,23,23,23,17,17,17,17,17,17,17,17,17,17
Map_9420,20,83,20,19,20,24,13,13,13,13,13,13,13,13,13,13,18,13,18,13,18,13,13,13,13,13
Map_9421,12,19,10,10,10,13,11,10,11,10,11,10,11,10,11,10,11,10,11,10,11,10,11,10,11,10
Map_9422,9,16,7,7,7,8,7,7,7,7,7,7,7,7,7,7,7,7,7,7,7,7,7,7,7,7
Map_9423,6,31,6,6,6,6,6,6,6,6,6,6,6,6,6,6,6,6,6,6,6,6,6,6,6,6
Map_9424,9,29,10,9,10,16,10,9,10,9,10,9,9,9,9,9,10,9,10,9,10,9,10,9,10,9
Map_9425,6,13,6,6,6,6,6,6,6,6,6,6,6,6,6,6,6,6,6,6,6,6,6,6,6,6
Map_9426,12,116,10,10,10,13,10,10,10,10,10,10,10,10,10,10,8,8,8,8,8,8,8,8,8,8
Map_9427,37,159,23,23,23,23,23,23,23,23,23,23,23,23,23,23,23,23,23,23,23,23,23,23,23,23
Map_9428,31,64,17,17,17,17,17,17,17,17,17,17,17,17,17,17,18,17,23,17,23,17,18,17,18,17
Map_9429,4,11,4,4,4,4,4,4,4,4,4,4,4,4,4,4,4,4,4,4,4,4,4,4,4,4
Map_9430,45,148,38,38,39,27,22,27,22,27,22,27,22,27,22,27,22,20,24,20,24,20,22,20,22,20
Map_9431,14,52,11,11,11,11,11,11,11,11,11,11,11,11,11,11,11,11,11,11,11,11,11,11,11,11
Map_9432,13,23,10,10,11,10,10,10,10,10,10,10,10,10,10,10,10,9,10,9,10,9,10,9,10,9
Map_9433,13,37,13,13,13,16,13,13,13,13,13,13,13,13,13,13,13,13,13,13,13,13,13,13,13,13
Map_9434,20,62,21,20,21,21,21,20,21,20,21,20,20,20,20,20,23,20,23,18,23,18,21,20,21,20
Map_9435,14,38,14,14,14,14,14,14,14,14,14,14,14,14,14,14,14,13,14,13,14,13,14,13,14,13
Map_9436,12,33,9,9,9,9,9,9,9,9,9,9,9,9,9,9,9,9,9,9,9,9,9,9,9,9
Map_9437,21,66,12,12,12,12,12,12,12,12,12,12,12,12,12,12,12,12,12,12,12,12,12,12,12,12
Map_9438,6,81,6,6,6,6,6,6,6,6,6,6,6,6,6,6,6,6,6,6,6,6,6,6,6,6
Map_9439,30,62,13,13,13,36,28,13,28,13,28,13,26,13,26,13,28,13,28,13,28,13,26,13,26,13
Map_9440,11,97,11,11,11,13,12,11,12,11,12,11,11,11,11,11,12,11,12,11,12,11,12,11,12,11
Map_9441,35,138,38,48,23,38,20,20,20,20,20,20,20,20,20,20,23,20,23,20,23,20,20,20,20,20
Map_9442,40,72,25,25,25,25,25,25,25,25,25,25,25,25,25,25,26,25,26,25,26,25,26,25,26,25
Map_9443,364,81,8,8,8,21,8,8,8,8,8,8,8,8,8,8,10,8,10,8,10,8,10,8,10,8
Map_9444,35,73,13,13,13,26,20,13,20,13,20,13,20,13,20,13,20,13,20,13,20,13,20,13,20,13
Map_9445,8,52,8,8,8,9,8,8,8,8,8,8,8,8,8,8,10,8,10,8,10,8,8,8,8,8
Map_9446,7,12,6,6,6,6,6,6,6,6,6,6,6,6,6,6,6,6,6,6,6,6,6,6,6,6
Map_9447,43,42,27,27,27,34,26,29,26,29,26,29,29,29,29,29,25,26,23,26,23,26,25,28,25,28
Map_9448,6,54,6,6,6,6,6,6,6,6,6,6,6,6,6,6,6,6,6,6,6,6,6,6,6,6
Map_9449,37,191,23,22,23,23,22,22,22,22,22,22,30,30,30,30,22,26,34,26,34,26,22,26,22,26
Map_9450,29,123,15,15,15,15,15,9,15,9,15,9,15,9,15,9,15,9,15,9,15,9,15,9,15,9
Map_9451,70,111,23,23,23,23,23,23,23,23,23,23,23,24,24,24,25,23,23,23,23,23,23,23,23,23
Map_9452,14,19,12,12,12,14,12,12,12,12,12,12,12,12,12,12,12,12,12,12,12,12,12,12,12,12
Map_9453,14,54,10,10,10,12,10,10,10,10,10,10,10,10,10,10,10,10,10,10,10,10,10,10,10,10
Map_9454,8,40,8,8,8,8,8,8,8,8,8,8,8,8,8,8,8,8,8,8,8,8,8,8,8,8
Map_9455,114,90,28,28,28,28,21,28,21,28,21,28,21,28,21,28,23,21,23,21,23,21,21,21,21,21
Map_9456,10,55,10,10,10,10,10,10,10,10,10,10,10,10,10,10,10,10,10,10,10,10,10,10,10,10
Map_9457,7,12,7,7,7,7,7,7,7,7,7,7,7,7,7,7,7,7,7,7,7,7,7,7,7,7
Map_9458,17,77,9,9,9,9,9,9,9,9,9,9,9,9,9,9,9,9,9,9,11,9,9,9,9,9
Map_9459,7,17,5,5,5,6,5,5,5,5,5,5,5,5,5,5,6,5,6,5,6,5,5,5,5,5
Map_9460,8,88,7,7,7,12,7,8,7,8,7,8,7,8,7,8,7,7,7,7,7,7,7,7,7,7
Map_9461,28,45,12,11,11,12,11,11,11,11,11,11,11,11,11,11,11,11,11,11,11,11,11,11,11,11
Map_9462,14,50,12,12,12,14,15,12,15,12,15,12,15,12,15,12,15,12,20,12,20,12,15,12,15,12
Map_9463,36,170,15,14,15,18,14,15,14,15,14,15,14,15,14,15,18,14,20,14,20,14,15,14,15,14
Map_9464,14,26,14,14,14,14,14,14,14,14,14,14,14,14,14,14,14,14,14,14,14,14,14,14,14,14
Map_9465,7,12,7,7,7,10,7,7,7,7,7,7,7,7,7,7,7,7,7,7,7,7,7,7,7,7
Map_9466,6,15,6,6,6,9,7,6,7,6,7,6,7,6,7,6,7,6,7,6,7,6,7,6,7,6
Map_9467,28,70,16,16,16,16,16,16,16,16,16,16,16,16,16,16,19,16,19,16,19,16,19,16,19,16
Map_9468,9,21,9,9,9,9,9,9,9,9,9,9,9,9,9,9,9,9,9,9,9,9,9,9,9,9
Map_9469,13,80,11,11,11,13,11,11,11,11,11,11,11,11,11,11,11,11,11,11,11,11,11,11,11,11
Map_9470,9,23,9,9,9,9,9,9,9,9,9,9,9,9,9,9,9,9,10,9,10,9,9,9,9,9
Map_9471,8,34,8,8,8,13,8,8,8,8,8,8,8,8,8,8,8,8,8,8,8,8,8,8,8,8
Map_9472,20,107,6,6,6,6,6,6,6,6,6,6,6,6,6,6,6,6,6,6,6,6,6,6,6,6
Map_9473,182,137,59,60,60,64,59,58,59,58,59,58,58,58,58,58,57,48,51,45,51,45,57,58,59,58
Map_9474,25,37,18,18,16,19,15,15,15,15,15,15,15,15,15,15,15,15,15,15,15,15,15,15,15,15
Map_9475,15,24,11,11,11,12,11,11,11,11,11,11,11,11,11,11,11,11,11,11,11,11,11,11,11,11
Map_9476,25,52,17,17,14,17,17,17,17,17,17,17,17,17,17,17,17,17,17,17,17,17,17,17,17,17
Map_9477,8,17,6,6,6,9,6,6,6,6,6,6,6,6,6,6,6,6,6,6,6,6,6,6,6,6
Map_9478,7,17,7,7,7,9,7,7,7,7,7,7,7,7,7,7,7,7,7,7,7,7,7,7,7,7
Map_9479,4,14,5,5,4,5,5,4,5,4,5,4,5,4,5,4,5,4,5,4,5,4,5,4,5,4
Map_9480,11,21,10,10,10,10,10,10,10,10,10,10,10,10,10,10,10,10,10,10,10,10,10,10,10,10
Map_9481,15,41,8,8,8,8,8,8,8,8,8,8,8,8,8,8,8,8,8,8,8,8,8,8,8,8
Map_9482,11,68,8,8,8,11,8,8,8,8,8,8,8,8,8,8,8,8,8,8,8,8,8,8,8,8
Map_9483,24,60,27,27,24,30,27,24,27,24,27,24,27,24,27,24,24,24,24,24,24,24,24,24,24,24
Map_9484,16,20,8,8,8,9,8,8,8,8,8,8,8,8,8,8,8,8,8,8,12,8,8,8,8,8
Map_9485,7,32,7,7,7,7,7,7,7,7,7,7,7,7,7,7,7,7,7,7,7,7,7,7,7,7
Map_9486,15,146,11,11,11,11,11,11,11,11,11,11,11,11,11,11,11,11,11,11,11,11,11,11,11,11
Map_9487,6,25,6,6,6,6,6,6,6,6,6,6,6,6,6,6,6,6,6,6,6,6,6,6,6,6
Map_9488,14,89,10,10,10,10,10,10,10,10,10,10,10,10,10,10,10,10,11,10,11,10,10,10,10,10
Map_9489,8,32,8,8,8,14,8,8,8,8,8,8,8,8,8,8,8,8,8,8,14,8,8,8,8,8
Map_9490,9,43,9,9,9,10,10,10,10,10,10,10,10,10,10,10,10,9,10,9,10,9,10,9,10,9
Map_9491,8,95,7,7,7,8,7,7,7,7,7,7,7,7,7,7,7,7,7,7,7,7,7,7,7,7
Map_9492,12,76,11,11,11,18,11,18,11,18,11,18,11,18,11,18,11,11,11,11,11,11,11,11,11,11
Map_9493,10,17,8,8,8,8,8,8,8,8,8,8,8,8,8,8,8,8,8,8,8,8,8,8,8,8
Map_9494,6,19,6,6,6,6,6,6,6,6,6,6,6,6,6,6,6,6,6,6,6,6,6,6,6,6
Map_9495,11,15,9,9,9,10,9,9,9,9,9,9,9,9,9,9,9,9,9,9,10,9,9,9,9,9
Map_9496,8,89,6,6,6,6,6,6,6,6,6,6,6,6,6,6,6,6,6,6,6,6,6,6,6,6
Map_9497,9,59,7,7,7,8,7,7,7,7,7,7,7,7,7,7,7,7,7,7,7,7,7,7,7,7
Map_9498,23,92,18,18,18,42,18,18,18,18,18,18,18,18,18,18,18,18,18,18,18,18,18,18,18,18
Map_9499,16,36,15,15,15,20,15,12,15,12,15,12,15,12,15,12,12,12,12,12,12,12,12,12,12,12
Map_9500,10,69,10,10,10,11,10,10,10,10,10,10,10,10,10,10,10,10,10,10,10,10,10,10,10,10
Map_9501,13,89,12,12,13,15,12,12,12,12,12,12,12,12,12,12,14,12,14,12,14,12,14,12,14,12
Map_9502,21,128,14,14,14,14,14,14,14,14,14,14,14,14,14,14,18,14,18,14,21,14,14,14,14,14
Map_9503,30,46,23,23,23,26,23,23,23,23,23,23,23,23,23,23,21,21,21,21,21,21,21,21,21,21
Map_9504,52,57,14,14,14,25,14,14,14,14,14,14,14,14,14,14,21,14,21,14,21,14,21,14,19,14
Map_9505,14,25,15,14,15,21,13,14,13,14,13,14,13,14,13,14,13,13,13,13,13,13,13,13,13,13
Map_9506,158,184,16,16,16,19,17,14,17,14,17,14,17,14,17,14,17,14,17,14,17,14,17,14,17,14
Map_9507,5,27,5,5,5,6,5,5,5,5,5,5,5,5,5,5,5,5,5,5,5,5,5,5,5,5
Map_9508,12,78,10,10,10,10,9,9,9,9,9,9,9,9,9,9,10,9,10,9,10,9,9,9,9,9
Map_9509,19,31,14,14,14,14,14,14,14,14,14,14,14,14,14,14,14,14,14,14,14,14,14,14,14,14
Map_9510,9,19,9,9,9,9,9,9,9,9,9,9,9,9,9,9,10,9,10,9,10,9,9,9,9,9
Map_9511,53,60,41,41,41,48,31,31,31,31,31,31,31,31,31,31,31,29,31,29,31,29,31,29,31,29
Map_9512,18,84,18,16,16,20,15,16,15,16,15,16,15,17,14,17,15,12,15,12,15,12,14,12,14,12
Map_9513,15,42,21,15,15,23,15,15,15,15,15,15,15,15,15,15,15,15,15,15,15,15,15,15,15,15
Map_9514,59,63,52,51,48,38,24,24,24,24,24,24,24,24,24,24,24,24,24,24,24,24,24,24,24,24
Map_9515,183,213,67,23,63,83,17,17,17,17,17,17,17,17,17,17,17,17,17,17,17,17,17,17,17,17
Map_9516,7,10,7,7,7,7,7,7,7,7,7,7,7,7,7,7,7,7,7,7,7,7,7,7,7,7
Map_9517,50,82,16,16,16,16,16,16,16,16,16,16,16,16,16,16,20,16,23,16,23,16,16,16,16,16
Map_9518,204,346,26,13,26,46,13,13,13,13,13,13,13,13,13,13,13,13,13,13,13,13,13,13,13,13
Map_9519,58,65,44,43,51,31,29,29,29,29,29,29,29,29,29,29,32,26,32,29,32,29,26,26,26,26
Map_9520,35,83,22,22,28,37,22,14,22,14,22,14,22,14,22,14,22,14,22,14,22,14,21,14,21,14
Map_9521,13,19,12,12,12,14,12,12,12,12,12,12,12,12,12,12,12,12,12,12,12,12,12,12,12,12
Map_9522,10,63,8,8,8,10,8,8,8,8,8,8,8,8,8,8,8,8,8,8,8,8,8,8,8,8
Map_9523,13,29,11,11,11,11,11,11,11,11,11,11,11,11,11,11,11,11,11,11,11,11,11,11,11,11
Map_9524,36,53,20,20,33,20,20,20,20,20,20,20,20,20,20,20,20,20,20,20,20,20,20,20,20,20
Map_9525,18,82,13,13,13,13,13,13,13,13,13,13,13,13,13,13,13,13,13,13,13,13,13,13,13,13
Map_9526,73,222,26,26,26,45,26,26,26,26,26,26,26,26,26,26,36,30,36,30,36,30,26,30,26,30
Map_9527,23,36,11,11,11,11,11,11,11,11,11,11,11,11,11,11,11,11,11,11,11,11,11,11,11,11
Map_9528,27,199,38,24,26,41,24,24,24,24,24,24,24,24,24,24,24,24,24,24,24,24,24,24,24,24
Map_9529,8,50,8,8,8,8,8,8,8,8,8,8,8,8,8,8,8,8,8,8,8,8,8,8,8,8
Map_9530,30,45,16,16,16,17,16,16,16,16,16,16,16,16,16,16,16,16,16,16,16,16,16,16,16,16
Map_9531,8,38,6,6,6,6,6,5,6,5,6,5,5,5,5,5,6,5,6,5,6,5,6,5,6,5
Map_9532,9,19,8,8,8,8,8,8,8,8,8,8,8,8,8,8,8,8,8,8,8,8,8,8,8,8
Map_9533,27,39,14,14,24,15,14,14,14,14,14,14,14,14,14,14,16,14,16,14,16,14,15,14,15,14
Map_9534,22,64,20,20,20,20,20,19,20,19,20,19,19,19,19,19,16,16,16,16,16,16,16,16,16,16
Map_9535,6,10,6,6,6,6,6,6,6,6,6,6,6,6,6,6,6,6,6,6,6,6,6,6,6,6
Map_9536,6,28,6,6,6,6,6,6,6,6,6,6,6,6,6,6,6,6,6,6,6,6,6,6,6,6
Map_9537,9,29,8,8,9,9,8,8,8,8,8,8,8,8,8,8,8,8,8,8,8,8,8,8,8,8
Map_9538,12,89,12,12,12,12,12,12,12,12,12,12,12,12,12,12,14,12,14,12,14,12,12,12,12,12
Map_9539,24,47,17,17,17,17,17,17,17,17,17,17,17,17,17,17,17,17,17,17,17,17,17,17,17,17
Map_9540,9,32,9,9,9,10,9,9,9,9,9,9,9,9,9,9,9,9,9,9,9,9,9,9,9,9
Map_9541,17,28,9,9,10,9,9,9,9,9,9,9,9,9,9,9,9,9,9,9,14,9,9,9,9,9
Map_9542,29,32,22,22,17,23,20,17,20,17,20,17,20,17,20,17,21,17,21,17,21,17,20,17,20,17
Map_9543,8,30,9,8,8,9,8,8,8,8,8,8,8,8,8,8,8,8,8,8,8,8,8,8,8,8
Map_9544,9,40,9,9,9,9,9,9,9,9,9,9,9,11,11,11,9,9,9,9,9,9,9,9,9,9
Map_9545,13,25,13,13,13,18,13,13,13,13,13,13,13,13,13,13,15,12,15,12,15,12,15,12,13,12
Map_9546,11,35,10,9,9,17,9,9,9,9,9,9,9,9,9,9,10,9,10,9,10,9,9,9,9,9
Map_9547,6,169,6,6,6,6,6,6,6,6,6,6,6,6,6,6,6,6,6,6,6,6,6,6,6,6
Map_9548,121,171,26,26,26,23,26,26,26,26,26,26,26,26,26,26,23,23,23,21,23,21,24,24,24,24
Map_9549,12,31,12,12,12,12,12,12,12,12,12,12,12,12,12,12,12,12,13,12,13,12,12,12,12,12
Map_9550,39,123,7,7,7,7,7,7,7,7,7,7,7,7,7,7,7,7,7,7,7,7,7,7,7,7
Map_9551,37,37,9,9,9,16,9,9,9,9,9,9,9,9,9,9,9,9,9,9,9,9,9,9,9,9
Map_9552,8,18,8,8,8,8,8,8,8,8,8,8,8,8,8,8,8,8,8,8,8,8,8,8,8,8
Map_9553,7,27,7,7,7,7,7,7,7,7,7,7,7,7,7,7,7,7,7,7,7,7,7,7,7,7
Map_9554,14,22,13,12,13,13,11,12,11,12,11,12,11,12,11,12,11,11,11,11,11,11,11,11,11,11
Map_9555,85,126,14,14,14,14,14,14,14,14,14,14,14,14,14,14,14,14,14,14,14,14,14,14,14,14
Map_9556,171,55,49,49,49,61,31,31,31,31,31,31,31,31,31,31,31,31,39,31,39,31,31,31,31,31
Map_9557,10,62,11,11,11,11,11,10,11,10,11,10,11,10,11,10,10,10,10,10,10,10,10,10,11,10
Map_9558,83,129,14,14,26,14,14,14,14,14,14,14,14,14,14,14,14,14,14,14,14,14,14,14,14,14
Map_9559,36,149,11,10,11,13,10,10,10,10,10,10,10,10,10,10,12,10,12,10,12,10,10,10,10,10
Map_9560,9,38,9,9,9,13,10,9,10,9,10,9,10,9,10,9,10,10,10,10,10,10,10,9,10,9
Map_9561,55,289,48,47,48,47,31,31,31,31,31,31,31,31,31,31,29,28,29,28,29,28,27,28,27,28
Map_9562,10,19,8,8,8,11,9,8,9,8,9,8,8,8,8,8,9,8,9,8,9,8,9,8,9,8
Map_9563,9,16,7,7,7,11,7,7,7,7,7,7,7,7,7,7,7,7,7,7,7,7,7,7,7,7
Map_9564,16,100,9,9,9,10,10,9,10,9,10,9,10,9,10,9,11,9,11,9,11,9,10,9,10,9
Map_9565,8,73,8,8,8,10,8,8,8,8,8,8,8,8,8,8,8,8,8,8,8,8,8,8,8,8
Map_9566,17,60,15,15,15,15,15,11,15,11,15,11,15,11,15,11,17,11,17,11,17,11,15,11,15,11
Map_9567,10,15,10,10,10,11,9,9,9,9,9,9,9,9,9,9,10,9,10,9,10,9,9,9,9,9
Map_9568,18,37,17,17,17,17,16,17,16,17,16,17,16,17,16,17,16,16,16,16,16,16,16,16,16,16
Map_9569,8,13,9,9,9,11,9,8,9,8,9,8,8,8,8,8,10,8,10,10,10,10,9,8,9,8
Map_9570,8,16,10,10,8,15,8,8,8,8,8,8,8,8,8,8,8,8,8,8,8,8,8,8,8,8
Map_9571,10,24,10,10,10,10,10,10,10,10,10,10,10,10,10,10,10,10,10,10,10,10,10,10,10,10
Map_9572,8,30,8,8,8,8,8,8,8,8,8,8,8,8,8,8,8,8,8,8,8,8,8,8,8,8
Map_9573,83,84,31,31,50,35,31,31,37,31,37,31,31,31,31,31,27,25,27,25,27,25,29,25,29,31
Map_9574,8,13,9,9,9,12,8,8,8,8,8,8,8,8,8,8,9,9,9,9,9,9,8,8,8,8
Map_9575,6,16,6,6,6,6,6,6,6,6,6,6,6,6,6,6,6,6,6,6,6,6,6,6,6,6
Map_9576,9,20,8,8,8,14,8,8,8,8,8,8,8,8,8,8,8,8,8,8,8,8,8,8,8,8
Map_9577,23,143,24,24,24,25,24,24,24,24,24,24,24,24,24,24,18,18,18,18,18,18,18,18,18,18
Map_9578,8,12,7,7,7,10,7,7,7,7,7,7,7,7,7,7,7,7,7,7,7,7,7,7,7,7
Map_9579,10,17,9,9,9,12,9,9,9,9,9,9,9,9,9,9,9,9,9,9,9,9,9,9,9,9
Map_9580,10,174,10,10,10,19,10,10,10,10,10,10,10,10,10,10,10,10,10,10,10,10,10,10,10,10
Map_9581,41,67,15,15,15,15,13,13,13,13,13,13,13,13,13,13,13,13,13,13,13,13,13,13,13,13
Map_9582,9,30,9,9,9,9,9,9,9,9,9,9,9,9,9,9,9,9,9,9,9,9,9,9,9,9
Map_9583,7,16,7,7,7,9,7,7,7,7,7,7,7,7,7,7,7,7,7,7,7,7,7,7,7,7
Map_9584,13,35,12,11,11,12,11,11,11,11,11,11,11,11,11,11,12,11,12,11,12,11,11,11,11,11
Map_9585,6,24,6,6,6,7,6,6,6,6,6,6,6,6,6,6,7,6,7,6,7,6,6,6,6,6
Map_9586,13,21,10,10,10,10,10,10,10,10,10,10,10,10,10,10,10,10,10,10,10,10,10,10,10,10
Map_9587,60,116,48,48,48,49,46,46,46,46,46,46,46,46,46,46,27,25,27,25,27,25,26,25,26,34
Map_9588,82,147,23,16,23,23,16,16,16,16,16,16,16,16,16,16,16,16,16,16,16,16,16,16,16,16
Map_9589,20,39,12,12,12,12,12,12,12,12,12,12,12,12,12,12,12,12,12,12,12,12,12,12,12,12
Map_9590,12,30,12,12,12,12,12,12,12,12,12,12,12,12,12,12,12,12,12,12,12,12,12,12,12,12
Map_9591,32,55,22,22,21,28,22,22,22,22,22,22,22,22,22,22,18,18,18,18,18,18,18,18,18,18
Map_9592,6,11,8,6,6,8,6,6,6,6,6,6,6,6,6,6,6,6,6,6,6,6,6,6,6,6
Map_9593,16,79,13,13,13,14,13,13,13,13,13,13,13,13,13,13,14,12,14,12,14,12,13,12,13,12
Map_9594,19,72,17,17,17,17,17,17,17,17,17,17,17,17,17,17,15,17,15,17,15,17,15,17,15,17
Map_9595,20,80,19,17,18,15,15,14,15,14,15,14,14,14,14,14,15,14,15,14,15,14,15,14,15,14
Map_9596,18,28,13,13,13,13,13,13,13,13,13,13,13,13,13,13,13,12,13,12,13,12,13,12,13,12
Map_9597,6,12,6,6,6,6,6,6,6,6,6,6,6,6,6,6,7,6,7,6,7,6,6,6,6,6
Map_9598,8,167,8,8,8,9,8,8,8,8,8,8,8,8,8,8,8,8,8,8,8,8,8,8,8,8
Map_9599,5,18,5,5,5,7,5,5,5,5,5,5,5,5,5,5,5,5,5,5,5,5,5,5,5,5
Map_9600,19,52,14,14,14,15,14,14,14,14,14,14,14,14,14,14,14,12,14,12,14,12,14,12,14,12
Map_9601,42,112,22,22,39,22,22,22,22,22,22,22,22,22,22,22,22,22,22,22,22,22,22,22,22,22
Map_9602,45,108,22,21,22,22,22,21,22,21,22,21,22,21,22,21,25,24,25,24,25,24,25,24,25,24
Map_9603,10,14,10,9,10,11,9,9,9,9,9,9,9,9,9,9,9,9,9,9,9,9,9,9,9,9
Map_9604,28,31,29,29,27,29,26,21,26,21,26,21,26,21,26,21,26,21,26,21,26,21,26,21,26,21
Map_9605,85,115,13,13,13,13,13,13,13,13,13,13,13,13,13,13,13,13,13,13,13,13,13,13,13,13
Map_9606,58,134,16,16,21,16,16,21,16,21,16,21,16,24,16,24,16,20,16,20,16,20,16,20,16,20
Map_9607,11,29,11,10,11,11,10,10,10,10,10,10,10,10,10,10,11,10,11,10,11,10,11,10,11,10
Map_9608,30,69,17,17,17,17,17,17,17,17,17,17,17,17,17,17,17,17,17,17,17,17,17,17,17,17
Map_9609,4,11,4,4,4,4,4,4,4,4,4,4,4,4,4,4,4,4,4,4,4,4,4,4,4,4
Map_9610,25,27,13,13,13,15,13,13,13,13,13,13,13,13,13,13,13,13,13,13,13,13,13,13,13,13
Map_9611,10,107,10,10,10,16,10,10,10,10,10,10,10,10,10,10,10,10,10,10,10,10,10,10,10,10
Map_9612,8,41,8,8,8,12,12,8,12,8,12,8,12,8,12,8,12,8,12,8,12,8,12,8,12,8
Map_9613,95,247,22,22,22,22,22,22,22,22,22,22,22,22,22,22,22,17,22,17,22,17,22,17,22,17
Map_9614,5,18,5,5,5,6,5,5,5,5,5,5,5,5,5,5,5,5,5,5,5,5,5,5,5,5
Map_9615,6,15,6,6,6,6,6,6,6,6,6,6,6,6,6,6,6,6,6,6,6,6,6,6,6,6
Map_9616,24,203,12,12,12,29,12,12,12,12,12,12,12,12,12,12,29,12,29,12,29,12,29,12,29,12
Map_9617,48,177,16,16,16,16,16,15,16,15,16,15,16,15,15,15,16,15,18,15,18,15,16,15,16,15
Map_9618,12,51,10,10,10,10,10,10,10,10,10,10,10,10,10,10,10,10,10,10,10,10,10,10,10,10
Map_9619,12,23,10,10,10,15,10,8,10,8,10,8,10,8,10,8,10,8,10,8,10,8,10,8,10,8
Map_9620,48,176,17,17,17,37,17,21,17,21,17,21,17,21,17,21,17,17,17,17,17,17,17,17,17,17
Map_9621,20,27,18,18,18,17,15,15,15,15,15,15,15,15,15,15,18,15,18,15,18,15,15,15,15,15
Map_9622,8,14,7,7,7,7,7,7,7,7,7,7,7,7,7,7,7,7,7,7,7,7,7,7,7,7
Map_9623,10,30,13,13,11,16,13,13,13,13,13,13,13,13,13,13,11,10,11,10,11,10,11,10,11,10
Map_9624,56,62,17,17,17,24,17,17,17,17,17,17,17,17,17,17,18,17,18,17,18,17,18,17,17,17
Map_9625,8,26,9,9,8,11,9,8,9,8,9,8,9,8,9,8,9,8,9,8,9,8,9,8,9,8
Map_9626,94,81,28,26,26,21,21,23,21,23,21,23,21,23,21,23,21,20,21,20,21,20,21,20,21,23
Map_9627,51,128,23,23,21,23,23,23,23,23,23,23,23,23,23,23,23,23,31,23,31,23,23,23,23,23
Map_9628,264,225,30,30,30,30,30,30,30,30,30,30,30,30,30,30,30,30,32,30,32,30,30,30,30,30
Map_9629,7,27,7,7,7,7,7,7,7,7,7,7,7,7,7,7,7,7,9,7,9,7,7,7,7,7
Map_9630,13,70,9,9,9,18,9,9,9,9,9,9,9,9,9,9,13,9,13,9,13,9,9,9,9,9
Map_9631,34,108,27,32,27,26,26,26,26,26,26,26,26,26,26,26,20,17,17,17,17,17,18,17,18,17
Map_9632,43,141,35,39,39,35,34,17,34,17,34,17,34,17,34,17,17,17,17,17,17,17,17,17,17,17
Map_9633,14,24,9,9,9,9,10,9,10,9,10,9,10,9,10,9,13,9,13,9,13,9,10,9,10,9
Map_9634,9,221,9,9,9,26,9,9,9,9,9,9,9,9,9,9,9,9,9,9,9,9,9,9,9,9
Map_9635,11,16,10,10,10,14,10,10,10,10,10,10,10,10,10,10,10,10,10,10,10,10,10,10,10,10
Map_9636,15,67,11,11,11,13,11,11,11,11,11,11,11,11,11,11,11,11,11,11,11,11,11,11,11,11
Map_9637,20,143,18,18,18,20,18,18,18,18,18,18,18,18,18,18,18,18,18,18,20,18,18,18,18,18
Map_9638,16,103,12,12,11,12,12,11,11,11,11,11,12,12,12,12,11,11,11,11,11,11,11,11,11,11
Map_9639,21,32,16,16,16,18,16,16,16,16,16,16,16,16,16,16,16,16,16,16,16,16,16,16,16,16
Map_9640,7,30,7,7,7,7,7,7,7,7,7,7,7,7,7,7,7,7,7,7,7,7,7,7,7,7
Map_9641,7,14,7,6,7,8,7,6,7,6,7,6,7,6,7,6,7,6,7,6,7,6,7,6,7,6
Map_9642,13,25,11,11,11,11,11,11,11,11,11,11,11,11,11,11,11,11,11,11,11,11,11,11,11,11
Map_9643,4,70,4,4,4,4,4,4,4,4,4,4,4,4,4,4,4,4,4,4,4,4,4,4,4,4
Map_9644,9,19,7,7,7,7,7,7,7,7,7,7,7,7,7,7,7,7,7,7,7,7,7,7,7,7
Map_9645,249,334,17,17,31,17,17,17,17,17,17,17,17,17,17,17,26,17,28,17,28,17,17,17,17,17
Map_9646,7,18,7,7,7,10,7,7,7,7,7,7,7,7,7,7,7,7,7,7,7,7,7,7,7,7
Map_9647,19,62,18,18,18,18,18,18,18,18,18,18,18,18,18,18,18,14,18,14,18,14,16,14,16,14
Map_9648,22,87,21,12,23,30,12,12,12,12,12,12,12,12,12,12,12,12,12,12,12,12,12,12,12,12
Map_9649,9,20,9,9,9,9,9,9,9,9,9,9,9,9,9,9,9,9,9,9,9,9,9,9,9,9
Map_9650,20,59,9,9,9,14,9,9,9,9,9,9,9,9,9,9,10,9,11,9,11,9,10,9,10,9
Map_9651,15,44,15,15,15,15,15,13,15,13,15,13,13,13,13,13,15,13,15,13,15,13,15,13,15,13
Map_9652,5,6,5,5,5,5,5,5,5,5,5,5,5,5,5,5,5,5,5,5,5,5,5,5,5,5
Map_9653,9,32,7,7,7,7,7,7,7,7,7,7,7,7,7,7,7,7,7,7,7,7,7,7,7,7
Map_9654,5,8,5,5,5,5,5,5,5,5,5,5,5,5,5,5,5,5,5,5,5,5,5,5,5,5
Map_9655,5,10,5,5,5,5,5,5,5,5,5,5,5,5,5,5,5,5,5,5,5,5,5,5,5,5
Map_9656,12,51,13,12,13,23,12,12,12,12,12,12,12,12,12,12,12,12,12,12,12,12,12,12,12,12
Map_9657,12,48,9,9,9,9,9,9,9,9,9,9,9,9,9,9,11,9,11,9,11,9,9,9,9,9
Map_9658,21,38,13,13,13,17,13,13,13,13,13,13,13,13,13,13,15,13,15,13,15,13,13,13,13,13
Map_9659,44,52,22,22,22,24,24,22,24,22,24,22,22,22,22,22,22,22,22,22,22,22,22,22,22,22
Map_9660,57,107,20,19,20,24,19,19,19,19,19,19,19,19,19,19,19,19,21,19,21,19,19,19,19,19
Map_9661,14,26,11,10,11,11,10,10,10,10,10,10,10,10,10,10,10,11,10,11,10,11,10,10,10,10
Map_9662,17,29,22,21,22,27,14,14,14,14,14,14,14,14,14,14,14,14,14,14,14,14,14,14,14,14
Map_9663,12,25,16,16,16,12,16,16,16,16,16,16,16,16,16,16,12,12,12,12,12,12,12,12,12,12
Map_9664,7,66,7,7,7,8,7,7,7,7,7,7,7,7,7,7,7,7,7,7,7,7,7,7,7,7
Map_9665,7,11,7,7,7,8,7,7,7,7,7,7,7,7,7,7,7,7,7,7,7,7,7,7,7,7
Map_9666,40,88,24,23,24,24,24,23,24,23,24,23,23,23,23,23,24,23,24,23,32,23,24,23,24,23
Map_9667,5,20,5,5,5,5,5,5,5,5,5,5,5,5,5,5,5,5,5,5,5,5,5,5,5,5
Map_9668,12,72,12,12,12,14,12,12,12,12,12,12,12,12,12,12,12,12,12,12,12,12,12,12,12,12
Map_9669,6,115,6,6,6,6,6,6,6,6,6,6,6,6,6,6,6,6,6,6,6,6,6,6,6,6
Map_9670,5,53,5,5,5,5,5,5,5,5,5,5,5,5,5,5,5,5,5,5,5,5,5,5,5,5
Map_9671,16,27,11,11,11,11,11,11,11,11,11,11,11,11,11,11,11,11,11,11,11,11,11,11,11,11
Map_9672,14,103,13,13,13,13,13,13,13,13,13,13,13,13,13,13,15,13,15,13,15,13,15,13,13,13
Map_9673,69,85,30,30,37,30,30,30,30,30,30,30,30,30,30,30,27,29,27,29,27,29,27,27,27,27
Map_9674,9,17,11,11,9,12,9,9,9,9,9,9,9,9,9,9,10,9,10,9,10,9,9,9,9,9
Map_9675,6,22,6,6,6,14,6,6,6,6,6,6,6,6,6,6,6,6,6,6,6,6,6,6,6,6
Map_9676,27,76,15,15,15,15,15,15,15,15,15,15,15,15,15,15,15,15,15,15,15,15,15,15,15,15
Map_9677,9,383,9,9,9,68,9,9,9,9,9,9,9,9,9,9,13,9,13,9,13,9,11,9,9,9
Map_9678,9,26,9,9,9,9,9,9,9,9,9,9,9,9,9,9,9,9,9,9,9,9,9,9,9,9
Map_9679,12,31,12,12,12,12,12,12,12,12,12,12,12,12,12,12,12,12,12,12,12,12,12,12,12,12
Map_9680,28,34,15,15,15,16,15,15,15,15,15,15,15,15,15,15,15,15,15,15,15,15,15,15,15,15
Map_9681,43,80,21,21,21,21,21,20,21,20,21,20,21,20,20,20,21,20,21,20,21,20,21,20,21,20
Map_9682,12,55,11,11,11,11,11,10,11,10,11,10,10,10,10,10,10,10,10,10,10,10,10,10,10,10
Map_9683,17,157,13,13,13,13,13,13,13,13,13,13,13,13,13,13,13,13,12,13,12,13,13,13,13,13
Map_9684,8,65,8,8,8,10,8,8,8,8,8,8,8,8,8,8,9,8,9,8,9,8,9,8,9,8
Map_9685,10,94,9,9,9,10,9,9,9,9,9,9,9,9,9,9,9,9,9,9,9,9,9,9,9,9
Map_9686,416,174,22,22,22,33,22,22,22,22,22,22,22,22,22,22,34,22,34,22,34,22,22,22,22,22
Map_9687,15,56,14,14,14,23,14,14,14,14,14,14,14,14,14,14,18,11,18,11,18,11,14,11,14,11
Map_9688,8,16,10,8,10,10,8,8,8,8,8,8,8,8,8,8,8,8,8,8,8,8,8,8,8,8
Map_9689,26,89,13,13,13,14,14,13,14,13,14,13,14,13,14,13,14,13,14,13,14,13,14,13,14,13
Map_9690,16,54,12,12,12,12,12,12,12,12,12,12,12,12,12,12,12,12,12,12,12,12,12,12,12,12
Map_9691,35,85,11,11,11,11,11,11,11,11,11,11,11,11,11,11,11,11,11,11,11,11,11,11,11,11
Map_9692,11,28,10,10,10,10,10,10,10,10,10,10,10,10,10,10,10,10,10,10,10,10,10,10,10,10
Map_9693,12,60,16,12,16,16,12,12,12,12,12,12,12,12,12,12,14,12,14,12,14,12,14,12,12,12
Map_9694,15,41,11,11,11,11,11,11,11,11,11,11,11,11,11,11,11,11,11,11,11,11,11,11,11,11
Map_9695,4,13,4,4,4,7,4,4,4,4,4,4,4,4,4,4,4,4,4,4,4,4,4,4,4,4
Map_9696,17,64,14,14,14,14,13,12,13,12,13,12,13,12,13,12,13,12,13,12,13,12,13,12,13,12
Map_9697,56,114,17,17,17,36,17,17,17,17,17,17,17,17,17,17,15,13,15,13,15,13,15,13,13,13
Map_9698,12,31,9,9,9,13,9,9,9,9,9,9,9,9,9,9,9,9,12,9,12,9,9,9,9,9
Map_9699,8,20,8,8,8,14,8,8,8,8,8,8,8,8,8,8,8,8,10,10,10,10,8,8,8,8
Map_9700,6,13,6,6,6,6,6,6,6,6,6,6,6,6,6,6,6,6,6,6,6,6,6,6,6,6
Map_9701,13,27,13,13,13,20,14,13,14,13,14,13,14,13,14,13,14,13,14,13,14,13,14,13,14,13
Map_9702,57,70,22,22,20,22,20,20,20,20,20,20,20,20,20,20,20,20,20,20,20,20,20,20,20,20
Map_9703,42,40,35,35,35,35,35,35,35,35,35,35,35,35,35,35,36,36,36,36,36,36,35,36,35,36
Map_9704,10,14,11,9,10,11,9,9,9,9,9,9,9,9,9,9,10,9,10,10,10,10,9,9,9,9
Map_9705,7,19,7,7,7,14,7,7,7,7,7,7,7,7,7,7,7,7,12,7,12,7,7,7,7,7
Map_9706,23,48,11,11,11,11,11,11,11,11,11,11,11,11,11,11,11,11,11,11,11,11,11,11,11,11
Map_9707,7,10,6,6,6,6,6,6,6,6,6,6,6,6,6,6,6,6,6,6,6,6,6,6,6,6
Map_9708,16,36,13,13,13,13,13,13,13,13,13,13,13,13,13,13,13,13,13,13,13,13,13,13,13,13
Map_9709,27,55,10,10,10,12,10,10,10,10,10,10,10,10,10,10,10,10,10,10,10,10,10,10,10,10
Map_9710,25,71,15,15,15,23,15,20,15,20,15,20,15,20,15,20,15,15,15,15,15,15,15,15,15,15
Map_9711,118,67,46,46,39,37,37,40,37,40,37,40,41,40,41,40,21,26,21,24,21,24,21,26,21,26
Map_9712,12,22,12,12,12,12,12,12,12,12,12,12,12,12,12,12,12,12,12,12,12,12,12,12,12,12
Map_9713,50,142,13,13,13,19,13,13,13,13,13,13,13,13,13,13,13,13,13,13,13,13,13,13,13,13
Map_9714,15,64,13,11,13,13,12,12,12,12,12,12,12,12,12,12,12,11,12,11,12,11,12,11,12,11
Map_9715,19,39,12,12,12,12,12,12,12,12,12,12,12,12,12,12,13,12,13,12,13,12,13,12,12,12
Map_9716,20,85,19,19,19,19,15,15,15,15,15,15,15,15,15,15,15,15,15,15,15,15,15,15,15,15
Map_9717,14,72,14,14,14,20,15,17,15,17,15,17,15,17,15,17,15,14,15,13,15,13,15,14,15,14
Map_9718,47,64,36,36,40,36,34,35,34,35,34,35,34,35,34,35,35,35,35,35,35,35,34,34,34,34
Map_9719,10,67,10,10,10,10,10,10,10,10,10,10,10,10,10,10,10,10,10,10,10,10,10,10,10,10
Map_9720,99,91,42,40,44,43,35,34,35,34,35,34,34,34,40,40,35,35,37,35,37,35,35,34,35,34
Map_9721,30,115,25,25,25,25,25,25,25,25,25,25,25,25,25,25,18,18,18,18,18,18,18,18,18,18
Map_9722,17,49,10,10,10,14,10,10,10,10,10,10,10,10,10,10,10,10,10,10,10,10,10,10,10,10
Map_9723,6,12,6,6,6,6,6,6,6,6,6,6,6,6,6,6,6,6,6,6,6,6,6,6,6,6
Map_9724,22,56,16,16,16,16,16,16,16,16,16,16,16,16,16,16,16,16,16,16,16,16,16,16,16,16
Map_9725,15,43,10,10,10,10,10,10,10,10,10,10,10,10,10,10,10,10,10,10,10,10,10,10,10,10
Map_9726,5,10,5,5,5,6,5,5,5,5,5,5,5,5,5,5,5,5,5,5,5,5,5,5,5,5
Map_9727,11,29,11,11,11,15,11,11,11,11,11,11,11,11,11,11,11,11,11,11,11,11,11,11,11,11
Map_9728,5,9,6,5,5,6,5,5,5,5,5,5,5,5,5,5,5,5,5,5,5,5,5,5,5,5
Map_9729,15,76,14,14,14,14,14,14,14,14,14,14,14,14,14,14,12,12,12,12,12,12,12,12,12,12
Map_9730,22,42,11,11,11,12,11,11,11,11,11,11,11,11,11,11,11,11,11,11,11,11,11,11,11,11
Map_9731,13,26,11,10,11,10,10,10,10,10,10,10,10,10,10,10,10,10,10,10,10,10,10,10,10,10
Map_9732,18,109,25,17,22,25,18,18,18,18,18,18,18,18,18,18,18,18,18,18,18,18,18,18,18,18
Map_9733,331,184,41,36,41,26,24,24,24,24,24,24,24,24,24,24,24,24,29,24,29,24,24,24,24,24
Map_9734,62,169,32,32,64,38,29,25,29,25,29,25,25,25,25,25,30,25,30,25,30,25,30,25,30,25
Map_9735,14,63,13,13,13,14,13,13,13,13,13,13,13,13,13,13,13,11,13,11,13,11,13,11,13,11
Map_9736,23,83,21,20,18,21,20,18,20,18,20,18,19,19,19,19,20,18,18,18,18,18,20,18,20,18
Map_9737,12,123,9,9,9,9,9,9,9,9,9,9,9,9,9,9,9,9,9,9,9,9,9,9,9,9
Map_9738,11,22,9,9,9,9,9,9,9,9,9,9,9,9,9,9,9,9,9,9,9,9,9,9,9,9
Map_9739,24,41,9,9,9,9,9,9,9,9,9,9,9,9,9,9,9,9,9,9,9,9,9,9,9,9
Map_9740,54,115,37,36,37,38,31,31,31,31,31,31,35,35,35,35,26,27,26,27,26,27,27,31,27,31
Map_9741,11,29,15,11,15,15,12,11,12,11,12,11,11,11,11,11,14,11,14,11,14,11,12,11,12,11
Map_9742,348,91,43,32,32,47,18,32,18,32,18,32,18,32,18,32,20,22,20,22,20,22,20,22,20,22
Map_9743,19,79,9,9,9,9,9,9,9,9,9,9,9,9,9,9,9,9,9,9,9,9,9,9,9,9
Map_9744,11,25,11,11,11,11,11,11,11,11,11,11,11,11,11,11,11,11,11,11,11,11,11,11,11,11
Map_9745,23,46,10,10,10,18,10,10,10,10,10,10,10,10,10,10,12,10,12,10,12,10,10,10,10,10
Map_9746,140,138,16,16,27,16,16,16,16,16,16,16,27,27,27,27,16,16,16,16,16,16,16,16,16,16
Map_9747,15,41,11,11,11,11,11,11,11,11,11,11,11,11,11,11,11,11,11,11,11,11,11,11,11,11
Map_9748,20,191,17,17,17,20,17,17,17,17,17,17,17,17,17,17,14,14,14,14,14,14,14,14,14,14
Map_9749,21,57,11,11,11,9,9,9,9,9,9,9,9,9,9,9,9,9,9,9,9,9,9,9,9,9
Map_9750,15,54,15,15,15,15,15,15,15,15,15,15,15,15,15,15,15,15,15,15,19,15,15,15,15,15
Map_9751,29,85,16,16,16,16,16,16,16,16,16,16,16,16,16,16,14,14,15,14,15,14,14,14,14,14
Map_9752,23,49,16,16,16,16,16,19,16,19,16,19,15,19,15,19,16,15,16,15,16,15,16,15,16,15
Map_9753,18,24,12,12,12,16,16,12,16,12,16,12,16,12,16,12,16,12,16,12,16,12,16,12,16,12
Map_9754,15,78,14,14,14,15,14,14,14,14,14,14,14,14,14,14,14,14,16,14,16,13,14,14,14,14
Map_9755,5,14,5,5,5,6,5,5,5,5,5,5,5,5,5,5,5,5,5,5,5,5,5,5,5,5
Map_9756,7,13,7,7,7,9,7,7,7,7,7,7,7,7,7,7,9,7,9,7,9,7,7,7,7,7
Map_9757,21,42,23,23,23,31,19,19,19,19,19,19,19,19,19,19,19,17,17,17,17,17,19,18,19,18
Map_9758,7,38,7,7,7,9,7,7,7,7,7,7,7,7,7,7,7,7,7,7,7,7,7,7,7,7
Map_9759,9,31,8,8,8,10,8,8,8,8,8,8,8,8,8,8,8,8,8,8,8,8,8,8,8,8
Map_9760,49,69,29,29,29,29,25,24,25,24,25,24,24,24,24,24,25,24,25,24,25,24,23,24,23,24
Map_9761,59,74,12,12,12,13,13,13,13,13,13,13,13,13,13,13,14,10,14,10,14,10,13,10,13,10
Map_9762,37,119,17,17,17,17,17,17,17,17,17,17,17,17,17,17,17,17,17,17,17,17,17,17,17,17
Map_9763,29,34,17,17,17,11,11,11,11,11,11,11,11,11,11,11,11,11,11,11,11,11,11,11,11,11
Map_9764,12,69,13,13,12,13,13,13,13,13,13,13,13,13,13,13,13,12,14,12,14,12,13,12,13,12
Map_9765,7,38,7,7,7,7,7,7,7,7,7,7,7,7,7,7,7,7,7,7,7,7,7,7,7,7
Map_9766,10,63,7,7,7,7,7,7,7,7,7,7,7,7,7,7,7,7,7,7,7,7,7,7,7,7
Map_9767,62,148,39,40,39,43,33,40,33,40,33,40,33,40,33,40,33,31,33,31,33,31,32,35,32,35
Map_9768,18,133,21,18,18,32,18,18,18,18,18,18,18,18,18,18,20,16,22,16,22,16,18,16,16,16
Map_9769,6,11,7,6,6,7,6,6,6,6,6,6,6,6,6,6,6,6,6,6,6,6,6,6,6,6
Map_9770,39,66,17,17,17,17,17,17,17,17,17,17,17,17,17,17,17,17,18,17,18,17,17,17,17,17
Map_9771,9,136,9,9,9,9,9,9,9,9,9,9,9,9,9,9,9,9,9,9,9,9,9,9,9,9
Map_9772,46,41,21,20,22,15,14,16,14,16,14,16,14,20,14,20,14,14,14,14,14,14,14,14,14,14
Map_9773,30,76,15,15,15,21,15,15,15,15,15,15,15,15,15,15,16,14,23,14,23,14,14,14,14,14
Map_9774,13,38,13,13,13,14,13,13,13,14,13,14,13,13,13,13,10,10,12,10,12,10,10,10,10,13
Map_9775,21,74,27,27,27,22,22,22,22,22,22,22,22,22,22,22,21,21,21,21,21,21,21,21,21,21
Map_9776,6,17,6,6,6,7,6,6,6,6,6,6,6,6,6,6,6,6,6,6,6,6,6,6,6,6
Map_9777,9,46,9,9,9,24,9,9,9,9,9,9,9,9,9,9,9,9,9,9,9,9,9,9,9,9
Map_9778,7,13,8,7,8,11,8,7,8,7,8,7,7,7,7,7,8,7,8,7,8,7,8,7,8,7
Map_9779,35,61,17,17,17,23,14,17,14,17,14,17,14,17,14,17,14,12,14,12,14,12,14,12,14,12
Map_9780,15,30,14,14,14,16,14,14,14,14,14,14,14,15,14,15,14,14,14,14,14,14,14,14,14,14
Map_9781,8,52,8,8,8,18,8,8,8,8,8,8,8,8,8,8,8,8,8,8,8,8,8,8,8,8
Map_9782,58,95,15,12,12,15,12,12,12,12,12,12,12,12,12,12,12,12,12,12,12,12,12,12,12,12
Map_9783,8,64,8,8,8,8,8,8,8,8,8,8,8,8,8,8,8,8,8,8,8,8,8,8,8,8
Map_9784,5,43,5,5,5,5,5,5,5,5,5,5,5,5,5,5,5,5,5,5,5,5,5,5,5,5
Map_9785,13,42,14,12,14,14,14,12,14,12,14,12,12,12,12,12,13,12,15,12,15,12,14,12,14,12
Map_9786,17,52,16,16,17,23,19,16,19,16,19,16,19,16,19,16,19,16,18,16,18,16,19,16,19,16
Map_9787,14,91,12,12,12,12,12,12,12,12,12,12,12,12,12,12,10,10,10,10,10,10,10,10,10,10
Map_9788,8,20,8,8,8,13,8,8,8,8,8,8,8,8,8,8,8,8,16,8,16,8,8,8,8,8
Map_9789,48,71,38,38,38,38,33,38,33,38,33,38,33,38,33,38,24,24,24,23,24,23,24,33,24,38
Map_9790,267,133,26,26,26,26,26,26,26,26,26,26,30,30,30,30,22,18,22,18,22,18,18,18,18,18
Map_9791,8,14,9,9,9,12,8,8,8,8,8,8,8,8,8,8,8,8,8,8,8,8,8,8,8,8
Map_9792,14,36,10,10,8,10,8,10,8,10,8,10,8,10,8,10,8,8,8,8,8,8,8,8,8,8
Map_9793,12,141,12,12,12,14,12,12,12,12,12,12,12,12,12,12,13,12,13,12,13,12,12,12,12,12
Map_9794,12,57,9,8,9,13,8,8,9,9,9,9,8,8,8,8,9,8,9,8,9,8,9,8,9,8
Map_9795,10,71,10,10,10,10,10,9,10,9,10,9,10,9,10,9,9,8,9,8,9,8,9,8,9,8
Map_9796,15,23,12,12,12,13,12,12,12,12,12,12,12,12,12,12,12,12,12,12,12,12,12,12,12,12
Map_9797,7,14,7,7,7,7,7,7,7,7,7,7,7,7,7,7,7,7,7,7,7,7,7,7,7,7
Map_9798,17,159,13,13,13,13,13,13,13,13,13,13,13,13,13,13,13,13,13,13,13,13,13,13,13,13
Map_9799,15,42,12,12,12,12,12,12,12,12,12,12,12,12,12,12,16,12,16,12,16,12,16,12,16,12
Map_9800,14,33,9,9,9,9,9,9,9,9,9,9,9,9,9,9,9,9,9,9,9,9,9,9,9,9
Map_9801,9,114,9,9,9,9,9,9,9,9,9,9,9,9,9,9,9,9,9,9,9,9,9,9,9,9
Map_9802,122,74,55,55,51,64,55,51,55,51,55,51,55,51,55,51,42,24,26,24,26,24,47,24,47,24
Map_9803,9,28,12,12,12,12,9,9,9,9,9,9,9,9,9,9,9,9,9,9,9,9,9,9,9,9
Map_9804,14,92,14,14,14,19,14,14,14,14,14,14,14,14,14,14,14,14,14,14,16,14,14,14,14,14
Map_9805,33,78,22,22,22,36,22,25,22,25,22,25,25,25,25,25,22,22,31,22,31,22,22,22,22,22
Map_9806,11,61,11,11,11,14,11,11,11,11,11,11,11,11,11,11,14,11,17,11,17,11,11,11,11,11
Map_9807,155,99,47,47,51,56,47,24,47,24,47,24,47,24,47,24,49,24,49,24,49,24,49,24,46,24
Map_9808,7,33,6,6,6,6,6,6,6,6,6,6,6,6,6,6,6,6,6,6,6,6,6,6,6,6
Map_9809,18,112,13,13,13,21,13,13,13,13,13,13,13,13,13,13,13,13,13,13,13,13,13,13,13,13
Map_9810,14,76,10,10,10,10,10,10,10,10,10,10,10,10,10,10,10,10,10,10,10,10,10,10,10,10
Map_9811,25,80,22,22,22,22,20,20,20,20,20,20,20,20,20,20,21,20,21,20,21,20,21,20,20,20
Map_9812,33,42,13,13,13,15,13,13,13,13,13,13,13,13,13,13,13,13,13,13,13,13,13,13,13,13
Map_9813,9,21,9,9,9,14,10,10,10,10,10,10,10,10,10,10,10,9,16,9,16,9,10,9,10,9
Map_9814,6,28,6,6,6,6,6,6,6,6,6,6,6,6,6,6,6,6,6,6,6,6,6,6,6,6
Map_9815,8,38,8,8,8,23,8,8,8,8,8,8,8,8,8,8,8,8,8,8,8,8,8,8,8,8
Map_9816,11,66,11,11,10,12,11,10,11,10,11,10,11,10,11,10,11,10,11,10,11,10,11,10,11,10
Map_9817,37,195,24,24,24,37,29,24,29,24,29,24,29,24,29,24,29,24,29,24,29,24,29,24,29,24
Map_9818,21,44,14,14,14,14,14,14,14,14,14,14,14,14,14,14,15,14,15,14,15,14,15,14,15,14
Map_9819,6,20,6,6,6,6,6,6,6,6,6,6,6,6,6,6,6,6,6,6,6,6,6,6,6,6
Map_9820,77,49,15,15,15,15,15,15,15,15,15,15,15,15,15,15,15,15,15,15,15,15,15,15,15,15
Map_9821,14,45,11,11,11,11,11,11,11,11,11,11,11,11,11,11,11,11,11,11,11,11,11,11,11,11
Map_9822,14,36,14,14,14,14,14,16,14,16,14,16,14,16,14,16,18,14,18,14,18,14,14,14,14,14
Map_9823,65,46,20,20,20,20,20,20,20,20,20,20,20,20,20,20,20,20,20,20,20,20,20,20,20,20
Map_9824,12,161,10,10,10,14,10,10,10,10,10,10,10,10,10,10,10,10,12,10,12,10,10,10,10,10
Map_9825,13,31,13,13,13,14,13,13,13,13,13,13,13,13,13,13,13,13,13,13,13,13,13,13,13,13
Map_9826,17,98,16,16,16,16,16,14,16,14,16,14,14,14,14,14,14,14,14,14,14,14,14,14,14,14
Map_9827,9,20,7,7,7,7,7,7,7,7,7,7,7,7,7,7,7,7,7,7,7,7,7,7,7,7
Map_9828,15,30,11,11,11,11,11,11,11,11,11,11,11,11,11,11,11,11,11,11,11,11,11,11,11,11
Map_9829,21,53,7,7,7,10,7,7,7,7,7,7,7,7,7,7,7,7,7,7,7,7,7,7,7,7
Map_9830,8,71,8,8,8,8,8,8,8,8,8,8,8,8,8,8,8,8,8,8,10,8,8,8,8,8
Map_9831,30,43,21,19,21,24,19,19,21,19,21,19,19,19,19,19,20,19,20,19,20,19,19,19,19,19
Map_9832,12,27,11,11,12,12,11,11,11,11,11,11,11,11,11,11,11,11,11,11,11,11,11,11,11,11
Map_9833,5,14,5,5,5,5,5,5,5,5,5,5,5,5,5,5,5,5,5,5,5,5,5,5,5,5
Map_9834,15,35,13,13,13,13,13,13,13,13,13,13,13,13,13,13,13,13,13,13,13,13,13,13,13,13
Map_9835,12,116,10,9,10,10,10,9,10,9,10,9,9,9,9,9,10,9,10,9,10,9,10,9,10,9
Map_9836,9,17,11,9,9,11,7,7,7,7,7,7,7,7,7,7,7,7,7,7,7,7,7,7,7,7
Map_9837,11,20,11,11,11,11,11,11,11,11,11,11,11,11,11,11,12,11,12,11,12,11,11,11,11,11
Map_9838,13,180,15,14,13,15,14,13,14,13,14,13,14,14,14,14,14,11,14,11,14,11,14,12,14,12
Map_9839,16,45,12,10,12,12,10,10,10,10,10,10,10,10,10,10,10,10,10,10,10,10,10,10,10,10
Map_9840,47,100,17,17,58,17,17,18,17,18,17,18,17,18,17,18,17,17,17,17,17,17,17,17,17,17
Map_9841,24,55,23,23,23,23,20,20,20,20,20,20,20,20,20,20,20,20,20,20,20,20,20,20,20,20
Map_9842,14,30,9,9,9,9,9,9,9,9,9,9,9,9,9,9,9,9,9,9,9,9,9,9,9,9
Map_9843,9,59,8,8,8,8,8,8,8,8,8,8,8,8,8,8,8,8,8,8,8,8,8,8,8,8
Map_9844,62,264,25,25,28,25,25,26,25,26,25,26,25,26,25,26,25,25,30,25,30,25,25,25,25,25
Map_9845,16,62,11,11,11,11,11,11,11,11,11,11,11,11,11,11,12,11,12,11,12,11,11,11,11,11
Map_9846,17,81,9,9,9,17,9,9,9,9,9,9,9,9,9,9,9,9,9,9,9,9,9,9,9,9
Map_9847,15,50,9,9,9,9,9,9,9,9,9,9,9,9,9,9,9,9,9,9,9,9,9,9,9,9
Map_9848,24,120,26,26,26,26,28,14,28,14,28,14,28,14,28,14,22,14,22,14,22,14,22,14,22,14
Map_9849,54,145,19,17,19,15,15,15,15,15,15,15,15,15,15,15,15,15,15,15,15,15,15,15,15,15
Map_9850,21,95,20,20,20,20,20,20,20,20,20,20,20,21,21,21,22,20,22,20,22,20,21,20,20,20
Map_9851,8,11,6,6,6,8,6,6,6,6,6,6,6,6,6,6,8,6,8,6,8,6,6,6,6,6
Map_9852,7,26,7,6,6,7,6,6,6,6,6,6,6,6,6,6,6,6,6,6,6,6,6,6,6,6
Map_9853,30,52,26,18,18,26,18,18,18,18,18,18,18,18,18,18,18,18,18,18,18,18,18,18,18,18
Map_9854,53,64,23,23,23,23,16,23,16,23,16,23,16,23,16,23,16,16,16,16,16,16,16,16,16,16
Map_9855,7,14,7,7,7,10,7,7,7,7,7,7,7,7,7,7,7,7,7,7,7,7,7,7,7,7
Map_9856,15,83,16,16,16,19,14,14,14,14,14,14,14,14,14,14,14,14,14,14,14,14,14,14,14,14
Map_9857,34,112,30,29,30,45,30,13,30,13,30,13,29,13,34,13,13,13,13,13,13,13,13,13,13,13
Map_9858,35,48,23,23,22,24,23,23,23,23,23,23,23,23,23,23,20,20,20,20,20,20,20,20,20,20
Map_9859,5,10,4,4,4,4,4,4,4,4,4,4,4,4,4,4,4,4,4,4,4,4,4,4,4,4
Map_9860,8,34,7,7,7,8,7,7,7,7,7,7,7,7,7,7,7,7,7,7,7,7,7,7,7,7
Map_9861,17,39,16,16,16,17,17,17,17,17,17,17,17,17,17,17,20,17,20,15,20,15,18,17,18,17
Map_9862,18,65,23,14,14,23,14,14,14,14,14,14,14,14,14,14,14,14,14,13,14,13,14,14,14,14
Map_9863,11,31,10,10,10,10,10,10,10,10,10,10,10,10,10,10,10,10,10,10,10,10,10,10,10,10
Map_9864,13,18,9,9,9,9,9,9,9,9,9,9,9,9,9,9,9,9,9,9,9,9,9,9,9,9
Map_9865,47,83,21,21,21,26,21,21,21,21,21,21,21,21,21,21,21,21,21,21,29,21,21,21,21,21
Map_9866,23,67,13,13,13,13,13,13,13,13,13,13,13,13,13,13,13,13,13,13,13,13,13,13,13,13
Map_9867,73,62,20,20,20,21,20,22,20,22,20,22,22,22,22,22,20,20,27,20,27,20,20,21,20,21
Map_9868,23,233,17,19,17,24,12,19,12,19,12,19,12,19,12,19,12,12,12,12,12,12,12,12,12,12
Map_9869,57,78,25,23,29,25,23,23,23,23,23,23,23,26,23,26,23,23,23,23,30,23,23,23,23,23
Map_9870,43,68,10,10,10,14,10,10,10,10,10,10,10,10,10,10,10,10,10,10,10,10,10,10,10,10
Map_9871,10,43,10,10,10,10,10,10,10,10,10,10,10,10,10,10,10,10,10,10,10,10,10,10,10,10
Map_9872,11,77,23,22,22,18,15,15,15,15,15,15,15,15,15,15,19,11,16,11,16,11,15,11,15,11
Map_9873,96,46,26,23,26,26,26,23,26,23,26,23,23,23,23,23,28,23,25,23,26,23,23,23,23,23
Map_9874,13,98,13,13,13,13,13,13,13,13,13,13,13,13,13,13,16,13,16,13,16,13,16,13,16,13
Map_9875,7,11,7,7,7,7,7,7,7,7,7,7,7,7,7,7,7,7,7,7,7,7,7,7,7,7
Map_9876,19,74,27,27,27,31,32,29,32,29,32,29,35,29,35,29,19,19,19,19,19,19,19,19,19,19
Map_9877,14,72,14,14,14,16,15,14,15,14,15,14,14,14,14,14,14,14,16,14,16,14,14,14,14,14
Map_9878,39,175,18,18,18,22,18,18,18,18,18,18,18,18,18,18,19,15,19,15,19,15,18,15,18,15
Map_9879,14,37,11,11,11,11,11,11,11,11,11,11,11,11,11,11,10,10,10,10,10,10,10,10,10,10
Map_9880,76,111,23,23,23,49,27,27,27,27,27,27,27,27,27,27,25,27,25,27,25,27,25,27,25,27
Map_9881,30,40,11,11,11,11,11,11,11,11,11,11,11,11,11,11,11,11,11,11,11,11,11,11,11,11
Map_9882,10,14,9,9,9,9,9,9,9,9,9,9,9,9,9,9,10,9,10,9,10,9,9,9,9,9
Map_9883,16,18,16,16,16,16,14,14,14,14,14,14,14,14,14,14,14,13,14,13,14,13,14,13,14,13
Map_9884,6,19,5,5,5,5,5,5,5,5,5,5,5,5,5,5,5,5,5,5,5,5,5,5,5,5
Map_9885,11,33,10,10,10,10,10,10,10,10,10,10,10,10,10,10,10,10,10,10,10,10,10,10,10,10
Map_9886,8,16,8,8,8,14,8,8,8,8,8,8,8,8,8,8,10,8,10,8,10,8,8,8,8,8
Map_9887,10,29,12,11,12,12,10,10,10,10,10,10,10,10,10,10,10,10,10,10,10,10,10,10,10,10
Map_9888,9,13,8,8,8,11,8,8,8,8,8,8,8,8,8,8,9,8,9,8,9,8,9,8,9,8
Map_9889,8,40,8,8,8,8,8,8,8,8,8,8,8,8,8,8,8,8,8,8,8,8,8,8,8,8
Map_9890,36,50,25,25,24,29,25,25,25,25,25,25,25,25,25,25,25,24,25,24,25,24,25,24,25,24
Map_9891,16,53,16,16,16,16,16,16,16,16,16,16,16,16,16,16,15,16,15,15,15,15,16,16,16,16
Map_9892,13,73,13,13,13,13,13,13,13,13,13,13,13,13,13,13,13,13,13,13,13,13,13,13,13,13
Map_9893,25,32,19,19,19,20,19,16,19,16,19,16,16,16,16,16,20,16,16,16,16,16,19,16,19,16
Map_9894,182,105,39,37,37,39,43,37,43,37,43,37,43,37,43,37,23,22,23,22,23,22,23,22,23,22
Map_9895,63,78,17,17,17,29,24,17,24,17,24,17,24,19,24,19,21,17,21,17,21,17,21,17,21,17
Map_9896,23,103,26,26,23,26,26,26,26,26,26,26,26,26,26,26,20,24,20,20,20,20,20,24,20,24
Map_9897,8,24,8,8,8,9,8,8,8,8,8,8,8,8,8,8,8,8,8,8,8,8,8,8,8,8
Map_9898,8,84,8,8,8,11,8,8,8,8,8,8,8,8,8,8,9,8,9,8,9,8,8,8,8,8
Map_9899,7,20,7,7,7,10,7,7,7,7,7,7,7,7,7,7,7,7,7,7,7,7,7,7,7,7
Map_9900,6,10,6,6,6,6,6,6,6,6,6,6,6,6,6,6,6,6,6,6,6,6,6,6,6,6
Map_9901,20,199,13,13,13,13,13,13,13,13,13,13,13,13,13,13,13,13,13,13,13,13,13,13,13,13
Map_9902,54,65,25,18,18,29,18,18,18,18,18,18,18,18,18,18,18,18,19,18,19,18,18,18,18,18
Map_9903,30,64,17,14,17,17,14,14,14,14,14,14,14,14,14,14,14,14,14,14,14,13,14,14,14,14
Map_9904,44,159,23,23,23,23,20,23,20,23,20,23,20,23,20,23,20,20,20,20,20,20,20,20,20,20
Map_9905,8,15,9,8,9,9,8,8,8,8,8,8,8,8,8,8,8,8,8,8,8,8,8,8,8,8
Map_9906,22,24,19,19,19,19,19,19,19,19,19,19,19,19,19,19,20,19,20,18,20,18,20,19,20,19
Map_9907,9,36,9,9,9,28,16,9,16,9,16,9,16,9,16,9,16,9,16,9,16,9,16,9,16,9
Map_9908,93,103,78,79,79,90,38,38,38,38,38,38,38,38,38,38,38,38,38,38,38,38,38,38,38,38
Map_9909,9,125,10,9,10,12,10,9,10,9,10,9,9,9,9,9,10,9,10,9,10,9,10,9,10,9
Map_9910,5,15,5,5,5,5,5,5,5,5,5,5,5,5,5,5,5,5,5,5,5,5,5,5,5,5
Map_9911,12,22,12,12,12,15,12,11,12,11,12,11,12,11,12,11,12,11,12,11,12,11,12,11,12,11
Map_9912,10,56,11,11,11,17,11,10,11,10,11,10,11,10,10,10,12,10,12,10,12,10,11,10,11,10
Map_9913,33,45,21,21,28,22,21,28,21,28,21,28,21,26,21,26,21,21,23,21,23,21,21,21,21,21
Map_9914,15,66,15,15,15,26,19,15,19,15,19,15,21,15,21,15,21,15,21,15,21,15,21,15,19,15
Map_9915,21,81,21,21,21,20,22,21,22,21,22,21,22,23,23,23,27,19,22,19,22,19,22,19,22,19
Map_9916,13,24,13,13,13,13,13,13,13,13,13,13,13,13,13,13,13,13,17,13,17,13,13,13,13,13
Map_9917,8,31,8,8,8,17,8,8,8,8,8,8,8,8,8,8,8,8,8,8,8,8,8,8,8,8
Map_9918,26,35,20,20,20,21,20,12,20,12,20,12,20,12,20,12,12,12,19,12,19,12,12,12,12,12
Map_9919,11,15,10,10,10,10,10,10,10,10,10,10,10,10,10,10,10,10,11,11,11,11,10,10,10,10
Map_9920,21,94,31,31,31,31,16,31,16,31,16,31,16,31,16,31,16,16,16,16,16,16,16,16,16,16
Map_9921,24,172,17,14,17,17,14,14,14,14,14,14,14,14,14,14,14,14,14,14,14,14,14,14,14,14
Map_9922,47,98,19,19,25,21,20,25,20,25,20,25,19,25,19,25,20,19,20,19,20,19,20,25,20,25
Map_9923,9,28,9,9,9,22,9,9,9,9,9,9,9,9,9,9,9,9,9,9,9,9,9,9,9,9
Map_9924,18,30,18,18,18,18,18,18,18,18,18,18,18,18,18,18,18,16,19,16,19,16,18,16,18,16
Map_9925,45,64,31,31,31,20,20,20,20,20,20,20,20,20,20,20,20,20,20,20,20,20,20,20,20,20
Map_9926,6,37,6,6,6,6,6,6,6,6,6,6,6,6,6,6,6,6,6,6,6,6,6,6,6,6
Map_9927,9,18,7,7,7,7,7,7,7,7,7,7,7,7,7,7,7,7,7,7,7,7,7,7,7,7
Map_9928,54,175,21,21,21,29,16,16,16,16,16,16,16,16,16,16,16,16,16,16,16,16,16,16,16,16
Map_9929,81,87,24,24,24,28,26,24,26,24,26,24,26,24,26,24,26,24,28,24,28,26,26,24,26,24
Map_9930,12,25,14,14,14,17,12,12,12,12,12,12,12,12,12,12,12,12,12,12,12,14,12,12,12,12
Map_9931,5,9,5,5,5,6,5,5,5,5,5,5,5,5,5,5,5,5,5,5,5,5,5,5,5,5
Map_9932,17,85,14,14,9,27,13,14,13,14,13,14,13,14,13,14,20,9,20,9,20,9,13,9,13,9
Map_9933,12,33,13,13,13,10,10,10,10,10,10,10,10,10,10,10,10,10,10,10,10,10,10,10,10,10
Map_9934,17,61,13,13,23,13,13,13,13,13,13,13,13,13,13,13,13,13,13,13,13,13,13,13,13,13
Map_9935,6,18,6,6,6,6,6,6,6,6,6,6,6,6,6,6,7,6,7,6,7,6,6,6,6,6
Map_9936,7,230,7,7,7,10,7,7,7,7,7,7,7,7,7,7,7,7,7,7,7,7,7,7,7,7
Map_9937,71,191,33,29,58,33,23,17,23,17,23,17,23,17,23,17,23,17,23,17,23,17,23,17,23,17
Map_9938,6,12,6,6,6,6,6,6,6,6,6,6,6,6,6,6,6,6,6,6,6,6,6,6,6,6
Map_9939,41,64,17,17,31,30,17,17,17,17,17,17,17,17,17,17,17,17,17,17,17,17,17,17,17,17
Map_9940,7,27,5,5,5,5,5,5,5,5,5,5,5,5,5,5,5,5,5,5,5,5,5,5,5,5
Map_9941,23,46,24,22,23,21,17,17,17,17,17,17,17,17,17,17,22,17,22,17,22,17,17,17,17,17
Map_9942,27,147,22,19,22,22,19,19,19,19,19,19,19,19,19,19,19,8,19,8,19,8,19,8,19,8
Map_9943,77,38,37,37,41,24,24,26,24,26,24,26,24,26,24,26,24,25,24,25,24,25,24,25,24,25
Map_9944,9,120,11,11,11,11,11,11,11,11,11,11,11,11,11,11,11,9,11,9,11,9,11,9,11,9
Map_9945,10,23,10,10,10,10,10,10,10,10,10,10,10,10,10,10,10,10,10,10,10,10,10,10,10,10
Map_9946,6,15,6,6,6,7,6,6,6,6,6,6,6,6,6,6,7,7,7,7,7,7,6,6,6,6
Map_9947,11,29,10,10,10,11,10,10,10,10,10,10,10,10,10,10,10,9,10,9,10,9,10,9,10,9
Map_9948,101,44,13,13,13,13,13,13,13,13,13,13,13,13,13,13,13,13,13,13,13,13,13,13,13,13
Map_9949,23,28,17,17,21,19,17,17,17,17,17,17,17,17,17,17,17,17,17,17,17,17,17,17,17,17
Map_9950,12,22,10,10,10,10,10,10,10,10,10,10,10,10,10,10,10,10,10,10,10,10,10,10,10,10
Map_9951,7,11,8,7,8,8,7,7,7,7,7,7,7,7,7,7,7,7,7,7,7,7,7,7,7,7
Map_9952,14,62,14,14,14,23,15,14,15,14,15,14,14,14,14,14,14,14,14,14,14,14,14,14,14,14
Map_9953,5,11,5,5,5,8,5,5,5,5,5,5,5,5,5,5,5,5,5,5,5,5,5,5,5,5
Map_9954,8,29,8,8,8,9,8,8,8,8,8,8,8,8,8,8,8,8,8,8,8,8,8,8,8,8
Map_9955,13,51,13,13,13,13,13,13,13,13,13,13,13,13,13,13,13,13,13,13,13,13,13,13,13,13
Map_9956,86,95,54,53,57,60,47,30,47,30,47,30,45,30,45,30,47,29,47,29,47,29,47,29,47,29
Map_9957,16,24,14,14,14,16,13,13,13,13,13,13,13,13,13,13,13,13,13,13,13,13,13,13,13,13
Map_9958,22,177,16,16,16,16,16,16,16,16,16,16,16,16,16,16,16,16,16,16,16,16,16,16,16,16
Map_9959,9,23,10,9,9,11,9,9,9,9,9,9,9,9,9,9,9,9,11,9,11,9,9,9,9,9
Map_9960,10,15,9,9,9,10,9,9,9,9,9,9,9,9,9,9,9,9,9,9,9,9,9,9,9,9
Map_9961,7,11,7,7,7,7,7,7,7,7,7,7,7,7,7,7,7,7,7,7,7,7,7,7,7,7
Map_9962,47,40,28,20,28,23,20,20,20,20,20,20,20,20,20,20,20,20,20,20,20,20,20,20,20,20
Map_9963,17,24,12,12,13,16,12,12,12,12,12,12,12,12,12,12,12,12,12,12,12,12,12,12,12,12
Map_9964,35,43,23,23,23,26,22,22,22,22,22,22,22,22,22,22,22,22,22,22,22,22,22,22,22,22
Map_9965,15,44,17,15,17,17,16,15,16,15,16,15,16,15,16,15,14,15,14,14,14,14,14,15,16,15
Map_9966,8,33,8,8,8,8,8,8,8,8,8,8,8,8,8,8,10,8,10,8,10,8,8,8,8,8
Map_9967,15,24,14,14,16,14,14,12,14,12,14,12,14,12,14,12,12,12,12,12,12,12,12,12,14,12
Map_9968,10,15,10,10,10,14,10,9,10,9,10,9,10,9,10,9,11,9,11,9,11,9,10,9,10,9
Map_9969,19,119,19,19,19,33,19,19,19,19,19,19,19,19,19,19,19,19,19,19,19,19,19,19,19,19
Map_9970,23,111,12,12,12,12,12,12,12,12,12,12,12,12,12,12,12,11,12,11,12,11,12,11,12,11
Map_9971,7,11,7,7,7,9,7,7,7,7,7,7,7,7,7,7,8,7,8,7,8,7,7,7,7,7
Map_9972,5,8,5,5,5,5,5,5,5,5,5,5,5,5,5,5,5,5,5,5,5,5,5,5,5,5
Map_9973,17,41,11,11,11,12,11,11,11,11,11,11,11,11,11,11,12,11,12,11,12,11,11,11,11,11
Map_9974,13,48,13,13,13,13,13,13,13,13,13,13,13,13,13,13,13,13,13,13,13,13,13,13,13,13
Map_9975,12,42,10,9,9,13,9,9,9,9,9,9,9,9,9,9,12,9,12,9,12,9,9,9,9,9
Map_9976,15,26,17,17,15,17,15,15,15,15,15,15,15,15,15,15,15,15,17,15,17,15,15,15,15,15
Map_9977,8,81,8,8,8,8,8,8,8,8,8,8,8,8,8,8,8,8,11,8,11,8,8,8,8,8
Map_9978,15,36,14,14,14,21,14,14,14,14,14,14,14,14,14,14,14,14,14,14,14,14,14,14,14,14
Map_9979,28,27,21,21,21,28,21,16,21,16,21,16,21,16,21,16,23,16,23,16,23,16,20,16,20,16
Map_9980,5,31,5,5,5,5,5,5,5,5,5,5,5,5,5,5,5,5,5,5,5,5,5,5,5,5
Map_9981,22,55,12,12,12,12,12,10,12,10,12,10,12,10,12,10,12,10,12,10,12,10,12,10,12,10
Map_9982,381,142,19,19,19,19,19,19,19,19,19,19,19,19,19,19,19,19,19,19,19,19,19,19,19,19
Map_9983,35,297,19,26,19,29,19,19,19,19,19,19,19,26,19,26,19,19,19,19,19,19,19,19,19,19
Map_9984,10,103,7,7,7,12,7,7,7,7,7,7,7,7,7,7,7,7,7,7,7,7,7,7,7,7
Map_9985,14,41,8,8,8,8,8,8,8,8,8,8,8,8,8,8,8,8,8,8,8,8,8,8,8,8
Map_9986,58,126,49,49,41,51,34,37,34,37,34,37,34,37,34,37,33,25,33,25,33,25,33,25,33,25
Map_9987,40,41,24,23,24,24,21,24,21,24,21,24,21,24,21,24,26,21,26,21,26,21,26,23,26,23
Map_9988,12,30,12,12,12,17,12,12,12,12,12,12,12,12,12,12,11,12,11,12,11,12,11,12,11,12
Map_9989,43,72,23,18,23,28,15,15,15,15,15,15,15,15,15,15,15,15,21,15,21,15,15,15,15,15
Map_9990,17,65,14,14,14,23,14,14,14,14,14,14,14,14,14,14,16,13,16,13,16,13,13,13,13,13
Map_9991,66,62,39,37,37,44,37,37,37,37,37,37,37,40,40,40,40,34,40,34,40,34,37,34,37,37
Map_9992,5,7,5,5,5,5,5,5,5,5,5,5,5,5,5,5,5,5,5,5,5,5,5,5,5,5
Map_9993,21,59,18,18,19,20,18,18,18,18,18,18,18,18,18,18,18,18,18,18,18,18,18,18,18,18
Map_9994,6,25,6,6,6,7,6,6,6,6,6,6,6,6,6,6,6,6,6,6,6,6,6,6,6,6
Map_9995,65,108,16,16,16,16,16,16,16,16,16,16,16,16,16,16,16,16,16,16,16,16,16,16,16,16
Map_9996,33,42,17,17,17,17,17,17,17,17,17,17,17,17,17,17,17,17,17,17,17,17,17,17,17,17
Map_9997,9,18,9,9,8,9,8,8,8,8,8,8,8,8,8,8,8,8,8,8,8,8,8,8,8,8
Map_9998,15,186,15,15,15,15,15,15,15,15,15,15,15,15,15,15,15,15,21,15,21,15,15,15,15,15
Map_9999,14,28,12,12,12,12,12,12,12,12,12,12,12,12,12,12,12,12,12,12,12,12,12,12,12,12
